image,none,infection,ischaemia,both
501000.jpg,0.008379404,0.9888119,0.00038198996,0.0024266548
501001.jpg,0.0002935999,0.0006677404,0.68798274,0.31105605
501002.jpg,0.63513213,0.36385953,0.00040848425,0.0005998723
501003.jpg,0.06053551,0.93594116,0.0018866685,0.0016367069
501004.jpg,0.0004895047,0.0037001886,0.71580076,0.28000954
501005.jpg,0.57375914,0.42335203,0.0017686553,0.0011201961
501006.jpg,0.99501586,0.004608652,0.00028735297,8.8087574e-05
501007.jpg,0.22845791,0.41301063,0.3572735,0.0012579751
501008.jpg,0.0021259745,0.7005248,0.0015332224,0.295816
501009.jpg,0.00016090623,0.0015527917,0.26138645,0.7368998
501010.jpg,0.92895555,0.067298986,0.0032817659,0.0004636826
501011.jpg,0.99302024,0.0063590035,0.00049688754,0.0001238491
501012.jpg,0.002040291,0.99640393,0.0003345561,0.0012212709
501013.jpg,0.0001771752,0.00054288015,0.90672064,0.092559315
501014.jpg,0.08444389,0.8545458,0.050801605,0.010208757
501015.jpg,0.0004704839,0.009526783,0.0031812915,0.9868215
501016.jpg,0.008034426,0.99042803,0.00033144536,0.0012061176
501017.jpg,0.0016256991,0.99339,0.00064865226,0.0043357215
501018.jpg,0.9733715,0.025697911,0.0005557731,0.00037480934
501019.jpg,0.9167635,0.08192865,0.0010209203,0.00028703417
501020.jpg,0.7231019,0.27333993,0.002543757,0.0010144088
501021.jpg,0.00027137285,0.0014156038,0.34201097,0.65630203
501022.jpg,0.27401286,0.7238794,0.0007795088,0.0013282537
501024.jpg,0.570195,0.42679226,0.0014345199,0.0015782192
501025.jpg,0.95146984,0.013712768,0.032850277,0.001967132
501026.jpg,0.68774015,0.30798793,0.0031886976,0.0010832531
501027.jpg,0.6684627,0.32932615,0.0011509283,0.0010602275
501028.jpg,0.99296504,0.006298414,0.0004716035,0.00026489832
501029.jpg,0.6298656,0.36666226,0.0022709707,0.0012011622
501030.jpg,0.9278824,0.07109113,0.00057148346,0.00045498615
501031.jpg,0.98601836,0.013281092,0.0005169242,0.00018355605
501032.jpg,0.06866703,0.2229935,0.04310317,0.6652363
501033.jpg,0.74476475,0.2527374,0.001496979,0.0010009262
501034.jpg,0.97544956,0.023812987,0.0005886735,0.00014871993
501035.jpg,0.99216336,0.0075422786,0.00015767063,0.00013672393
501036.jpg,0.14606936,0.8518586,0.0012501333,0.0008218363
501037.jpg,0.6924769,0.121332236,0.18523943,0.0009514341
501038.jpg,0.87069607,0.1282829,0.0006769554,0.00034411065
501039.jpg,0.22646779,0.77193433,0.000587071,0.0010107687
501040.jpg,0.00977337,0.9884386,0.0011088446,0.0006792148
501041.jpg,0.0055246013,0.7343257,0.10856799,0.15158165
501042.jpg,0.41148123,0.58693606,0.00060578523,0.0009768618
501043.jpg,0.0042295214,0.8796027,0.10958884,0.006578943
501044.jpg,0.9936035,0.005366351,0.0008888881,0.00014119716
501045.jpg,0.707098,0.29171553,0.00078569836,0.000400771
501046.jpg,0.7527866,0.2454607,0.0011128891,0.00063991453
501047.jpg,0.5487041,0.4488453,0.0006683075,0.0017822959
501048.jpg,0.039703857,0.95847297,0.0007073502,0.0011158035
501049.jpg,0.21792571,0.55461955,0.22492649,0.0025282316
501050.jpg,0.98274827,0.014088356,0.0030053488,0.00015804746
501051.jpg,0.0006889387,0.089859456,0.0005267553,0.9089248
501052.jpg,0.9955309,0.0040283035,0.00037650263,6.4223466e-05
501053.jpg,0.5503282,0.44741607,0.00064187887,0.0016138776
501054.jpg,0.98187965,0.017677017,0.00030983737,0.00013350835
501055.jpg,0.9089567,0.08941761,0.0013195974,0.00030609124
501056.jpg,0.6163489,0.38039565,0.0022040405,0.0010513297
501057.jpg,0.27310202,0.55601627,0.0015518725,0.16932984
501058.jpg,0.23274173,0.765107,0.0011405951,0.0010106651
501059.jpg,0.98872596,0.009356053,0.0017300391,0.00018792937
501060.jpg,0.98922235,0.01019187,0.0004403521,0.00014541902
501061.jpg,0.011004385,0.16215165,0.014488717,0.8123553
501062.jpg,0.93136436,0.067198075,0.0012352195,0.0002023822
501063.jpg,0.6384354,0.359341,0.00139334,0.00083018356
501064.jpg,0.26264557,0.7359981,0.00044543497,0.0009109976
501065.jpg,0.22769761,0.76977473,0.0010420276,0.0014855657
501066.jpg,0.939467,0.05940579,0.00083717477,0.00028997057
501067.jpg,0.011318465,0.9830629,0.0027486219,0.0028699487
501068.jpg,0.026308464,0.8104759,0.15894048,0.004275184
501069.jpg,0.9724166,0.026637524,0.0008114932,0.00013439164
501070.jpg,0.78267604,0.19286716,0.022911891,0.0015448896
501071.jpg,0.0048801578,0.12156719,0.8667491,0.006803592
501072.jpg,0.967061,0.027160928,0.0053030844,0.00047503182
501073.jpg,0.0048530176,0.975656,0.0007371697,0.018753864
501074.jpg,0.07852786,0.9192273,0.0009797681,0.0012651221
501075.jpg,0.011884634,0.9640356,0.020454517,0.003625244
501076.jpg,0.18486005,0.8106899,0.00210916,0.0023408819
501077.jpg,0.71206254,0.28490362,0.0022050561,0.0008287958
501078.jpg,0.0043494874,0.99295306,0.00059036794,0.002107092
501079.jpg,0.6259456,0.3728837,0.0008206658,0.0003500065
501080.jpg,0.246188,0.7513507,0.0010230794,0.0014381873
501081.jpg,0.7170265,0.28061208,0.0008984913,0.0014629792
501082.jpg,0.029780015,0.9681768,0.00052320777,0.0015200423
501083.jpg,0.008155002,0.9902932,0.00047507053,0.0010767201
501084.jpg,0.7370165,0.23721702,0.025111532,0.0006549072
501085.jpg,0.97927505,0.019876527,0.00046011514,0.00038823823
501086.jpg,0.98945457,0.009099181,0.0010289627,0.00041723638
501087.jpg,0.9968621,0.002632537,0.0004368731,6.845576e-05
501088.jpg,0.014780098,0.98357445,0.0006619743,0.0009834757
501089.jpg,0.9399511,0.05883101,0.00079919916,0.0004186438
501090.jpg,0.0020816678,0.0031307666,0.14446686,0.85032064
501091.jpg,0.9595289,0.039756145,0.00047146526,0.0002434489
501092.jpg,0.0041992436,0.7997382,0.18963386,0.006428559
501093.jpg,0.015862098,0.98123693,0.0008595117,0.002041447
501094.jpg,0.07507587,0.851547,0.07016193,0.0032152233
501095.jpg,0.33697644,0.052708626,0.6075105,0.0028043764
501096.jpg,0.83418226,0.16486138,0.00059727096,0.0003590761
501097.jpg,0.21996875,0.77796173,0.0009338746,0.0011356428
501098.jpg,0.03231756,0.27202895,0.030750632,0.6649028
501099.jpg,0.81348896,0.18142034,0.0042712614,0.0008193652
501100.jpg,0.0010982252,0.00018217054,0.99852514,0.00019449054
501101.jpg,0.0011023185,0.010370375,0.14979495,0.8387323
501102.jpg,0.99117607,0.008269221,0.0004608702,9.385537e-05
501103.jpg,0.73558193,0.25980785,0.003756415,0.00085380045
501104.jpg,0.42010733,0.5775042,0.0011554252,0.0012329979
501105.jpg,0.9853175,0.014194674,0.00035881833,0.00012899913
501106.jpg,0.12500098,0.87342745,0.0006225037,0.0009490344
501107.jpg,0.9179101,0.07232027,0.0050259638,0.0047436683
501108.jpg,0.8361602,0.16071613,0.0022188239,0.0009049086
501109.jpg,0.99078256,0.008654454,0.00041152808,0.00015145908
501110.jpg,0.9915519,0.008056885,0.0002722559,0.00011901142
501111.jpg,0.19077305,0.8047462,0.0026530756,0.0018276455
501112.jpg,0.00015969305,0.0011877073,0.046601146,0.95205146
501113.jpg,0.9805424,0.018929917,0.000367968,0.00015966264
501114.jpg,0.43420455,0.36848223,0.0935735,0.103739746
501115.jpg,0.88795114,0.108865984,0.0027445527,0.0004383249
501116.jpg,0.80651045,0.10942411,0.08331465,0.0007507931
501117.jpg,0.47997713,0.5169913,0.0018454189,0.0011861083
501118.jpg,0.08006148,0.903272,0.015130159,0.0015363788
501119.jpg,0.9877302,0.0118327215,0.0003206181,0.00011646334
501120.jpg,0.021832006,0.9734394,0.0030252358,0.001703376
501121.jpg,0.880904,0.004373117,0.114413224,0.00030966024
501122.jpg,0.0029133626,0.010683424,0.08946382,0.89693934
501123.jpg,0.36849925,0.009652226,0.61845374,0.0033948522
501124.jpg,0.0046567526,0.9936206,0.00063729775,0.0010854324
501125.jpg,0.9852245,0.013336651,0.00110574,0.00033311918
501126.jpg,0.9903634,0.009078414,0.0004418064,0.00011628254
501127.jpg,0.18054761,0.8141451,0.003078429,0.002228933
501128.jpg,0.9954398,0.004046537,0.00044430545,6.936414e-05
501129.jpg,0.0132558765,0.98420906,0.0010508109,0.0014843037
501130.jpg,0.05028963,0.81484175,0.021182297,0.113686346
501131.jpg,0.00019387575,0.00028779628,0.92499894,0.0745194
501132.jpg,0.0031223781,0.99420565,0.00031847725,0.0023534861
501133.jpg,0.8305293,0.16711254,0.0018719326,0.0004862674
501134.jpg,0.7891732,0.20920308,0.0012590779,0.00036463086
501135.jpg,0.58616805,0.4124898,0.0008371947,0.0005049151
501136.jpg,0.004014439,0.9937584,0.00078041636,0.0014467534
501137.jpg,4.279611e-05,0.00034675424,0.0013268245,0.9982837
501138.jpg,0.70259684,0.2935413,0.003237701,0.0006241813
501139.jpg,0.9939429,0.00558112,0.00036675946,0.000109154316
501140.jpg,0.91222024,0.086998306,0.00056882895,0.0002126379
501141.jpg,0.4836296,0.33104393,0.18362094,0.0017055621
501142.jpg,0.04874988,0.7745702,0.12926675,0.047413137
501143.jpg,0.80249166,0.19360936,0.0022939497,0.0016049622
501144.jpg,0.07092448,0.15065578,0.03746513,0.74095464
501145.jpg,0.0011960284,0.0014460449,0.07868188,0.9186761
501146.jpg,0.034044273,0.96213955,0.002404155,0.0014120437
501147.jpg,0.99182254,0.007518906,0.0005730328,8.548718e-05
501148.jpg,0.00468937,0.99297744,0.0003627138,0.0019704213
501149.jpg,0.9962599,0.0032957315,0.00029944174,0.00014484242
501150.jpg,0.50812906,0.49055982,0.00073127664,0.0005798069
501151.jpg,0.07261213,0.92565584,0.00059865223,0.0011333417
501152.jpg,0.9873211,0.012178297,0.00038655638,0.00011408362
501153.jpg,0.0150623545,0.8546853,0.0007001793,0.1295522
501154.jpg,0.99358916,0.0059381425,0.00036975023,0.00010292783
501155.jpg,0.99452096,0.0052057435,0.0001844078,8.8865454e-05
501156.jpg,0.82725984,0.16314955,0.008870683,0.0007199506
501157.jpg,0.1092858,0.1142663,0.7640953,0.012352618
501158.jpg,0.18699737,0.8100634,0.00092518516,0.00201405
501159.jpg,0.8874235,0.11160197,0.00048307548,0.0004913594
501160.jpg,0.39055106,0.60716677,0.0013152551,0.0009669182
501161.jpg,0.21054797,0.7849512,0.0016845869,0.0028162983
501162.jpg,0.10994574,0.18849058,0.4080746,0.2934891
501163.jpg,0.95482135,0.044599887,0.00037973584,0.00019898832
501164.jpg,0.4139733,0.5847238,0.0006593774,0.00064355036
501165.jpg,0.7544384,0.23886435,0.005497555,0.0011997022
501166.jpg,0.05151549,0.9458108,0.0017185422,0.00095515326
501167.jpg,0.061430473,0.92652005,0.010725722,0.0013237557
501168.jpg,0.020338695,0.97836846,0.00053979515,0.00075305
501169.jpg,0.0061765015,0.8267076,0.0036652072,0.1634507
501170.jpg,0.9894619,0.009762563,0.0005721051,0.00020337944
501171.jpg,0.00054591574,0.0013367397,0.6975646,0.30055276
501172.jpg,0.044305325,0.9516522,0.0028366167,0.001205898
501173.jpg,0.00012903094,7.656839e-05,0.9991669,0.00062755897
501174.jpg,0.0029495321,0.031239407,0.7818227,0.1839884
501175.jpg,0.9962106,0.0034252184,0.0002873701,7.6866156e-05
501176.jpg,0.3050901,0.69328356,0.00062474754,0.0010015646
501177.jpg,0.9516177,0.047460277,0.00059099455,0.0003309972
501178.jpg,0.00019698757,0.00038623917,0.9965072,0.0029095162
501179.jpg,0.025894666,0.88472134,0.0019242484,0.08745978
501180.jpg,0.65377784,0.34266984,0.0019818181,0.0015704763
501181.jpg,0.74898833,0.24964087,0.00063532876,0.00073553977
501182.jpg,0.9932546,0.0062297746,0.0004144282,0.00010120114
501183.jpg,0.032392964,0.96648914,0.00028212793,0.000835829
501184.jpg,0.0005617972,0.0006507458,0.6959577,0.3028297
501185.jpg,0.2979227,0.6551654,0.045818716,0.0010932708
501186.jpg,0.007912631,0.9906285,0.00043791937,0.0010210397
501187.jpg,0.8011734,0.19726796,0.0007900085,0.00076867716
501188.jpg,0.99014384,0.009235069,0.0004317578,0.00018930442
501189.jpg,0.8451027,0.14874384,0.004570337,0.0015830485
501190.jpg,9.7344826e-05,0.00029336824,0.66799086,0.33161843
501191.jpg,0.88132113,0.11753907,0.00077656837,0.00036322713
501192.jpg,0.99472183,0.0048103672,0.00035300467,0.0001147856
501193.jpg,0.9915268,0.008012501,0.00035705036,0.00010367993
501194.jpg,0.83562946,0.025632462,0.13798913,0.0007489184
501195.jpg,0.2691287,0.7286353,0.001373422,0.00086259865
501196.jpg,0.0023121338,0.57408494,0.001032232,0.4225707
501197.jpg,0.9412504,0.058252558,0.00034647633,0.0001505591
501198.jpg,0.3038732,0.694477,0.0008163739,0.00083340914
501199.jpg,0.00060155615,0.0020292543,0.105994016,0.8913751
501200.jpg,0.9937727,0.005781822,0.00035159008,9.386451e-05
501201.jpg,0.24385071,0.74919397,0.005648302,0.0013069693
501202.jpg,0.65829927,0.34023154,0.00075358135,0.00071561197
501203.jpg,0.99215645,0.007394876,0.00034497192,0.00010375283
501204.jpg,0.017488072,0.98079896,0.0007142338,0.0009987141
501205.jpg,0.08732745,0.6183276,0.22612946,0.06821549
501206.jpg,0.9944164,0.004439648,0.0010396686,0.000104353036
501207.jpg,0.9959995,0.0036273736,0.00027769673,9.538347e-05
501208.jpg,0.2220149,0.77496004,0.0016538426,0.0013711205
501209.jpg,0.34161887,0.656086,0.0013866284,0.0009084881
501210.jpg,0.4226999,0.57428336,0.0019854882,0.0010312048
501211.jpg,0.1732955,0.82509875,0.0008665144,0.0007392115
501212.jpg,0.7174177,0.28095606,0.00079900987,0.00082722795
501213.jpg,0.60676664,0.38947082,0.00286748,0.0008949859
501214.jpg,0.9944875,0.0049893814,0.0004459717,7.702957e-05
501215.jpg,0.20579207,0.7916753,0.0012147564,0.0013178537
501216.jpg,0.0077182525,0.9883272,0.0014887219,0.0024659042
501217.jpg,0.023791395,0.9703694,0.0038898026,0.0019493821
501218.jpg,0.63794154,0.35800278,0.003160178,0.0008954881
501219.jpg,0.97136045,0.02732467,0.0010745631,0.00024033025
501220.jpg,0.0002781,0.0013965074,0.85799456,0.1403308
501221.jpg,0.98654085,0.0122438,0.000719775,0.0004955328
501222.jpg,0.3871219,0.6104085,0.0015917625,0.0008778721
501223.jpg,0.7912386,0.20530652,0.002804175,0.00065070787
501224.jpg,0.022433862,0.9688809,0.0023558822,0.006329387
501225.jpg,0.25566605,0.7407847,0.0012444338,0.0023047682
501226.jpg,0.8780797,0.120049335,0.0010928186,0.00077808695
501227.jpg,0.16017084,0.83757,0.0009579809,0.0013011706
501228.jpg,0.003071566,0.20674013,0.07330962,0.7168787
501229.jpg,0.9948454,0.0047510103,0.0003179893,8.5675674e-05
501230.jpg,0.77630156,0.22256239,0.0006262074,0.00050979195
501231.jpg,0.5751991,0.41508272,0.0085111,0.0012070938
501232.jpg,0.9952655,0.00432781,0.00033134688,7.531974e-05
501233.jpg,0.00971633,0.98784286,0.0007217989,0.0017189728
501234.jpg,0.9667046,0.031183457,0.0017428165,0.0003690738
501235.jpg,0.9562309,0.04210086,0.0012991247,0.00036916847
501236.jpg,0.40294752,0.12761171,0.3376058,0.131835
501237.jpg,0.9942371,0.0053912126,0.00024270364,0.00012889956
501238.jpg,0.30052593,0.6975034,0.00091049913,0.0010601609
501239.jpg,0.017644497,0.0013477731,0.9334686,0.047539126
501240.jpg,0.9302613,0.06841163,0.0010139905,0.00031308996
501241.jpg,0.11929327,0.87751085,0.0018640537,0.0013317904
501242.jpg,0.7860578,0.20815726,0.005270676,0.0005142445
501243.jpg,0.11008384,0.72350746,0.04002099,0.1263877
501244.jpg,0.92253757,0.07572295,0.0012135934,0.00052594015
501245.jpg,0.48675323,0.51197296,0.00051809987,0.00075572403
501246.jpg,0.080160566,0.12224948,0.20625894,0.591331
501247.jpg,0.002219571,0.9319632,0.059001062,0.006816165
501248.jpg,0.72516894,0.2717348,0.002208576,0.00088769285
501249.jpg,0.064987786,0.012542378,0.15481092,0.76765895
501250.jpg,0.017190995,0.029156948,0.32367635,0.6299757
501251.jpg,0.07266015,0.9257479,0.0004947608,0.0010972475
501252.jpg,0.01562144,0.0009408278,0.98334855,8.9204616e-05
501253.jpg,0.00023919037,0.0003000303,0.96129197,0.038168896
501254.jpg,0.06542548,0.018675657,0.15505451,0.7608444
501255.jpg,0.027486442,0.97130615,0.0003453854,0.0008620461
501256.jpg,0.6812089,0.31742582,0.0007235038,0.00064173446
501257.jpg,0.4070038,0.58956546,0.0019997908,0.0014309068
501258.jpg,0.66482085,0.33318454,0.0015423872,0.00045220248
501259.jpg,0.99416304,0.005457834,0.0002817401,9.735936e-05
501260.jpg,0.0034515404,0.14543164,0.0006924511,0.85042435
501261.jpg,0.8575652,0.14049461,0.0015686253,0.00037151703
501262.jpg,0.02587922,0.5066133,0.40432373,0.06318373
501263.jpg,0.9941003,0.0054939273,0.00031437978,9.144359e-05
501264.jpg,0.99533397,0.0041049975,0.00046036192,0.000100641955
501265.jpg,0.27635074,0.09797076,0.5927171,0.032961395
501266.jpg,0.18648143,0.8112853,0.00095112,0.0012821284
501267.jpg,0.8802374,0.11856321,0.0006438837,0.00055549364
501268.jpg,0.7164828,0.28091305,0.001863391,0.0007407781
501269.jpg,0.50923705,0.48668647,0.0017762674,0.0023001598
501270.jpg,0.015834946,0.09815127,0.87821317,0.0078005926
501271.jpg,0.0002694208,0.0012668339,0.777852,0.2206118
501272.jpg,0.00012709489,0.0003202236,0.7851448,0.21440786
501273.jpg,0.69896907,0.29989308,0.0005886441,0.00054915785
501274.jpg,0.42397928,0.5713149,0.0034001668,0.0013056725
501275.jpg,0.708394,0.28963637,0.0011475157,0.00082216784
501276.jpg,0.984997,0.013796703,0.0010573859,0.0001489327
501277.jpg,0.002112828,0.26957896,0.05396731,0.6743409
501278.jpg,0.0071800067,0.986018,0.0037016002,0.0031003032
501279.jpg,0.99527234,0.004416458,0.00021491329,9.6257434e-05
501280.jpg,0.96771365,0.030289864,0.0015975056,0.00039896579
501281.jpg,0.00022023072,0.00032691922,0.9183243,0.08112859
501282.jpg,0.939368,0.059347916,0.0008253679,0.00045866062
501283.jpg,0.008086682,0.8783676,0.0061673746,0.107378334
501284.jpg,0.9951857,0.004369315,0.00035292632,9.209509e-05
501285.jpg,0.9909832,0.0076691657,0.001178871,0.00016871864
501286.jpg,0.46319297,0.53511125,0.0010353798,0.000660369
501287.jpg,0.0043146275,0.011620139,0.1771252,0.8069401
501288.jpg,0.008656651,0.0028982032,0.9862032,0.002242002
501289.jpg,0.87325555,0.1246802,0.0013593772,0.0007048149
501290.jpg,0.29715073,0.7009185,0.0013274107,0.0006033755
501291.jpg,0.10298177,0.20010804,0.024952298,0.67195797
501292.jpg,0.002063235,0.23178534,0.0005900027,0.7655614
501293.jpg,0.54344386,0.4541553,0.0014553415,0.0009455233
501294.jpg,0.9954166,0.0041038045,0.00037396958,0.00010568128
501295.jpg,0.22081865,0.7767746,0.0016911182,0.00071568886
501296.jpg,0.053472813,0.021527892,0.9234378,0.0015615044
501297.jpg,0.02491342,0.972267,0.00086008495,0.001959539
501298.jpg,0.2783702,0.7194359,0.0010449536,0.0011489464
501299.jpg,0.93780565,0.06125544,0.00075170957,0.00018715284
501300.jpg,0.9939129,0.005602542,0.0003976247,8.697718e-05
501301.jpg,0.99609095,0.0035241835,0.0002857253,9.915268e-05
501302.jpg,0.9949403,0.0046922867,0.00026727433,0.00010013136
501303.jpg,0.990928,0.008153235,0.00081485364,0.00010395249
501304.jpg,0.78401166,0.21479607,0.00059896434,0.0005932115
501305.jpg,0.00012543458,0.0002149139,0.99645996,0.003199677
501306.jpg,0.21785276,0.77824956,0.0026937851,0.0012037944
501307.jpg,0.23446244,0.11664527,0.6277094,0.02118294
501308.jpg,0.0022174781,0.08151917,0.2814422,0.6348211
501309.jpg,0.35044965,0.6465745,0.0019164323,0.0010594144
501310.jpg,0.6351962,0.36103126,0.00220079,0.0015717376
501311.jpg,0.99458313,0.0049313167,0.00038544313,0.00010012553
501312.jpg,0.2517131,0.18425281,0.058645412,0.5053887
501313.jpg,0.37193403,0.5866421,0.040074155,0.0013497318
501314.jpg,0.001468077,0.029774053,0.51847243,0.45028546
501315.jpg,0.0043216213,0.98446125,0.0077063814,0.0035107757
501316.jpg,0.9721093,0.026507115,0.0011051366,0.00027838527
501317.jpg,0.005728654,0.9901598,0.0027578205,0.0013537292
501318.jpg,0.9345363,0.06356898,0.0013102294,0.00058457156
501319.jpg,0.17700797,0.8193844,0.0016387701,0.0019687654
501320.jpg,0.34799182,0.6504275,0.0007340319,0.000846599
501321.jpg,0.6521227,0.34358427,0.0030403717,0.0012526576
501322.jpg,0.95415384,0.045097496,0.00048635484,0.00026226975
501323.jpg,0.007680192,0.9890004,0.0012698505,0.0020495642
501324.jpg,0.9652014,0.033622522,0.00071114925,0.00046496923
501325.jpg,0.23414983,0.7610698,0.0025652365,0.0022151324
501326.jpg,0.9957712,0.0037059307,0.00040436685,0.00011842888
501327.jpg,0.99054337,0.008886398,0.0004803365,8.9867586e-05
501328.jpg,0.26597777,0.72580117,0.005723079,0.0024980714
501329.jpg,0.0018779397,0.00029361268,0.99763304,0.00019535919
501330.jpg,0.23472178,0.023660779,0.7410917,0.00052574405
501331.jpg,0.19321753,0.802083,0.0022816968,0.0024178403
501332.jpg,0.9372516,0.061054867,0.0012418773,0.00045161377
501333.jpg,0.9958003,0.003608789,0.00052486616,6.6048284e-05
501334.jpg,0.038383115,0.5153381,0.054486413,0.3917924
501335.jpg,0.89020014,0.023568565,0.08452884,0.0017023743
501336.jpg,0.0030504055,0.99530154,0.00034636448,0.0013016203
501337.jpg,0.9861183,0.0124938665,0.0011816118,0.00020626467
501338.jpg,0.018284097,0.0067293853,0.31372532,0.6612612
501339.jpg,0.16443743,0.8301527,0.0019811436,0.0034287584
501340.jpg,0.25241897,0.74551135,0.0011412549,0.00092844124
501341.jpg,0.9923341,0.006855899,0.0007145227,9.546629e-05
501342.jpg,0.23843278,0.75809026,0.0011616123,0.0023153278
501343.jpg,0.6855276,0.19293492,0.12026032,0.0012771765
501344.jpg,0.9897985,0.009362596,0.0007167249,0.00012221998
501345.jpg,0.019782977,0.97651273,0.0014482097,0.0022560495
501346.jpg,0.3820065,0.61394954,0.0031412402,0.0009027125
501347.jpg,0.046742823,0.9486937,0.0025680487,0.0019954762
501348.jpg,0.9227745,0.07643024,0.0003795215,0.00041578966
501349.jpg,0.4417597,0.5327571,0.024684815,0.0007983623
501350.jpg,0.898242,0.101043604,0.00038910913,0.0003253893
501351.jpg,0.9881811,0.010711393,0.0010067767,0.00010076796
501352.jpg,0.0048725232,0.9929921,0.00094737235,0.0011880897
501353.jpg,0.7237045,0.27361727,0.0015126765,0.0011655763
501354.jpg,0.95391035,0.044896927,0.000864065,0.0003286699
501355.jpg,0.0011117045,0.0076285233,0.41116676,0.5800931
501356.jpg,0.9694713,0.02804024,0.0020540291,0.00043450642
501357.jpg,0.99566054,0.0038696136,0.00035201837,0.00011784671
501358.jpg,0.009293062,0.9886295,0.0004086859,0.001668713
501359.jpg,0.024986178,0.9722009,0.000956116,0.0018569035
501360.jpg,0.18932535,0.8056838,0.0015924214,0.0033984908
501361.jpg,0.94346136,0.054280806,0.0015129655,0.000744839
501362.jpg,0.99254125,0.006974373,0.00040506964,7.9380196e-05
501363.jpg,0.99492836,0.0044270176,0.0005650037,7.9617574e-05
501364.jpg,0.9635062,0.0357522,0.00053811126,0.00020343572
501365.jpg,0.67629975,0.3193162,0.002235458,0.0021486368
501366.jpg,0.3575896,0.63454413,0.005574787,0.0022914642
501367.jpg,0.4594189,0.5389261,0.00094404194,0.0007109656
501368.jpg,0.0071290038,0.9915245,0.00053061626,0.0008158485
501369.jpg,0.6301852,0.3597323,0.003172733,0.006909793
501370.jpg,0.4344939,0.5631829,0.0014821176,0.0008411107
501371.jpg,0.70202845,0.12295127,0.17454572,0.000474597
501372.jpg,0.006956544,0.9918976,0.0003058974,0.00084002566
501373.jpg,0.9936152,0.0058459206,0.0004034798,0.00013537808
501374.jpg,0.03516793,0.51633835,0.2036652,0.24482852
501375.jpg,0.9819441,0.016581153,0.0011612365,0.00031355105
501376.jpg,0.9876626,0.011685688,0.00045144735,0.00020026439
501377.jpg,0.9722623,0.027133832,0.00046835057,0.00013549453
501378.jpg,0.65145576,0.3435118,0.0033562232,0.0016762642
501379.jpg,0.17832704,0.38316607,0.43486682,0.0036400065
501380.jpg,0.00025103547,0.0012684452,0.2188013,0.77967924
501381.jpg,0.061673734,0.93429947,0.0010661982,0.0029606083
501382.jpg,0.6523357,0.3380383,0.0047665155,0.004859492
501383.jpg,0.9860533,0.01340887,0.00034537484,0.00019242312
501384.jpg,0.8021576,0.19548893,0.0012120355,0.0011415122
501385.jpg,0.50085247,0.4932653,0.004710659,0.001171539
501386.jpg,0.95180017,0.046118256,0.0012964545,0.00078516995
501387.jpg,0.00019606063,0.00044471782,0.7408398,0.25851944
501388.jpg,0.04791375,0.9227235,0.0016518092,0.027710991
501389.jpg,0.0048931274,0.9924417,0.001346206,0.0013188674
501390.jpg,0.05297771,0.94540787,0.0007921383,0.0008222515
501391.jpg,0.99159366,0.008055601,0.00024290686,0.00010773938
501392.jpg,0.3680296,0.6237812,0.00675622,0.0014329766
501393.jpg,0.8537319,0.1438494,0.0017166347,0.0007021366
501394.jpg,0.040985253,0.9559684,0.0011945373,0.0018518817
501395.jpg,0.9173166,0.019101862,0.062484,0.0010975299
501396.jpg,0.021139098,0.9753318,0.0017613933,0.0017676977
501397.jpg,0.9511712,0.047613993,0.0009113112,0.00030341788
501398.jpg,0.0064319335,0.9906451,0.0012136268,0.0017093634
501399.jpg,0.9678965,0.0313227,0.00046510622,0.00031562184
501400.jpg,0.30325556,0.6845419,0.010757084,0.0014454898
501401.jpg,0.00024215555,0.0009095543,0.00092388253,0.9979243
501402.jpg,0.10733694,0.89081794,0.0008208677,0.0010241801
501403.jpg,0.18009551,0.81556743,0.0015772352,0.0027597926
501404.jpg,0.70003825,0.29360676,0.0048885993,0.0014663823
501405.jpg,0.5018402,0.4940925,0.0023575856,0.0017097316
501406.jpg,0.008227585,0.8256243,0.00088606915,0.16526204
501407.jpg,0.02473747,0.97349054,0.0007199627,0.0010520515
501408.jpg,0.002121205,0.74823266,0.001150564,0.24849558
501409.jpg,0.9543763,0.045031175,0.0003684708,0.0002240211
501410.jpg,0.7617224,0.23354685,0.0039377417,0.00079301494
501411.jpg,0.0079973815,0.9903391,0.00034765355,0.0013158239
501412.jpg,0.97231656,0.026785001,0.0007249404,0.00017348798
501413.jpg,0.22942276,0.43026626,0.034162607,0.30614838
501414.jpg,0.7550089,0.23848136,0.0055188662,0.0009909599
501415.jpg,0.1806736,0.80828124,0.0042876825,0.0067574624
501416.jpg,0.0072357184,0.9907648,0.0005460255,0.0014535034
501417.jpg,0.6581537,0.3394498,0.00060728303,0.0017892026
501418.jpg,0.9877915,0.011538324,0.00044637462,0.00022383376
501419.jpg,0.9961377,0.0034213897,0.00034390614,9.697853e-05
501420.jpg,0.37072644,0.6199964,0.0014650058,0.007812152
501421.jpg,0.8281174,0.16847104,0.0029064938,0.00050512544
501422.jpg,0.12270241,0.7866769,0.0016491534,0.08897161
501423.jpg,0.98386794,0.015021681,0.00093394966,0.00017637585
501424.jpg,0.015569061,0.032770645,0.9512696,0.00039066817
501425.jpg,0.00040868833,0.0018096244,0.6854768,0.3123049
501426.jpg,0.081372656,0.9142116,0.0008480581,0.0035677291
501427.jpg,0.16829163,0.77313375,0.0060647614,0.052509848
501428.jpg,0.163684,0.83354115,0.0018090376,0.0009657573
501429.jpg,0.18578053,0.7891576,0.021768482,0.0032933305
501430.jpg,0.11429558,0.11365357,0.0060118698,0.76603895
501431.jpg,0.8765895,0.122083046,0.00072830496,0.000599176
501432.jpg,0.34783056,0.65027374,0.00054779224,0.0013479879
501433.jpg,0.9858319,0.013610122,0.00041513133,0.00014279009
501434.jpg,0.99399096,0.005350953,0.0005506266,0.00010744511
501435.jpg,0.6664477,0.33134624,0.0011666815,0.0010393689
501436.jpg,0.0021295364,0.99408555,0.00072959875,0.0030553434
501437.jpg,0.64491946,0.35298526,0.0015771311,0.0005181916
501438.jpg,0.33981267,0.6567103,0.0019851455,0.0014918753
501439.jpg,0.90676385,0.090489805,0.0021566052,0.0005897409
501440.jpg,0.0004481875,0.010185138,0.0050072954,0.98435944
501441.jpg,0.7910602,0.20772086,0.0007327663,0.00048612966
501442.jpg,0.65551543,0.04256289,0.30119905,0.0007226171
501443.jpg,0.025471084,0.9722307,0.0005806201,0.001717627
501444.jpg,0.06875233,0.9242137,0.00553349,0.0015004775
501445.jpg,0.99216294,0.0070235305,0.0006612576,0.00015226811
501446.jpg,0.5230253,0.47399893,0.0013801991,0.0015956014
501447.jpg,0.007689152,0.98880816,0.0010667504,0.0024359897
501448.jpg,9.35545e-05,0.00011689975,0.99933165,0.00045786044
501449.jpg,0.5408877,0.45758757,0.00091619504,0.0006085418
501450.jpg,0.44086435,0.55616426,0.0015275422,0.0014438262
501451.jpg,0.9580106,0.0407964,0.0008245362,0.0003685055
501452.jpg,0.34507266,0.6534025,0.0006822076,0.0008425538
501453.jpg,0.000310157,0.00050695817,0.8294797,0.16970313
501454.jpg,0.99343467,0.0060540834,0.0003572797,0.00015394515
501455.jpg,0.0004184322,0.0008017542,0.7768505,0.22192927
501456.jpg,0.9924686,0.0071518584,0.000284575,9.498295e-05
501457.jpg,0.9796276,0.019438187,0.0005974967,0.00033675475
501458.jpg,0.23959078,0.74780196,0.0026510868,0.009956208
501459.jpg,0.98666865,0.012629568,0.00048233607,0.00021942629
501460.jpg,0.67162204,0.22837126,0.099329084,0.0006776207
501461.jpg,0.6616351,0.33629498,0.00072762906,0.0013422953
501462.jpg,0.29947397,0.048783705,0.6503393,0.0014030434
501463.jpg,0.0002943068,0.00045258118,0.9924958,0.0067573083
501464.jpg,0.88380855,0.11496571,0.00083544943,0.00039031412
501465.jpg,0.9066229,0.08958897,0.0033323427,0.00045588487
501466.jpg,0.00018618321,0.0012871005,0.634574,0.36395273
501467.jpg,8.25433e-05,0.0014202078,0.00014811849,0.9983492
501468.jpg,0.3014339,0.6142128,0.06379158,0.020561699
501469.jpg,0.06450123,0.20936234,0.15860882,0.5675276
501470.jpg,0.0057116854,0.9566579,0.00086942344,0.03676105
501471.jpg,0.010057912,0.9880788,0.0005292828,0.0013340545
501472.jpg,0.9944894,0.004826429,0.00056933827,0.00011489194
501473.jpg,0.0906624,0.90769225,0.00057589257,0.0010694327
501474.jpg,0.0832357,0.0008692723,0.9156434,0.0002516734
501475.jpg,0.15155552,0.8446786,0.0021793812,0.0015864642
501476.jpg,0.9959863,0.003657074,0.0002261252,0.00013054613
501477.jpg,0.8205785,0.17758161,0.0014078888,0.0004319572
501478.jpg,0.085737586,0.9119563,0.0010572049,0.0012488492
501479.jpg,0.47400188,0.51621336,0.008964618,0.0008201436
501480.jpg,0.99222064,0.0069951923,0.0006571991,0.00012700052
501481.jpg,0.24245487,0.7552642,0.0013199318,0.00096097885
501482.jpg,0.012618035,0.014119342,0.59634095,0.37692162
501483.jpg,0.0055492106,0.9908073,0.0016861664,0.00195728
501484.jpg,0.0016622255,0.99607056,0.00066786463,0.0015993207
501485.jpg,0.98302525,0.015960097,0.00078375125,0.00023094914
501486.jpg,0.9747545,0.023556367,0.0014119734,0.0002771778
501487.jpg,0.042835727,0.2620638,0.09523579,0.59986466
501488.jpg,0.001490746,0.002070196,0.45507994,0.5413591
501489.jpg,0.0164738,0.97986627,0.0012991788,0.0023606995
501490.jpg,0.0018698646,0.32716548,0.0016782718,0.66928643
501491.jpg,0.9915052,0.007943658,0.00040864176,0.00014247544
501492.jpg,0.9486573,0.050441835,0.0007097805,0.0001911306
501493.jpg,0.976954,0.021933518,0.00092276745,0.00018974855
501494.jpg,0.9603676,0.010966409,0.028482283,0.00018372289
501495.jpg,0.7595416,0.2381453,0.0016229184,0.000690151
501496.jpg,0.003404469,0.9935014,0.0005808014,0.0025133549
501497.jpg,0.0002201704,0.0013196726,0.4058472,0.59261304
501498.jpg,0.7059222,0.27879977,0.012088981,0.0031890199
501499.jpg,0.8239439,0.17523074,0.00036546632,0.0004598419
501500.jpg,0.123119295,0.8573444,0.0018123528,0.017723976
501501.jpg,0.068588145,0.92528075,0.0033175608,0.0028135541
501502.jpg,0.49382302,0.50293446,0.0014673914,0.0017751368
501503.jpg,8.213237e-05,0.00051319465,0.00096610235,0.99843854
501504.jpg,0.63890475,0.1941727,0.12785518,0.03906737
501505.jpg,0.99442625,0.0034140097,0.0019203977,0.0002393571
501506.jpg,0.94665456,0.051845968,0.0010496449,0.00044985066
501507.jpg,4.661226e-05,0.0004474034,0.0018577914,0.99764824
501508.jpg,0.9875906,0.011790314,0.00046962372,0.0001494733
501509.jpg,0.06994424,0.05533949,0.48004594,0.39467034
501510.jpg,0.787406,0.21128158,0.00092794903,0.000384382
501511.jpg,0.35160792,0.6454681,0.0017157337,0.0012082242
501512.jpg,0.9544695,0.04495732,0.00035436943,0.0002187707
501513.jpg,0.89732784,0.1015582,0.0006192836,0.0004946674
501514.jpg,0.97306794,0.02616066,0.00050779036,0.00026360576
501515.jpg,0.9902491,0.009355434,0.00031080388,8.464255e-05
501516.jpg,0.707107,0.013529296,0.27855167,0.00081202085
501517.jpg,0.9950659,0.0046284585,0.0002243537,8.1281905e-05
501518.jpg,0.012246336,0.9852763,0.0013638427,0.0011135481
501519.jpg,0.583573,0.41505623,0.0007216346,0.00064916676
501520.jpg,0.030079357,0.69789475,0.017812274,0.25421357
501521.jpg,0.9925191,0.0067058154,0.0006736578,0.00010145889
501522.jpg,0.004368665,0.99301,0.0006633797,0.0019580016
501523.jpg,0.035535336,0.002207461,0.95396924,0.008288008
501524.jpg,0.025061408,0.973152,0.000604434,0.0011821649
501525.jpg,0.9946466,0.004898306,0.00034863222,0.00010643266
501526.jpg,0.5687205,0.34531713,0.078810416,0.0071520004
501527.jpg,0.99702674,0.0025045774,0.00036834343,0.00010036057
501528.jpg,0.9742572,0.024222046,0.0011397339,0.00038108416
501529.jpg,0.96550626,0.031144522,0.0029908437,0.0003583273
501530.jpg,0.6348054,0.3613344,0.0031501732,0.0007100594
501531.jpg,0.87906486,0.11828347,0.0020988628,0.00055274955
501532.jpg,0.0075518503,0.9910469,0.0003730393,0.0010281628
501533.jpg,0.008545681,0.9893536,0.0004994673,0.0016012402
501534.jpg,0.17221974,0.8257882,0.0010001546,0.0009918908
501535.jpg,0.009321618,0.98793983,0.00069908676,0.002039458
501536.jpg,0.9949506,0.0047866968,0.0001650607,9.75813e-05
501537.jpg,0.027968088,0.96971893,0.0010273721,0.0012855745
501538.jpg,0.56413615,0.43413806,0.0009917322,0.0007340357
501539.jpg,0.31464574,0.67178774,0.008184533,0.005381989
501540.jpg,0.35669622,0.63942987,0.002676251,0.0011976933
501541.jpg,0.9329981,0.008583535,0.05809705,0.0003212881
501542.jpg,0.0065007606,0.99066657,0.0012210286,0.0016116422
501543.jpg,0.039506897,0.9582565,0.0009439071,0.0012927711
501544.jpg,0.0001394984,0.00011887707,0.999629,0.00011255374
501545.jpg,0.6673489,0.08146929,0.25023386,0.0009478756
501546.jpg,0.65516824,0.3436818,0.00058482395,0.00056514825
501547.jpg,0.97817945,0.020958433,0.0005785746,0.00028359966
501548.jpg,0.38940394,0.60648495,0.0011052929,0.0030058231
501549.jpg,0.013102616,0.5752923,0.369784,0.041821063
501550.jpg,0.7414945,0.040194783,0.21797304,0.00033765705
501551.jpg,0.51697016,0.4583253,0.023774251,0.0009302486
501552.jpg,0.033068676,0.96543914,0.00077499385,0.00071717193
501553.jpg,0.3832861,0.61403364,0.0015753341,0.0011049426
501554.jpg,0.044624764,0.9492251,0.0030256005,0.003124519
501555.jpg,0.35229215,0.5817681,0.008736675,0.057203148
501556.jpg,0.99558043,0.004053082,0.00026940694,9.705031e-05
501557.jpg,0.06051482,0.9370799,0.0007649719,0.0016403189
501558.jpg,0.99225575,0.007321546,0.00031851974,0.000104149774
501559.jpg,0.9958214,0.0037319493,0.000349615,9.702373e-05
501560.jpg,0.07669699,0.92100936,0.0010083269,0.0012853345
501561.jpg,0.014874137,0.9822146,0.0008785163,0.00203274
501562.jpg,0.31568944,0.67820865,0.005405132,0.00069677964
501563.jpg,0.36520255,0.6308562,0.0019772367,0.001964042
501564.jpg,0.7621476,0.23571877,0.0016681319,0.00046550087
501565.jpg,0.9855723,0.01309865,0.0010100272,0.00031905048
501566.jpg,0.20302378,0.7945656,0.0013695104,0.0010410834
501567.jpg,0.075529404,0.0012091923,0.9217878,0.0014735651
501568.jpg,0.99537516,0.004108849,0.0004189496,9.7015494e-05
501569.jpg,0.959245,0.039572466,0.00094075454,0.00024174801
501570.jpg,0.000673566,0.2637753,0.0039961734,0.731555
501571.jpg,0.99120444,0.008245211,0.00043843608,0.000111998925
501572.jpg,0.00026729668,0.0010848189,0.47634783,0.52230006
501573.jpg,0.0019114921,0.99652,0.00035857092,0.0012099779
501574.jpg,0.008618466,0.30064481,0.0035555318,0.6871812
501575.jpg,0.4993373,0.49860668,0.0012787675,0.0007772543
501576.jpg,0.99330086,0.005951749,0.0006298087,0.00011760505
501577.jpg,0.9909857,0.008382449,0.0005031244,0.00012880152
501578.jpg,0.0013865642,0.008950357,0.24685715,0.74280596
501579.jpg,0.29731503,0.698627,0.0023281267,0.0017298218
501580.jpg,0.27837098,0.7111681,0.009363252,0.0010976987
501581.jpg,0.036899947,0.95887715,0.0022061716,0.0020167222
501583.jpg,0.6180072,0.38088927,0.00052013196,0.0005834246
501584.jpg,0.0959087,0.8996887,0.0029520125,0.0014505214
501585.jpg,0.004313413,0.9918396,0.001730448,0.002116569
501586.jpg,0.0068457588,0.6921727,0.0028776738,0.2981039
501587.jpg,0.99585503,0.0038000438,0.00025739835,8.761434e-05
501588.jpg,0.05651394,0.940018,0.0022328694,0.0012351364
501589.jpg,0.9751964,0.012453443,0.012101135,0.00024898432
501590.jpg,0.7263122,0.271784,0.0012090341,0.0006947385
501591.jpg,0.9945108,0.003720084,0.0016631847,0.0001059405
501592.jpg,0.00012499542,8.123377e-05,0.9989523,0.0008414664
501593.jpg,0.80351716,0.19557154,0.00065818225,0.0002531281
501594.jpg,0.023095092,0.22108574,0.008240738,0.74757844
501595.jpg,0.49958703,0.49171862,0.0076607666,0.0010336206
501596.jpg,0.020154001,0.97749424,0.00063450093,0.001717262
501597.jpg,0.9333877,0.06561579,0.00087468704,0.00012186102
501598.jpg,0.8051457,0.19298537,0.0013680429,0.00050095556
501599.jpg,0.02974802,0.96915656,0.0003769317,0.00071845524
501600.jpg,0.020560922,0.9769996,0.00048224968,0.0019572696
501601.jpg,0.99583364,0.003856961,0.00022497086,8.447585e-05
501602.jpg,0.9846072,0.014888327,0.00034406708,0.00016044831
501603.jpg,0.99246544,0.007060738,0.00033536952,0.00013845878
501604.jpg,0.7570304,0.24126965,0.0011560111,0.00054390746
501605.jpg,0.9899742,0.00856876,0.0010425725,0.00041449754
501606.jpg,0.003534085,0.98627186,0.00037586005,0.009818205
501607.jpg,0.99421483,0.005262355,0.0004202081,0.000102554186
501608.jpg,8.6966e-05,0.0013189004,0.00022100721,0.9983732
501609.jpg,0.9962724,0.0033585716,0.00031484643,5.419462e-05
501610.jpg,0.225437,0.40445232,0.041305628,0.32880506
501611.jpg,0.7118569,0.2852944,0.0015131248,0.0013354971
501612.jpg,0.76501137,0.23243402,0.0017068397,0.0008477511
501613.jpg,0.103419445,0.8945399,0.0012847512,0.00075589935
501614.jpg,0.3917779,0.60526377,0.0020814806,0.0008768066
501615.jpg,0.86405104,0.13417691,0.0012491648,0.00052285154
501616.jpg,0.002731308,0.100737,0.5427841,0.35374764
501617.jpg,0.9957089,0.0038824945,0.0003170204,9.159442e-05
501618.jpg,0.0039733388,0.00020947134,0.99577695,4.0242845e-05
501619.jpg,0.015999353,0.98081404,0.00044153328,0.0027450558
501620.jpg,0.99025947,0.009188875,0.0004299671,0.000121701196
501621.jpg,0.9902096,0.009374621,0.0002858823,0.00012994639
501622.jpg,0.3786027,0.6130881,0.0071099284,0.0011992258
501623.jpg,0.06889303,0.8151193,0.0047823284,0.11120531
501624.jpg,0.002270397,0.99601334,0.00056217855,0.0011541392
501625.jpg,0.58460164,0.41352758,0.0013766022,0.00049418834
501626.jpg,0.99143964,0.007794382,0.00056497817,0.00020100147
501627.jpg,5.568309e-05,0.0007174616,0.00025630413,0.9989705
501628.jpg,0.028582582,0.96872693,0.0012315963,0.0014588669
501629.jpg,0.010280519,0.98313516,0.0019070278,0.004677325
501630.jpg,0.00025923733,0.002653695,0.18524553,0.8118415
501631.jpg,0.83042306,0.167898,0.001207526,0.00047142326
501632.jpg,0.23924907,0.7589469,0.0008576733,0.0009464044
501633.jpg,0.5928567,0.40466595,0.0014868941,0.0009904312
501634.jpg,0.9550926,0.044350196,0.00040208397,0.00015517317
501635.jpg,0.0010899972,0.0016882556,0.0039050346,0.9933167
501636.jpg,0.0028626632,0.25761467,0.5175062,0.22201651
501637.jpg,0.016312407,0.1255907,0.8487668,0.009330048
501638.jpg,0.005240046,0.009875811,0.8909304,0.0939537
501639.jpg,0.0031146323,0.9898164,0.00054423086,0.0065247114
501640.jpg,0.00885873,0.98870975,0.0012371748,0.0011943175
501641.jpg,0.99383813,0.0057110167,0.0003455712,0.00010523104
501642.jpg,0.061630163,0.9246695,0.008634056,0.0050662924
501643.jpg,0.5273887,0.4680365,0.0033430762,0.0012317164
501644.jpg,0.5339959,0.4620537,0.0029335609,0.0010168625
501645.jpg,0.00015653041,0.00015013137,0.99872524,0.00096810336
501646.jpg,0.20216733,0.79595613,0.0008438789,0.0010326646
501647.jpg,0.7286284,0.26880732,0.0019417383,0.0006225299
501648.jpg,0.040867828,0.9565387,0.0013297978,0.0012637366
501649.jpg,0.45146298,0.54601306,0.0012917131,0.0012322
501650.jpg,0.10639312,0.89074594,0.0009540569,0.0019068001
501651.jpg,0.09330966,0.9026022,0.0029898502,0.0010983086
501652.jpg,0.45113668,0.5441671,0.003460745,0.001235488
501653.jpg,0.9770069,0.021680512,0.00094795035,0.00036458854
501654.jpg,0.032293886,0.7877993,0.024610603,0.15529625
501655.jpg,0.019392874,0.0048428043,0.0011422596,0.974622
501656.jpg,0.6308051,0.14437504,0.22373335,0.0010865814
501657.jpg,0.5173359,0.4809418,0.0011118277,0.000610479
501658.jpg,0.00087385724,0.0010297837,0.27546075,0.72263557
501659.jpg,0.00029300814,0.001136725,0.0023589672,0.99621135
501660.jpg,0.76180726,0.21191287,0.024737818,0.0015420503
501661.jpg,0.0041341013,0.9916851,0.002708052,0.0014727172
501662.jpg,0.5283823,0.46952713,0.0011826068,0.0009080038
501663.jpg,0.9955468,0.0041095247,0.00027941327,6.4256514e-05
501664.jpg,0.525599,0.47233868,0.0010394984,0.0010227463
501665.jpg,0.0030421373,0.046701808,0.73061603,0.21964002
501666.jpg,0.09031907,0.8129263,0.043098163,0.05365646
501667.jpg,0.7141587,0.28281048,0.0016827666,0.0013480688
501668.jpg,0.23059793,0.765045,0.003065211,0.0012918651
501669.jpg,0.79337883,0.20504276,0.0011346937,0.00044365678
501670.jpg,0.9640474,0.0349728,0.0007115681,0.00026827867
501671.jpg,0.70900804,0.28972894,0.0008268257,0.00043616956
501672.jpg,0.53773993,0.4497888,0.011520006,0.00095125195
501673.jpg,0.1921107,0.01151405,0.7959647,0.00041049442
501674.jpg,0.060569394,0.16391356,0.7655816,0.009935473
501675.jpg,0.74851805,0.24969848,0.0010541313,0.0007293246
501676.jpg,0.0015964605,0.014330323,0.6698207,0.31425253
501677.jpg,0.9384981,0.059128225,0.0018437145,0.0005299716
501678.jpg,0.69959134,0.29799026,0.0015849788,0.0008334653
501679.jpg,0.005979199,0.97554344,0.0025963893,0.01588097
501680.jpg,0.98213845,0.01731225,0.00042895632,0.000120302684
501681.jpg,0.9967499,0.002894057,0.00026305925,9.303321e-05
501682.jpg,0.0033549385,0.000277762,0.99629426,7.303853e-05
501683.jpg,0.7463371,0.25196978,0.0012332214,0.00045991014
501684.jpg,0.04734698,0.49281922,0.03852783,0.42130598
501685.jpg,0.0029514644,0.983329,0.00069871545,0.013020805
501686.jpg,0.000443405,0.0039735665,0.2685735,0.7270095
501687.jpg,0.9875873,0.011516239,0.0007195741,0.00017692002
501688.jpg,0.11399665,0.8839879,0.0013258047,0.000689699
501689.jpg,0.0042887228,0.99392015,0.000495823,0.0012952961
501690.jpg,0.100045174,0.45018956,0.2326262,0.21713902
501691.jpg,0.9779837,0.021224855,0.0005738083,0.00021757376
501692.jpg,0.02157416,0.92850757,0.044079885,0.0058383853
501693.jpg,0.0066353544,0.99108744,0.0010845762,0.0011926056
501694.jpg,0.5879759,0.4076475,0.0023547637,0.0020218373
501695.jpg,0.0035059198,0.9938691,0.00031260191,0.0023123494
501696.jpg,0.03383134,0.9630079,0.0021095963,0.0010511375
501697.jpg,0.002972766,0.50456184,0.29847336,0.19399197
501698.jpg,0.008235007,0.0039714742,0.98758954,0.00020397232
501699.jpg,0.8233638,0.17459874,0.0011127841,0.0009247206
501700.jpg,0.995758,0.003523121,0.0006510067,6.7890134e-05
501701.jpg,0.52165455,0.47525927,0.0021385695,0.0009476042
501702.jpg,0.9850096,0.014327608,0.00044937964,0.00021341041
501703.jpg,0.99561024,0.00397458,0.00032132876,9.3856645e-05
501704.jpg,0.03930496,0.9571869,0.0017920868,0.0017160797
501705.jpg,0.6891666,0.30828786,0.0017727435,0.00077276066
501706.jpg,0.0878251,0.8950028,0.011026222,0.006145989
501707.jpg,0.45262992,0.31895927,0.22689384,0.0015169781
501708.jpg,0.993362,0.006252198,0.00029702013,8.87893e-05
501709.jpg,0.57392466,0.42378056,0.0012652554,0.0010295127
501710.jpg,0.6728096,0.23226692,0.09370365,0.0012197964
501711.jpg,0.46369955,0.53471375,0.0008406746,0.00074602646
501712.jpg,0.994915,0.004293388,0.0006558033,0.00013579738
501713.jpg,0.030961715,0.57953465,0.31046364,0.07904
501714.jpg,0.46834037,0.5300274,0.0009945049,0.00063778186
501715.jpg,0.013082236,0.9840403,0.0005202088,0.0023572508
501716.jpg,0.00026104157,0.0004240072,0.7503552,0.2489598
501717.jpg,0.96530193,0.032796096,0.00160894,0.00029309432
501718.jpg,0.0057690083,0.99045104,0.0023955582,0.0013844181
501719.jpg,0.9856313,0.012513685,0.0017555678,9.951971e-05
501720.jpg,0.630212,0.36701217,0.0017555313,0.0010202759
501721.jpg,0.15775354,0.83921957,0.0015495798,0.0014772583
501722.jpg,0.9895435,0.009558191,0.0007621944,0.0001361645
501723.jpg,0.066041104,0.017689543,0.6186558,0.29761353
501724.jpg,0.9623272,0.036714684,0.0005561873,0.0004019763
501725.jpg,0.026963636,0.9721082,0.00023875204,0.0006894865
501726.jpg,0.0036431476,0.13808298,0.26528963,0.59298426
501727.jpg,0.27282593,0.724628,0.0011669701,0.0013791866
501728.jpg,0.52225304,0.47400543,0.0029462173,0.0007953317
501729.jpg,0.0708683,0.9266245,0.0009506536,0.0015565868
501730.jpg,0.9879839,0.011591754,0.00026336906,0.00016109466
501731.jpg,0.00029136345,0.00013079112,0.9992501,0.00032778236
501732.jpg,0.9958987,0.0035144624,0.00049804547,8.8746834e-05
501733.jpg,0.957869,0.04109856,0.00065690343,0.00037555958
501734.jpg,0.074764036,0.032584786,0.4430363,0.4496149
501735.jpg,0.99371845,0.00557125,0.00062360265,8.6645305e-05
501736.jpg,0.606028,0.37134695,0.021274032,0.0013510565
501737.jpg,0.19698657,0.80143136,0.0007731258,0.00080889947
501738.jpg,0.14612406,0.84971505,0.0019917076,0.0021691474
501739.jpg,0.98666066,0.012864802,0.00029151572,0.00018310272
501740.jpg,0.97334814,0.02607154,0.00029138135,0.0002890101
501741.jpg,0.01688913,0.9815964,0.00060439366,0.0009100621
501742.jpg,0.8647439,0.13296627,0.0016543325,0.0006355427
501743.jpg,0.9952244,0.004429434,0.00027562646,7.055961e-05
501744.jpg,0.031045599,0.01823772,0.0024804408,0.9482363
501745.jpg,0.004527757,0.0002869566,0.99511576,6.957458e-05
501746.jpg,0.7931717,0.20472611,0.0011668851,0.0009352568
501747.jpg,0.0018595733,0.002000782,0.35790038,0.6382392
501748.jpg,0.9801983,0.019290358,0.00037648503,0.00013484251
501749.jpg,0.5355012,0.46292722,0.0007991215,0.0007724459
501750.jpg,0.91461736,0.08423138,0.00065884687,0.00049237633
501751.jpg,0.9753266,0.023670688,0.0006800853,0.0003226639
501752.jpg,0.7327122,0.26507854,0.0013781432,0.0008310944
501753.jpg,0.9910164,0.008546843,0.00034577065,9.102235e-05
501754.jpg,0.9966037,0.0030190554,0.00028917662,8.801961e-05
501755.jpg,0.95354986,0.045836266,0.0004520533,0.0001617773
501756.jpg,0.024740553,0.97385645,0.000377862,0.0010250999
501757.jpg,0.33278057,0.6653116,0.0008656703,0.0010422071
501758.jpg,0.019070596,0.9306822,0.04812707,0.002120119
501759.jpg,0.95357066,0.041778337,0.0041989787,0.00045198554
501760.jpg,0.23572294,0.022301292,0.27977663,0.46219918
501761.jpg,0.9963014,0.0034149636,0.0002051255,7.85028e-05
501762.jpg,0.9740749,0.024989644,0.00073496293,0.00020042942
501763.jpg,0.9857409,0.013658807,0.00047268593,0.00012760937
501764.jpg,0.00025769646,0.0064643826,0.8748215,0.11845642
501765.jpg,0.32094625,0.6746823,0.0033094927,0.0010619413
501766.jpg,0.37875095,0.61913943,0.0010011644,0.0011084477
501767.jpg,0.96655256,0.03272895,0.00051028444,0.00020824365
501768.jpg,0.086007535,0.82397443,0.0022337735,0.08778428
501769.jpg,0.90869635,0.08998438,0.00081710954,0.0005021934
501770.jpg,0.97937083,0.020098662,0.00041299942,0.000117566095
501771.jpg,0.07370063,0.9234643,0.0019036288,0.0009314122
501772.jpg,0.8810361,0.11795113,0.00068096543,0.00033174022
501773.jpg,0.016452627,0.9820413,0.0007342631,0.00077183853
501774.jpg,0.024450218,0.7800328,0.004164227,0.19135274
501775.jpg,0.3997699,0.59861666,0.0010427911,0.0005706287
501776.jpg,0.648488,0.34496906,0.0058315373,0.0007114108
501777.jpg,0.51712537,0.48093757,0.0007045884,0.0012325086
501778.jpg,0.99576473,0.0038948713,0.00027789702,6.254273e-05
501779.jpg,0.54950887,0.43991306,0.0012936488,0.009284422
501780.jpg,0.00023769087,0.0011868128,0.46092382,0.5376517
501781.jpg,0.9934328,0.0055211023,0.0009415312,0.00010447277
501782.jpg,0.090183675,0.7872908,0.11056451,0.011961065
501783.jpg,0.67925596,0.31128752,0.009081456,0.0003750176
501784.jpg,0.0036031927,0.52467585,0.0030850053,0.46863595
501785.jpg,0.99296737,0.006479392,0.00037983863,0.00017339666
501786.jpg,0.0003366976,0.053165358,0.00048041987,0.9460175
501787.jpg,0.8768614,0.121038266,0.001488323,0.0006119372
501788.jpg,0.0020190955,0.0008512116,0.8530814,0.14404832
501789.jpg,0.9256876,0.07296441,0.0009880291,0.00035997722
501790.jpg,0.46528974,0.5313113,0.0019909583,0.0014080309
501791.jpg,0.030114494,0.95162606,0.00963766,0.008621751
501792.jpg,0.58146185,0.01119522,0.40715137,0.00019150697
501793.jpg,0.96577597,0.030912692,0.0023497387,0.0009615727
501794.jpg,5.2601972e-05,7.945364e-05,0.9975741,0.0022938517
501795.jpg,0.74446875,0.2542228,0.0009886235,0.0003198027
501796.jpg,0.9945329,0.0049307174,0.0004134222,0.00012301242
501797.jpg,0.9458459,0.047207396,0.006265247,0.00068139913
501798.jpg,0.94496804,0.054035608,0.00057064806,0.00042571456
501799.jpg,0.28712225,0.7103703,0.0017092014,0.0007982147
501800.jpg,0.06368046,0.93293256,0.0012813808,0.0021056146
501801.jpg,0.71438193,0.28241456,0.002315996,0.000887529
501802.jpg,0.6705122,0.3257754,0.0010033217,0.00270902
501803.jpg,0.000100245124,7.1594164e-05,0.99962425,0.000203898
501804.jpg,0.2624692,0.2613892,0.4709083,0.0052332715
501805.jpg,6.686859e-05,8.438629e-05,0.9997371,0.00011166711
501806.jpg,8.6556865e-05,4.1464034e-05,0.9997921,7.992599e-05
501807.jpg,0.00028560392,0.0018221657,0.7588045,0.23908778
501808.jpg,0.03413886,0.96216327,0.0025956796,0.0011021133
501809.jpg,0.0086166365,0.987833,0.000758352,0.0027919768
501810.jpg,0.9595547,0.03888576,0.0012352377,0.0003243131
501811.jpg,0.00027701224,0.0008344646,0.71559614,0.28329244
501812.jpg,0.8022093,0.19630337,0.000399959,0.001087356
501813.jpg,0.26974508,0.7287181,0.0006609587,0.00087583746
501814.jpg,0.7203619,0.27723092,0.0016246237,0.00078254123
501815.jpg,0.0009730353,0.0018389235,0.09103616,0.90615183
501816.jpg,0.01980229,0.97728246,0.0011702186,0.00174508
501817.jpg,0.7068235,0.07286204,0.21934502,0.00096944487
501818.jpg,0.012978743,0.9848099,0.0015500579,0.0006612988
501819.jpg,0.91395396,0.08445493,0.0007637103,0.00082744827
501820.jpg,0.00042718265,0.0011654804,0.5050753,0.49333206
501821.jpg,0.42852995,0.56405836,0.006116301,0.0012954122
501822.jpg,0.96697277,0.03234635,0.00045151197,0.00022939644
501823.jpg,0.0072653485,0.99001646,0.001020026,0.0016981008
501824.jpg,0.5555457,0.17615174,0.26665577,0.0016467905
501825.jpg,0.010006146,0.96347874,0.024323756,0.0021913082
501826.jpg,0.00012461407,0.0010487585,0.24565129,0.75317544
501827.jpg,0.9961734,0.0032127164,0.0005126645,0.00010120581
501828.jpg,0.32833192,0.40935287,0.08919979,0.17311543
501829.jpg,0.24642263,0.7513802,0.00105265,0.0011445626
501830.jpg,0.00039785987,0.00035420017,0.628593,0.3706549
501831.jpg,0.67476434,0.32411492,0.00067579147,0.00044492495
501832.jpg,0.009018705,0.8184292,0.0015078863,0.1710443
501833.jpg,0.993805,0.0057945624,0.00028376357,0.00011666011
501834.jpg,0.3900485,0.607855,0.0012905003,0.00080588757
501835.jpg,0.7559332,0.2427445,0.0007418313,0.0005803974
501836.jpg,0.9750776,0.024323484,0.00035353785,0.00024533342
501837.jpg,0.0030496018,0.006156732,0.33722496,0.6535687
501838.jpg,0.0032444505,0.9865702,0.00040591694,0.009779395
501839.jpg,0.00027128958,0.0007099852,0.8089495,0.19006924
501840.jpg,0.6965459,0.3010623,0.0012184298,0.0011734226
501841.jpg,0.02376544,0.0017066334,0.94212437,0.03240358
501842.jpg,0.009503527,0.9887262,0.000671572,0.0010986693
501843.jpg,0.018873096,0.97946876,0.00038910806,0.0012690803
501844.jpg,0.09078143,0.06720524,0.6538717,0.18814164
501845.jpg,0.99440163,0.0051571843,0.00034890603,9.233274e-05
501846.jpg,0.65692794,0.34186265,0.00058674044,0.0006227091
501847.jpg,0.00016393255,0.0010928223,0.111469865,0.8872734
501848.jpg,0.00021050627,0.003811463,0.0008551098,0.9951229
501849.jpg,0.00039897053,0.000978819,0.5752616,0.42336062
501850.jpg,0.86267513,0.077686034,0.05858626,0.0010526051
501851.jpg,0.0031045813,0.43481305,0.013117085,0.5489653
501852.jpg,0.5760809,0.4217328,0.0012733139,0.0009129516
501853.jpg,0.9893327,0.0100961225,0.00036632686,0.0002048316
501854.jpg,0.011364129,0.98678637,0.00062661356,0.0012228783
501855.jpg,0.97364783,0.025555372,0.00061019085,0.00018660187
501856.jpg,0.012561322,0.98405,0.0009192903,0.002469465
501857.jpg,0.0036522737,0.96514344,0.000751754,0.03045254
501858.jpg,0.058800578,0.13085008,0.3557538,0.45459548
501859.jpg,0.00026754584,9.57977e-05,0.9973332,0.002303482
501860.jpg,0.0006879351,0.00172295,0.4694477,0.52814144
501861.jpg,0.6724568,0.32404822,0.0013285503,0.0021663865
501862.jpg,0.0001761695,5.6466222e-05,0.9955204,0.0042469413
501863.jpg,0.9910727,0.00820995,0.0005449381,0.0001724109
501864.jpg,0.9928487,0.0065024397,0.00047824826,0.00017054904
501865.jpg,0.9947246,0.004752044,0.00038121248,0.00014218313
501866.jpg,0.0003439509,0.004724488,0.16385059,0.831081
501867.jpg,0.35873577,0.63929284,0.0012328764,0.00073859113
501868.jpg,0.9918129,0.007444111,0.0006424616,0.000100505385
501869.jpg,0.6408229,0.354424,0.0026995118,0.0020536156
501870.jpg,0.007281767,0.95432425,0.012192742,0.026201203
501871.jpg,0.07095686,0.112968855,0.8152294,0.0008448632
501872.jpg,0.14367361,0.84756106,0.0076959883,0.0010693382
501873.jpg,0.82341385,0.174958,0.0009013776,0.0007267495
501874.jpg,0.75646687,0.24218906,0.0007747638,0.0005693141
501875.jpg,0.33493567,0.6398919,0.019564735,0.005607718
501876.jpg,0.005462581,0.9925103,0.00048076359,0.0015463508
501877.jpg,0.10099774,0.778436,0.00226846,0.11829775
501878.jpg,0.9964774,0.0030275628,0.0004032315,9.173315e-05
501879.jpg,0.011163327,0.9862683,0.0013668906,0.0012014817
501880.jpg,0.97490644,0.024382403,0.0004701124,0.00024106198
501881.jpg,0.70634407,0.28848228,0.0041326745,0.0010409711
501882.jpg,0.64977455,0.0450644,0.026827672,0.27833343
501883.jpg,0.620547,0.37711346,0.0012155353,0.0011240145
501884.jpg,0.946883,0.052467942,0.00048654925,0.00016245504
501885.jpg,0.7404806,0.25796655,0.0011628031,0.00039018563
501886.jpg,0.9874324,0.01192848,0.00044563404,0.00019345357
501887.jpg,0.8393901,0.15863806,0.0013217583,0.00065002363
501888.jpg,0.05306993,0.9452607,0.00052998326,0.0011394449
501889.jpg,0.66745514,0.33028805,0.0015571481,0.0006996899
501890.jpg,0.9951372,0.0044589504,0.00032483457,7.901938e-05
501891.jpg,0.7358801,0.26128647,0.001431168,0.0014022962
501892.jpg,0.1169883,0.8768061,0.004674614,0.0015309624
501893.jpg,0.7441594,0.25366426,0.0013026124,0.00087374524
501894.jpg,0.013634652,0.88640326,0.09425975,0.005702337
501895.jpg,0.1486806,0.6777162,0.0029278046,0.17067544
501896.jpg,0.2632121,0.7341206,0.0018117971,0.00085548015
501897.jpg,0.98406345,0.015170599,0.0005885292,0.00017740908
501898.jpg,0.13262708,0.8632159,0.0027668353,0.0013900953
501899.jpg,0.02469957,0.97315997,0.0008219313,0.0013184712
501900.jpg,0.2530826,0.74384016,0.0018896566,0.0011875798
501901.jpg,0.9960049,0.0036154266,0.00029218668,8.7525965e-05
501902.jpg,0.031043693,0.013618913,0.60097885,0.35435855
501903.jpg,0.9945812,0.005008324,0.00033977802,7.0640854e-05
501904.jpg,0.9942679,0.005370691,0.00024925443,0.00011218435
501905.jpg,0.9861126,0.013032593,0.0005914432,0.00026344173
501906.jpg,0.9914176,0.008092699,0.0003780053,0.00011169017
501907.jpg,0.055635657,0.94318134,0.00043469228,0.00074834796
501908.jpg,0.97962904,0.019722108,0.00044121678,0.00020767948
501909.jpg,0.95284516,0.0070206053,0.039900403,0.00023381812
501910.jpg,0.7056734,0.29226586,0.001121512,0.00093932287
501911.jpg,0.90976477,0.089525215,0.0005500355,0.00016005535
501912.jpg,0.8250615,0.16580774,0.0071222354,0.002008538
501913.jpg,0.9916424,0.007769141,0.0005044772,8.399212e-05
501914.jpg,0.0039735,0.7691887,0.0010872398,0.22575049
501915.jpg,0.7701568,0.2279309,0.0014049989,0.000507325
501916.jpg,0.10133803,0.15712997,0.24411173,0.49742022
501917.jpg,0.088744186,0.9087713,0.0009549008,0.0015296409
501918.jpg,0.0034180323,0.99394387,0.0005966127,0.0020415648
501919.jpg,0.0026499294,0.99496275,0.00050920394,0.001878084
501920.jpg,0.0509533,0.010588129,0.13129722,0.80716133
501921.jpg,0.18351994,0.8127322,0.00096093,0.0027868857
501922.jpg,0.094540484,0.9030873,0.00075548165,0.001616702
501923.jpg,0.2661203,0.7072187,0.0229536,0.0037073635
501924.jpg,0.9337619,0.06455173,0.0010801007,0.0006062761
501925.jpg,0.002746348,0.0018173847,0.63384265,0.3615937
501926.jpg,0.00050778635,0.0010830101,0.69124883,0.3071604
501927.jpg,0.9928908,0.006525325,0.00048628275,9.767644e-05
501928.jpg,0.05794367,0.9400533,0.0006945315,0.0013085096
501929.jpg,0.9056112,0.09349802,0.0003578113,0.0005329531
501930.jpg,0.4299967,0.56276137,0.006078635,0.0011633391
501931.jpg,0.99257916,0.0067053377,0.0005593771,0.00015611919
501932.jpg,0.6757533,0.32325035,0.0006010993,0.000395278
501933.jpg,0.66212934,0.3362472,0.0008029151,0.0008205557
501934.jpg,0.009977224,0.9883518,0.0007149949,0.0009560048
501935.jpg,0.99254507,0.0065170103,0.00082470087,0.00011324381
501936.jpg,0.98428696,0.014262698,0.0012020812,0.00024829773
501937.jpg,0.988349,0.011042359,0.00046209656,0.00014649605
501938.jpg,0.014827892,0.9834139,0.00034350483,0.0014147296
501939.jpg,0.026252354,0.91152406,0.012106299,0.05011733
501940.jpg,0.9685228,0.030495143,0.00075423694,0.00022783804
501941.jpg,0.99511045,0.0043797796,0.00041740513,9.245957e-05
501942.jpg,0.9455466,0.05354479,0.0005880532,0.00032050497
501943.jpg,0.22343145,0.5057313,0.19232155,0.07851573
501944.jpg,0.48762885,0.19739036,0.31350386,0.0014769248
501945.jpg,0.9919305,0.00720761,0.000716222,0.00014572273
501946.jpg,0.019905617,0.31243873,0.6670408,0.0006148497
501947.jpg,0.00011717197,0.0011183429,0.0003493859,0.99841505
501948.jpg,0.021245675,0.9743908,0.001368904,0.0029945811
501949.jpg,0.99597234,0.003630083,0.0002937297,0.000103862105
501950.jpg,0.46766806,0.5293005,0.0020133122,0.0010181388
501951.jpg,0.98976976,0.00974734,0.0003569854,0.00012598185
501952.jpg,0.25720617,0.7393458,0.002238338,0.0012097157
501953.jpg,0.97022516,0.025190555,0.0039298614,0.0006544198
501954.jpg,0.99372,0.0058666,0.00027172457,0.00014170003
501955.jpg,0.97449857,0.024660071,0.0005878873,0.000253465
501956.jpg,0.00017036537,0.00023574807,0.9971116,0.00248224
501957.jpg,0.00046109883,0.0012277745,0.2571042,0.74120694
501958.jpg,0.0056304946,0.9910137,0.0016940953,0.0016617859
501959.jpg,0.00014189833,0.00057996047,0.98436785,0.01491027
501960.jpg,0.008844682,0.98777264,0.0022431489,0.0011394712
501961.jpg,0.91909117,0.080187075,0.00045764702,0.00026414296
501962.jpg,0.51863164,0.47456643,0.0057087005,0.0010932417
501963.jpg,0.9927456,0.0061514177,0.00091192545,0.00019109673
501964.jpg,0.023160962,0.8639819,0.0028904781,0.10996666
501965.jpg,0.6465664,0.35196936,0.0007717965,0.00069249235
501966.jpg,0.99284333,0.006766413,0.0003060114,8.431248e-05
501967.jpg,0.06343783,0.29751298,0.5941797,0.044869512
501968.jpg,0.000602968,0.10808518,0.0009121932,0.89039963
501969.jpg,0.0013989547,0.0014151783,0.99681526,0.00037059127
501970.jpg,0.8187225,0.17872922,0.001481892,0.0010664278
501971.jpg,0.99427146,0.0053675794,0.00027608333,8.4937674e-05
501972.jpg,0.9959709,0.0037074804,0.00023765111,8.4049396e-05
501973.jpg,0.14660141,0.84874886,0.00070023956,0.003949513
501974.jpg,0.00014745553,0.00065018,0.6365045,0.36269787
501975.jpg,0.6496871,0.34796754,0.0009850462,0.0013603388
501976.jpg,0.6074838,0.3898777,0.0014476347,0.001190878
501977.jpg,0.35298586,0.6438651,0.0013969181,0.0017521693
501978.jpg,0.95155716,0.04733507,0.0007358596,0.00037187725
501979.jpg,0.35003844,0.6342857,0.014267202,0.0014087707
501980.jpg,0.9718241,0.027359178,0.00060395105,0.00021277562
501981.jpg,0.30221322,0.69497013,0.0017536859,0.0010629572
501982.jpg,0.66017723,0.33700645,0.0014770351,0.0013393107
501983.jpg,0.61150867,0.38626775,0.0013300657,0.0008935726
501984.jpg,0.030640582,0.2877393,0.021990953,0.65962917
501985.jpg,0.99503464,0.0044851913,0.00039759747,8.253655e-05
501986.jpg,0.98811865,0.009804595,0.0019134404,0.00016331836
501987.jpg,0.42560482,0.4541594,0.02022682,0.100009
501988.jpg,0.017858593,0.59676796,0.11043454,0.2749389
501989.jpg,0.99543554,0.004182188,0.00031899952,6.3238775e-05
501990.jpg,9.404734e-05,0.00055474974,0.024882527,0.9744687
501991.jpg,0.002520961,0.8148152,0.00065101957,0.1820128
501992.jpg,0.9876206,0.011522703,0.0007011381,0.00015553262
501993.jpg,0.36147806,0.6366549,0.0009774602,0.00088958844
501994.jpg,0.9935053,0.005816472,0.000596926,8.125518e-05
501995.jpg,0.9860893,0.013262344,0.00042250287,0.00022578622
501996.jpg,0.00013969645,0.00076391856,0.046082333,0.9530141
501997.jpg,0.9053429,0.09386582,0.00059628306,0.00019496672
501998.jpg,0.000630114,0.10246977,0.001504121,0.895396
501999.jpg,0.9462745,0.035398737,0.018058082,0.00026863607
502000.jpg,0.009277681,0.98952943,0.00043932183,0.00075351394
502001.jpg,0.102548696,0.8948312,0.0012749668,0.0013451133
502002.jpg,0.9512581,0.024025964,0.024361258,0.0003546727
502003.jpg,0.23296256,0.764699,0.0010168514,0.0013216403
502004.jpg,0.03504095,0.75797254,0.20379984,0.0031866597
502005.jpg,0.043243002,0.009455122,0.0013164281,0.9459855
502006.jpg,0.3124335,0.0016898523,0.6858085,6.810325e-05
502007.jpg,0.012483895,0.5580686,0.0011520638,0.4282954
502008.jpg,0.0063676746,0.99219257,0.0003064018,0.0011332926
502009.jpg,0.9072151,0.0902732,0.0018145948,0.0006971474
502010.jpg,0.37017488,0.6285631,0.0005597586,0.00070231286
502011.jpg,0.6012978,0.39620718,0.001971459,0.00052358763
502012.jpg,0.74022627,0.24115515,0.011520117,0.007098563
502013.jpg,0.023171132,0.97352266,0.0014640955,0.0018421091
502014.jpg,0.0025867743,0.60017794,0.0036382691,0.393597
502015.jpg,0.99138236,0.008098218,0.0003882912,0.00013114473
502016.jpg,0.92400914,0.07427185,0.0012674296,0.00045161057
502017.jpg,0.00023181563,0.0018023982,0.0022408708,0.9957249
502018.jpg,0.008073394,0.0931997,0.5435333,0.35519361
502019.jpg,0.9840656,0.015371829,0.0002954928,0.000267052
502020.jpg,0.0013209395,0.018749015,0.47900283,0.5009272
502021.jpg,0.04815675,0.95036954,0.00052637653,0.0009473462
502022.jpg,0.9853243,0.013946532,0.0005576774,0.00017150312
502023.jpg,0.59994346,0.39522734,0.0017214324,0.003107747
502024.jpg,0.0986165,0.8968148,0.0013305837,0.0032381255
502025.jpg,0.00043819394,0.0014491273,0.40968204,0.58843064
502026.jpg,0.41369545,0.5694422,0.014730185,0.0021321874
502027.jpg,0.93956023,0.05976245,0.00050525175,0.00017209142
502028.jpg,0.9954379,0.0040516607,0.00041225684,9.818101e-05
502029.jpg,0.81061625,0.1877626,0.0012243228,0.0003967973
502030.jpg,0.0010236608,0.018669954,0.020396283,0.95991015
502031.jpg,0.995363,0.0040107626,0.0005549202,7.132535e-05
502032.jpg,0.9201825,0.07837908,0.0009754777,0.00046288074
502033.jpg,0.8522981,0.14624365,0.00085438346,0.0006038345
502034.jpg,0.9947212,0.0046569626,0.00045254713,0.00016931065
502035.jpg,0.018156208,0.980094,0.00055728544,0.0011924491
502036.jpg,0.002657775,0.9945124,0.0009703909,0.0018594866
502037.jpg,0.0004021353,0.00043060258,0.6722927,0.32687458
502038.jpg,0.914651,0.08411518,0.0006409252,0.0005928871
502039.jpg,0.080722235,0.9170818,0.0012569559,0.0009390533
502040.jpg,0.18891172,0.80849725,0.0016665319,0.0009244595
502041.jpg,0.9872821,0.01199628,0.0005890417,0.0001325627
502042.jpg,0.07484212,0.9213558,0.0013717973,0.0024303172
502043.jpg,0.5389917,0.45633802,0.0033874337,0.0012828541
502044.jpg,0.9887369,0.010853578,0.0003048716,0.00010466242
502045.jpg,0.0008525268,0.0011371247,0.079100996,0.9189094
502046.jpg,0.0117827095,0.9871435,0.00039830463,0.00067550904
502047.jpg,0.8662136,0.12741013,0.0057602194,0.00061597896
502048.jpg,0.87664646,0.122382395,0.0005707237,0.00040042071
502049.jpg,0.99052405,0.008975107,0.00034422273,0.00015655694
502050.jpg,0.00027292565,0.0010896577,0.36377892,0.63485855
502051.jpg,0.9959488,0.003715409,0.00025464493,8.120531e-05
502052.jpg,0.89653444,0.0992373,0.0030874498,0.0011408114
502053.jpg,0.99320894,0.0064601614,0.0002431977,8.770005e-05
502054.jpg,0.006389834,0.9917366,0.00065199455,0.0012216707
502055.jpg,0.92779154,0.06611446,0.0053443722,0.0007496442
502056.jpg,0.33581206,0.4222635,0.055660028,0.18626444
502057.jpg,0.011130915,0.9846042,0.0007912387,0.0034736414
502058.jpg,0.9939087,0.0055127,0.0005004069,7.817646e-05
502059.jpg,0.0004801304,0.008361726,0.062963806,0.92819434
502060.jpg,0.551397,0.44692874,0.0010826798,0.00059156184
502061.jpg,0.23881106,0.72369915,0.019813389,0.017676398
502062.jpg,0.0004771928,0.00029823545,0.95286566,0.04635887
502063.jpg,0.9907368,0.007846805,0.0012385782,0.00017781816
502064.jpg,0.58168167,0.41578636,0.0018400215,0.0006919483
502065.jpg,0.041402694,0.95161086,0.0038060807,0.0031803648
502066.jpg,0.4769291,0.5212026,0.0010700499,0.0007982223
502067.jpg,0.0057169436,0.9919459,0.00073039514,0.0016067959
502068.jpg,0.0022562242,0.4484328,0.4355893,0.11372165
502069.jpg,0.9936959,0.005770754,0.00040023075,0.00013311753
502070.jpg,0.0022393696,0.9959015,0.00090852805,0.00095059356
502071.jpg,0.034280743,0.96291614,0.0007852262,0.0020178838
502072.jpg,0.35394827,0.6429184,0.0016781978,0.0014550518
502073.jpg,0.49527922,0.08087529,0.4225959,0.0012495797
502074.jpg,0.5149632,0.48307168,0.0014483387,0.00051678275
502075.jpg,0.99625796,0.0031831786,0.00047242487,8.648619e-05
502076.jpg,0.29649186,0.049744654,0.06401253,0.589751
502077.jpg,0.99583244,0.0037467636,0.0003069221,0.00011390034
502078.jpg,0.9855575,0.013762762,0.0005512942,0.00012848059
502079.jpg,0.022113474,0.9687669,0.0059652408,0.0031543348
502080.jpg,0.5735505,0.42478958,0.00071697327,0.00094295136
502081.jpg,0.9911154,0.008067463,0.0006431225,0.00017406196
502082.jpg,0.0008006569,0.00150606,0.45216575,0.5455275
502083.jpg,0.94183016,0.056805264,0.0006567845,0.00070779654
502084.jpg,0.898781,0.09867352,0.00217082,0.00037470483
502085.jpg,0.37660584,0.6154136,0.0064830207,0.0014975908
502086.jpg,0.0067585637,0.10809803,0.0028949261,0.8822484
502087.jpg,0.026136607,0.96973056,0.0022884035,0.001844453
502088.jpg,0.13534683,0.8625987,0.00064316875,0.001411268
502089.jpg,0.44331118,0.55516034,0.00076685054,0.0007615971
502090.jpg,0.17399536,0.8240234,0.0010008073,0.0009804461
502091.jpg,0.67845017,0.31878355,0.0009249368,0.0018413047
502092.jpg,0.0073385895,0.4607714,0.0038795313,0.52801055
502093.jpg,0.5076175,0.49036852,0.0014397117,0.0005742835
502094.jpg,0.9248495,0.07436731,0.0005091161,0.00027403538
502095.jpg,0.00025604377,0.0048920442,0.0006531314,0.9941988
502096.jpg,0.50265867,0.49528208,0.0014331517,0.00062607706
502097.jpg,0.95139045,0.04755805,0.0005459111,0.000505632
502098.jpg,0.38304725,0.6153465,0.00084261055,0.00076366944
502099.jpg,0.013483516,0.982426,0.0024424167,0.0016480209
502100.jpg,0.51084214,0.48809478,0.0004904563,0.00057258696
502101.jpg,0.5753332,0.28625974,0.13563567,0.0027714034
502102.jpg,0.00030372347,0.00082689995,0.69878584,0.30008352
502103.jpg,0.41924074,0.5785332,0.0014940482,0.0007320159
502104.jpg,7.379774e-05,4.7097947e-05,0.99974084,0.00013820967
502105.jpg,0.9944198,0.005021741,0.00043761884,0.00012083556
502106.jpg,0.121272735,0.03296675,0.822788,0.022972522
502107.jpg,0.96910596,0.029730976,0.0009334011,0.00022970211
502108.jpg,0.0034890815,0.99508744,0.0003807483,0.0010426603
502109.jpg,0.92455906,0.073957525,0.0010459685,0.00043741686
502110.jpg,0.006544161,0.0036036896,0.9894666,0.0003855869
502111.jpg,0.0046266965,0.98531413,0.0019108361,0.008148388
502112.jpg,0.011643338,0.9848226,0.0018447778,0.0016892956
502113.jpg,0.04234764,0.951459,0.0019751638,0.0042181443
502114.jpg,0.9131395,0.08551494,0.000989063,0.0003564091
502115.jpg,0.00023796027,0.00027473414,0.99665636,0.0028309806
502116.jpg,0.22482026,0.7723535,0.0016630759,0.0011631261
502117.jpg,0.075870365,0.9216359,0.0017065853,0.00078705157
502118.jpg,0.16892807,0.8282399,0.0013362267,0.0014957598
502119.jpg,0.24172457,0.7565852,0.0005195945,0.0011706627
502120.jpg,0.03520904,0.96312356,0.0006491347,0.0010182813
502121.jpg,0.9923654,0.0069001415,0.00059148023,0.00014294773
502122.jpg,0.003520521,0.99499255,0.00044220942,0.0010446591
502123.jpg,0.16577776,0.8313155,0.0016391537,0.001267508
502124.jpg,0.96649617,0.03252347,0.0007332314,0.000247179
502125.jpg,0.015729478,0.98126197,0.001840714,0.0011678928
502126.jpg,0.003064936,0.9946597,0.0003343944,0.0019409141
502127.jpg,0.24339001,0.42154014,0.31682977,0.018240128
502128.jpg,0.51607007,0.4709455,0.009995197,0.0029892223
502129.jpg,0.7002208,0.29829234,0.00089725136,0.00058958447
502130.jpg,0.24791867,0.24266416,0.40382266,0.105594516
502131.jpg,0.6612453,0.33719602,0.00085716875,0.00070149807
502132.jpg,0.8810606,0.11769927,0.00090843235,0.00033169668
502133.jpg,0.4721872,0.526039,0.0008191403,0.0009546349
502134.jpg,0.8598705,0.13839917,0.0014863499,0.00024401711
502135.jpg,0.0002901041,8.4599604e-05,0.99958324,4.1969324e-05
502136.jpg,0.9956545,0.0040368815,0.00023593455,7.268205e-05
502137.jpg,0.0004758019,0.05104625,0.0007109306,0.947767
502138.jpg,0.020659856,0.17718454,0.79647607,0.005679554
502139.jpg,0.47527203,0.5218317,0.0016843291,0.0012119535
502140.jpg,0.61566657,0.38307777,0.0004986466,0.0007570128
502141.jpg,0.96187544,0.037451465,0.0004589442,0.00021419827
502142.jpg,0.00043072598,0.087652065,0.1121143,0.79980296
502143.jpg,0.4797589,0.51765513,0.0017549563,0.00083100144
502144.jpg,0.014774964,0.98145276,0.0022948536,0.001477365
502145.jpg,0.20150106,0.69998187,0.08645459,0.01206252
502146.jpg,0.90357107,0.09514183,0.0008698183,0.00041727987
502147.jpg,0.10969753,0.002598139,0.8874703,0.00023401897
502148.jpg,0.96382135,0.035338048,0.000493518,0.0003471096
502149.jpg,0.01789336,0.036970604,0.2483509,0.69678515
502150.jpg,0.51122254,0.48555186,0.0014644059,0.0017611563
502151.jpg,0.7513196,0.23825204,0.008719482,0.0017089015
502152.jpg,0.35666695,0.6414417,0.0009469129,0.0009444114
502153.jpg,0.0023499331,0.005763913,0.17355579,0.81833035
502154.jpg,0.0004501508,0.0009909867,0.60799056,0.39056835
502155.jpg,0.92363715,0.075600564,0.0004466751,0.0003155895
502156.jpg,0.6980321,0.29943746,0.0013588322,0.0011716305
502157.jpg,0.00028616874,0.0030619123,0.011408196,0.98524374
502158.jpg,0.7319464,0.26619193,0.0013524803,0.00050918123
502159.jpg,0.00012029091,0.0008036454,0.0017054029,0.9973707
502160.jpg,0.33888087,0.65827847,0.0020636977,0.0007770146
502161.jpg,0.0005450202,0.0007998985,0.6423881,0.35626695
502162.jpg,0.015201601,0.11279019,0.83499384,0.037014335
502163.jpg,0.99224067,0.0058656274,0.0017160963,0.00017758018
502164.jpg,0.12082077,0.8764759,0.0013453473,0.0013580006
502165.jpg,0.44016978,0.5571192,0.0014351462,0.0012758939
502166.jpg,0.99171495,0.007277398,0.0008129319,0.00019470749
502167.jpg,0.8566399,0.13762803,0.0050424566,0.0006895557
502168.jpg,0.5063731,0.48977268,0.0023152803,0.0015389429
502169.jpg,0.99233264,0.0072972476,0.00028730134,8.2838895e-05
502170.jpg,0.47602808,0.4093971,0.113055974,0.0015188666
502171.jpg,0.47906005,0.5166921,0.0035964397,0.0006513496
502172.jpg,4.58399e-05,0.00031467338,0.0011386956,0.9985008
502173.jpg,0.0018127704,0.99647206,0.00023308802,0.00148204
502174.jpg,0.8291792,0.16942787,0.0009298928,0.00046300903
502175.jpg,0.98681355,0.012537285,0.0005185334,0.00013066399
502176.jpg,0.00030720347,0.0003518279,0.9469065,0.052434493
502177.jpg,0.9147287,0.0838992,0.0010109805,0.00036113124
502178.jpg,0.33066368,0.21707071,0.033937436,0.41832814
502179.jpg,0.98805445,0.0108201215,0.0008793503,0.00024602792
502180.jpg,0.080710106,0.012485088,0.18063724,0.7261676
502181.jpg,0.66472536,0.32092527,0.013708879,0.00064052996
502182.jpg,0.34440652,0.6534773,0.0011901328,0.0009260138
502183.jpg,0.82645303,0.1720124,0.0010304556,0.0005040801
502184.jpg,0.9896307,0.009758617,0.00040226363,0.0002084509
502185.jpg,0.6246646,0.12700996,0.0048274063,0.24349803
502186.jpg,0.0033468409,0.0036771016,0.2631204,0.7298556
502187.jpg,0.010610535,0.97156745,0.015522654,0.0022993877
502188.jpg,0.9000926,0.09827739,0.0009521064,0.00067795976
502189.jpg,0.30689004,0.69034433,0.0011661855,0.0015994267
502190.jpg,0.35784164,0.63861924,0.0014954767,0.0020435469
502191.jpg,0.13321908,0.85932046,0.0009925738,0.0064678616
502192.jpg,0.9366252,0.06240457,0.00082230655,0.00014794253
502193.jpg,0.042824354,0.48877558,0.16718067,0.30121937
502194.jpg,0.4775263,0.5201681,0.0013221182,0.0009833951
502195.jpg,0.00035300397,0.00044286158,0.9917844,0.0074197273
502196.jpg,0.12585814,0.31907704,0.13369022,0.4213746
502197.jpg,0.83840066,0.15995221,0.0007108196,0.0009363168
502198.jpg,0.00014923571,0.0009928871,0.002547601,0.99631023
502199.jpg,0.7168074,0.28026673,0.0019352384,0.000990554
502200.jpg,0.9894908,0.009850327,0.0005680273,9.082177e-05
502201.jpg,0.18636668,0.6926875,0.116525,0.004420921
502202.jpg,0.000107262305,7.3005474e-05,0.99937344,0.00044626044
502203.jpg,0.9889135,0.010591439,0.00038392865,0.00011117539
502204.jpg,0.990079,0.009126044,0.00059545255,0.00019949391
502205.jpg,0.0098746875,0.1865711,0.14358358,0.6599707
502206.jpg,0.19072282,0.036412984,0.46811667,0.30474755
502207.jpg,0.8693433,0.12909402,0.0013291772,0.00023356259
502208.jpg,0.08096665,0.9167488,0.0009200902,0.0013643745
502209.jpg,0.0018617734,0.9952925,0.0004380344,0.002407674
502210.jpg,0.4933999,0.5029784,0.0024843111,0.0011374488
502211.jpg,0.00030315164,0.0011487901,0.9688654,0.029682646
502212.jpg,0.9810996,0.01800202,0.0007292566,0.00016907947
502213.jpg,0.1251146,0.016165452,0.010011714,0.8487082
502214.jpg,0.6717313,0.32585457,0.0015611897,0.0008529458
502215.jpg,0.7380235,0.260173,0.0011591942,0.00064431055
502216.jpg,0.77481127,0.2232203,0.0014978112,0.0004705937
502217.jpg,0.991899,0.0075896564,0.00036783537,0.00014348628
502218.jpg,0.0002412888,0.0010865686,0.7676917,0.23098044
502219.jpg,0.8260961,0.1728571,0.000702349,0.00034435015
502220.jpg,0.00037546348,0.0012104497,0.89972115,0.09869292
502221.jpg,0.007847395,0.9898074,0.0011258303,0.0012192948
502222.jpg,0.9730816,0.02627784,0.0004435822,0.0001970431
502223.jpg,0.9878318,0.011425908,0.00062151183,0.0001208446
502224.jpg,0.820872,0.1774351,0.000979345,0.000713571
502225.jpg,0.86713696,0.13155411,0.00082778075,0.000481155
502226.jpg,0.94973135,0.04950526,0.0005412101,0.00022221789
502227.jpg,0.023752265,0.9716026,0.0009603743,0.0036847647
502228.jpg,0.0033860293,0.99504906,0.00034363786,0.0012212486
502229.jpg,0.018586239,0.2921414,0.1604066,0.5288658
502230.jpg,0.98245794,0.016645767,0.00065912446,0.00023710406
502231.jpg,0.60488236,0.39174965,0.0022023006,0.0011656767
502232.jpg,0.8174093,0.18043022,0.0014602141,0.000700298
502233.jpg,0.018653022,0.9797468,0.0005604346,0.0010397179
502234.jpg,0.00030405723,0.014826026,0.73337483,0.2514951
502235.jpg,0.95488477,0.04382992,0.0010091438,0.0002761433
502236.jpg,0.31011984,0.68784016,0.0011234576,0.00091657526
502237.jpg,0.12865411,0.86926746,0.00094184186,0.0011365818
502238.jpg,0.4306284,0.012423706,0.5532982,0.003649655
502239.jpg,0.00028267436,0.0006298016,0.6938524,0.30523506
502240.jpg,0.75286263,0.24608202,0.0005176621,0.000537645
502241.jpg,0.9025638,0.09633366,0.00044733216,0.00065517426
502242.jpg,0.9842891,0.015374191,0.00024056279,9.614201e-05
502243.jpg,0.007376322,0.96013457,0.0005680411,0.03192108
502244.jpg,0.68928176,0.30820072,0.0017013286,0.00081621186
502245.jpg,0.89664286,0.10104519,0.0015765978,0.000735291
502246.jpg,0.0050022583,0.9911048,0.00063168525,0.0032613091
502247.jpg,0.65569466,0.34339502,0.00039673763,0.00051354966
502248.jpg,0.9943808,0.0049766675,0.00050240924,0.00014011103
502249.jpg,0.9611237,0.037451927,0.001085776,0.0003385723
502250.jpg,0.22136867,0.77449155,0.0010499384,0.0030898328
502251.jpg,0.00061612634,0.0022465477,0.050198287,0.94693905
502252.jpg,0.82634956,0.16939227,0.0038222587,0.00043595824
502253.jpg,0.004563918,0.00062344543,0.9938907,0.0009219963
502254.jpg,0.3479205,0.6504671,0.00071309396,0.00089936453
502255.jpg,0.98697424,0.010214244,0.0026844025,0.00012713241
502256.jpg,0.046685856,0.949754,0.0016070948,0.0019530244
502257.jpg,0.2795246,0.71743053,0.0011826168,0.0018622688
502258.jpg,0.90881795,0.08285684,0.007883755,0.0004414811
502259.jpg,0.9956421,0.0038094772,0.00044488348,0.000103515435
502260.jpg,0.00021329332,0.0017314507,0.3087284,0.6893268
502261.jpg,0.0029497908,0.9930671,0.00050760485,0.003475526
502262.jpg,0.4493179,0.54914826,0.0008206777,0.0007131814
502263.jpg,0.9946044,0.004851431,0.00045697394,8.723398e-05
502264.jpg,0.9774721,0.02155445,0.000739405,0.00023403647
502265.jpg,0.9847228,0.014670544,0.0004491633,0.00015758445
502266.jpg,0.9956288,0.0039328514,0.00034212833,9.627724e-05
502267.jpg,0.21739125,0.7807663,0.0010039299,0.0008384855
502268.jpg,0.3213738,0.6766333,0.0006482554,0.0013446765
502269.jpg,0.00051058835,0.00040210554,0.76315314,0.23593415
502270.jpg,0.8473296,0.15095018,0.0011193265,0.0006009081
502271.jpg,0.6546559,0.32932797,0.010423544,0.005592602
502272.jpg,0.6204995,0.36230835,0.008579587,0.008612602
502273.jpg,0.5189338,0.46863553,0.0038174915,0.008613204
502274.jpg,0.519878,0.3750957,0.020749984,0.084276356
502275.jpg,0.95212406,0.04354487,0.0040282374,0.00030286142
502276.jpg,0.6645557,0.3338193,0.0011279298,0.00049704564
502277.jpg,0.00031035874,0.0007335733,0.91795754,0.08099851
502278.jpg,0.45392215,0.53636235,0.007118147,0.0025973155
502279.jpg,0.95542336,0.043794587,0.00056385604,0.00021824606
502280.jpg,0.9772451,0.021853471,0.00066607975,0.00023533164
502281.jpg,0.0026334503,0.9948022,0.00043428596,0.002130188
502282.jpg,0.36557594,0.6307191,0.0022238414,0.0014810669
502283.jpg,0.014125366,0.010640647,0.9742777,0.00095630484
502284.jpg,0.87017125,0.017760057,0.111540966,0.00052776275
502285.jpg,0.6076296,0.06408525,0.32776305,0.0005221067
502286.jpg,0.3043251,0.69308525,0.0015216001,0.0010679571
502287.jpg,0.005881498,0.9930871,0.00029423196,0.00073709624
502288.jpg,0.9764947,0.022828681,0.00046256892,0.00021403855
502289.jpg,8.0536665e-05,6.1168445e-05,0.99964696,0.00021133143
502290.jpg,0.928127,0.07093859,0.00053846417,0.00039592932
502291.jpg,0.0007465275,0.0023569523,0.6034029,0.39349356
502292.jpg,0.60786825,0.38912782,0.0023036986,0.0007001978
502293.jpg,0.00022161593,0.00065203063,0.6651004,0.33402598
502294.jpg,0.0059149587,0.9915304,0.0015219309,0.001032648
502295.jpg,0.0010028118,0.0027223367,0.05350624,0.94276863
502296.jpg,0.2328581,0.7660157,0.00055139285,0.00057479873
502297.jpg,0.92653865,0.07176619,0.000913752,0.00078140205
502298.jpg,0.40108892,0.5956972,0.0011791574,0.0020347245
502299.jpg,0.0074454322,0.0029096755,0.0006360014,0.9890089
502300.jpg,0.07366685,0.92478377,0.00051298033,0.0010364522
502301.jpg,0.9966361,0.0028199956,0.00046551172,7.839568e-05
502302.jpg,0.10593169,0.25110498,0.26537576,0.3775876
502303.jpg,0.5279433,0.0038541928,0.46790123,0.0003012541
502304.jpg,0.99389005,0.005706458,0.00027909185,0.00012435435
502305.jpg,0.062143605,0.9361019,0.00079362513,0.000960841
502306.jpg,0.087969504,0.003475506,0.90375495,0.0048000757
502307.jpg,0.8741166,0.12243146,0.0024571822,0.0009948253
502308.jpg,0.25993273,0.7319992,0.0061154137,0.0019526788
502309.jpg,0.00017616774,0.00090920104,0.0020182293,0.99689645
502310.jpg,0.9929201,0.006549064,0.00036052964,0.00017038302
502311.jpg,0.21076922,0.7867539,0.00070419844,0.0017726881
502312.jpg,0.5861018,0.41256437,0.00084535294,0.0004884713
502313.jpg,0.5999729,0.39877674,0.00052483106,0.0007255737
502314.jpg,0.19570194,0.7988388,0.0043095713,0.0011497973
502315.jpg,0.6145252,0.11323943,0.27129957,0.00093576376
502316.jpg,9.186785e-05,0.00041314657,0.0023514978,0.99714345
502317.jpg,0.5648301,0.43342566,0.0008847764,0.00085941475
502318.jpg,0.76386625,0.23481603,0.0007051299,0.0006125928
502319.jpg,0.22510736,0.77327186,0.00085001066,0.0007707654
502320.jpg,0.071812116,0.5198944,0.32738814,0.08090535
502321.jpg,0.30581492,0.6896586,0.0028616462,0.0016648713
502322.jpg,0.6528996,0.3399202,0.0064514014,0.0007287804
502323.jpg,0.005471494,0.9898887,0.00050242105,0.0041372855
502324.jpg,0.8638868,0.13434891,0.0012634972,0.00050089054
502325.jpg,0.19587547,0.8015564,0.0012813528,0.0012866865
502326.jpg,0.9642108,0.0350178,0.00047438548,0.00029703847
502327.jpg,0.25172195,0.7454354,0.0020194068,0.0008233352
502328.jpg,0.00025221528,0.0014780369,0.95518285,0.043086905
502329.jpg,0.97493744,0.024425268,0.00046721543,0.00017006679
502330.jpg,0.19418663,0.70028275,0.102771856,0.002758755
502331.jpg,0.0047066445,0.9938035,0.0004901296,0.0009997104
502332.jpg,0.9952952,0.004291756,0.00035611205,5.6949724e-05
502333.jpg,0.09986231,0.8979511,0.000485633,0.0017009812
502334.jpg,0.0015239505,0.0044866935,0.36685887,0.62713045
502335.jpg,0.21315388,0.5814745,0.0060892194,0.19928248
502336.jpg,0.99757844,0.0021113672,0.00025482976,5.5313707e-05
502337.jpg,0.0035253956,0.9938846,0.00092794973,0.0016619866
502338.jpg,0.9537489,0.044767648,0.00087422534,0.0006092837
502339.jpg,0.07391628,0.92299885,0.0007134429,0.0023714874
502340.jpg,0.31171703,0.68605113,0.0015386253,0.00069325237
502341.jpg,0.9287941,0.06920562,0.0016875122,0.00031277153
502342.jpg,0.4567677,0.526625,0.005654572,0.010952768
502343.jpg,0.820029,0.17750384,0.001912179,0.0005550035
502344.jpg,0.002492158,0.8556896,0.0022947334,0.13952349
502345.jpg,0.9918933,0.007553734,0.00036510397,0.00018782758
502346.jpg,0.9439907,0.05444047,0.001335768,0.00023303936
502347.jpg,4.8876584e-05,0.00044014977,0.0025154992,0.99699545
502348.jpg,0.0038224144,0.99110085,0.0007372149,0.0043395106
502349.jpg,0.08414921,0.100294925,0.26094472,0.55461115
502350.jpg,0.97414094,0.024985239,0.0006676723,0.00020608025
502351.jpg,0.18490945,0.81211394,0.0020559414,0.0009206901
502352.jpg,0.7656713,0.1406394,0.09267809,0.0010112262
502353.jpg,0.010403289,0.9877904,0.00053623324,0.0012700167
502354.jpg,0.050390184,0.11324072,0.08500475,0.7513643
502355.jpg,0.9590991,0.038670786,0.0018174015,0.00041271964
502356.jpg,0.048534747,0.81284046,0.065034874,0.07358989
502357.jpg,0.18693592,0.80982685,0.0023241092,0.0009130834
502358.jpg,0.037726898,0.9610181,0.00042964367,0.00082537904
502359.jpg,7.1501265e-05,0.00013934133,0.9988408,0.0009484172
502360.jpg,0.9930868,0.006315766,0.00049037946,0.00010702928
502361.jpg,0.88425523,0.115049005,0.00048633796,0.00020939765
502362.jpg,0.01919148,0.97870916,0.00088789273,0.0012114908
502363.jpg,0.04909593,0.94906765,0.0007808265,0.0010555311
502364.jpg,0.000363064,0.0015256134,0.0050193626,0.993092
502365.jpg,0.27877262,0.056431536,0.6124539,0.052341957
502366.jpg,0.013075863,0.9849406,0.0010114958,0.0009720043
502367.jpg,0.7644946,0.0770576,0.15805164,0.00039615834
502368.jpg,0.55236197,0.44376472,0.0023960331,0.001477194
502369.jpg,0.023648158,0.9749964,0.0005040522,0.0008514452
502370.jpg,7.2986084e-05,9.4245544e-05,0.99961704,0.00021575253
502371.jpg,0.23154567,0.5245933,0.24218374,0.0016773082
502372.jpg,8.7475775e-05,8.024104e-05,0.9979735,0.0018588122
502373.jpg,0.49378738,0.50397044,0.0011130681,0.001129134
502374.jpg,0.23167224,0.12541552,0.6409119,0.002000381
502375.jpg,0.26256168,0.73576623,0.00055280066,0.001119275
502376.jpg,0.9216544,0.077015914,0.0008656623,0.00046399064
502377.jpg,0.98385864,0.015068299,0.00093235454,0.00014063837
502378.jpg,0.013810691,0.9845793,0.0003563331,0.0012536743
502379.jpg,0.9845541,0.01484672,0.00049588643,0.00010326846
502380.jpg,0.6177555,0.3803827,0.00079099834,0.0010708389
502381.jpg,0.29691088,0.7008352,0.0014101745,0.00084370375
502382.jpg,0.037419684,0.8426921,0.0022806476,0.11760763
502383.jpg,0.0005771485,0.010450087,0.026938705,0.96203405
502384.jpg,0.043708652,0.14999638,0.63321215,0.17308275
502385.jpg,0.99091643,0.008467019,0.00042135568,0.00019512586
502386.jpg,0.47530374,0.5230523,0.0008469606,0.0007969951
502387.jpg,9.9172255e-05,0.0011946178,0.00020398556,0.99850225
502388.jpg,0.010422584,0.7792831,0.1869903,0.023304002
502389.jpg,0.85098743,0.14763767,0.00079038896,0.0005844474
502390.jpg,0.9961223,0.0033948186,0.0003763437,0.0001065215
502391.jpg,0.19778411,0.80039054,0.0008569366,0.00096842437
502392.jpg,0.3141767,0.658609,0.02628305,0.00093126646
502393.jpg,0.29855666,0.6992925,0.00090793055,0.0012428641
502394.jpg,0.94534904,0.053413045,0.0008545616,0.0003833941
502395.jpg,0.9828315,0.015695816,0.0012776908,0.00019506842
502396.jpg,0.31313786,0.5369575,0.1476027,0.0023019006
502397.jpg,0.5371281,0.34331238,0.11171598,0.007843559
502398.jpg,0.00025125197,0.00038738482,0.565922,0.43343934
502399.jpg,0.49361917,0.49548972,0.005214564,0.005676549
502400.jpg,0.92927617,0.06949658,0.0007665837,0.0004607022
502401.jpg,0.00912542,0.9876221,0.001086123,0.0021663976
502402.jpg,0.63917726,0.35947368,0.0007036627,0.00064537214
502403.jpg,0.9817155,0.01325315,0.004705494,0.00032584494
502404.jpg,0.9749767,0.02450492,0.00038694064,0.00013141579
502405.jpg,0.012898515,0.8883994,0.09599168,0.0027104132
502406.jpg,0.014560075,0.9824179,0.0014957417,0.0015263166
502407.jpg,0.7773072,0.20144086,0.020529063,0.00072289346
502408.jpg,0.042465206,0.95574075,0.0008655951,0.0009283983
502409.jpg,0.78440136,0.21441765,0.000763899,0.00041713365
502410.jpg,0.12490352,0.51931566,0.07799451,0.27778634
502411.jpg,0.66081786,0.33703336,0.0010640629,0.0010847022
502412.jpg,0.0012843163,0.12950115,0.0026132397,0.8666012
502413.jpg,0.024288515,0.014377415,0.0014993967,0.95983464
502414.jpg,0.98608804,0.012934559,0.0008166968,0.00016065492
502415.jpg,0.6837079,0.31489742,0.001064952,0.00032968543
502416.jpg,0.9402313,0.05776444,0.0014832389,0.000521047
502417.jpg,0.99596435,0.0036120943,0.00034127952,8.226628e-05
502418.jpg,0.017472157,0.23494522,0.18043524,0.5671474
502419.jpg,0.0168807,0.44609204,0.46872625,0.068301
502420.jpg,0.7430806,0.25501338,0.0015021964,0.0004037853
502421.jpg,0.00013010514,7.557764e-05,0.9989476,0.0008466243
502422.jpg,0.49450043,0.5024402,0.0018940424,0.0011652894
502423.jpg,0.20457739,0.794127,0.0005025945,0.0007930405
502424.jpg,0.0040340847,0.99428874,0.00036413255,0.0013130564
502425.jpg,0.42767844,0.56889504,0.0016643103,0.0017621877
502426.jpg,0.00024362195,0.0028486215,0.0028622884,0.9940455
502427.jpg,0.040774886,0.9576059,0.0006544539,0.0009646911
502428.jpg,0.013965737,0.9841676,0.00047512815,0.0013916154
502429.jpg,0.107656725,0.8895929,0.0018846132,0.0008657601
502430.jpg,0.00011392858,0.00107105,0.0006291371,0.99818593
502431.jpg,0.0042518135,0.21263629,0.63420874,0.14890313
502432.jpg,0.0018338746,0.004363282,0.044605847,0.949197
502433.jpg,0.24977173,0.74763393,0.0012760222,0.0013183622
502434.jpg,0.12253541,0.87553716,0.0009618625,0.0009655659
502435.jpg,0.32873,0.6693973,0.0010028211,0.0008698764
502436.jpg,0.98995763,0.009215801,0.0006006569,0.00022587324
502437.jpg,0.00017699697,0.0011145513,0.9374388,0.06126964
502438.jpg,0.84563255,0.14708169,0.005499482,0.0017862084
502439.jpg,0.4644363,0.5244097,0.0021245054,0.009029467
502440.jpg,0.90485805,0.094603784,0.00038770598,0.00015046012
502441.jpg,0.00029697144,6.7329005e-05,0.99943024,0.00020539889
502442.jpg,0.000373386,0.0018015398,0.7598896,0.23793542
502443.jpg,0.97659105,0.007333907,0.01578591,0.00028913887
502444.jpg,0.9940271,0.005558865,0.00032620327,8.78838e-05
502445.jpg,0.00015723935,0.00013240996,0.9988726,0.00083774753
502446.jpg,0.49116668,0.50272393,0.0038705517,0.002238905
502447.jpg,0.011268915,0.8406387,0.0013204487,0.1467719
502448.jpg,0.9950091,0.00460949,0.00030108294,8.028397e-05
502449.jpg,0.9773086,0.018761866,0.0035349585,0.0003945313
502450.jpg,0.00029591922,0.00021337002,0.99899954,0.00049119425
502451.jpg,0.003990339,0.9900996,0.00063809985,0.0052719377
502452.jpg,0.83876944,0.16005917,0.00079976633,0.00037164547
502453.jpg,0.004489627,0.99272966,0.00093028013,0.0018504789
502454.jpg,0.8965447,0.10209539,0.00085264025,0.00050729205
502455.jpg,0.027322635,0.9542334,0.0152645605,0.0031793949
502456.jpg,0.010709159,0.85829276,0.0007471852,0.13025095
502457.jpg,0.00086468115,0.00020196235,0.99826795,0.0006653613
502458.jpg,0.11428094,0.8839775,0.0007655782,0.00097595603
502459.jpg,0.0017879084,0.9960647,0.00051847385,0.0016289208
502460.jpg,0.9839514,0.015111852,0.0005810935,0.00035563708
502461.jpg,0.004859452,0.9924307,0.0015681806,0.0011416851
502462.jpg,0.47881553,0.519303,0.0011472576,0.00073418213
502463.jpg,0.98214644,0.017249212,0.00035629884,0.00024811298
502464.jpg,0.9039321,0.082887866,0.012323673,0.0008563245
502465.jpg,0.41037524,0.5879614,0.0008589712,0.00080440566
502466.jpg,0.97724384,0.02135738,0.0011893961,0.00020941433
502467.jpg,0.0020390807,0.0018336093,0.000536625,0.9955907
502468.jpg,0.011602762,0.9697361,0.015676344,0.0029848048
502469.jpg,0.99241257,0.007010748,0.00044065597,0.0001360386
502470.jpg,0.014069319,0.98376614,0.00059315574,0.0015713881
502471.jpg,0.9921561,0.0065575684,0.0011496582,0.00013665263
502472.jpg,0.399642,0.59794897,0.0007083343,0.0017007465
502473.jpg,0.9239681,0.07478195,0.0009668932,0.0002830829
502474.jpg,0.6556374,0.3423142,0.0015009177,0.00054747297
502475.jpg,0.00038958227,0.002259536,0.03738283,0.9599681
502476.jpg,0.0033114061,0.26851824,0.31848085,0.40968946
502477.jpg,0.89669615,0.102003485,0.0009844634,0.00031591704
502478.jpg,0.84546345,0.15287508,0.0013954995,0.0002659843
502479.jpg,0.17361845,0.82456857,0.0009746244,0.00083831494
502480.jpg,0.9239028,0.075409345,0.0005253363,0.0001624812
502481.jpg,0.5416041,0.4566101,0.0010051234,0.0007806264
502482.jpg,0.028250596,0.96823055,0.0013945317,0.0021243605
502483.jpg,0.9778598,0.021294376,0.00064600556,0.00019978134
502484.jpg,0.99640375,0.0031028178,0.00040471143,8.870963e-05
502485.jpg,0.9762246,0.0232971,0.00034851546,0.00012985186
502486.jpg,0.98390657,0.015453084,0.00048845797,0.00015181542
502487.jpg,0.00048232637,0.016868727,0.021395989,0.9612529
502488.jpg,0.00018039283,8.104157e-05,0.9992843,0.00045418614
502489.jpg,0.0020233581,0.033480663,0.002918266,0.96157765
502490.jpg,0.7053698,0.29273352,0.00086360745,0.0010330497
502491.jpg,0.9888682,0.010537217,0.0004213315,0.00017328704
502492.jpg,0.38915077,0.59730303,0.006750504,0.006795719
502493.jpg,0.46851623,0.5289659,0.0012811638,0.0012367602
502494.jpg,0.9954006,0.0042986036,0.00023547513,6.539662e-05
502495.jpg,9.20837e-05,0.0001420738,0.99949425,0.0002716293
502496.jpg,0.30066028,0.012017973,0.6046652,0.082656555
502497.jpg,0.00019198815,8.811347e-05,0.99903184,0.00068803556
502498.jpg,0.0010344839,0.0008838481,0.6681092,0.32997245
502499.jpg,0.019050285,0.97821695,0.00089202897,0.0018407274
502500.jpg,0.9935389,0.0060915886,0.0002998289,6.9635294e-05
502501.jpg,0.63560486,0.3614821,0.0018355862,0.0010773814
502502.jpg,0.7681262,0.23018585,0.0009900458,0.0006979168
502503.jpg,0.5526744,0.44200173,0.0040798783,0.0012439708
502504.jpg,0.9293793,0.068261534,0.0015476099,0.0008114821
502505.jpg,0.22330385,0.6879143,0.08422432,0.004557544
502506.jpg,0.0004212941,5.7869893e-05,0.99945146,6.933175e-05
502507.jpg,0.74411947,0.25385514,0.0014842615,0.00054104766
502508.jpg,0.99288243,0.006075675,0.0009641124,7.779899e-05
502509.jpg,0.00020902905,0.0011397358,0.0030180989,0.9956331
502510.jpg,0.99545795,0.0037610661,0.00064291747,0.0001380394
502511.jpg,0.67658406,0.032809395,0.28763756,0.0029689565
502512.jpg,0.17903553,0.7758104,0.0010937642,0.044060294
502513.jpg,0.9952354,0.0044399127,0.00025188262,7.290011e-05
502514.jpg,0.6079101,0.388654,0.0026825406,0.0007534462
502515.jpg,0.79408354,0.2049702,0.0006595542,0.00028672488
502516.jpg,0.9902997,0.009027436,0.0005494187,0.00012336684
502517.jpg,0.62765914,0.37068045,0.0010715168,0.0005888647
502518.jpg,0.007843367,0.98811966,0.0004605493,0.0035763495
502519.jpg,9.638529e-05,3.5840367e-05,0.9997783,8.95311e-05
502520.jpg,0.7663903,0.23060803,0.0019769087,0.00102473
502521.jpg,0.10296761,0.24358964,0.2680098,0.38543287
502522.jpg,0.00176022,0.43709788,0.05270971,0.5084322
502523.jpg,0.10461714,0.8934808,0.0007240136,0.0011780428
502524.jpg,0.9878022,0.011733748,0.00035967026,0.00010438211
502525.jpg,0.33973947,0.65680784,0.0022698827,0.0011828543
502526.jpg,0.9296598,0.04526454,0.024685798,0.00038995207
502527.jpg,0.6329194,0.36531165,0.0010155882,0.00075336796
502528.jpg,0.32194528,0.67507553,0.0013168097,0.001662332
502529.jpg,0.031484082,0.9656737,0.0015520375,0.0012902007
502530.jpg,0.0038404039,0.99489236,0.00028850118,0.0009787645
502531.jpg,0.4078808,0.59040886,0.00046251633,0.0012477785
502532.jpg,0.07713013,0.8952556,0.02634717,0.0012670455
502533.jpg,0.9960296,0.003590554,0.00028305562,9.683638e-05
502534.jpg,0.14143682,0.77423686,0.0820788,0.002247504
502535.jpg,0.9923045,0.0070503713,0.00049251714,0.00015263229
502536.jpg,0.014384129,0.98378915,0.0008815936,0.00094519695
502537.jpg,0.6649614,0.3335954,0.0008647631,0.0005785098
502538.jpg,0.00031395632,0.00023443437,0.99690723,0.0025444163
502539.jpg,0.85020995,0.14757551,0.0017638326,0.00045070495
502540.jpg,0.31653038,0.57242227,0.08649207,0.024555275
502541.jpg,0.99233884,0.0073177,0.00026435094,7.907287e-05
502542.jpg,0.011763337,0.9858436,0.0005207031,0.0018723649
502543.jpg,0.3605939,0.4452252,0.056279123,0.13790181
502544.jpg,0.0016939463,0.0018235339,0.014892635,0.9815898
502545.jpg,0.013941821,0.9841135,0.0007140593,0.00123065
502546.jpg,0.5303857,0.38475165,0.083563864,0.0012988994
502547.jpg,0.97750807,0.021594578,0.0005726343,0.00032474208
502548.jpg,0.4261612,0.56830424,0.0027313791,0.0028031394
502549.jpg,0.31192887,0.059849974,0.5399738,0.08824734
502550.jpg,0.90236014,0.09589562,0.0010206972,0.000723565
502551.jpg,0.12812474,0.8691039,0.0013362728,0.0014350082
502552.jpg,0.04652215,0.94547075,0.0023202223,0.0056868508
502553.jpg,0.00019088462,0.0004964016,0.9112722,0.08804053
502554.jpg,0.79896957,0.19982539,0.00030601045,0.0008990365
502555.jpg,0.00043158335,0.0012280819,0.35787174,0.64046854
502556.jpg,0.40939435,0.5882624,0.0015083216,0.0008349956
502557.jpg,0.92246026,0.07557299,0.0012424348,0.0007243554
502558.jpg,0.42439148,0.5734785,0.0011520539,0.0009779715
502559.jpg,0.10427439,0.80107886,0.091986544,0.002660174
502560.jpg,0.006233727,0.9927098,0.0002959539,0.00076051446
502561.jpg,0.64378154,0.35338184,0.0006148168,0.0022217953
502562.jpg,0.00024158003,0.0008664991,0.3896059,0.609286
502563.jpg,0.0050179637,0.99291325,0.0007106346,0.0013581176
502564.jpg,0.31168732,0.68544334,0.0015060323,0.0013633271
502565.jpg,0.9951153,0.0044351933,0.0003567864,9.2710165e-05
502566.jpg,0.7662435,0.2325017,0.0006080658,0.00064667995
502567.jpg,0.99316883,0.0064488393,0.00027456682,0.00010782562
502568.jpg,0.65173835,0.17726,0.16870426,0.0022974059
502569.jpg,0.93296117,0.06482833,0.0017400797,0.0004704632
502570.jpg,0.05541801,0.9415677,0.0014416758,0.0015725791
502571.jpg,0.00023564883,0.0004692351,0.7551665,0.24412864
502572.jpg,0.8503347,0.1459019,0.002448674,0.0013146944
502573.jpg,0.015160203,0.9829712,0.0011150254,0.0007535711
502574.jpg,0.86403394,0.13146682,0.0038220854,0.0006771595
502575.jpg,0.0016596083,0.99711925,0.00017770538,0.0010434092
502576.jpg,0.9970415,0.0026991016,0.00020674273,5.260845e-05
502577.jpg,0.99465305,0.0049690814,0.0002969323,8.091141e-05
502578.jpg,0.016741224,0.97977614,0.0011013653,0.0023813155
502579.jpg,0.0003797765,0.00108776,0.17234142,0.826191
502580.jpg,0.99368924,0.0057340986,0.00041360606,0.00016310332
502581.jpg,0.0026402466,0.015243231,0.29225674,0.6898598
502582.jpg,0.9144399,0.083788745,0.0013516428,0.00041966044
502583.jpg,0.003275142,0.81884974,0.032132644,0.14574245
502584.jpg,0.8301852,0.16354378,0.0054732473,0.0007977867
502585.jpg,0.02763871,0.95733696,0.013052378,0.001971909
502586.jpg,0.0021530318,0.9963379,0.00025499347,0.0012540715
502587.jpg,0.07353238,0.10875132,0.013672088,0.8040442
502588.jpg,0.68437046,0.31402394,0.0010099357,0.00059572794
502589.jpg,0.21618791,0.779224,0.0033631155,0.0012249582
502590.jpg,0.00030858684,0.00086353323,0.7856767,0.21315114
502591.jpg,0.9918968,0.007343299,0.00057704025,0.00018283816
502592.jpg,0.00052138016,0.16410439,0.07236237,0.7630119
502593.jpg,0.9908874,0.0065011475,0.002517252,9.419557e-05
502594.jpg,0.9811627,0.01788618,0.00074381265,0.00020725485
502595.jpg,0.062138632,0.177339,0.7147929,0.045729518
502596.jpg,0.91556793,0.083465,0.00070210715,0.00026493098
502597.jpg,0.7156112,0.2830365,0.00080016983,0.00055214314
502598.jpg,0.25349173,0.7404003,0.0044178558,0.0016901164
502599.jpg,0.86409545,0.13313013,0.0023392057,0.00043525305
502600.jpg,9.181178e-05,0.0006729353,0.030503161,0.96873206
502601.jpg,0.49599513,0.4956816,0.0068875086,0.0014357358
502602.jpg,0.951654,0.040312607,0.007716974,0.00031636647
502603.jpg,0.9909628,0.008242209,0.0006184529,0.00017653743
502604.jpg,0.32604823,0.6718729,0.0013303426,0.0007485715
502605.jpg,0.99287266,0.006634244,0.00032349635,0.00016964873
502606.jpg,0.91690534,0.07514561,0.0075897635,0.00035930218
502607.jpg,0.9637675,0.035160214,0.0007654054,0.0003068501
502608.jpg,0.99635077,0.0033089824,0.00025430266,8.601183e-05
502609.jpg,0.0629129,0.9356356,0.0005482585,0.0009031783
502610.jpg,0.11882165,0.87908,0.00071851985,0.0013798744
502611.jpg,0.93589944,0.062086318,0.0014672251,0.00054702064
502612.jpg,0.02099969,0.8926199,0.010585736,0.075794615
502613.jpg,0.2865033,0.029566243,0.67113256,0.012797929
502614.jpg,0.009868213,0.9886839,0.00042090783,0.0010270686
502615.jpg,0.002528405,0.07435035,0.913791,0.009330184
502616.jpg,0.011752237,0.006139822,0.32046464,0.66164327
502617.jpg,0.6069895,0.39139476,0.00086007966,0.00075564766
502618.jpg,0.995943,0.0038122141,0.00017513533,6.966374e-05
502619.jpg,0.0065607857,0.5754989,0.41100943,0.0069309236
502620.jpg,0.941727,0.056346457,0.001506696,0.00041982156
502621.jpg,0.4363116,0.55344576,0.0035490487,0.006693605
502622.jpg,0.010930137,0.98523426,0.0012320703,0.002603524
502623.jpg,0.35200143,0.6451468,0.0012275383,0.0016242849
502624.jpg,0.9876084,0.011611097,0.0006321953,0.0001483223
502625.jpg,0.15729247,0.84095937,0.0006826397,0.0010655916
502626.jpg,0.9956,0.003969832,0.00033684485,9.3337694e-05
502627.jpg,0.010613282,0.005773799,0.07154416,0.91206867
502628.jpg,0.9038381,0.09514732,0.00059947156,0.0004151923
502629.jpg,0.9944163,0.0051413756,0.0003563454,8.597361e-05
502630.jpg,0.9248602,0.07329826,0.0013166532,0.0005249502
502631.jpg,0.9813188,0.017730372,0.00078086514,0.00016995281
502632.jpg,0.9275995,0.070587896,0.0013577264,0.00045484863
502633.jpg,0.482564,0.37386405,0.105474286,0.03809766
502635.jpg,0.922606,0.07669278,0.0003493663,0.00035181735
502636.jpg,0.34112608,0.6567022,0.001540692,0.00063089415
502637.jpg,0.23751199,0.76054996,0.00089426665,0.0010438083
502638.jpg,0.28833887,0.071048826,0.60720533,0.033406984
502639.jpg,0.00014550501,0.0006576888,0.500824,0.4983728
502640.jpg,0.71265346,0.28453252,0.0013975486,0.0014164118
502641.jpg,0.99657136,0.003069628,0.000281681,7.729875e-05
502642.jpg,0.0047594267,0.9865195,0.006976901,0.0017441493
502643.jpg,0.99510264,0.0036220865,0.0011708104,0.00010443085
502644.jpg,0.07941285,0.88785535,0.027120352,0.005611466
502645.jpg,0.9922261,0.007143984,0.00049259054,0.00013731388
502646.jpg,0.014643046,0.98291296,0.00082656526,0.0016173985
502647.jpg,0.9734015,0.025832308,0.00059072033,0.0001754783
502648.jpg,0.017048353,0.98102134,0.000591107,0.001339218
502649.jpg,0.024523824,0.16948335,0.15349038,0.6525024
502650.jpg,0.96683055,0.032316197,0.0004923484,0.00036091197
502651.jpg,0.5634834,0.43346247,0.002365195,0.0006889016
502652.jpg,0.9893473,0.009680387,0.0008447985,0.00012752535
502653.jpg,0.046660274,0.67810327,0.259544,0.015692422
502654.jpg,0.00226469,0.9963649,0.00042284172,0.00094756734
502655.jpg,0.00016151535,0.0006719764,0.0016564705,0.99751
502656.jpg,0.16401045,0.8325382,0.002186018,0.0012653308
502657.jpg,0.9954303,0.0038824722,0.00056626386,0.000120896635
502658.jpg,0.4519439,0.545758,0.0011455006,0.0011525772
502659.jpg,0.0023542822,0.44579414,0.0013642112,0.5504873
502660.jpg,0.25985596,0.019175751,0.6345235,0.086444795
502661.jpg,0.13188636,0.42804074,0.0023313183,0.4377416
502662.jpg,0.9164856,0.08145344,0.0016581608,0.00040281084
502663.jpg,0.053365365,0.9413937,0.0015583992,0.003682575
502664.jpg,0.7027715,0.29511645,0.0010502018,0.0010618086
502665.jpg,0.44196296,0.55656713,0.0007765728,0.0006933839
502666.jpg,0.010234316,0.98776937,0.0006553023,0.0013410086
502667.jpg,0.27583858,0.7186988,0.0015041413,0.003958358
502668.jpg,0.986595,0.012997444,0.0002800825,0.00012749773
502669.jpg,0.00177068,0.2403899,0.25180823,0.50603116
502670.jpg,0.00057620875,0.0043040626,0.008364967,0.9867547
502671.jpg,0.1332203,0.8616204,0.0037562281,0.0014029928
502672.jpg,0.00025032242,0.0018182583,0.054502398,0.943429
502673.jpg,0.26385626,0.733267,0.0017417333,0.0011349708
502674.jpg,0.0056765527,0.17896329,0.14624034,0.66911983
502675.jpg,0.00055628264,0.06954745,0.0010699892,0.92882633
502676.jpg,0.0022346512,0.004705853,0.85733414,0.1357254
502677.jpg,0.4085901,0.58942485,0.0011730163,0.0008120385
502678.jpg,0.9956556,0.003519568,0.00076322973,6.156114e-05
502679.jpg,0.003513233,0.73719674,0.0013409635,0.25794902
502680.jpg,0.061799694,0.9008915,0.036395214,0.00091362913
502681.jpg,0.695368,0.17008722,0.13331904,0.0012258078
502682.jpg,0.78850275,0.20990705,0.0009414705,0.0006487199
502683.jpg,0.012256709,0.22771533,0.7595555,0.00047248733
502684.jpg,0.9944828,0.0047383,0.00068218965,9.6752396e-05
502685.jpg,0.24141936,0.16785102,0.5894251,0.0013045311
502686.jpg,0.15015621,0.54145455,0.2822,0.026189141
502687.jpg,0.025661044,0.9722724,0.0011314081,0.00093513733
502688.jpg,0.12377792,0.8721478,0.0034533686,0.0006209088
502689.jpg,0.993622,0.0057475474,0.0005000255,0.0001304582
502690.jpg,0.9716146,0.027731372,0.00042410204,0.00022992055
502691.jpg,0.97751576,0.021391021,0.0008495075,0.00024365576
502692.jpg,0.19298673,0.80184656,0.003228464,0.0019382288
502693.jpg,0.99453,0.004834482,0.00048980425,0.00014559852
502694.jpg,0.3040739,0.68307024,0.010907509,0.0019483363
502695.jpg,0.9629702,0.03178417,0.004375407,0.0008702753
502696.jpg,0.00044873348,0.00074402615,0.94552636,0.053280875
502697.jpg,0.75455666,0.23567194,0.008863434,0.00090789725
502698.jpg,0.070877045,0.5453449,0.049147163,0.33463085
502699.jpg,0.00044073747,0.0036395353,0.74737054,0.24854915
502700.jpg,0.99623036,0.0034361316,0.00024802386,8.548264e-05
502701.jpg,0.86598724,0.13165994,0.0017042543,0.00064856966
502702.jpg,0.73934156,0.25719288,0.0029651278,0.00050038774
502703.jpg,0.9411018,0.057627287,0.0009981355,0.00027276218
502704.jpg,0.02599893,0.28390118,0.03240394,0.65769595
502705.jpg,0.1015157,0.89636356,0.000816983,0.0013036936
502706.jpg,0.46882153,0.52719754,0.0031834661,0.0007975165
502707.jpg,0.97519475,0.023749465,0.0006135918,0.00044219627
502708.jpg,0.992225,0.007139696,0.00048603097,0.00014928916
502709.jpg,0.035325028,0.9336049,0.0020326825,0.029037446
502710.jpg,0.6266016,0.37173605,0.0007712171,0.00089118007
502711.jpg,0.74270606,0.25501803,0.0020052602,0.00027070727
502712.jpg,0.016636983,0.97706836,0.0010923966,0.0052022752
502713.jpg,0.17252024,0.109244674,0.30349085,0.4147443
502714.jpg,0.23122923,0.6631699,0.031239325,0.074361496
502715.jpg,0.99385864,0.005663506,0.00039480557,8.3032355e-05
502716.jpg,0.23440403,0.76305085,0.0016887254,0.000856369
502717.jpg,0.8619173,0.13594891,0.0015560845,0.0005776748
502718.jpg,0.22631772,0.7714583,0.0012758678,0.00094810966
502719.jpg,0.5620894,0.07362446,0.36344656,0.0008395506
502720.jpg,0.9949629,0.0042942367,0.0005949347,0.0001479921
502721.jpg,0.061762128,0.9347298,0.0014200849,0.0020879528
502722.jpg,0.18174773,0.7719533,0.01317552,0.033123445
502723.jpg,0.5201969,0.4777126,0.00093912036,0.0011513926
502724.jpg,0.57492805,0.42342725,0.0006378249,0.0010068241
502725.jpg,0.8717553,0.12712456,0.0007581212,0.0003620955
502726.jpg,0.42181095,0.5771492,0.000564938,0.00047494262
502727.jpg,0.9878175,0.011589826,0.00046562357,0.00012705724
502728.jpg,0.98058826,0.018851178,0.00036251717,0.00019807153
502729.jpg,0.009058892,0.13824755,0.6581199,0.19457364
502730.jpg,0.9791669,0.02007809,0.0005990299,0.00015601878
502731.jpg,0.97514933,0.023993535,0.0005417506,0.0003153887
502732.jpg,0.5246634,0.47258577,0.0012138231,0.0015370328
502733.jpg,0.0044040973,0.08327886,0.84584266,0.06647441
502734.jpg,0.99242,0.007010965,0.00045420462,0.00011479142
502735.jpg,0.99148935,0.006862478,0.0015125964,0.00013558654
502736.jpg,0.012673284,0.0081068305,0.0011566589,0.97806317
502737.jpg,0.0004587779,0.0016705869,0.35834053,0.6395301
502738.jpg,0.74194115,0.25641933,0.0011703578,0.00046915803
502739.jpg,8.5694715e-05,0.00092670944,0.0027538121,0.99623376
502740.jpg,0.20479804,0.7928813,0.0010222791,0.0012983158
502741.jpg,0.09388214,0.19029248,0.20994638,0.505879
502742.jpg,0.3821741,0.6158076,0.00057338993,0.0014449339
502743.jpg,0.05904989,0.8975013,0.04094838,0.0025004835
502744.jpg,0.1675077,0.82867867,0.0017680911,0.0020455269
502745.jpg,0.006997041,0.9906828,0.0006891328,0.0016310519
502746.jpg,0.9272296,0.071534924,0.00087131624,0.00036419334
502747.jpg,0.11605444,0.013288216,0.8685871,0.0020702418
502748.jpg,0.8191717,0.17814827,0.0013298738,0.0013500688
502749.jpg,7.2911025e-05,7.1021794e-05,0.9996137,0.00024237733
502750.jpg,0.45130694,0.5471594,0.00077152584,0.0007622287
502751.jpg,0.13756604,0.8590271,0.0017370199,0.0016698297
502752.jpg,0.21142296,0.6980252,0.06654361,0.02400815
502753.jpg,0.7242157,0.27438095,0.0008286785,0.00057462236
502754.jpg,0.6422575,0.35237882,0.0047128443,0.00065085717
502755.jpg,0.9861359,0.012945245,0.0007424184,0.0001764258
502756.jpg,0.9943293,0.005050967,0.00049044023,0.00012932337
502757.jpg,0.00020347734,0.00020365266,0.99892807,0.00066481036
502758.jpg,0.9556143,0.019797439,0.024416901,0.00017131849
502759.jpg,0.9885414,0.010942397,0.00038743243,0.00012870193
502760.jpg,0.9955514,0.0039881407,0.00037223296,8.812576e-05
502761.jpg,0.029548204,0.968118,0.0012224702,0.0011112128
502762.jpg,0.88420933,0.115002334,0.0005017715,0.00028657762
502763.jpg,0.025507346,0.9733877,0.00049361726,0.0006113239
502764.jpg,0.52240723,0.3169411,0.15888715,0.0017644743
502765.jpg,0.8344958,0.16278432,0.001697266,0.0010226684
502766.jpg,0.47298968,0.52507216,0.00096624624,0.00097198895
502767.jpg,0.438468,0.55748105,0.002184849,0.0018660348
502768.jpg,0.9467189,0.05204223,0.00059696834,0.0006419879
502769.jpg,0.032228038,0.10622791,0.86057836,0.00096564187
502770.jpg,0.05530454,0.9429057,0.00068581937,0.001103935
502771.jpg,0.9841618,0.013755723,0.0018704886,0.0002120791
502772.jpg,0.00052871206,0.0012095369,0.9866856,0.011576136
502773.jpg,0.96463937,0.034817595,0.00035342705,0.00018960629
502774.jpg,0.21488951,0.026591174,0.72174376,0.036775604
502775.jpg,0.99253446,0.006835664,0.0004934816,0.00013633486
502776.jpg,0.28428742,0.28777218,0.39250365,0.0354368
502777.jpg,0.8673251,0.12984215,0.0023619107,0.00047079462
502778.jpg,0.78699166,0.21055354,0.0019075248,0.00054730946
502779.jpg,0.09094563,0.7168612,0.08041737,0.11177584
502780.jpg,0.9972391,0.0023659363,0.00031808356,7.6896926e-05
502781.jpg,0.006791486,0.75240517,0.23321612,0.0075872056
502782.jpg,0.11618331,0.8784043,0.0017337439,0.0036786192
502783.jpg,0.57123536,0.42408356,0.003921334,0.0007597494
502784.jpg,0.7026651,0.29423276,0.0018444721,0.0012576781
502785.jpg,0.82584834,0.17100547,0.0018929029,0.0012532645
502786.jpg,0.9955125,0.0040197144,0.00040842927,5.940991e-05
502787.jpg,0.9828768,0.015568738,0.0011849176,0.0003695497
502788.jpg,0.1671869,0.8312785,0.00078120147,0.00075339776
502789.jpg,0.0017130285,0.9965351,0.0006162087,0.0011356095
502790.jpg,0.002340488,0.9557952,0.03646494,0.0053994176
502791.jpg,0.33954588,0.65858823,0.0009073655,0.0009585381
502792.jpg,0.049426045,0.0035907796,0.76224786,0.18473525
502793.jpg,0.27657232,0.7201306,0.00084971654,0.002447374
502794.jpg,0.99498135,0.0046911454,0.00024732287,8.0143465e-05
502795.jpg,0.0053213,0.95267695,0.03956506,0.0024367278
502796.jpg,0.23958294,0.7584231,0.0010303905,0.0009635603
502797.jpg,0.25047848,0.7473481,0.0008299979,0.001343361
502798.jpg,0.91414124,0.08501498,0.0005460439,0.00029778204
502799.jpg,0.0027348557,0.00042082145,0.9965651,0.0002792639
502800.jpg,0.007667262,0.9901712,0.00061948865,0.0015420133
502801.jpg,0.02021843,0.92575806,0.0030358469,0.050987665
502802.jpg,0.4503335,0.5477907,0.0010141712,0.00086158566
502803.jpg,0.13182138,0.5442036,0.096581094,0.22739397
502804.jpg,0.30478662,0.6919575,0.0007205989,0.0025352705
502805.jpg,0.25030386,0.7367844,0.010425222,0.0024865216
502806.jpg,0.13847709,0.85759205,0.003005537,0.00092539465
502807.jpg,0.99057937,0.008635653,0.00058887847,0.00019615277
502808.jpg,0.0076449984,0.9908793,0.00050040433,0.0009753348
502809.jpg,0.14971282,0.46983436,0.054219004,0.3262338
502810.jpg,0.99497247,0.004127759,0.0006457537,0.00025400912
502811.jpg,0.7545798,0.24427848,0.00072133105,0.00042045428
502812.jpg,0.6927962,0.29766062,0.008173394,0.0013698296
502813.jpg,0.004937429,0.99104875,0.0024988174,0.0015150205
502814.jpg,0.89795685,0.100951485,0.0007491452,0.00034254268
502815.jpg,0.70870894,0.28840122,0.0018800191,0.0010097785
502816.jpg,0.80597067,0.18837339,0.0051432173,0.0005126804
502817.jpg,0.86711794,0.13117927,0.0010733111,0.0006294613
502818.jpg,0.6972386,0.009954452,0.29206386,0.0007430942
502819.jpg,0.32095203,0.67257196,0.0051266793,0.0013493925
502820.jpg,0.0007188706,0.0066334293,0.37879953,0.61384815
502821.jpg,0.6127844,0.3852614,0.0011963976,0.0007578192
502822.jpg,0.9931569,0.0064285216,0.0003180877,9.650417e-05
502823.jpg,0.0024265666,0.9953942,0.00028028045,0.0018990361
502824.jpg,0.0062102242,0.98824924,0.0030803953,0.0024601633
502825.jpg,0.14071867,0.8572848,0.0009868167,0.0010097312
502826.jpg,0.030915624,0.00142927,0.9670775,0.00057762454
502827.jpg,0.5431046,0.34366,0.11074516,0.002490252
502828.jpg,0.8004565,0.19793506,0.001245163,0.00036329895
502829.jpg,0.030067436,0.9680898,0.0008472763,0.0009954517
502830.jpg,0.50248116,0.052199576,0.41649446,0.028824745
502831.jpg,0.0070158816,0.7978883,0.16832243,0.026773416
502832.jpg,0.99612564,0.0035846818,0.00021941797,7.027204e-05
502833.jpg,0.90251094,0.096728064,0.00045890672,0.00030211435
502834.jpg,0.985409,0.012438576,0.0018469146,0.00030548984
502835.jpg,0.62276787,0.37488994,0.0011024318,0.0012397756
502836.jpg,0.188071,0.01913909,0.79255605,0.00023384184
502837.jpg,0.8677209,0.13050877,0.0012407176,0.0005295671
502838.jpg,0.01003784,0.9878073,0.0005962598,0.0015586723
502839.jpg,0.37230876,0.61438024,0.011473551,0.001837425
502840.jpg,9.3566974e-05,0.00082827586,0.000198599,0.9988795
502841.jpg,0.47027734,0.29207936,0.1900658,0.047577545
502842.jpg,0.9899388,0.009531622,0.0003985044,0.00013104962
502843.jpg,0.30232856,0.693135,0.0017235791,0.0028128421
502844.jpg,0.5953825,0.40192142,0.0015581384,0.0011379373
502845.jpg,0.3232775,0.67038655,0.0041638133,0.0021721101
502846.jpg,0.05973499,0.9375666,0.0015814132,0.001117033
502847.jpg,0.2855527,0.48272252,0.19108152,0.040643256
502848.jpg,0.0693872,0.43022045,0.055803284,0.4445891
502849.jpg,0.11981311,0.5188784,0.18929696,0.17201157
502850.jpg,0.00036934603,0.0010132581,0.56150836,0.43710908
502851.jpg,0.9534796,0.045489196,0.0007349577,0.00029624425
502852.jpg,0.9947278,0.004864968,0.00032767295,7.9574624e-05
502853.jpg,0.009554173,0.9873509,0.0016478222,0.0014471505
502854.jpg,0.981257,0.01799812,0.00052621,0.00021860003
502855.jpg,0.030996753,0.02397967,0.34988832,0.5951352
502856.jpg,0.9595928,0.03928912,0.00072481734,0.0003932873
502857.jpg,0.00018949893,4.1450665e-05,0.999355,0.0004140848
502858.jpg,0.025205582,0.033810202,0.93831825,0.002665947
502859.jpg,0.8988993,0.09996622,0.00071368023,0.00042076941
502860.jpg,0.9883988,0.010988496,0.00045589474,0.00015683459
502861.jpg,0.0021094657,0.99633294,0.00052746246,0.001030113
502862.jpg,0.9757731,0.023373894,0.0006348041,0.00021818768
502863.jpg,9.6054726e-05,0.0014531125,0.0002708348,0.9981801
502864.jpg,0.99325895,0.0062128496,0.00035370444,0.00017448416
502865.jpg,0.9968688,0.0027470451,0.0002953434,8.886526e-05
502866.jpg,0.9914882,0.0074593774,0.0006413759,0.0004110144
502867.jpg,0.9895232,0.010026063,0.0003211924,0.00012956651
502868.jpg,0.015698297,0.9822709,0.00076657184,0.0012642838
502869.jpg,0.3366051,0.65827733,0.0030901423,0.0020274185
502870.jpg,0.19865191,0.7193635,0.0009647349,0.08101974
502871.jpg,0.020376699,0.0006594832,0.97887784,8.59308e-05
502872.jpg,0.861742,0.13722481,0.00069185015,0.00034129294
502873.jpg,0.76759666,0.23132372,0.00057533995,0.00050432415
502874.jpg,0.032296512,0.96556044,0.001064594,0.0010785105
502875.jpg,0.0010405323,0.004727423,0.31508195,0.6791501
502876.jpg,0.0047284155,0.0014502545,0.913266,0.08055532
502877.jpg,0.99496603,0.004348174,0.0005902856,9.5543626e-05
502878.jpg,0.00648048,0.9906841,0.001154791,0.001680607
502879.jpg,0.2545283,0.743218,0.0016414592,0.0006122026
502880.jpg,0.30292585,0.69452,0.0016556634,0.00089850946
502881.jpg,0.9371249,0.061702784,0.0007126574,0.0004596626
502882.jpg,0.67266273,0.32442334,0.0019400384,0.0009739112
502883.jpg,0.0006704862,0.0014434842,0.59347874,0.40440726
502884.jpg,0.017843837,0.09269106,0.8888507,0.0006144539
502885.jpg,0.9952604,0.004464153,0.00019796235,7.747137e-05
502886.jpg,0.053882614,0.9353927,0.009520221,0.0012044414
502887.jpg,0.9924927,0.0071687424,0.00021395615,0.00012457585
502888.jpg,0.98093015,0.018475456,0.00037039386,0.00022399433
502889.jpg,0.84680986,0.047424506,0.10193191,0.0038337454
502890.jpg,0.6165846,0.38211808,0.0007257378,0.00057163957
502891.jpg,0.92078733,0.07813868,0.00077993487,0.00029399057
502892.jpg,0.34162876,0.65561014,0.001736743,0.0010243786
502893.jpg,0.034455996,0.3137435,0.0045253807,0.64727515
502894.jpg,0.9798425,0.019434111,0.0005529185,0.00017043277
502895.jpg,0.0013866577,0.0007443018,0.8772735,0.1205956
502896.jpg,0.025124775,0.9727314,0.000692569,0.001451189
502897.jpg,0.195884,0.6804157,0.0031759918,0.120524324
502898.jpg,0.9810445,0.01798922,0.0006503402,0.0003160526
502899.jpg,0.1984361,0.80003065,0.0009813918,0.0005518829
502900.jpg,0.81160206,0.18489116,0.0028351313,0.00067165046
502901.jpg,0.022611074,0.97586775,0.000502801,0.0010183491
502902.jpg,0.115920596,0.18263789,0.42572522,0.27571627
502903.jpg,0.25761148,0.74033594,0.0010776403,0.00097491377
502904.jpg,0.0092791775,0.98901415,0.00051478535,0.0011918404
502905.jpg,0.9963115,0.0033340964,0.00027631395,7.807832e-05
502906.jpg,0.0056874347,0.9912436,0.0012272255,0.0018417627
502907.jpg,0.59231156,0.40544757,0.0011184462,0.0011223705
502908.jpg,0.96772045,0.030900754,0.001132284,0.00024656116
502909.jpg,0.740532,0.25455675,0.0042604352,0.00065076415
502910.jpg,0.99347156,0.006051269,0.0003520367,0.00012511855
502911.jpg,0.8274141,0.16792077,0.0041411933,0.00052387285
502912.jpg,0.9441371,0.054975167,0.0006267931,0.00026098755
502913.jpg,0.00082005205,0.0008285951,0.97794336,0.02040801
502914.jpg,0.4041442,0.5939023,0.0008255948,0.0011279295
502915.jpg,0.97174686,0.027071076,0.0009120128,0.00027010802
502916.jpg,0.09277781,0.90081406,0.004225637,0.0021824548
502917.jpg,0.996296,0.0033860598,0.00024775663,7.016677e-05
502918.jpg,0.24682797,0.74906033,0.0014863318,0.0026253695
502919.jpg,0.96115476,0.038043667,0.00063395756,0.00016755248
502920.jpg,0.329744,0.010856927,0.63247615,0.026922902
502921.jpg,0.0002755832,0.0006151533,0.9415528,0.057556406
502922.jpg,0.25278148,0.74019915,0.004020713,0.0029986706
502923.jpg,0.99137944,0.008112751,0.00037220004,0.00013559031
502924.jpg,0.26922846,0.0765524,0.020543545,0.6336756
502925.jpg,0.6619407,0.3359107,0.001671214,0.000477404
502926.jpg,0.9852187,0.012222588,0.0024367075,0.000122038065
502927.jpg,0.23229845,0.7644741,0.0021582975,0.0010691964
502928.jpg,0.25329348,0.7454044,0.0005447565,0.00075731456
502929.jpg,0.9697773,0.02953049,0.00053098786,0.0001612437
502930.jpg,0.8905082,0.10820677,0.0008159435,0.0004691088
502931.jpg,0.98891443,0.010630086,0.00034639353,0.00010913762
502932.jpg,0.9347889,0.06345365,0.0013332012,0.00042427934
502933.jpg,0.84477633,0.15381189,0.0010311167,0.00038070147
502934.jpg,0.021119207,0.9737263,0.0032232858,0.001931205
502935.jpg,0.99034065,0.0091911545,0.0003547978,0.00011339457
502936.jpg,0.0026255045,0.00357988,0.20150276,0.7922919
502937.jpg,0.72327393,0.27544853,0.00091153214,0.00036608017
502938.jpg,0.79450065,0.20464782,0.00045573866,0.00039579216
502939.jpg,0.84822196,0.13921301,0.012034755,0.00053029513
502940.jpg,8.345946e-05,6.9667985e-05,0.99969095,0.00015597558
502941.jpg,0.8517973,0.14737011,0.00048894197,0.00034370561
502942.jpg,0.05260126,0.94527054,0.00072244665,0.0014057182
502943.jpg,0.98443764,0.014295113,0.0010603616,0.0002069138
502944.jpg,0.8721092,0.051359307,0.07625068,0.00028082702
502945.jpg,0.98353964,0.00984834,0.0060924306,0.00051955535
502946.jpg,0.6471507,0.3516743,0.00060374854,0.0005713178
502947.jpg,0.98289967,0.01607358,0.0008235255,0.0002031446
502948.jpg,0.42596248,0.5715042,0.0017118109,0.0008215389
502949.jpg,0.84512043,0.1531592,0.0010045321,0.00071580877
502950.jpg,0.00016396544,0.00031744316,0.642366,0.35715267
502951.jpg,0.93821317,0.060827713,0.0006318043,0.00032724848
502952.jpg,0.9491081,0.05010205,0.00055289926,0.00023689248
502953.jpg,0.002405632,0.09868381,0.11221241,0.78669816
502954.jpg,0.6710691,0.32529098,0.0026233427,0.0010166055
502955.jpg,0.9146929,0.005018378,0.079984955,0.00030376262
502956.jpg,0.94569975,0.052623365,0.0011370593,0.00053983857
502957.jpg,0.07478773,0.9144097,0.009412442,0.0013901104
502958.jpg,0.018209355,0.9788144,0.0019269828,0.0010492527
502959.jpg,0.0012985946,0.07874546,0.04980394,0.870152
502960.jpg,0.9890172,0.010521475,0.00029754543,0.0001637645
502961.jpg,0.014582172,0.9823474,0.0015960973,0.0014742534
502962.jpg,0.000511605,0.00129323,0.9948404,0.003354799
502963.jpg,0.69713926,0.300531,0.0016702879,0.0006594802
502964.jpg,0.7996595,0.19857769,0.0012910984,0.0004716687
502965.jpg,0.057710305,0.9357613,0.00096754404,0.0055609085
502966.jpg,0.019258203,0.97844845,0.0008191047,0.0014742251
502967.jpg,0.2848098,0.7133832,0.001029604,0.00077740866
502968.jpg,0.79607207,0.20273733,0.0005014415,0.00068913447
502969.jpg,0.003395256,0.9946467,0.0005697118,0.0013882766
502970.jpg,0.055722784,0.9428408,0.00046854443,0.0009679071
502971.jpg,0.89441174,0.1044594,0.0009608525,0.00016805319
502972.jpg,0.30673483,0.69105315,0.00093943044,0.0012725835
502973.jpg,0.015282935,0.98258144,0.00076199067,0.0013735961
502974.jpg,0.0076857307,0.76375026,0.18455674,0.044007283
502975.jpg,0.9706965,0.027804172,0.0012250548,0.00027422493
502976.jpg,0.049265515,0.9475746,0.001683754,0.0014761137
502977.jpg,0.7790541,0.219243,0.0008228466,0.0008800586
502978.jpg,0.9749183,0.02430051,0.0005680256,0.00021316651
502979.jpg,0.13915063,0.8596603,0.0005373485,0.0006516574
502980.jpg,0.00987094,0.9739426,0.0020594457,0.014126995
502981.jpg,0.006739991,0.87951565,0.0020753818,0.111668915
502982.jpg,0.9667139,0.03252871,0.00046892898,0.00028846023
502983.jpg,0.9434069,0.05389966,0.0022809822,0.00041238536
502984.jpg,0.013348863,0.9838212,0.00090505974,0.001924859
502985.jpg,0.5356805,0.4443638,0.019367697,0.000587976
502986.jpg,0.99555904,0.0038365524,0.0004518657,0.00015248818
502987.jpg,0.25653452,0.7416335,0.00088489475,0.0009470785
502988.jpg,0.8499212,0.14605533,0.0031063296,0.00091718463
502989.jpg,0.013009995,0.60253507,0.010569987,0.373885
502990.jpg,0.004672343,0.08510249,0.5268089,0.38341627
502991.jpg,0.7069518,0.2915775,0.0010161346,0.00045459997
502992.jpg,0.37399316,0.6243773,0.00070492533,0.0009246569
502993.jpg,0.9890078,0.010158277,0.0006640663,0.00016983884
502994.jpg,0.0012289215,0.017691022,0.004986485,0.97609353
502995.jpg,0.42384884,0.44021973,0.03713192,0.098799534
502996.jpg,0.74516535,0.25305843,0.0010006948,0.000775497
502997.jpg,0.00037288913,0.0014043445,0.18282215,0.8154006
502998.jpg,0.9911141,0.008364369,0.00038097988,0.00014061671
502999.jpg,0.35083723,0.35533786,0.19943283,0.09439207
503000.jpg,0.58166265,0.41230345,0.0053780284,0.00065592135
503001.jpg,0.013240944,0.98539495,0.00036027058,0.0010038087
503002.jpg,0.3353158,0.27699292,0.28727195,0.100419335
503003.jpg,0.98837686,0.011051868,0.0004686791,0.000102612226
503004.jpg,0.9546189,0.04449156,0.0005169877,0.00037260618
503005.jpg,0.0047140713,0.99337864,0.00038424425,0.0015230757
503006.jpg,0.9944763,0.0049570217,0.00043518606,0.00013154965
503007.jpg,0.01361046,0.003992559,0.08407492,0.8983221
503008.jpg,0.14287871,0.854666,0.0012733123,0.0011820252
503009.jpg,0.72934824,0.26899362,0.0013053585,0.0003527398
503010.jpg,0.16338691,0.81012535,0.015005062,0.011482679
503011.jpg,0.93006533,0.068879396,0.00073063147,0.00032468574
503012.jpg,0.6134502,0.38399854,0.001325542,0.0012257388
503013.jpg,0.013266147,0.9846979,0.00076426263,0.001271683
503014.jpg,0.58881205,0.41005254,0.0006927424,0.00044268847
503015.jpg,0.44417092,0.04292814,0.48287824,0.03002272
503016.jpg,0.03792003,0.9598243,0.00065529655,0.0016003301
503017.jpg,0.42433056,0.571588,0.003077317,0.001004193
503018.jpg,0.99222726,0.006934844,0.00070111576,0.00013685835
503019.jpg,0.7209843,0.2778725,0.00065435254,0.0004888593
503020.jpg,0.06570744,0.006120924,0.91231984,0.01585186
503021.jpg,0.965452,0.03368661,0.00061830046,0.00024303423
503022.jpg,0.42917335,0.568371,0.0010895786,0.001366076
503023.jpg,0.008727076,0.12178377,0.0063964017,0.8630927
503024.jpg,0.07442246,0.016937716,0.9081853,0.00045445585
503025.jpg,0.4739608,0.0067751813,0.5190045,0.00025950672
503026.jpg,0.981455,0.010631036,0.0077640307,0.00014992134
503027.jpg,0.0001012732,0.00012097402,0.99956936,0.00020840413
503028.jpg,0.10512332,0.89283603,0.00096739293,0.001073283
503029.jpg,0.5520354,0.44563124,0.001182183,0.0011511925
503030.jpg,0.21015425,0.7878849,0.0008248726,0.0011359849
503031.jpg,0.45522055,0.54150695,0.0014210722,0.0018514699
503032.jpg,0.6557265,0.34220138,0.0010684753,0.0010036563
503033.jpg,0.032929372,0.96530396,0.00060029124,0.0011663464
503034.jpg,0.99518234,0.0044501964,0.00026212685,0.00010537271
503035.jpg,0.9171114,0.0822644,0.00040458902,0.00021962763
503036.jpg,0.76520175,0.23301792,0.0008751722,0.0009051336
503037.jpg,0.03632607,0.96238476,0.0005467992,0.0007423916
503038.jpg,0.3913112,0.60547954,0.0017747773,0.0014344282
503039.jpg,0.9958518,0.0037429743,0.0003245412,8.069294e-05
503040.jpg,0.7308311,0.26608106,0.0020464151,0.0010414112
503041.jpg,0.9925509,0.007104306,0.0002829722,6.17789e-05
503042.jpg,0.9417581,0.057203587,0.0006823849,0.00035593592
503043.jpg,0.000870804,0.00054472365,0.9983201,0.00026436054
503044.jpg,0.4091682,0.5890692,0.0010282098,0.0007343721
503045.jpg,0.009365101,0.004515412,0.51089334,0.47522616
503046.jpg,0.98445874,0.014799568,0.00048337606,0.00025829594
503047.jpg,0.96293396,0.033351425,0.0034688779,0.0002457778
503049.jpg,0.063870035,0.9343238,0.0010981731,0.00070806226
503050.jpg,0.40134278,0.5973322,0.0007406487,0.00058445614
503051.jpg,0.8649737,0.13188778,0.002151683,0.000986904
503052.jpg,0.33445242,0.50079566,0.1632969,0.0014551096
503053.jpg,0.37916365,0.61705655,0.001953205,0.001826591
503054.jpg,0.0023936287,0.99593735,0.00040185428,0.0012671128
503055.jpg,0.0036595676,0.00917911,0.3176081,0.6695533
503056.jpg,0.9836364,0.015622097,0.0004894724,0.00025210046
503057.jpg,0.112900764,0.5966174,0.17994936,0.1105325
503058.jpg,0.29040912,0.7067094,0.0018879251,0.0009935278
503059.jpg,0.79819554,0.20024283,0.00091660937,0.0006449852
503060.jpg,0.970329,0.028449336,0.0010164588,0.00020518903
503061.jpg,0.08972916,0.18513016,0.20028925,0.5248514
503062.jpg,0.80717677,0.19161181,0.0006854649,0.00052602263
503063.jpg,0.38381657,0.6074871,0.0071142074,0.0015821297
503064.jpg,0.337643,0.6578947,0.0028033925,0.0016589686
503065.jpg,0.1420212,0.85377055,0.0024138794,0.0017944258
503066.jpg,0.8215321,0.17536546,0.0025662119,0.0005363077
503067.jpg,0.6968947,0.30038276,0.0016997871,0.0010227511
503068.jpg,0.60635036,0.30045196,0.016855525,0.07634212
503069.jpg,0.9949046,0.0041566747,0.0007940364,0.00014466095
503070.jpg,0.004672957,0.9917183,0.0011134404,0.0024952265
503071.jpg,0.8634417,0.13344358,0.0021964794,0.00091821497
503072.jpg,0.017608067,0.9790752,0.0010548575,0.0022619031
503073.jpg,0.16783702,0.8154049,0.013351544,0.0034065086
503074.jpg,0.9969376,0.0026866614,0.00028134676,9.443124e-05
503075.jpg,0.5669551,0.43020344,0.0025246483,0.00031676196
503076.jpg,0.9912804,0.007869973,0.0007101122,0.0001394808
503077.jpg,0.985913,0.01323993,0.0006555254,0.00019158803
503078.jpg,0.9543686,0.04482189,0.0004933227,0.00031617004
503079.jpg,0.03254727,0.047080953,0.0024547416,0.9179171
503080.jpg,0.99166983,0.007789962,0.00043604677,0.00010414232
503081.jpg,0.19888602,0.06594363,0.72162294,0.013547402
503082.jpg,0.5944218,0.40270635,0.0020647459,0.00080710725
503083.jpg,0.18895395,0.808647,0.0009212387,0.0014778111
503084.jpg,0.0060018986,0.99211997,0.00046725324,0.0014108442
503085.jpg,0.01491304,0.98280317,0.00045782304,0.0018259665
503086.jpg,0.005134959,0.9911538,0.0014865277,0.0022247029
503087.jpg,0.99153566,0.008024986,0.00030406506,0.00013524489
503088.jpg,0.009833512,0.98487693,0.0009929257,0.0042966083
503089.jpg,0.7708084,0.22801757,0.00076643704,0.00040757222
503090.jpg,0.00013479676,0.00020944008,0.99440056,0.0052551287
503091.jpg,0.96583265,0.033195537,0.00076051784,0.00021129551
503092.jpg,0.45329428,0.5425114,0.0021683176,0.0020260827
503093.jpg,0.025866484,0.90467244,0.06327991,0.006181093
503094.jpg,0.6846121,0.31396925,0.00068879366,0.0007298407
503095.jpg,0.00010190537,0.00017909695,0.99811554,0.0016034363
503096.jpg,0.66663474,0.33206296,0.0007318768,0.00057036267
503097.jpg,0.9695495,0.029169703,0.000914029,0.00036676638
503098.jpg,0.4983662,0.49879098,0.0020800654,0.00076274225
503099.jpg,0.0001355431,0.0003738254,0.99248695,0.007003661
503100.jpg,0.8543057,0.1426166,0.002432792,0.0006449605
503101.jpg,0.77805924,0.21976848,0.000988403,0.0011838606
503102.jpg,0.9962564,0.0034217786,0.00025727798,6.4555876e-05
503103.jpg,0.6409054,0.3565921,0.0016650154,0.00083747116
503104.jpg,0.23728335,0.7055443,0.051659983,0.0055123554
503105.jpg,0.3580604,0.63977945,0.0010913714,0.0010687814
503106.jpg,0.9586969,0.039697427,0.0012079667,0.00039772826
503107.jpg,0.99544954,0.0041617104,0.0002915129,9.725137e-05
503108.jpg,0.69343966,0.30512097,0.00076358294,0.00067583745
503109.jpg,0.98716927,0.011680097,0.0010045955,0.00014600909
503110.jpg,0.00020561116,0.00028767405,0.99802023,0.001486503
503111.jpg,0.21308298,0.78478783,0.0012273907,0.0009018457
503112.jpg,0.25475773,0.74359107,0.0008647965,0.0007864609
503113.jpg,0.95407087,0.045313176,0.00036641327,0.00024950874
503114.jpg,0.95048374,0.048774634,0.000556172,0.0001855545
503115.jpg,0.67416877,0.32374537,0.0010655217,0.0010203976
503116.jpg,0.7017006,0.29718,0.0007424551,0.00037696018
503117.jpg,0.33010232,0.66809064,0.0011444925,0.0006624761
503118.jpg,0.9928319,0.0067372895,0.00033666592,9.418929e-05
503119.jpg,0.35592437,0.6415498,0.0016377303,0.0008880888
503120.jpg,0.9848357,0.0143217435,0.0005422808,0.00030027705
503121.jpg,0.00021815718,0.0012968056,0.16827767,0.83020735
503122.jpg,0.99109405,0.0078074164,0.0009169262,0.0001816522
503123.jpg,0.005068485,0.9860688,0.004035297,0.0048274114
503124.jpg,0.016150957,0.9815044,0.0009616427,0.0013830485
503125.jpg,0.6331349,0.3534684,0.011056245,0.0023404483
503126.jpg,0.10121453,0.8965711,0.0013499045,0.00086445204
503127.jpg,0.8619092,0.13437201,0.0029791167,0.00073967344
503128.jpg,8.1314654e-05,0.00019625538,0.9987009,0.0010214701
503129.jpg,0.004635802,0.5665702,0.0006850459,0.42810893
503130.jpg,0.88170815,0.115591764,0.001956938,0.0007432082
503131.jpg,0.0025271222,0.99127597,0.00042453918,0.005772451
503132.jpg,0.0001901122,0.0010068956,0.11711276,0.88169026
503133.jpg,0.14567633,0.3750032,0.1267492,0.35257128
503134.jpg,0.009616831,0.35301486,0.54581696,0.09155136
503135.jpg,0.6861939,0.1863262,0.12651016,0.00096974714
503136.jpg,0.00020668411,0.0011764364,0.06445232,0.9341646
503137.jpg,0.9780128,0.021261165,0.000508984,0.00021706203
503138.jpg,0.8503702,0.018083243,0.13031887,0.0012277103
503139.jpg,0.99672204,0.0029197552,0.00026840586,8.979204e-05
503140.jpg,0.3557357,0.14685914,0.015148121,0.48225704
503141.jpg,0.003230564,0.31880334,0.1664753,0.5114908
503142.jpg,0.0018910157,0.013211767,0.9058926,0.07900462
503143.jpg,0.00037993235,0.00058786426,0.90864205,0.09039015
503144.jpg,0.996031,0.0036603485,0.00021587759,9.280696e-05
503145.jpg,0.13673896,0.8614523,0.0009567105,0.0008520782
503146.jpg,0.84839344,0.14492047,0.0024620811,0.0042239763
503147.jpg,0.10392684,0.8621073,0.002605972,0.031359896
503148.jpg,0.99514675,0.0044489247,0.00029578904,0.000108618224
503149.jpg,0.88935804,0.1091629,0.0012458999,0.00023311439
503150.jpg,0.0014712521,0.1966126,0.00070358225,0.8012126
503151.jpg,0.9935763,0.006107936,0.0002295462,8.6263484e-05
503152.jpg,0.00025616938,0.0009525688,0.5124299,0.48636135
503153.jpg,0.0002707954,0.00050593045,0.79508305,0.20414023
503154.jpg,0.08372217,0.02412981,0.3789746,0.5131734
503155.jpg,0.24251741,0.7549882,0.0014967954,0.0009975968
503156.jpg,0.07611523,0.9224946,0.0005259393,0.0008642391
503157.jpg,0.0011865849,0.0007050554,0.8925627,0.10554564
503158.jpg,0.5810763,0.41782156,0.00044620232,0.00065590144
503159.jpg,7.2811185e-05,6.481587e-05,0.99951077,0.00035158193
503160.jpg,0.97700757,0.021808134,0.00089021685,0.0002941504
503161.jpg,0.006193097,0.59391457,0.010167244,0.38972506
503162.jpg,0.80815905,0.19031549,0.0007873228,0.00073819235
503163.jpg,7.559764e-05,0.0009835825,0.00018909138,0.99875164
503164.jpg,0.99631596,0.0030160833,0.0005959069,7.204868e-05
503165.jpg,0.99199516,0.0075097457,0.00038753482,0.00010752847
503166.jpg,0.0014144656,0.0034723412,0.37922457,0.61588866
503167.jpg,0.99115545,0.0082389,0.0004820115,0.00012358908
503168.jpg,0.9927802,0.0065873656,0.00054438337,8.8079985e-05
503169.jpg,0.835897,0.16139287,0.0021492392,0.00056083844
503170.jpg,0.98040575,0.018827753,0.00045361393,0.0003129105
503171.jpg,0.3236101,0.58363134,0.09004066,0.002717941
503172.jpg,0.94704276,0.05182648,0.0008329347,0.00029779034
503173.jpg,0.9600045,0.039022747,0.0006619548,0.0003107787
503174.jpg,8.757744e-05,0.0007173296,0.00026970182,0.99892545
503175.jpg,0.20093478,0.69684094,0.019882942,0.082341336
503176.jpg,0.55002064,0.4468403,0.001573435,0.0015657019
503177.jpg,0.99566287,0.0040501677,0.0002217808,6.5281114e-05
503178.jpg,0.50855535,0.10990151,0.38079688,0.0007463145
503179.jpg,0.26168904,0.73595786,0.0011013281,0.0012518024
503180.jpg,0.6332159,0.36339045,0.0028059676,0.0005877496
503181.jpg,0.0034759678,0.9922579,0.0003470377,0.0039191307
503182.jpg,0.006362276,0.99126166,0.0009877159,0.0013883617
503183.jpg,0.0006511409,0.00087793596,0.9551067,0.043364268
503184.jpg,0.00094717415,0.002262315,0.3524724,0.6443181
503185.jpg,0.010242573,0.98836535,0.0005932875,0.0007988257
503186.jpg,0.031250473,0.9667124,0.0010328843,0.0010042469
503187.jpg,0.99529934,0.0044149323,0.00021760252,6.808463e-05
503188.jpg,0.04178014,0.94579715,0.0082113035,0.004211429
503189.jpg,0.029443039,0.00670514,0.9637306,0.00012121823
503190.jpg,0.9292515,0.069568284,0.00076952693,0.00041070476
503191.jpg,0.7278318,0.2694588,0.0019795345,0.00072993553
503192.jpg,0.8065834,0.19170241,0.0010871288,0.0006270629
503193.jpg,9.4488925e-05,0.00044984385,0.003614349,0.9958413
503194.jpg,0.4830004,0.51272994,0.0032975487,0.0009720908
503195.jpg,0.6253173,0.3718249,0.0011481134,0.0017097449
503196.jpg,0.5878325,0.4109629,0.00052418676,0.0006803773
503197.jpg,0.97302383,0.025632704,0.0010917713,0.00025169467
503198.jpg,0.026314043,0.97112846,0.0016197,0.0009377825
503199.jpg,0.9856968,0.013719316,0.00036586166,0.00021797074
503200.jpg,0.00019940901,0.00019117731,0.99127287,0.00833653
503201.jpg,0.75696135,0.23835106,0.003923154,0.00076443003
503202.jpg,0.008407907,0.9888318,0.0017609434,0.0009992798
503203.jpg,0.39571866,0.24191202,0.36101222,0.0013570469
503204.jpg,0.82467985,0.17348135,0.0014450847,0.00039363792
503205.jpg,0.06360554,0.9326857,0.0024842625,0.0012244979
503206.jpg,0.9933122,0.0062623215,0.00031009185,0.0001153014
503207.jpg,0.9655908,0.033653807,0.0003909051,0.00036455676
503208.jpg,0.8928764,0.105424434,0.0010734352,0.00062577944
503209.jpg,0.811682,0.1846193,0.0028953503,0.00080334645
503210.jpg,0.0025695816,0.99474764,0.00085514126,0.0018275715
503211.jpg,0.6946313,0.30365682,0.001130271,0.0005816945
503212.jpg,0.9898505,0.009105166,0.0008999217,0.00014443703
503213.jpg,0.07444767,0.92200905,0.002390141,0.0011531468
503214.jpg,0.99536186,0.0042717694,0.0002685287,9.7777935e-05
503215.jpg,0.000326138,0.0007910395,0.74517393,0.25370893
503216.jpg,0.7533879,0.24555577,0.0007202805,0.0003360164
503217.jpg,0.7749036,0.077471234,0.14676316,0.00086199277
503218.jpg,0.010021133,0.9850767,0.000593802,0.0043082526
503219.jpg,0.74681157,0.25176778,0.00092783227,0.0004928038
503220.jpg,0.9794261,0.019657237,0.0006140529,0.00030272058
503221.jpg,0.99424046,0.0050762463,0.00058221683,0.00010106559
503222.jpg,0.9939809,0.0055914656,0.00031203256,0.000115661845
503223.jpg,0.84231275,0.15330681,0.0035518575,0.00082857633
503224.jpg,0.98275304,0.016636664,0.00046268277,0.00014763867
503225.jpg,0.4761807,0.5226518,0.00068465696,0.00048282303
503226.jpg,0.09090469,0.9061813,0.0013360773,0.0015779288
503227.jpg,0.90148544,0.095824786,0.0017065831,0.0009831464
503228.jpg,0.06994803,0.0030342396,0.07543417,0.85158354
503229.jpg,0.71560603,0.2821008,0.001477106,0.00081602024
503230.jpg,0.87260675,0.1258101,0.0011569668,0.00042612889
503231.jpg,0.9754899,0.023764582,0.0005794027,0.00016605314
503232.jpg,0.9625566,0.03685272,0.0003262933,0.0002643849
503233.jpg,0.51649606,0.48238587,0.0006355052,0.00048257376
503234.jpg,0.9916146,0.007841981,0.0004430936,0.00010036714
503235.jpg,0.0012736698,0.18179493,0.0014476053,0.81548387
503236.jpg,0.0051092547,0.9919254,0.0012006705,0.0017647786
503237.jpg,0.017925372,0.97279763,0.007401154,0.0018758746
503238.jpg,0.000111737674,0.00017351915,0.99883413,0.00088052003
503239.jpg,0.11834076,0.8771817,0.0022904074,0.0021871396
503240.jpg,0.6234141,0.3749039,0.00089020515,0.00079182256
503241.jpg,0.9952499,0.004053886,0.0005843677,0.00011180461
503242.jpg,0.026900662,0.9702905,0.0017378045,0.0010709901
503243.jpg,0.41232446,0.5818766,0.0047337487,0.001065156
503244.jpg,0.34387687,0.4275867,0.22678532,0.0017510816
503245.jpg,0.012544192,0.0021623361,0.58797264,0.39732084
503246.jpg,0.00044176864,0.001683751,0.17467993,0.8231945
503247.jpg,0.6944447,0.30427858,0.000679651,0.00059703615
503248.jpg,0.078665175,0.91907436,0.00048376722,0.0017766984
503249.jpg,0.99675965,0.0029859077,0.00019086171,6.360749e-05
503250.jpg,0.9879196,0.01083924,0.000916024,0.00032517308
503251.jpg,0.98277074,0.016483577,0.0005919076,0.00015366067
503252.jpg,0.00017744968,0.00018472232,0.9979141,0.0017238021
503253.jpg,0.31842926,0.67888516,0.0011729371,0.0015126653
503254.jpg,0.006015238,0.07401175,0.20836543,0.71160764
503255.jpg,0.98004955,0.019133909,0.0006065139,0.00021009758
503256.jpg,0.3210992,0.6767006,0.0014386205,0.0007615711
503257.jpg,0.58496314,0.4122435,0.001875598,0.0009177556
503258.jpg,0.5749473,0.4231299,0.0010059412,0.0009168385
503259.jpg,0.9689453,0.02990734,0.0008432364,0.0003040938
503260.jpg,0.80656576,0.19257616,0.00047378862,0.0003842583
503261.jpg,0.0029360426,0.786648,0.0010104746,0.2094055
503262.jpg,0.0022716885,0.99669427,0.00022813311,0.00080597604
503263.jpg,0.8828276,0.11518166,0.0013446426,0.0006461112
503264.jpg,0.1020541,0.8927569,0.003963455,0.0012255996
503265.jpg,0.7023175,0.2958256,0.0007879723,0.001068903
503266.jpg,0.996877,0.0027931381,0.0002591651,7.062857e-05
503267.jpg,0.00036852388,0.0015721038,0.47441307,0.5236463
503268.jpg,0.0028408598,0.81636477,0.15545806,0.025336286
503269.jpg,0.99309987,0.0063510197,0.00043321005,0.00011594178
503270.jpg,0.1595383,0.8053642,0.0010657537,0.034031708
503271.jpg,0.0035193972,0.00021759067,0.99539685,0.00086616894
503272.jpg,0.0072196466,0.020119896,0.9641919,0.008468556
503273.jpg,0.0061845384,0.99054384,0.002444529,0.0008271004
503274.jpg,0.0071993656,0.6462066,0.001054565,0.34553942
503275.jpg,0.007178813,0.9868322,0.0005006515,0.005488291
503276.jpg,0.99648386,0.003127101,0.00032027994,6.8758665e-05
503277.jpg,0.94736165,0.051261146,0.0010641406,0.00031300655
503278.jpg,0.12189398,0.8759441,0.00067091844,0.0014910678
503279.jpg,0.00031792102,0.0011804416,0.64719933,0.3513023
503280.jpg,0.006391596,0.9922774,0.0002880825,0.001042936
503281.jpg,0.08701592,0.9109802,0.0007532179,0.0012506022
503282.jpg,0.0562617,0.5721672,0.36791626,0.0036547892
503283.jpg,0.34114325,0.6563097,0.001545487,0.0010015512
503284.jpg,0.5854396,0.41239974,0.0007763716,0.0013843022
503285.jpg,0.0022848456,0.9960192,0.00041627538,0.0012796166
503286.jpg,0.0061604804,0.99151415,0.0012297488,0.0010957104
503287.jpg,0.99394846,0.0056226193,0.0003465115,8.240528e-05
503288.jpg,0.94829684,0.050820384,0.0007127603,0.0001699617
503289.jpg,0.9886715,0.009979908,0.0010295575,0.00031907303
503290.jpg,0.9845173,0.014716997,0.00056825974,0.00019737467
503291.jpg,0.020809183,0.96757364,0.0050478834,0.0065692663
503292.jpg,0.0016195775,0.06072311,0.5046877,0.43296966
503293.jpg,0.8037257,0.19497992,0.00082396576,0.0004703789
503294.jpg,0.011127211,0.98535043,0.0011841136,0.0023382104
503295.jpg,0.9896462,0.009756251,0.00040785686,0.00018966918
503296.jpg,0.9953981,0.004229732,0.00029538161,7.6709635e-05
503297.jpg,8.416493e-05,3.2806645e-05,0.99985725,2.5775362e-05
503298.jpg,0.8067198,0.1903423,0.0022808088,0.00065705855
503299.jpg,0.00796318,0.98863745,0.001453897,0.0019454745
503300.jpg,0.0002015396,0.0011791347,0.65023464,0.34838474
503301.jpg,0.35901222,0.6387842,0.00054144923,0.0016621066
503302.jpg,0.9637456,0.034554515,0.0013762453,0.0003235946
503303.jpg,0.20582087,0.7921953,0.0009244315,0.0010593539
503304.jpg,0.0024156373,0.0425968,0.4125538,0.5424338
503305.jpg,0.9914043,0.0068431087,0.0016519371,0.00010071013
503306.jpg,0.62399584,0.37426415,0.0011700444,0.0005699895
503307.jpg,0.97752637,0.021997422,0.00036178692,0.00011447035
503308.jpg,0.0006529417,0.0006045829,0.8104685,0.18827404
503309.jpg,0.012895979,0.9853496,0.000565936,0.001188469
503310.jpg,0.9937351,0.0040867976,0.0020707373,0.00010744835
503311.jpg,0.49192455,0.50697654,0.0006737304,0.00042523362
503312.jpg,0.8878686,0.11091456,0.0007312686,0.0004856577
503313.jpg,0.98723763,0.012070873,0.00051635876,0.00017511264
503314.jpg,0.07994499,0.91376036,0.0009918865,0.0053027864
503315.jpg,0.8645374,0.13349892,0.0016826484,0.00028106096
503316.jpg,0.00026977286,0.0015671746,0.92911386,0.06904923
503317.jpg,0.99542373,0.004212914,0.00031078848,5.2603235e-05
503318.jpg,0.010349033,0.98647517,0.0018744819,0.0013012942
503319.jpg,0.18571086,0.8082433,0.0051422575,0.0009035472
503320.jpg,0.3365525,0.66005224,0.0023774344,0.0010178201
503321.jpg,0.33534682,0.6622601,0.0010100837,0.0013830137
503322.jpg,0.9953149,0.004248328,0.00033260323,0.00010415128
503323.jpg,0.8692162,0.12872463,0.001232138,0.00082702073
503324.jpg,0.64677554,0.09006161,0.26031694,0.002845845
503325.jpg,0.9818835,0.017191486,0.0006970791,0.00022792495
503326.jpg,0.94283867,0.05377594,0.0029846542,0.00040074845
503327.jpg,0.96524286,0.033802714,0.000641503,0.00031301982
503328.jpg,0.93189067,0.06700708,0.0007138055,0.0003884701
503329.jpg,0.0018311864,0.99671507,0.0003761713,0.0010776097
503330.jpg,0.9944814,0.00513527,0.00031009887,7.322826e-05
503331.jpg,0.35468832,0.64200944,0.0018479604,0.0014543313
503332.jpg,0.0004151049,0.000585749,0.65523213,0.34376702
503333.jpg,0.99176806,0.0076351142,0.00046836227,0.00012848942
503334.jpg,0.9014631,0.097492315,0.00042755817,0.0006170375
503335.jpg,0.34853828,0.6468273,0.0034333216,0.0012011171
503336.jpg,0.73571056,0.2613893,0.0023540168,0.00054614426
503337.jpg,0.00065886095,0.0025038861,0.40319595,0.59364134
503338.jpg,0.99174047,0.0076475404,0.00045580536,0.00015614384
503339.jpg,0.99437284,0.0052996925,0.0002644407,6.3047766e-05
503340.jpg,0.00017040683,0.00086482335,0.1460637,0.85290104
503341.jpg,0.34572613,0.6517387,0.0014450414,0.0010900856
503342.jpg,0.016478969,0.12949246,0.021149995,0.8328786
503343.jpg,0.9874857,0.011778034,0.00062032987,0.00011588043
503344.jpg,0.96868515,0.030276567,0.0006320247,0.00040622384
503345.jpg,0.9941905,0.0054042977,0.00033478453,7.037012e-05
503346.jpg,0.6727273,0.3264963,0.00034268177,0.00043378855
503347.jpg,0.6450688,0.35347834,0.0005978576,0.00085498224
503348.jpg,0.008731517,0.9876485,0.0020195174,0.0016005296
503349.jpg,0.17760237,0.7438,0.07408321,0.0045144097
503350.jpg,0.9940501,0.0053309514,0.0005074181,0.00011152268
503351.jpg,0.9569033,0.042375594,0.0005076365,0.00021344272
503352.jpg,0.985997,0.013503945,0.0003024804,0.0001965298
503353.jpg,0.07799818,0.085341185,0.2557455,0.5809151
503354.jpg,0.7070965,0.2911987,0.0007857578,0.00091901794
503355.jpg,0.107169144,0.8910198,0.0008399449,0.00097115245
503356.jpg,0.8710726,0.12701626,0.0014713622,0.00043979753
503357.jpg,0.0042885584,0.16356678,0.00096163986,0.831183
503358.jpg,0.80047613,0.027507732,0.17162745,0.00038873052
503359.jpg,0.26498106,0.7296219,0.0027110793,0.0026859872
503360.jpg,0.98901194,0.010332211,0.00048075794,0.00017504611
503361.jpg,0.77413195,0.22413005,0.0010458081,0.0006922216
503362.jpg,0.4717544,0.52328277,0.0037357074,0.0012270677
503363.jpg,0.0149729075,0.98008364,0.0025361169,0.002407334
503364.jpg,0.16845067,0.7019785,0.008337533,0.12123323
503365.jpg,0.0003346294,0.00069663505,0.5746596,0.4243091
503366.jpg,0.90941817,0.08955532,0.0007364042,0.000290097
503367.jpg,0.9302142,0.06758191,0.0017873378,0.00041654147
503368.jpg,0.000348581,0.007520193,0.98995304,0.0021781863
503369.jpg,0.7713322,0.22617857,0.0011393416,0.0013499417
503370.jpg,0.067743815,0.9301693,0.0009626644,0.0011242876
503371.jpg,0.46392807,0.5198901,0.0076789926,0.008502777
503372.jpg,0.81961685,0.17959309,0.00040303034,0.0003870644
503373.jpg,0.9942336,0.005170336,0.0004554483,0.000140605
503374.jpg,0.66397256,0.33452046,0.0010763436,0.00043060048
503375.jpg,0.37090257,0.62710494,0.0010034387,0.0009890235
503376.jpg,0.92313534,0.0754685,0.00076522003,0.0006309303
503377.jpg,0.9940102,0.0056149294,0.00030006375,7.480892e-05
503378.jpg,0.99298096,0.0064309663,0.00045183036,0.00013626157
503379.jpg,0.0008316342,0.0018137312,0.7575705,0.23978412
503380.jpg,0.2937662,0.7025461,0.0029001136,0.0007875318
503381.jpg,0.0009287452,0.008371775,0.15918587,0.8315136
503382.jpg,0.9484423,0.050842118,0.0004761827,0.00023939133
503383.jpg,0.41386458,0.5831349,0.0020491858,0.000951323
503384.jpg,0.9941204,0.0053940895,0.00038035368,0.00010517153
503385.jpg,0.9697022,0.028366074,0.0017910659,0.00014070676
503386.jpg,0.99505186,0.0045128386,0.00034682555,8.849482e-05
503387.jpg,0.1776418,0.007829601,0.8128082,0.0017204792
503388.jpg,0.8317476,0.16604929,0.0017069895,0.00049608387
503389.jpg,0.009517277,0.9892153,0.00037209014,0.00089536095
503390.jpg,0.73554426,0.26285693,0.000835363,0.00076346827
503391.jpg,0.003930573,0.9812297,0.012257217,0.0025825084
503392.jpg,0.03574568,0.9597029,0.0033257164,0.0012257326
503393.jpg,0.7455551,0.24496327,0.007994002,0.001487582
503394.jpg,0.9620161,0.024104849,0.013122022,0.00075700134
503395.jpg,0.0020081915,0.10607937,0.62110496,0.2708075
503396.jpg,0.003253419,0.014354799,0.69323784,0.2891539
503397.jpg,0.9703033,0.028574392,0.00079659285,0.00032576392
503398.jpg,0.25556988,0.48486578,0.2574742,0.0020901216
503399.jpg,0.9865356,0.013051495,0.0002825765,0.00013028643
503400.jpg,0.94762105,0.0062544546,0.0457603,0.00036421677
503401.jpg,0.85918397,0.13988891,0.000479816,0.00044732806
503402.jpg,0.00050372194,0.0004894139,0.989381,0.00962585
503403.jpg,0.9872387,0.011943776,0.0006080826,0.00020949496
503404.jpg,0.5994263,0.39928356,0.00077844225,0.00051166135
503405.jpg,0.9731392,0.023661748,0.0028056775,0.00039337334
503406.jpg,0.755389,0.24096292,0.0025192443,0.0011288301
503407.jpg,0.7960882,0.20200928,0.001403206,0.00049926405
503408.jpg,0.98491496,0.014307345,0.000649985,0.00012772348
503409.jpg,0.1946884,0.80366844,0.0004946895,0.001148498
503410.jpg,0.21042758,0.78794193,0.0006074303,0.0010230866
503411.jpg,0.002807556,0.9784989,0.00041810042,0.018275501
503412.jpg,0.8872393,0.11100938,0.0011441638,0.00060712174
503413.jpg,0.39110482,0.6055557,0.0019535332,0.0013858575
503414.jpg,0.23652841,0.7434872,0.0031316653,0.016852727
503415.jpg,0.07083716,0.043334156,0.45971796,0.42611074
503416.jpg,0.0029771356,0.0008051758,0.93884057,0.057377085
503417.jpg,0.98926944,0.009390382,0.0012351917,0.000105049614
503418.jpg,0.6812574,0.31727245,0.0010470481,0.00042307284
503419.jpg,0.97053003,0.02829667,0.0010318127,0.00014146237
503420.jpg,0.9621946,0.03417298,0.0031159867,0.000516448
503421.jpg,0.6286295,0.36789438,0.0025356144,0.00094048533
503422.jpg,0.7924657,0.20629407,0.000746914,0.0004933012
503423.jpg,0.00015542227,0.00051579066,0.44030526,0.55902344
503424.jpg,0.9920475,0.0075087487,0.00030364614,0.00014011182
503425.jpg,0.5382,0.45941338,0.0017263371,0.00066028675
503426.jpg,0.48728934,0.5099492,0.0017789233,0.0009824558
503427.jpg,0.5572194,0.44169173,0.0006124393,0.0004764688
503428.jpg,0.52201706,0.47507343,0.0017310004,0.0011785255
503429.jpg,0.017756326,0.35331866,0.49640408,0.13252093
503430.jpg,0.39331722,0.60482043,0.0009918341,0.0008704926
503431.jpg,0.021683773,0.9769117,0.0004884182,0.0009161409
503432.jpg,0.0087023545,0.9818302,0.0065200906,0.0029473184
503433.jpg,0.7684973,0.22881232,0.0016333698,0.0010570189
503434.jpg,0.9323937,0.063210316,0.004120549,0.00027546083
503435.jpg,0.9941129,0.0055117887,0.0002930532,8.226782e-05
503436.jpg,0.99310684,0.005828189,0.0009428668,0.00012218195
503437.jpg,0.9390517,0.059835743,0.0006575095,0.00045498228
503438.jpg,0.9489255,0.050116207,0.00082033686,0.00013792409
503439.jpg,0.05928098,0.02249893,0.33572045,0.5824997
503440.jpg,0.12167439,0.8757975,0.0013161459,0.0012119403
503441.jpg,0.0847602,0.9135178,0.00042355634,0.0012984377
503442.jpg,0.0086531695,0.98982483,0.00037367208,0.0011483206
503443.jpg,0.8548796,0.14335507,0.0009517246,0.00081357575
503444.jpg,0.6823136,0.31409827,0.0013107471,0.002277415
503445.jpg,0.9882601,0.011060592,0.0004780949,0.00020115315
503446.jpg,0.0071238703,0.9818689,0.008272178,0.0027350325
503447.jpg,0.53113216,0.46141458,0.004894611,0.0025586442
503448.jpg,0.03190839,0.4554532,0.31058946,0.20204902
503449.jpg,0.32711753,0.010862205,0.6582642,0.00375604
503450.jpg,0.0040468,0.929862,0.00081381603,0.0652773
503451.jpg,0.90150386,0.09521731,0.0017328499,0.0015460028
503452.jpg,0.00010780158,0.0025062526,0.0021404892,0.99524546
503453.jpg,0.012374026,0.9860428,0.0006668645,0.00091624603
503454.jpg,0.024759933,0.19869454,0.77471095,0.0018345431
503455.jpg,0.00097625953,0.3164973,0.038655717,0.64387065
503456.jpg,0.028599,0.63191015,0.007611724,0.33187914
503457.jpg,0.02473062,0.97432095,0.00030365316,0.0006447513
503458.jpg,0.9874212,0.011977465,0.00042266687,0.00017866684
503459.jpg,0.98494357,0.014535744,0.0003467462,0.0001739555
503460.jpg,0.034578267,0.96365386,0.00073591154,0.0010319175
503461.jpg,0.6935436,0.30473256,0.0008933065,0.0008305165
503462.jpg,0.069343545,0.9282972,0.0008103841,0.0015488466
503463.jpg,0.99523526,0.0040934696,0.000549852,0.000121341036
503464.jpg,0.9730439,0.02619267,0.00047413437,0.00028929638
503465.jpg,0.98880005,0.0107839415,0.0002742647,0.00014170514
503466.jpg,0.005025983,0.99346775,0.00062069023,0.00088557816
503467.jpg,0.0041303555,0.99382323,0.0012742834,0.00077218254
503468.jpg,0.0031007442,0.7561641,0.18865275,0.052082386
503469.jpg,0.99543875,0.0041677747,0.00030318668,9.024486e-05
503470.jpg,7.3326664e-05,0.0009094893,0.00032277277,0.9986944
503471.jpg,0.41143963,0.585319,0.0022188409,0.0010226051
503472.jpg,0.67916876,0.3189768,0.0008725939,0.0009817978
503473.jpg,0.99508697,0.0042808116,0.00055509014,7.712878e-05
503474.jpg,0.6574669,0.042701066,0.16162385,0.13820823
503475.jpg,0.0007853268,0.0028841647,0.143517,0.8528135
503476.jpg,0.014715023,0.9828761,0.0007696725,0.0016391985
503477.jpg,0.6182659,0.37764144,0.0032348325,0.0008577925
503478.jpg,0.9910968,0.00839782,0.00038578562,0.00011961356
503479.jpg,0.4659476,0.5312255,0.0017593397,0.0010675817
503480.jpg,0.6931867,0.30483592,0.0010674862,0.0009098646
503481.jpg,0.63148075,0.3676872,0.00039441162,0.00043767432
503482.jpg,0.99306226,0.006532568,0.0003018124,0.00010339544
503483.jpg,0.14543553,0.8526842,0.0010027945,0.0008774842
503484.jpg,0.08080849,0.9174733,0.0005016934,0.0012165217
503485.jpg,0.9941781,0.005200265,0.00043742973,0.00018420641
503486.jpg,0.982985,0.012186095,0.0046930714,0.0001358877
503487.jpg,0.00036538034,0.0011019016,0.7021087,0.29642394
503488.jpg,0.4807414,0.51753706,0.00041808072,0.0013033875
503489.jpg,0.50061184,0.29105923,0.20278299,0.005545942
503490.jpg,0.9778991,0.021590315,0.0004012858,0.00010927584
503491.jpg,0.6092595,0.3896747,0.00052886765,0.000536938
503492.jpg,0.9864362,0.013029349,0.00039741094,0.0001370875
503493.jpg,0.9928319,0.0067470744,0.00030699023,0.00011405114
503494.jpg,0.078863196,0.90177536,0.0020375624,0.017323887
503495.jpg,0.9913323,0.007899512,0.0006140945,0.00015409662
503496.jpg,0.8229459,0.17034976,0.0049045198,0.0017997861
503497.jpg,0.0057444684,0.9928519,0.0004238199,0.0009798096
503498.jpg,0.73866177,0.260731,0.00037695983,0.000230307
503499.jpg,0.007075948,0.99100953,0.00043493696,0.0014795357
503500.jpg,0.23235662,0.61298996,0.14467566,0.009977742
503501.jpg,0.24817275,0.0026846416,0.74900955,0.0001330681
503502.jpg,0.027986852,0.9702919,0.0010248913,0.0006962861
503503.jpg,0.14499858,0.8329072,0.02083995,0.0012542832
503504.jpg,0.72567385,0.2720347,0.0014294361,0.00086202525
503505.jpg,0.017193936,0.15861693,0.7394704,0.08471873
503506.jpg,0.9284966,0.06939315,0.0017709858,0.00033927648
503507.jpg,0.25847784,0.7394441,0.0006247329,0.0014533083
503508.jpg,0.9885387,0.01055561,0.0007524693,0.00015329506
503509.jpg,0.8910253,0.10785744,0.0007237626,0.00039345096
503510.jpg,0.99554855,0.004038013,0.00033074417,8.272467e-05
503511.jpg,0.22992283,0.76827693,0.0009975483,0.0008026682
503512.jpg,0.08830678,0.909084,0.001514167,0.0010950668
503513.jpg,0.5970411,0.14746429,0.24048322,0.015011403
503514.jpg,0.99456024,0.004874696,0.00047445044,9.05869e-05
503515.jpg,0.98656493,0.012769252,0.00051589444,0.0001499574
503516.jpg,0.9928935,0.0062053907,0.0007226505,0.0001783344
503517.jpg,0.20383471,0.7935548,0.0007108387,0.001899738
503518.jpg,0.020745242,0.97454506,0.003163888,0.0015458023
503519.jpg,0.9793213,0.019654652,0.00086306717,0.00016091518
503520.jpg,0.97018605,0.029187376,0.00040432496,0.00022227853
503521.jpg,0.32187155,0.6763422,0.00063789036,0.0011483409
503522.jpg,0.9335064,0.062074587,0.004126175,0.00029286568
503523.jpg,0.04539065,0.9528213,0.00060608983,0.0011819373
503524.jpg,8.995313e-05,8.764896e-05,0.99976605,5.634413e-05
503525.jpg,0.9604041,0.03485628,0.0040717074,0.00066795154
503526.jpg,0.108812176,0.8395813,0.047774702,0.0038317523
503527.jpg,0.9392364,0.05959553,0.0006321182,0.00053591206
503528.jpg,0.8245488,0.17464693,0.00036381464,0.00044049168
503529.jpg,0.15505187,0.8400924,0.003516306,0.0013394164
503530.jpg,0.99654174,0.003116518,0.00026964437,7.210402e-05
503531.jpg,0.0056047854,0.9916386,0.00076073705,0.0019959125
503532.jpg,0.0039952155,0.99430007,0.000775358,0.00092939567
503533.jpg,7.297783e-05,0.00013485487,0.9709322,0.028859966
503534.jpg,0.5827942,0.41590536,0.000803644,0.0004968311
503535.jpg,0.2377587,0.7611911,0.00031320602,0.00073695433
503536.jpg,0.0041020424,0.013813608,0.7044873,0.27759704
503537.jpg,0.62187874,0.37587583,0.0012056219,0.0010397685
503538.jpg,0.20165253,0.3290182,0.38216004,0.08716934
503539.jpg,0.5991623,0.39883348,0.0013702274,0.0006340243
503540.jpg,0.010088283,0.98801756,0.0006406213,0.001253536
503541.jpg,0.6139398,0.38161287,0.0039433655,0.00050397444
503542.jpg,0.7339751,0.2632354,0.0015790801,0.0012104586
503543.jpg,0.98506755,0.013734114,0.0010187099,0.00017963037
503544.jpg,0.0022921327,0.99423164,0.0005330688,0.0029431584
503545.jpg,0.9605484,0.03785236,0.0011876136,0.00041162645
503546.jpg,0.15844846,0.83834785,0.0021292733,0.0010744754
503547.jpg,0.00018507209,0.000646196,0.5348894,0.4642793
503548.jpg,0.11430168,0.88436526,0.00054226536,0.0007908887
503549.jpg,0.9872573,0.0113013135,0.0010679791,0.00037334222
503550.jpg,0.00020647574,0.0009029607,0.16904837,0.82984215
503551.jpg,0.9920538,0.007240252,0.00059200503,0.00011395073
503552.jpg,0.014013447,0.983321,0.00056691846,0.0020985587
503553.jpg,0.00019128765,0.00063160213,0.03990901,0.9592681
503554.jpg,0.40390304,0.59310055,0.0013577901,0.0016386161
503555.jpg,0.8326681,0.16612887,0.0009285454,0.00027438067
503556.jpg,0.96240306,0.03684218,0.00045979104,0.00029499645
503557.jpg,0.47986296,0.5177629,0.0016995635,0.00067460124
503558.jpg,0.983942,0.0116047235,0.0042609996,0.00019232622
503559.jpg,0.25198904,0.22751683,0.51722795,0.003266109
503560.jpg,0.7914099,0.20608552,0.0015551286,0.00094947877
503561.jpg,0.11345187,0.104136966,0.35235402,0.43005708
503562.jpg,0.96831703,0.02131779,0.010137259,0.00022788216
503563.jpg,0.00023025968,0.0014649588,0.90832704,0.08997776
503564.jpg,0.40995213,0.5751729,0.010224895,0.004650085
503565.jpg,0.9210637,0.07278254,0.005886396,0.00026732314
503566.jpg,0.99296093,0.0065773055,0.0003400937,0.00012164427
503567.jpg,0.32909396,0.39607778,0.22209895,0.05272931
503568.jpg,0.31106994,0.68586,0.0010299709,0.002040157
503569.jpg,0.8618056,0.13693821,0.0009980755,0.00025809454
503570.jpg,0.49758992,0.5013054,0.0006029976,0.00050169206
503571.jpg,0.9968365,0.0028187216,0.00026510167,7.964617e-05
503572.jpg,0.9782543,0.021050462,0.00047128668,0.00022396032
503573.jpg,0.006763289,0.47237357,0.09020237,0.43066072
503574.jpg,0.99190044,0.0074771265,0.00047435935,0.0001479945
503575.jpg,0.9865431,0.012080133,0.0012562633,0.00012050997
503576.jpg,0.99588245,0.0037612824,0.0002987397,5.7569396e-05
503577.jpg,0.0012615602,0.007763621,0.9512787,0.039696176
503578.jpg,0.56128067,0.101643056,0.33580408,0.001272243
503579.jpg,0.87586707,0.122651756,0.0010588352,0.00042238692
503580.jpg,0.3226,0.675044,0.0013037082,0.0010522989
503581.jpg,0.42988798,0.568546,0.0007514152,0.0008146775
503582.jpg,0.9123003,0.08387509,0.0032063283,0.00061828666
503583.jpg,0.40074745,0.5969898,0.0012482265,0.0010144789
503584.jpg,0.8093434,0.18301098,0.0059817876,0.0016638468
503585.jpg,0.936513,0.059956923,0.00261305,0.00091699115
503586.jpg,0.9213249,0.076915935,0.00068144174,0.0010777189
503587.jpg,0.21897109,0.7790932,0.00069807,0.0012376211
503588.jpg,0.009598602,0.98813623,0.0009519358,0.0013132266
503589.jpg,0.9719286,0.02565184,0.002114821,0.0003047173
503590.jpg,0.20284946,0.15291794,0.63051564,0.013716954
503591.jpg,0.023676552,0.97240144,0.0013750474,0.0025470136
503592.jpg,0.97750825,0.021458784,0.0008450663,0.00018791901
503593.jpg,0.8232966,0.17458312,0.0015357631,0.000584484
503594.jpg,0.24591196,0.7504414,0.0021421304,0.0015045423
503595.jpg,0.00019362319,0.000405437,0.9983396,0.0010613591
503596.jpg,0.46554294,0.5330547,0.00061079505,0.00079148804
503597.jpg,0.41099343,0.0123542445,0.5752581,0.0013943176
503598.jpg,0.3040473,0.69383854,0.0012435009,0.00087070215
503599.jpg,0.2925038,0.5790332,0.12117135,0.0072916592
503600.jpg,0.63137376,0.35395828,0.0048485384,0.009819388
503601.jpg,0.00030236482,0.0013296497,0.0048877965,0.9934802
503602.jpg,0.98208666,0.01709435,0.00061092846,0.00020804722
503603.jpg,0.9696236,0.02962304,0.00051042176,0.00024292768
503604.jpg,0.0148503035,0.98389125,0.0006242034,0.00063426176
503605.jpg,0.16185044,0.8344693,0.0011381871,0.0025420648
503606.jpg,0.2938142,0.70250624,0.001246784,0.0024327934
503607.jpg,0.34201333,0.6546169,0.0009287764,0.0024410186
503608.jpg,0.017373601,0.867451,0.09889389,0.016281454
503610.jpg,0.054714337,0.94155455,0.0019270093,0.0018041102
503611.jpg,0.741388,0.2572019,0.0007055476,0.00070446666
503612.jpg,0.9898803,0.009024881,0.00096673967,0.00012805844
503613.jpg,0.95571035,0.04318354,0.00082031364,0.0002858124
503614.jpg,0.56653506,0.4306364,0.0014182063,0.0014103361
503615.jpg,0.37387085,0.6245057,0.00072919554,0.0008942063
503616.jpg,0.087615155,0.9103303,0.0011606318,0.0008938799
503617.jpg,0.30129117,0.69699955,0.0007564243,0.00095283706
503618.jpg,0.00016773387,0.00038608085,0.8586254,0.14082073
503619.jpg,0.0035250734,0.8090953,0.17496686,0.012412737
503620.jpg,0.0005361238,0.0006077516,0.7831486,0.2157075
503621.jpg,0.98795325,0.011518319,0.00039315806,0.00013525381
503622.jpg,0.88716143,0.10925541,0.003110028,0.00047315203
503623.jpg,0.9454088,0.05385135,0.0004279172,0.00031190217
503624.jpg,0.9867055,0.0128441015,0.00030501763,0.00014547554
503625.jpg,0.9063173,0.092953704,0.00047955292,0.00024941962
503626.jpg,0.8230667,0.17613506,0.00051839394,0.00027983333
503627.jpg,0.54664207,0.45175657,0.0008427527,0.0007585755
503628.jpg,0.65399384,0.343775,0.0015318437,0.00069930014
503629.jpg,0.7892563,0.20933108,0.00089680933,0.00051580026
503630.jpg,0.007761589,0.9898393,0.0006744808,0.0017246337
503631.jpg,0.09667653,0.77032375,0.004493383,0.12850632
503632.jpg,0.99481034,0.0042627747,0.00081790116,0.00010905865
503633.jpg,0.5684516,0.42564097,0.004825378,0.0010820559
503634.jpg,0.13336842,0.86460835,0.0011252074,0.0008980199
503635.jpg,0.010311144,0.955358,0.0020125418,0.032318342
503636.jpg,0.9874192,0.012145881,0.00025884036,0.00017610534
503637.jpg,0.99439937,0.0051128007,0.00037470358,0.00011309739
503638.jpg,0.99104065,0.008184507,0.00062079803,0.00015405579
503639.jpg,0.3331286,0.6643049,0.0013277447,0.0012387341
503640.jpg,0.9939995,0.005252374,0.0006210135,0.00012718714
503641.jpg,0.6259702,0.37106133,0.0018028995,0.0011655968
503642.jpg,0.984513,0.014685365,0.00063722604,0.00016444646
503643.jpg,0.9925924,0.006473782,0.00062948343,0.0003043378
503644.jpg,0.9927676,0.0066641136,0.00041685105,0.00015144794
503645.jpg,0.7922907,0.20555158,0.0014572591,0.0007003897
503646.jpg,0.00020230054,0.0013471298,0.0038974155,0.9945531
503647.jpg,0.64598334,0.3505706,0.0022805796,0.0011654759
503648.jpg,0.58295447,0.41058922,0.0045876736,0.001868585
503649.jpg,0.43104926,0.5662207,0.0015625398,0.0011674272
503650.jpg,0.99430704,0.0054078787,0.00020307791,8.2083054e-05
503651.jpg,0.99008256,0.009487141,0.00029750654,0.0001328163
503652.jpg,0.06806165,0.92730856,0.0017597197,0.0028700337
503653.jpg,0.99200696,0.003302249,0.004559998,0.00013085648
503654.jpg,0.35055408,0.3539721,0.007739427,0.28773442
503655.jpg,9.9571356e-05,8.418413e-05,0.9996398,0.00017639896
503656.jpg,0.99585265,0.00381785,0.000243214,8.629064e-05
503657.jpg,0.6080733,0.38949752,0.0016003442,0.0008288065
503658.jpg,0.99595004,0.0034603921,0.00048424295,0.00010527773
503659.jpg,0.38265142,0.61379296,0.0020995447,0.0014560875
503660.jpg,0.9284174,0.064503886,0.0067360955,0.00034268133
503661.jpg,0.98737365,0.01216076,0.00030285554,0.00016274386
503662.jpg,0.0001997208,0.00033466346,0.93285847,0.066607095
503663.jpg,0.00018771773,8.5182306e-05,0.9996527,7.432719e-05
503664.jpg,0.0044908095,0.9938648,0.0006805475,0.0009639139
503665.jpg,0.013631751,0.9715202,0.0046366975,0.010211404
503666.jpg,0.9752864,0.022846228,0.000987175,0.0008801773
503667.jpg,0.9860802,0.011372022,0.0023265856,0.00022116123
503668.jpg,0.00087777944,0.0024492934,0.068820216,0.9278527
503669.jpg,0.99031514,0.008612342,0.00096384203,0.00010865092
503670.jpg,0.9846959,0.014428705,0.0006360835,0.00023932545
503671.jpg,0.023426862,0.97286433,0.0015258578,0.0021829477
503672.jpg,0.7620496,0.23536606,0.0015494124,0.0010349572
503673.jpg,0.99706095,0.0026113114,0.00026119634,6.655139e-05
503674.jpg,0.9055198,0.09272521,0.001454336,0.0003005762
503675.jpg,0.9441502,0.05455933,0.00095725915,0.00033316287
503676.jpg,0.0012171257,0.013079424,0.38474333,0.6009601
503677.jpg,0.19291861,0.8050898,0.00050274894,0.001488829
503678.jpg,0.001217435,0.02442404,0.17470561,0.7996529
503679.jpg,7.957328e-05,4.9891078e-05,0.9998183,5.2219784e-05
503680.jpg,0.26646745,0.73026735,0.0016743649,0.0015908374
503681.jpg,0.71906155,0.27181745,0.007944532,0.001176501
503682.jpg,0.9499739,0.048793834,0.000795606,0.0004367072
503683.jpg,0.9547999,0.04433356,0.0005817047,0.00028483613
503684.jpg,0.38251886,0.6135089,0.0018741206,0.0020981433
503685.jpg,0.02263915,0.0048906114,0.9586396,0.0138306925
503686.jpg,0.018097779,0.070900224,0.13499174,0.7760102
503687.jpg,0.006810665,0.99143624,0.0006168974,0.0011361722
503688.jpg,0.5525907,0.4337221,0.010742157,0.0029450469
503689.jpg,0.00425301,0.7464893,0.0003262111,0.24893153
503690.jpg,0.97376496,0.02521804,0.00086024514,0.00015678124
503691.jpg,0.047804054,0.9510093,0.00031092708,0.0008757417
503692.jpg,0.9896603,0.0098829055,0.00030950012,0.00014724025
503693.jpg,0.83730084,0.16016753,0.0014263652,0.0011052414
503694.jpg,0.98627853,0.012403309,0.0011244552,0.00019365521
503695.jpg,0.25335327,0.74107814,0.0020759872,0.003492602
503696.jpg,0.8986356,0.10022879,0.00062439305,0.0005111951
503697.jpg,0.025405243,0.9723595,0.0006826257,0.0015526124
503698.jpg,0.011654623,0.98565054,0.00091103633,0.0017837575
503699.jpg,0.00037081703,0.00015204218,0.99931145,0.00016576385
503700.jpg,0.5407594,0.45755437,0.00084751775,0.0008387314
503701.jpg,0.5563331,0.03662451,0.40594235,0.0010999801
503702.jpg,0.97048277,0.028524747,0.0007763193,0.00021617039
503703.jpg,0.99401253,0.0055973963,0.00031641056,7.3674964e-05
503704.jpg,0.9854524,0.013580758,0.00082744117,0.00013937622
503705.jpg,0.0010621225,0.003999571,0.6948926,0.3000458
503706.jpg,0.006392782,0.32088494,0.004566852,0.66815543
503707.jpg,9.3471106e-05,0.0002524899,0.9982069,0.0014471757
503708.jpg,0.99458456,0.004814983,0.00045525585,0.00014516905
503709.jpg,0.9948194,0.0045167785,0.00056029187,0.00010352523
503710.jpg,0.5431035,0.45464218,0.001328911,0.0009253421
503711.jpg,5.4068954e-05,0.00011310675,0.9888601,0.010972719
503712.jpg,0.5296825,0.4039078,0.063871,0.0025386417
503713.jpg,0.30732864,0.6872389,0.0027158551,0.0027166335
503714.jpg,0.0394098,0.0005181355,0.95998913,8.292764e-05
503715.jpg,0.13854812,0.85983413,0.0006488741,0.00096893497
503716.jpg,0.0013036343,0.0003305513,0.99380904,0.0045567583
503717.jpg,0.005776521,0.992507,0.0007062753,0.0010102752
503718.jpg,0.8187222,0.18028289,0.00073220144,0.00026273515
503719.jpg,0.8919634,0.10248342,0.004848085,0.0007050531
503720.jpg,0.9908683,0.008592766,0.0004047999,0.00013416512
503721.jpg,0.17759816,0.8174407,0.002031562,0.002929603
503722.jpg,0.8933894,0.105532914,0.0007034535,0.00037419956
503723.jpg,0.546125,0.41391706,0.038483042,0.0014749105
503724.jpg,0.02499672,0.96437377,0.007006306,0.0036232297
503725.jpg,0.020859452,0.010242526,0.33241332,0.6364847
503726.jpg,0.020553606,0.9781813,0.0002801371,0.000984954
503727.jpg,0.027018944,0.96776724,0.0019711452,0.003242662
503728.jpg,0.550445,0.4479343,0.0006430256,0.0009776306
503729.jpg,0.0007201295,0.0035776505,0.62468266,0.3710195
503730.jpg,0.977938,0.020405337,0.0015018905,0.00015480629
503731.jpg,0.9922505,0.007351225,0.00031045976,8.7776396e-05
503732.jpg,0.8027542,0.19459547,0.001242177,0.001408054
503733.jpg,0.0024669685,0.9958617,0.0002726635,0.0013986393
503734.jpg,7.7500554e-05,0.0007747793,0.00031437082,0.99883336
503735.jpg,0.89649147,0.102431156,0.00057430234,0.0005030616
503736.jpg,0.67783,0.32064673,0.0010101103,0.0005131542
503737.jpg,0.98784596,0.0114339525,0.0005618803,0.00015819883
503738.jpg,0.91297597,0.08275043,0.0037362836,0.0005373221
503739.jpg,0.670742,0.32802537,0.00062693394,0.0006057098
503740.jpg,0.6303027,0.36855707,0.0006961252,0.00044408557
503741.jpg,0.09969322,0.028150177,0.65407044,0.21808623
503742.jpg,0.0018466118,0.035326023,0.0009020688,0.96192527
503743.jpg,0.6598881,0.33794618,0.0018100365,0.00035564796
503744.jpg,0.018703265,0.979682,0.00071247853,0.0009021831
503745.jpg,0.9938372,0.005772686,0.00030777956,8.2322826e-05
503746.jpg,0.0076935217,0.1076883,0.16913871,0.71547943
503747.jpg,0.006067484,0.9918062,0.00034862384,0.0017776437
503748.jpg,0.319868,0.6745317,0.004110773,0.0014894971
503749.jpg,0.014990881,0.98229593,0.00059707515,0.0021161335
503750.jpg,0.17326008,0.8151929,0.009630217,0.0019169245
503751.jpg,0.0010478138,0.17890267,0.090333425,0.7297161
503752.jpg,0.0004956925,0.0037308505,0.0023846228,0.99338883
503753.jpg,0.8328989,0.13765927,0.02837731,0.0010644527
503754.jpg,0.49185753,0.50491065,0.0017227238,0.0015091089
503755.jpg,0.07338518,0.33500114,0.0144044375,0.57720923
503756.jpg,0.16496684,0.81508476,0.010087411,0.009861004
503757.jpg,0.99727106,0.002434986,0.0002339171,6.003166e-05
503758.jpg,0.9750123,0.022005463,0.0026288128,0.00035340924
503759.jpg,0.99584335,0.003521612,0.00053697714,9.8063094e-05
503760.jpg,0.32095307,0.673433,0.004841549,0.00077239797
503761.jpg,0.101851165,0.6103633,0.2816259,0.0061596246
503762.jpg,0.38139915,0.61494976,0.002856957,0.00079418224
503763.jpg,0.0020438472,0.9956972,0.00038220812,0.0018766889
503764.jpg,0.077970475,0.23552744,0.054693285,0.6318088
503765.jpg,0.78021955,0.21797414,0.0010466953,0.0007596456
503766.jpg,0.7006963,0.2975024,0.00120564,0.00059560203
503767.jpg,0.43616727,0.5614436,0.0015514934,0.00083757745
503768.jpg,0.0007664922,0.0011811355,0.99779844,0.00025388983
503769.jpg,0.97697306,0.022372173,0.00049021695,0.00016453878
503770.jpg,0.00028047006,0.0011643548,0.791995,0.20656021
503771.jpg,0.007542543,0.9903644,0.00047116724,0.0016219377
503772.jpg,0.99611264,0.0033394564,0.00046530692,8.25956e-05
503773.jpg,0.0050768503,0.0003182709,0.9941041,0.00050076796
503774.jpg,0.19346869,0.80294544,0.0020017028,0.0015842178
503775.jpg,0.64122564,0.3565481,0.0016879812,0.0005382807
503776.jpg,0.8677521,0.12878709,0.003132676,0.00032814514
503777.jpg,0.9486492,0.05051511,0.0005965799,0.00023902232
503778.jpg,0.9131432,0.08540484,0.0012145326,0.00023734325
503779.jpg,0.96478397,0.03398882,0.00045856266,0.00076862884
503780.jpg,0.9964063,0.0031807881,0.0003251525,8.7778055e-05
503781.jpg,0.34524176,0.6519639,0.00081603153,0.0019783045
503782.jpg,0.9961414,0.0033000764,0.00049469306,6.3862455e-05
503783.jpg,0.68269116,0.31604263,0.0007542372,0.00051194505
503784.jpg,0.89742893,0.101807475,0.00050702895,0.0002565412
503785.jpg,0.0042993347,0.7966745,0.0003287747,0.19869737
503787.jpg,0.9839447,0.015541495,0.00038442257,0.00012932318
503788.jpg,0.47092667,0.5258796,0.0021126017,0.001081167
503789.jpg,0.98405,0.015401621,0.00042022904,0.0001282515
503790.jpg,0.75648874,0.2390316,0.003397789,0.0010819567
503791.jpg,0.36322832,0.6340517,0.0017603865,0.0009596006
503792.jpg,0.9930498,0.0061880327,0.0006366025,0.00012557018
503793.jpg,0.85760564,0.14037825,0.0010235701,0.0009925776
503794.jpg,0.72222275,0.27268317,0.0040993392,0.0009947172
503795.jpg,0.99325204,0.0054820417,0.0011373184,0.00012860914
503796.jpg,0.47663394,0.51881975,0.0032106116,0.0013357056
503797.jpg,0.8148742,0.18329763,0.0009439147,0.0008843301
503798.jpg,0.9910454,0.008111589,0.0006843495,0.00015859501
503799.jpg,9.436667e-05,5.9277078e-05,0.9997166,0.00012972408
503800.jpg,0.98543006,0.013962184,0.00042984055,0.00017784773
503801.jpg,0.500463,0.49811652,0.000813362,0.0006071147
503802.jpg,0.8698371,0.12774806,0.0015862742,0.0008285607
503803.jpg,0.00021389051,0.0002539761,0.9984865,0.0010455757
503804.jpg,0.95958996,0.03949027,0.00063044054,0.00028929414
503805.jpg,0.18099403,0.71886,0.031474825,0.068671115
503806.jpg,0.93521804,0.064007185,0.0005472765,0.00022753568
503807.jpg,0.98699254,0.012441504,0.0003865372,0.00017942663
503808.jpg,0.31793526,0.6752586,0.005359519,0.0014466463
503809.jpg,0.98801374,0.011361497,0.0005008031,0.00012393644
503810.jpg,0.70200306,0.29635534,0.001153741,0.00048790508
503811.jpg,0.18369676,0.8140442,0.001134561,0.0011244599
503812.jpg,0.9898264,0.008971418,0.0010481087,0.000154152
503813.jpg,0.9967492,0.0029040773,0.00028130165,6.542056e-05
503814.jpg,0.96861124,0.030145809,0.0008639763,0.00037894154
503815.jpg,0.7819117,0.2143551,0.0015284467,0.0022048072
503816.jpg,0.73319167,0.26152542,0.0037840146,0.0014989298
503817.jpg,0.9934034,0.0061337147,0.00033487557,0.00012804398
503818.jpg,0.101387985,0.8897825,0.007011656,0.0018178389
503819.jpg,0.73019266,0.267082,0.0017245837,0.0010007495
503820.jpg,0.9919985,0.0074764783,0.00038686805,0.00013812716
503821.jpg,0.37246838,0.6245398,0.0015523556,0.0014394721
503822.jpg,0.5291999,0.46936965,0.0005771395,0.00085326546
503823.jpg,0.00043916286,0.00014141235,0.99936444,5.4907796e-05
503824.jpg,0.01382449,0.98425454,0.0004381627,0.0014827779
503825.jpg,0.6602251,0.3353969,0.0031907375,0.001187307
503826.jpg,0.00024170867,0.0011361772,0.13321602,0.86540604
503827.jpg,0.016936656,0.00765208,0.7716875,0.20372371
503828.jpg,0.9576865,0.03901763,0.0029698405,0.00032600117
503829.jpg,0.7641754,0.23057263,0.0037225075,0.0015295465
503830.jpg,0.9962726,0.0027716635,0.0008623843,9.333648e-05
503831.jpg,0.041702926,0.17724292,0.07303177,0.7080224
503832.jpg,0.9960966,0.0034833942,0.00032013998,9.9864315e-05
503833.jpg,0.76813173,0.22968423,0.0018719401,0.00031209458
503834.jpg,0.022463499,0.9580903,0.008413605,0.011032615
503835.jpg,8.623482e-05,6.097587e-05,0.99964863,0.00020416944
503836.jpg,0.75455856,0.24341373,0.0011283221,0.0008993873
503837.jpg,0.0004693799,0.0002747065,0.9935634,0.0056925355
503838.jpg,0.70247793,0.2959833,0.0009161984,0.00062254077
503839.jpg,0.9951013,0.0043974747,0.0004241047,7.717663e-05
503840.jpg,0.2617178,0.73336154,0.0042016017,0.0007190952
503841.jpg,0.2694694,0.72491425,0.0033374766,0.0022788683
503842.jpg,0.863713,0.13472901,0.00085235905,0.00070560887
503843.jpg,0.08298328,0.91511774,0.0008499248,0.0010490537
503844.jpg,0.0007012869,0.0037145244,0.59442824,0.40115592
503845.jpg,0.672267,0.21675594,0.013095614,0.09788138
503846.jpg,0.9949193,0.004681759,0.00030113422,9.77733e-05
503847.jpg,0.010993795,0.98708534,0.0008851642,0.0010357125
503848.jpg,0.9235813,0.074300475,0.0017386986,0.0003795328
503849.jpg,0.95008963,0.04875867,0.0009504468,0.00020131492
503850.jpg,0.9948676,0.0046557602,0.0003706049,0.00010603676
503851.jpg,0.86690456,0.13218103,0.00053536193,0.00037905198
503852.jpg,0.9892002,0.0100532705,0.0005672392,0.00017928243
503853.jpg,0.00013398413,0.00081070355,0.016352857,0.9827025
503854.jpg,0.7486689,0.24954905,0.00085200305,0.00093005033
503855.jpg,0.71625346,0.28128698,0.0012913664,0.0011682456
503856.jpg,0.07429423,0.9240799,0.0005870798,0.0010388292
503857.jpg,0.0003065279,0.0011698307,0.09866696,0.8998566
503858.jpg,0.9950187,0.004619442,0.00026738146,9.4456744e-05
503859.jpg,0.87882894,0.12005953,0.00072236214,0.00038921283
503860.jpg,7.998493e-05,9.790243e-05,0.99956805,0.0002540523
503861.jpg,0.950572,0.04763778,0.0013653879,0.00042482637
503862.jpg,0.00047940176,0.0007980238,0.49703583,0.50168675
503863.jpg,0.012381923,0.98624593,0.00052868173,0.0008434478
503864.jpg,0.0430955,0.5585351,0.3912023,0.007167093
503865.jpg,0.35778078,0.63316166,0.004138729,0.004918884
503866.jpg,0.004344283,0.9165816,0.07135925,0.0077149123
503867.jpg,0.4080604,0.57903284,0.012017075,0.00088972575
503868.jpg,0.9957896,0.0037490812,0.000384539,7.6836004e-05
503869.jpg,0.98156446,0.017478248,0.00067318516,0.00028408787
503870.jpg,0.0017259321,0.013564738,0.4769404,0.5077689
503871.jpg,0.3003901,0.69822645,0.00047391522,0.0009095553
503872.jpg,0.9581594,0.04082899,0.00069094606,0.0003207662
503873.jpg,0.41146776,0.58706224,0.0008953439,0.0005746531
503874.jpg,0.52715725,0.46901476,0.0018755515,0.0019523812
503875.jpg,0.960027,0.039023813,0.0007382496,0.00021092557
503876.jpg,0.8072652,0.1884876,0.0025544642,0.0016926978
503877.jpg,0.6457026,0.3522483,0.0012236602,0.00082542
503878.jpg,0.9429452,0.055713326,0.00092138624,0.00042016557
503879.jpg,0.40936017,0.5881276,0.0008253775,0.0016868383
503880.jpg,0.9786186,0.020839497,0.0003155959,0.00022626352
503881.jpg,0.9369734,0.0626171,0.00028772771,0.000121764104
503882.jpg,0.996973,0.0026919043,0.00027339594,6.172386e-05
503883.jpg,0.14324887,0.8548942,0.0009237805,0.00093314686
503884.jpg,0.8562171,0.09766104,0.044613283,0.0015086633
503885.jpg,0.0002598839,0.0010674506,0.049008828,0.9496638
503886.jpg,0.6357245,0.36319438,0.0004185428,0.00066263793
503887.jpg,0.6587007,0.33872065,0.0017057232,0.0008729096
503888.jpg,0.02816441,0.9688675,0.00094791735,0.002020251
503889.jpg,0.41397777,0.5837024,0.0006363821,0.00168349
503890.jpg,0.43666157,0.21996231,0.34245035,0.0009258327
503891.jpg,0.992796,0.0066878013,0.00038771983,0.00012848455
503892.jpg,0.005486241,0.9927635,0.00038761998,0.0013626497
503893.jpg,0.60557497,0.3781267,0.015169561,0.0011287717
503894.jpg,0.0024540033,0.05692893,0.00097518816,0.93964195
503895.jpg,0.09387544,0.9037533,0.0014013295,0.00096999155
503896.jpg,0.0025980806,0.010525144,0.44125572,0.5456211
503897.jpg,0.6461235,0.3473219,0.0055386513,0.0010159413
503899.jpg,0.982711,0.015277478,0.0014211404,0.0005903881
503900.jpg,0.99296254,0.005643437,0.0012655784,0.00012844054
503901.jpg,0.99197334,0.0076077306,0.00029410244,0.00012478774
503902.jpg,0.004619877,0.72586304,0.0013175163,0.26819956
503903.jpg,0.9946546,0.0049251756,0.00033484484,8.536171e-05
503904.jpg,0.77798253,0.22086799,0.00059141946,0.0005580873
503905.jpg,0.99388236,0.005426852,0.0005928716,9.796366e-05
503906.jpg,0.9843703,0.01347499,0.0019417264,0.00021298975
503907.jpg,0.99097735,0.008486901,0.000446695,8.899149e-05
503908.jpg,0.00039901564,0.0057342337,0.13949426,0.8543725
503909.jpg,0.0007730282,0.0013140001,0.95735854,0.04055447
503910.jpg,0.30339643,0.69364184,0.001986609,0.0009751059
503911.jpg,0.9841401,0.013077172,0.002502885,0.00027980164
503912.jpg,0.5132845,0.48178372,0.0037411645,0.0011905952
503913.jpg,0.0778122,0.9193709,0.0013370436,0.001479847
503914.jpg,0.005005944,0.5802749,0.40175793,0.012961199
503915.jpg,0.78698045,0.20978646,0.002160618,0.0010724763
503916.jpg,0.007289162,0.9359555,0.0050936467,0.051661685
503917.jpg,0.00071691145,0.0018787078,0.90920883,0.08819551
503918.jpg,0.0031611945,0.0014818911,0.74893373,0.24642313
503919.jpg,0.00024471479,0.0015396514,0.0061919894,0.99202365
503920.jpg,0.017715732,0.012874808,0.023304014,0.9461055
503921.jpg,0.17953062,0.8162484,0.0013290602,0.0028918174
503922.jpg,0.74480104,0.2517939,0.0023695389,0.0010355198
503923.jpg,9.952844e-05,6.886633e-05,0.99967736,0.00015427177
503924.jpg,0.99297214,0.006348328,0.00050525926,0.00017427094
503925.jpg,0.029480254,0.10453414,0.8366607,0.02932491
503926.jpg,0.9481655,0.05070892,0.0005588223,0.00056676456
503927.jpg,0.12615187,0.87230164,0.00077797426,0.00076849293
503928.jpg,0.3469427,0.65146047,0.00079090655,0.00080597214
503929.jpg,0.98104614,0.018071856,0.00065013,0.00023192499
503930.jpg,0.07384149,0.9241931,0.0012292234,0.0007361942
503931.jpg,0.7538088,0.2435373,0.0014308323,0.0012230452
503932.jpg,0.98837835,0.010564533,0.00093517057,0.000121958576
503933.jpg,0.31782943,0.677927,0.0018898445,0.0023537034
503934.jpg,0.9203635,0.0788729,0.00055633363,0.0002072117
503935.jpg,0.5456882,0.45314798,0.00059619034,0.0005676118
503936.jpg,0.010276522,0.08513371,0.89600295,0.008586865
503937.jpg,0.0028385266,0.9947331,0.00032864985,0.0020997638
503938.jpg,0.9949491,0.0045892852,0.00033995896,0.00012161923
503939.jpg,0.0125160515,0.9858145,0.0006751379,0.0009943304
503940.jpg,0.7177829,0.2799028,0.0015037749,0.0008105138
503941.jpg,0.038441382,0.9598802,0.0005243798,0.0011540381
503942.jpg,0.00565852,0.005783649,0.55491966,0.43363822
503943.jpg,0.0055197612,0.9928968,0.00052078516,0.001062639
503944.jpg,0.9656823,0.03343779,0.0005530521,0.00032675438
503945.jpg,0.99644464,0.0031669557,0.00031483805,7.353219e-05
503946.jpg,9.825174e-05,0.00012679683,0.9958987,0.0038762419
503947.jpg,0.9932022,0.006129906,0.00056475325,0.00010300955
503948.jpg,0.020871103,0.97604865,0.0020360844,0.0010442066
503949.jpg,0.20568597,0.79217607,0.0013707328,0.000767208
503950.jpg,0.014635697,0.9827625,0.00085306773,0.0017487821
503951.jpg,0.005634206,0.9251847,0.00073919835,0.06844181
503952.jpg,0.00030663272,0.0012148157,0.46636367,0.53211486
503953.jpg,0.13160358,0.8659794,0.0013925947,0.0010243949
503954.jpg,0.7661621,0.23192056,0.0011015977,0.00081571843
503955.jpg,0.9940417,0.005468357,0.00039283754,9.712637e-05
503956.jpg,0.02538593,0.9725875,0.00084955274,0.001176962
503957.jpg,0.010916361,0.9874465,0.0004850789,0.001152101
503958.jpg,0.010315487,0.98785526,0.0006412941,0.0011879243
503959.jpg,0.0011139379,0.0056405775,0.81517226,0.17807318
503960.jpg,0.0059700706,0.992064,0.0013383833,0.00062758516
503961.jpg,0.015189685,0.9826233,0.00056863227,0.0016184166
503962.jpg,0.17479277,0.82284194,0.0013465133,0.0010187424
503963.jpg,0.26559237,0.7324516,0.0012358964,0.0007201035
503964.jpg,0.9236805,0.04066296,0.03393909,0.0017174879
503965.jpg,0.9216697,0.07666018,0.0013790895,0.00029098615
503966.jpg,0.0018540663,0.99690026,0.0003004741,0.0009452773
503967.jpg,0.98474616,0.013678454,0.0013820849,0.00019328833
503968.jpg,0.00028739808,0.0012169313,0.07923602,0.91925955
503969.jpg,0.6701062,0.32744193,0.0016025713,0.0008493145
503970.jpg,0.9933137,0.006220866,0.00036317622,0.00010232157
503971.jpg,0.012844346,0.9837553,0.0011396558,0.002260722
503972.jpg,0.99034923,0.009098069,0.0003813499,0.00017132152
503973.jpg,0.012503843,0.9850004,0.0004191425,0.0020766777
503974.jpg,0.005450729,0.11226278,0.33918154,0.54310495
503975.jpg,0.99331427,0.0062907045,0.0003092231,8.5817206e-05
503976.jpg,0.65050876,0.27044246,0.076693736,0.0023550724
503977.jpg,0.0027018564,0.302929,0.5171377,0.17723148
503978.jpg,0.3357704,0.6583559,0.004351278,0.0015224331
503979.jpg,0.8849688,0.11371244,0.0009111956,0.00040752895
503980.jpg,0.937213,0.061694536,0.0007556922,0.00033673842
503981.jpg,0.98020726,0.0187746,0.00065201026,0.00036611885
503982.jpg,0.77910393,0.21968539,0.0007367138,0.00047399654
503983.jpg,0.4173181,0.57188797,0.0094122775,0.0013816152
503984.jpg,0.98919374,0.009909217,0.0007572,0.00013986394
503985.jpg,0.008942496,0.20154671,0.19340764,0.5961032
503986.jpg,0.013666232,0.98378205,0.0012665826,0.0012851554
503987.jpg,0.23716961,0.7611769,0.0007668989,0.00088655687
503988.jpg,0.10120829,0.89642286,0.0015292242,0.0008396452
503989.jpg,0.5791486,0.26014516,0.15903543,0.0016708669
503990.jpg,0.1333539,0.8627908,0.0018981892,0.0019571001
503991.jpg,0.03800432,0.96054,0.00054034934,0.00091536064
503992.jpg,0.9935484,0.006148637,0.00022498048,7.799449e-05
503993.jpg,0.965048,0.03382103,0.0007974848,0.00033351092
503994.jpg,0.9952491,0.0043714885,0.00030251613,7.6821314e-05
503995.jpg,0.511036,0.36173213,0.1262604,0.0009715122
503996.jpg,0.004690441,0.98920316,0.004146083,0.001960294
503997.jpg,0.0002804353,0.000102887345,0.9995086,0.000108092674
503998.jpg,0.9939213,0.005485892,0.00048245184,0.00011040556
503999.jpg,8.011141e-05,0.00050908996,0.009161436,0.9902494
504000.jpg,0.6853285,0.053682532,0.26058134,0.0004075798
504001.jpg,0.98493606,0.01307227,0.0018545365,0.00013712897
504002.jpg,0.9950182,0.0045662294,0.00029065285,0.00012494666
504003.jpg,0.006607067,0.99122065,0.0006361127,0.0015362343
504004.jpg,0.006719578,0.9908846,0.00064010225,0.0017557099
504005.jpg,0.9848611,0.014279708,0.0007414807,0.000117703115
504006.jpg,0.99314255,0.0064653126,0.0003067097,8.545959e-05
504007.jpg,0.6783509,0.31872544,0.0024325764,0.0004910074
504008.jpg,0.8642791,0.13420027,0.0009983097,0.000522311
504009.jpg,0.99536985,0.0042653955,0.00026758638,9.7168675e-05
504010.jpg,0.83511925,0.1641588,0.0004173664,0.0003045842
504011.jpg,0.55915016,0.43908215,0.0005227832,0.0012449451
504012.jpg,0.008190232,0.98884267,0.001212153,0.0017550564
504013.jpg,0.00039005862,0.0025786338,0.9506598,0.046371505
504014.jpg,0.33972633,0.6586256,0.00075642177,0.000891659
504015.jpg,0.39275047,0.5962477,0.008314928,0.0026869492
504016.jpg,0.37600616,0.6185456,0.004813861,0.0006343502
504017.jpg,0.9823389,0.016568476,0.0009032612,0.00018936813
504018.jpg,0.59766763,0.40040228,0.0009406063,0.0009895292
504019.jpg,0.36232376,0.37542132,0.25613376,0.006121174
504020.jpg,0.6193268,0.3792971,0.00079080695,0.00058530574
504021.jpg,0.0024355592,0.020889552,0.76195663,0.21471827
504022.jpg,0.62188065,0.3766071,0.0007950515,0.0007171685
504024.jpg,0.016483055,0.9751666,0.0069994256,0.0013508737
504025.jpg,0.4299301,0.5678325,0.0011178106,0.0011196045
504026.jpg,0.020357706,0.97634363,0.0019180602,0.0013806345
504027.jpg,0.36459517,0.63036793,0.0029041965,0.0021326847
504028.jpg,0.96719426,0.031247973,0.001337465,0.00022028544
504029.jpg,0.0044463375,0.9934892,0.00095415505,0.0011103052
504030.jpg,0.023504242,0.9735196,0.0015527523,0.0014233735
504031.jpg,0.0049107536,0.9897267,0.0035415404,0.0018210007
504032.jpg,0.0022753594,0.9964631,0.00028113317,0.0009803983
504033.jpg,0.0065375865,0.99207467,0.00033388473,0.0010539038
504034.jpg,0.4472458,0.54881567,0.0019624203,0.0019761187
504035.jpg,0.991781,0.0075768456,0.00046005147,0.00018207723
504036.jpg,0.9905095,0.008935739,0.0003724013,0.00018236932
504037.jpg,0.01222646,0.98616487,0.0008015851,0.0008070658
504038.jpg,0.0002497034,0.00092896185,0.90600985,0.092811465
504039.jpg,0.315354,0.6832593,0.00057345914,0.00081324327
504040.jpg,0.9846551,0.01099632,0.0042312597,0.00011734403
504041.jpg,0.04150025,0.031243047,0.92665005,0.000606622
504042.jpg,0.024951473,0.9733963,0.0005845178,0.0010677688
504043.jpg,0.49545464,0.50241446,0.0010860924,0.0010447841
504044.jpg,0.9918116,0.007033112,0.001032866,0.00012245409
504045.jpg,0.99262905,0.00670491,0.00056168437,0.00010436604
504046.jpg,0.0020785762,0.014177746,0.0011186934,0.98262495
504047.jpg,0.061919946,0.93672866,0.00041193957,0.0009395019
504048.jpg,0.8055385,0.19316976,0.00067082327,0.0006209709
504049.jpg,0.9945802,0.004998919,0.0003366374,8.4242965e-05
504050.jpg,0.9959636,0.0035654092,0.00036956125,0.00010149608
504051.jpg,0.16018043,0.833884,0.003722649,0.002212882
504052.jpg,0.9527399,0.046228547,0.0007656536,0.00026586378
504053.jpg,0.057013184,0.94119626,0.000990924,0.00079960894
504054.jpg,0.40546396,0.59149575,0.000915399,0.0021248243
504055.jpg,0.994694,0.004826727,0.00036283737,0.00011649303
504056.jpg,0.00067463564,0.083438784,0.0013564621,0.9145301
504057.jpg,0.00026099817,0.0030419703,0.16417931,0.8325177
504058.jpg,0.73566055,0.2272505,0.03590941,0.0011795042
504059.jpg,0.011698048,0.98659587,0.0005754403,0.0011305953
504060.jpg,0.6370211,0.36103353,0.00047656076,0.0014687747
504061.jpg,0.0058752126,0.0006999651,0.9929945,0.00043028747
504062.jpg,0.9871389,0.0121599,0.00053695444,0.00016422367
504063.jpg,0.09408289,0.007876503,0.44772187,0.45031878
504064.jpg,0.22972298,0.70203763,0.0041523143,0.064086996
504065.jpg,0.0122919055,0.9863011,0.0005209246,0.00088610285
504066.jpg,0.00040750913,0.0014903042,0.5013819,0.4967203
504067.jpg,0.110376336,0.58040446,0.28882286,0.02039643
504068.jpg,0.3895315,0.6060073,0.0022472285,0.0022139915
504069.jpg,7.3651e-05,0.00052643666,0.007979254,0.9914207
504070.jpg,0.4158597,0.58208674,0.0009686633,0.0010848887
504071.jpg,0.8889165,0.10986414,0.000956876,0.00026252164
504072.jpg,0.13116808,0.86668825,0.0011910045,0.0009526685
504073.jpg,0.9761575,0.02301436,0.0006123235,0.0002158556
504074.jpg,0.114782296,0.8817086,0.0018470706,0.0016620056
504075.jpg,0.2991964,0.6978746,0.0017474535,0.0011815188
504076.jpg,0.16034251,0.4883882,0.19336368,0.15790555
504077.jpg,0.9875279,0.012085155,0.00029723937,8.9705165e-05
504078.jpg,0.002275299,0.99437684,0.0005605861,0.0027873192
504079.jpg,0.9906685,0.008628782,0.00058383594,0.00011895203
504080.jpg,0.96134263,0.013501345,0.024641419,0.00051457953
504081.jpg,0.64145863,0.35433984,0.0010862668,0.0031152691
504082.jpg,6.8650224e-05,0.00065027055,0.0079461,0.991335
504083.jpg,0.9916244,0.007619728,0.0005624467,0.0001933725
504084.jpg,0.99521685,0.0044546416,0.00025411023,7.43686e-05
504085.jpg,0.000119208555,0.00061588356,0.007875978,0.991389
504086.jpg,0.035274033,0.9630513,0.00048561077,0.0011889733
504087.jpg,0.9882574,0.010888696,0.0006599414,0.00019397815
504088.jpg,0.99619025,0.0032946144,0.00041230573,0.00010296039
504089.jpg,0.28384602,0.7085921,0.0019360954,0.0056257225
504090.jpg,0.5912127,0.40724373,0.000994689,0.0005488402
504091.jpg,0.010069698,0.9872606,0.0016633057,0.0010064039
504092.jpg,0.87352234,0.12420734,0.000918696,0.001351606
504093.jpg,0.0029334277,0.9791476,0.0007589211,0.01716014
504094.jpg,0.9960446,0.0036784625,0.00021305414,6.3949745e-05
504095.jpg,0.024839096,0.9734068,0.00070292526,0.0010511937
504096.jpg,0.22015506,0.22177984,0.5415419,0.016523248
504097.jpg,0.00017431944,6.410246e-05,0.9995785,0.00018305208
504098.jpg,0.034111623,0.9644184,0.00056678103,0.00090313936
504099.jpg,0.99077743,0.00875836,0.00033027728,0.00013398832
504100.jpg,0.796175,0.20083202,0.0020036583,0.0009893157
504101.jpg,0.3249766,0.6645536,0.0026812104,0.007788595
504102.jpg,0.25507107,0.7419831,0.0009266215,0.002019272
504103.jpg,0.61323875,0.38375568,0.001809202,0.001196317
504104.jpg,6.284602e-05,8.34387e-05,0.9939955,0.0058582374
504105.jpg,0.9967503,0.002614988,0.00054455205,9.022361e-05
504106.jpg,0.99452525,0.005018227,0.0003542664,0.000102189144
504107.jpg,0.99627453,0.003358342,0.00028215477,8.4931824e-05
504108.jpg,0.52674717,0.4702414,0.0019117204,0.0010997371
504109.jpg,0.99276215,0.006612873,0.0005020877,0.00012286614
504110.jpg,0.9927468,0.006597606,0.00046599482,0.00018967321
504111.jpg,0.6303318,0.36830845,0.0005271568,0.0008325611
504112.jpg,0.82667065,0.112588905,0.05970308,0.001037425
504113.jpg,0.025845429,0.96812373,0.002134642,0.0038961663
504114.jpg,0.6313779,0.35756588,0.010559406,0.0004969318
504115.jpg,0.68856335,0.30595848,0.004245021,0.0012331705
504116.jpg,0.9944272,0.005202653,0.00026847675,0.00010168073
504117.jpg,0.29832715,0.6819248,0.004588219,0.015159846
504118.jpg,0.99184006,0.007443192,0.0005838362,0.00013290733
504119.jpg,0.00061370694,0.0012045706,0.5493796,0.44880214
504120.jpg,0.30799934,0.6873706,0.0015702468,0.0030597923
504121.jpg,0.0027127971,0.07350475,0.023203654,0.9005788
504122.jpg,0.21757889,0.023318304,0.58892584,0.17017694
504123.jpg,0.9966288,0.0030982017,0.00020208264,7.087787e-05
504124.jpg,0.0015506609,0.45832816,0.006541716,0.53357947
504125.jpg,0.0032978,0.9533989,0.0038387508,0.039464593
504126.jpg,0.28626716,0.712087,0.0008319215,0.00081390113
504127.jpg,0.9865877,0.012704298,0.0005687317,0.00013920772
504128.jpg,0.00020382495,0.00016720447,0.9992729,0.00035605603
504129.jpg,0.048961576,0.06286071,0.013579038,0.8745987
504130.jpg,0.71207356,0.27859786,0.008555442,0.0007731192
504131.jpg,0.13706557,0.8604453,0.0012220162,0.0012670819
504132.jpg,0.74824876,0.24914877,0.0019767573,0.00062575605
504133.jpg,0.9963563,0.003400093,0.0001798786,6.371284e-05
504134.jpg,0.003398346,0.99509954,0.00033818593,0.001163911
504135.jpg,0.00014512021,0.001197772,0.04136271,0.95729446
504136.jpg,0.7943492,0.20398599,0.0007456856,0.0009191318
504137.jpg,0.9930729,0.006312648,0.00041632119,0.000198143
504138.jpg,0.0030750458,0.0065811914,0.8642916,0.12605219
504139.jpg,0.98845714,0.011002817,0.00043862313,0.00010144433
504140.jpg,0.95936495,0.03637258,0.0039532357,0.00030920576
504141.jpg,0.011100985,0.9870515,0.0004839824,0.0013636155
504142.jpg,0.7320164,0.2666271,0.00091162714,0.00044483074
504143.jpg,0.4294896,0.030198956,0.53965014,0.0006613244
504144.jpg,0.12477828,0.8677735,0.0063499487,0.0010983216
504145.jpg,0.23809642,0.75893515,0.0010731048,0.0018952755
504146.jpg,0.99560976,0.0038407296,0.00045133728,9.817578e-05
504147.jpg,0.8389893,0.15877871,0.0017887251,0.00044321784
504148.jpg,0.15626198,0.83921593,0.0022144478,0.002307648
504149.jpg,0.007840361,0.5936995,0.3718926,0.026567465
504150.jpg,0.0025974214,0.99529713,0.00030772298,0.0017976835
504151.jpg,0.98274237,0.01654352,0.0004709385,0.00024314378
504152.jpg,0.04085813,0.9563212,0.0004899271,0.0023308059
504153.jpg,0.81425,0.18335068,0.001764354,0.00063500076
504154.jpg,0.00020533887,9.1653084e-05,0.9996335,6.960067e-05
504155.jpg,0.0002169793,0.0016336754,0.0026573846,0.9954919
504156.jpg,0.9967251,0.002974718,0.00020545129,9.469993e-05
504157.jpg,0.9826977,0.016574422,0.0005455565,0.00018233062
504158.jpg,0.0017582868,0.0005615692,0.99658376,0.0010963528
504159.jpg,0.8534238,0.14533663,0.000614807,0.00062476547
504160.jpg,0.56090236,0.43680453,0.0014906687,0.00080239616
504161.jpg,0.9797657,0.01963242,0.0005004727,0.00010142035
504162.jpg,0.98835117,0.01098977,0.00054165814,0.00011741041
504163.jpg,0.9842208,0.014760607,0.00076784,0.0002507315
504164.jpg,0.9901902,0.00934389,0.00034877882,0.00011720563
504165.jpg,0.004966953,0.9929808,0.00036420816,0.0016880814
504166.jpg,0.0025455372,0.86302716,0.0009292176,0.13349804
504167.jpg,0.37606406,0.6202157,0.0018301519,0.0018901125
504168.jpg,0.7858998,0.20713384,0.0061132703,0.0008531053
504169.jpg,0.9946003,0.0050485185,0.00024473373,0.00010649216
504170.jpg,0.0036859252,0.9936652,0.0003362431,0.0023125976
504171.jpg,0.9951234,0.00454378,0.00026001525,7.279511e-05
504172.jpg,0.93911093,0.029865867,0.030568583,0.000454671
504173.jpg,0.07606116,0.9207584,0.0016259277,0.0015545621
504174.jpg,0.00029472538,0.0003065939,0.86308664,0.13631208
504175.jpg,0.8216815,0.1760322,0.0016656396,0.0006206901
504176.jpg,0.5427961,0.013436471,0.4428462,0.0009212398
504177.jpg,0.7582435,0.24057348,0.0007730185,0.0004100021
504178.jpg,0.05851926,0.92541355,0.013574086,0.0024931247
504179.jpg,8.531431e-05,0.00012201745,0.9995019,0.00029082372
504180.jpg,0.00025793895,0.001500568,0.0010019834,0.9972396
504181.jpg,0.9627225,0.03358883,0.0032284933,0.00046015982
504182.jpg,0.011767961,0.9862594,0.0008609698,0.0011116605
504183.jpg,0.01011948,0.98634404,0.0011948029,0.0023416886
504184.jpg,0.012667429,0.9772647,0.00094295107,0.009124864
504185.jpg,0.03263182,0.0059008114,0.85327816,0.108189166
504186.jpg,0.0091642225,0.0002448234,0.9885563,0.0020346239
504187.jpg,0.0035326881,0.9947445,0.0006578909,0.0010649272
504188.jpg,9.213266e-05,0.001508688,0.00029825757,0.99810094
504189.jpg,0.18734528,0.8085332,0.0012824425,0.0028390826
504190.jpg,0.16031145,0.83745337,0.00094395346,0.0012912072
504191.jpg,0.1813551,0.81409615,0.0028088123,0.0017399066
504192.jpg,0.00021958549,0.0014774144,0.06282923,0.93547374
504193.jpg,0.30672562,0.6903329,0.0012611416,0.0016803577
504194.jpg,0.030058233,0.96830654,0.0006763478,0.0009589172
504195.jpg,0.36641863,0.6321762,0.0006144229,0.0007907298
504196.jpg,0.9933705,0.006118071,0.00039906125,0.00011241639
504197.jpg,0.9426732,0.056225512,0.0005151143,0.0005861561
504198.jpg,0.013067826,0.9832311,0.0023859004,0.0013151355
504199.jpg,0.024498293,0.9736225,0.00035722225,0.0015220767
504200.jpg,0.00040664035,0.0013226188,0.41176614,0.5865046
504201.jpg,0.98282355,0.014383011,0.0022156409,0.0005777905
504202.jpg,0.9911213,0.008346423,0.00041990355,0.000112319285
504203.jpg,0.78395647,0.21422279,0.0011171174,0.0007036608
504204.jpg,0.30828723,0.68948966,0.0013006814,0.00092238095
504205.jpg,0.0006442364,0.0055783335,0.026551383,0.967226
504206.jpg,0.17775144,0.8196433,0.0015577972,0.0010474755
504207.jpg,0.89146876,0.10209318,0.006227492,0.0002105607
504208.jpg,0.9964287,0.0030725906,0.00040414045,9.461478e-05
504209.jpg,0.6478699,0.35091648,0.00068032293,0.00053336774
504210.jpg,0.97263104,0.026364058,0.00073665957,0.0002681398
504211.jpg,0.99475497,0.00456488,0.00051428756,0.00016584837
504212.jpg,0.95140845,0.047747374,0.00051228254,0.000331899
504213.jpg,0.99257684,0.0070453356,0.00024361687,0.00013422142
504214.jpg,0.5306518,0.46411714,0.0045724805,0.0006585697
504215.jpg,0.0034017165,0.99422437,0.0012774052,0.0010964775
504216.jpg,0.83676624,0.15988429,0.0025665006,0.00078286673
504217.jpg,0.055364277,0.0051576807,0.9383297,0.0011484022
504218.jpg,0.00016380155,0.00013548796,0.9996211,7.965728e-05
504219.jpg,0.86774755,0.12932752,0.0012989332,0.0016259342
504220.jpg,0.6943628,0.2985646,0.0028645752,0.0042080036
504221.jpg,0.0044754706,0.0033141347,0.9205651,0.07164527
504222.jpg,0.050091747,0.9450984,0.003255999,0.0015538674
504223.jpg,0.0060719703,0.99166447,0.00050427206,0.0017592992
504224.jpg,0.00022789843,0.0015697795,0.31039527,0.687807
504225.jpg,0.13761663,0.8519058,0.0053740726,0.0051035215
504226.jpg,0.000567618,0.0008166104,0.97505045,0.023565365
504227.jpg,0.029978469,0.9646568,0.003777802,0.0015869811
504228.jpg,0.45013404,0.54833674,0.0007325855,0.0007966762
504229.jpg,0.16270404,0.83498144,0.0014726119,0.0008419024
504230.jpg,0.9921629,0.006799659,0.0008573501,0.00018017615
504231.jpg,0.2688096,0.613365,0.11208316,0.005742226
504232.jpg,0.9903005,0.009275217,0.00027219093,0.00015214898
504233.jpg,0.32143387,0.6771946,0.0004068243,0.00096469355
504234.jpg,0.4952569,0.5028457,0.0006872127,0.0012102632
504235.jpg,0.042124037,0.94499665,0.007902205,0.0049771084
504236.jpg,0.003624737,0.098157555,0.3667922,0.5314255
504237.jpg,0.9920385,0.0072778314,0.00055790105,0.0001257756
504238.jpg,0.00017568131,0.00043340246,0.7319897,0.26740116
504239.jpg,0.0022970075,0.0017665281,0.74316055,0.25277594
504240.jpg,0.024014533,0.97337407,0.0009950978,0.0016163243
504241.jpg,0.29535332,0.7006671,0.0018592767,0.0021203337
504242.jpg,0.65114754,0.346836,0.0011067678,0.00090969756
504243.jpg,0.00023407959,0.00041515948,0.9197195,0.0796312
504244.jpg,0.25860468,0.7372017,0.0014458197,0.0027478656
504245.jpg,0.99639684,0.0032513489,0.00027149884,8.032197e-05
504246.jpg,0.49220383,0.50501853,0.0016776851,0.0011000003
504247.jpg,0.77558106,0.2222308,0.00093049806,0.0012576105
504248.jpg,0.9145532,0.0846084,0.00057895767,0.00025939333
504249.jpg,0.03724765,0.9436822,0.015380893,0.0036892444
504250.jpg,0.6735042,0.32513812,0.0008298054,0.0005279076
504251.jpg,0.3103445,0.687926,0.00082443113,0.0009051869
504252.jpg,0.99409753,0.0054101837,0.0003598415,0.00013246997
504253.jpg,0.13971516,0.75877756,0.090444244,0.011063048
504254.jpg,0.23674393,0.678075,0.05565281,0.029528229
504255.jpg,0.9928096,0.00669883,0.00038940422,0.000102204394
504256.jpg,0.9952419,0.0042542852,0.00039843333,0.00010539231
504257.jpg,0.052962016,0.16112809,0.019061966,0.7668479
504258.jpg,0.9802689,0.018957602,0.0005156733,0.00025784853
504259.jpg,0.11638814,0.8814881,0.00095367664,0.0011701331
504260.jpg,0.38556418,0.6088309,0.0035903396,0.0020146035
504261.jpg,0.0045249737,0.32093477,0.26942608,0.40511417
504262.jpg,0.019702818,0.9785624,0.00068366295,0.0010510944
504263.jpg,0.9961969,0.0032102354,0.00053263205,6.0335165e-05
504264.jpg,0.99390477,0.0055741705,0.00042687615,9.41614e-05
504265.jpg,0.0020022506,0.9964952,0.00031869355,0.0011838897
504266.jpg,0.7784333,0.18597639,0.035210054,0.00038022667
504267.jpg,0.8824771,0.11416602,0.0029720971,0.00038479397
504268.jpg,0.9677468,0.013489801,0.01811404,0.0006493529
504269.jpg,0.65484416,0.34396574,0.0006057352,0.0005843946
504270.jpg,0.97869533,0.02069251,0.00043349617,0.00017872245
504271.jpg,0.0019401204,0.14956099,0.5504182,0.29808065
504272.jpg,0.0055058706,0.99267775,0.0005374623,0.0012788748
504273.jpg,0.98789483,0.011147206,0.0008548408,0.00010310904
504274.jpg,0.0013396748,0.0008160319,0.7853188,0.21252555
504275.jpg,0.9318805,0.06583388,0.0019961395,0.00028954237
504276.jpg,0.9952894,0.0041366443,0.0004911949,8.274901e-05
504277.jpg,6.6236425e-05,0.00011353063,0.99942034,0.0003998772
504278.jpg,0.63712,0.123227976,0.23932217,0.00032984314
504279.jpg,0.13668631,0.8598617,0.0028413853,0.0006105599
504280.jpg,0.96168375,0.037500437,0.00062200846,0.0001937156
504281.jpg,0.000390745,0.0016593351,0.4726039,0.52534604
504282.jpg,0.1150045,0.88107234,0.0025242583,0.001398919
504283.jpg,0.040511347,0.95704406,0.001149427,0.0012952025
504284.jpg,0.98579377,0.013641909,0.00038243193,0.00018193563
504285.jpg,0.9922932,0.007300166,0.0003076649,9.8988276e-05
504286.jpg,0.71706367,0.2808023,0.00168292,0.0004510499
504287.jpg,0.9241004,0.07544741,0.00033001334,0.00012212504
504288.jpg,0.9939542,0.005551879,0.00036924364,0.0001246565
504289.jpg,0.0051199496,0.9940128,0.0003817924,0.00048550265
504290.jpg,0.99089736,0.0086322,0.00027544552,0.000195076
504291.jpg,0.58440214,0.4134893,0.0010702355,0.0010383215
504292.jpg,0.24688546,0.75205797,0.00032471237,0.0007318913
504293.jpg,0.0036505933,0.9929916,0.0006216084,0.0027361577
504294.jpg,0.9038,0.066963054,0.028923614,0.00031329927
504295.jpg,0.90005445,0.0988264,0.0007663748,0.0003528114
504296.jpg,0.0012638997,0.07782813,0.32625887,0.59464914
504297.jpg,0.024319129,0.96761423,0.0064321323,0.0016344633
504298.jpg,0.984073,0.0149448,0.00077210367,0.00021010987
504299.jpg,0.42361236,0.5733697,0.0017088242,0.001309062
504300.jpg,0.011530988,0.98559314,0.0011988165,0.0016769854
504301.jpg,0.86610156,0.13203159,0.001279802,0.0005869945
504302.jpg,0.00021230771,0.0002525607,0.9988076,0.00072754646
504303.jpg,0.80138224,0.19662257,0.0012324445,0.00076281646
504304.jpg,0.99015397,0.009250361,0.0004928454,0.00010289977
504305.jpg,0.00034150932,0.00023915454,0.9989174,0.00050197024
504306.jpg,0.39625788,0.60134524,0.0012598768,0.001137076
504307.jpg,0.18371083,0.8142133,0.0008572505,0.0012186612
504308.jpg,0.0022013776,0.012860217,0.0038609353,0.9810775
504309.jpg,0.71822923,0.28065968,0.00043831576,0.00067283696
504310.jpg,0.5664498,0.4319279,0.00083353213,0.0007887929
504311.jpg,0.20919825,0.78765893,0.001810782,0.0013320324
504312.jpg,0.6914792,0.30684692,0.0011740563,0.00049979036
504313.jpg,0.9192052,0.08005708,0.00033341465,0.00040436746
504314.jpg,0.9954048,0.0042258473,0.00027771818,9.1623544e-05
504315.jpg,0.7865251,0.20524873,0.0075582354,0.0006679823
504316.jpg,0.123925306,0.8745424,0.00061004056,0.0009222426
504317.jpg,0.007823852,0.98941153,0.0012033194,0.0015613819
504318.jpg,0.09546097,0.901804,0.0012420705,0.0014930209
504319.jpg,0.47212455,0.5264435,0.0005808025,0.000851165
504320.jpg,0.99426156,0.0052383468,0.00040621217,9.387982e-05
504321.jpg,0.86082953,0.13681659,0.0016911402,0.000662795
504322.jpg,0.9880617,0.01120809,0.00056374125,0.00016640312
504323.jpg,0.7432259,0.25065127,0.0047360766,0.0013868418
504324.jpg,0.9062759,0.09116366,0.0019397786,0.0006206453
504325.jpg,0.9928681,0.006773375,0.00023693492,0.00012159641
504326.jpg,0.96162885,0.03685182,0.0012153789,0.00030401372
504327.jpg,0.95197487,0.04648496,0.0012465933,0.0002936019
504328.jpg,0.99382544,0.0055379085,0.0005404158,9.626922e-05
504329.jpg,0.9915207,0.0077817603,0.00053319306,0.00016426686
504330.jpg,0.0009249349,0.0023214996,0.98938876,0.0073647746
504331.jpg,0.0022139866,0.84246534,0.0011749064,0.15414575
504332.jpg,0.09729466,0.62502116,0.27546582,0.0022183827
504333.jpg,0.74684167,0.25179666,0.00084981206,0.0005118639
504334.jpg,0.002992694,0.99541146,0.00026025006,0.001335628
504335.jpg,0.26563093,0.051699866,0.682205,0.00046413884
504336.jpg,0.0032073434,0.0048277024,0.6609499,0.33101508
504337.jpg,0.63830996,0.36057377,0.00046181862,0.0006544713
504338.jpg,0.9817663,0.017497819,0.0004600232,0.00027585463
504339.jpg,0.3427105,0.65477604,0.0014495732,0.0010638912
504340.jpg,0.005270654,0.9917054,0.0013428443,0.0016811345
504341.jpg,0.0056373626,0.9918923,0.000824498,0.0016458654
504342.jpg,0.5554735,0.44254482,0.0011625976,0.0008191401
504343.jpg,0.9861271,0.013165613,0.0005507281,0.00015662254
504344.jpg,0.068934016,0.9283304,0.0018920605,0.00084347
504345.jpg,0.9402273,0.058026064,0.0011759247,0.0005706255
504346.jpg,0.9332161,0.06559395,0.0009340237,0.00025592092
504347.jpg,8.2196166e-05,0.00087847235,0.0003012032,0.9987381
504348.jpg,0.97803736,0.021346668,0.00041624616,0.00019974874
504349.jpg,0.025935506,0.03514574,0.93329924,0.005619602
504350.jpg,0.06282657,0.93538266,0.0007714806,0.0010192593
504351.jpg,0.00017104589,0.001353444,0.018852776,0.97962266
504352.jpg,0.6241759,0.37396255,0.0012762338,0.0005852839
504353.jpg,0.2921476,0.7062784,0.00063551223,0.00093848427
504354.jpg,0.08459127,0.9129517,0.00068844,0.0017685625
504355.jpg,0.06943337,0.9285552,0.001014738,0.0009967255
504356.jpg,0.7685015,0.17467695,0.056123804,0.0006977504
504357.jpg,0.22921902,0.35793686,0.17236112,0.24048297
504358.jpg,0.0003265467,0.0003982001,0.6132502,0.38602507
504359.jpg,0.6087279,0.14452583,0.0056255404,0.24112071
504360.jpg,0.81724244,0.17971289,0.0017460928,0.0012986338
504361.jpg,0.94538,0.052733943,0.0016122056,0.00027388232
504362.jpg,0.99544954,0.0040294337,0.00040779344,0.000113259426
504363.jpg,4.9716724e-05,0.0005399725,0.00021709647,0.99919325
504364.jpg,0.7858157,0.20465612,0.008921223,0.0006069275
504365.jpg,0.9928532,0.0066712424,0.000331903,0.00014365758
504366.jpg,0.5005222,0.49308077,0.0019894156,0.004407561
504367.jpg,0.91062546,0.08792308,0.0010817127,0.00036971248
504368.jpg,0.99445534,0.0050983303,0.0003630348,8.3276354e-05
504369.jpg,0.0033257753,0.8009228,0.18647671,0.009274774
504370.jpg,9.958473e-05,0.00085428427,0.001326555,0.9977196
504371.jpg,0.0011303875,0.0018067556,0.08694165,0.9101212
504372.jpg,0.06002556,0.9378507,0.00075939693,0.0013643289
504373.jpg,0.042492326,0.9547871,0.0012232956,0.0014972683
504374.jpg,0.9918286,0.0070598335,0.0010125189,9.900054e-05
504375.jpg,0.07546591,0.9092006,0.0010594741,0.014273993
504376.jpg,0.031637732,0.3870666,0.06930953,0.5119861
504377.jpg,0.8271553,0.17169696,0.0007830408,0.0003647109
504378.jpg,0.0040715714,0.9934489,0.00093449926,0.0015450552
504379.jpg,0.99257374,0.0069753435,0.00036489265,8.608017e-05
504380.jpg,0.9770134,0.022255803,0.0004600645,0.00027077258
504381.jpg,0.29555434,0.70282584,0.0006342178,0.000985562
504382.jpg,0.8879464,0.109378256,0.002367539,0.000307693
504383.jpg,0.4281058,0.5689053,0.0020963291,0.00089257496
504384.jpg,0.97961074,0.019713124,0.00044796395,0.00022809161
504385.jpg,0.7907669,0.20755148,0.0010434868,0.0006382111
504386.jpg,0.00022112201,0.00013368587,0.997865,0.0017801583
504387.jpg,0.4257001,0.5727605,0.00067081087,0.0008685773
504388.jpg,0.0039953035,0.99473524,0.00026029162,0.0010091221
504389.jpg,0.99292105,0.006571813,0.00035389734,0.00015325041
504390.jpg,0.1428303,0.85351413,0.002006803,0.0016488526
504391.jpg,0.0034406737,0.9920493,0.0011798054,0.0033302133
504392.jpg,0.07861879,0.5875887,0.28507027,0.048722256
504393.jpg,0.9643898,0.03470243,0.0006494994,0.0002582548
504394.jpg,0.9879598,0.011423473,0.000403092,0.00021369115
504395.jpg,0.98841405,0.010973294,0.00047636774,0.00013625511
504396.jpg,0.97515553,0.02326154,0.0012446914,0.00033826838
504397.jpg,0.0028323894,0.6410126,0.12922014,0.22693491
504398.jpg,0.9912259,0.007994902,0.00066057296,0.000118650896
504399.jpg,0.19360788,0.8037222,0.0016789347,0.0009909555
504400.jpg,9.682451e-05,0.00055297324,0.0013449531,0.9980052
504401.jpg,0.53804606,0.29871538,0.16195676,0.0012817719
504402.jpg,0.8961975,0.10171508,0.0017366075,0.0003508856
504403.jpg,0.99422914,0.004985467,0.00063389767,0.0001514325
504404.jpg,0.00782692,0.9900643,0.000761085,0.001347656
504405.jpg,0.9952569,0.0043683364,0.00027705522,9.777447e-05
504406.jpg,0.9870529,0.012213085,0.00058883335,0.0001451354
504407.jpg,0.35203192,0.6459077,0.00059182505,0.001468507
504408.jpg,0.95414513,0.04428352,0.0012902536,0.00028113578
504409.jpg,0.06577894,0.93085784,0.000792377,0.0025708636
504410.jpg,0.0041347933,0.5421403,0.027691955,0.42603293
504411.jpg,0.12894954,0.86947745,0.0006318984,0.0009411935
504412.jpg,0.9954223,0.0034570051,0.0009755022,0.00014521157
504413.jpg,0.99594384,0.0036415074,0.000311468,0.00010313195
504414.jpg,0.86968637,0.1286482,0.0008896766,0.0007757843
504415.jpg,0.0028790666,0.99536175,0.000280068,0.0014790971
504416.jpg,0.8267444,0.17093962,0.0016364544,0.0006795469
504417.jpg,0.08292114,0.9031386,0.011794937,0.0021453777
504418.jpg,0.97830373,0.020925676,0.00063210103,0.00013845113
504419.jpg,0.027225815,0.9711543,0.00075605535,0.0008638499
504420.jpg,0.986605,0.01284048,0.0004086756,0.00014582473
504421.jpg,0.0029744597,0.759964,0.077702604,0.15935893
504422.jpg,0.00091842073,0.004245519,0.011541353,0.9832947
504423.jpg,0.75269413,0.24407734,0.0020955165,0.0011329754
504424.jpg,0.0029938899,0.99464303,0.0004739625,0.0018891674
504425.jpg,0.19102745,0.8062207,0.0014751226,0.001276642
504426.jpg,0.9943819,0.0052380874,0.00030266066,7.729942e-05
504427.jpg,0.0011778675,0.0014178831,0.82435966,0.17304452
504428.jpg,0.9871381,0.011597876,0.0008851087,0.0003788737
504429.jpg,0.0041890033,0.002782366,0.7808246,0.21220404
504430.jpg,0.3656644,0.62637275,0.0015371259,0.0064256843
504431.jpg,0.9946838,0.0048980433,0.0003128772,0.00010525641
504432.jpg,0.03349134,0.9620268,0.0026560128,0.0018258743
504433.jpg,0.73273474,0.26562265,0.0009025359,0.0007401062
504434.jpg,0.004092155,0.992827,0.001764576,0.00131622
504435.jpg,0.9682748,0.030701786,0.0007965054,0.00022697634
504436.jpg,0.000100239005,0.00079375383,0.0004424937,0.9986634
504437.jpg,0.0002862332,0.0059882053,0.24389575,0.7498298
504438.jpg,0.0058958023,0.99257976,0.0005592192,0.00096525537
504439.jpg,0.9916703,0.0077493265,0.00045288328,0.0001274663
504440.jpg,0.30303362,0.69532233,0.0009773731,0.00066663726
504441.jpg,0.003159302,0.99464315,0.0010931654,0.0011044615
504442.jpg,0.5051681,0.3097447,0.04683082,0.13825645
504443.jpg,0.0024329596,0.9954292,0.00046886713,0.0016690417
504444.jpg,0.3719872,0.6262303,0.00064861117,0.0011339838
504445.jpg,0.7161736,0.16702515,0.09503739,0.021763923
504446.jpg,0.0028868925,0.99572533,0.0005329551,0.0008548693
504447.jpg,0.9949729,0.00460942,0.000342797,7.4883756e-05
504448.jpg,0.8437734,0.15118213,0.0041124825,0.0009319121
504449.jpg,0.98084885,0.018292334,0.0006180618,0.00024073721
504450.jpg,0.00010759224,4.7978658e-05,0.9997988,4.567909e-05
504451.jpg,0.6523463,0.3457924,0.0007505242,0.0011108002
504452.jpg,0.00085461367,0.011659324,0.33932352,0.64816254
504453.jpg,0.61542314,0.3822902,0.0014925193,0.0007941173
504454.jpg,0.6714122,0.32226244,0.0052534994,0.0010718232
504455.jpg,0.13759433,0.8595183,0.0015577722,0.0013295781
504456.jpg,0.0056475815,0.9908202,0.002336036,0.0011960809
504457.jpg,5.9072994e-05,0.0007737258,0.00041782213,0.99874943
504458.jpg,9.595532e-05,0.00013271878,0.99958855,0.00018272673
504459.jpg,0.90138274,0.09636683,0.0016311468,0.0006192617
504460.jpg,0.01627712,0.98175794,0.00057201344,0.0013929033
504461.jpg,0.9928071,0.0065914616,0.00040713325,0.00019431215
504462.jpg,0.0012218003,0.0012230586,0.8299448,0.16761039
504463.jpg,0.00016912764,0.0005305542,0.99757344,0.0017268291
504464.jpg,0.00018153102,0.0012713639,0.00053074927,0.99801636
504465.jpg,0.0038376108,0.9942209,0.0006128274,0.001328663
504466.jpg,0.008646143,0.9430167,0.0005626741,0.047774542
504467.jpg,0.38809586,0.60738647,0.0030267925,0.0014908849
504468.jpg,0.13247442,0.025250042,0.841934,0.00034150085
504469.jpg,0.708608,0.24225278,0.04691003,0.0022292126
504470.jpg,0.9949052,0.0047219545,0.00026462312,0.00010825939
504471.jpg,0.04912305,0.011066172,0.9395902,0.00022056808
504472.jpg,0.9810936,0.01712693,0.0015627999,0.00021671092
504473.jpg,0.46716616,0.5307346,0.00087427907,0.0012249481
504474.jpg,0.102682285,0.89488155,0.0010199758,0.0014162104
504476.jpg,0.9971172,0.0024902879,0.00030792094,8.447523e-05
504477.jpg,0.5945257,0.40314516,0.0014512842,0.000877883
504478.jpg,0.191248,0.0054607075,0.8032241,6.71822e-05
504479.jpg,0.009102975,0.98431206,0.0014675786,0.005117427
504480.jpg,0.5169794,0.46470666,0.012671375,0.0056425263
504481.jpg,0.3480443,0.65003306,0.00075954903,0.0011629846
504482.jpg,0.0034551925,0.7937727,0.005328782,0.19744337
504483.jpg,0.9731676,0.024995046,0.0016887902,0.00014856576
504484.jpg,0.5695687,0.42746472,0.0015341436,0.0014324303
504485.jpg,0.0037126995,0.99472857,0.00045999433,0.0010987605
504486.jpg,0.00018976763,0.002024204,0.0023752563,0.99541074
504487.jpg,0.007679222,0.9912362,0.00048363185,0.00060090603
504488.jpg,0.023963427,0.9733216,0.0015966193,0.0011183022
504489.jpg,0.15011916,0.842171,0.0062480667,0.0014617587
504490.jpg,0.0031405892,0.9030749,0.00170996,0.092074476
504491.jpg,0.004309323,0.7393363,0.0010083591,0.25534603
504492.jpg,0.0042447145,0.99316925,0.0008632478,0.0017228407
504493.jpg,0.6376607,0.36055377,0.0011775763,0.00060800364
504494.jpg,0.21586274,0.78153867,0.0016650544,0.0009335236
504495.jpg,0.98934394,0.010065873,0.00040377027,0.00018642146
504496.jpg,0.9895193,0.00833186,0.0019094301,0.00023948727
504497.jpg,0.25852337,0.736536,0.0032432682,0.0016973728
504498.jpg,0.37029305,0.6258761,0.0018774541,0.0019534503
504499.jpg,0.61886615,0.3777331,0.0022112024,0.0011896031
504500.jpg,0.0020304613,0.9947226,0.000368387,0.00287857
504501.jpg,0.25386608,0.20243454,0.5430495,0.0006499269
504502.jpg,0.75238866,0.24575858,0.0009644626,0.0008882959
504503.jpg,0.9937727,0.0056347344,0.0004419269,0.00015074237
504504.jpg,0.28361157,0.10189553,0.029319242,0.58517367
504505.jpg,0.045167077,0.9532005,0.0006933773,0.0009390816
504506.jpg,0.002149974,0.5470947,0.0007193766,0.45003593
504507.jpg,0.89262813,0.10648218,0.0005396602,0.00035003372
504508.jpg,0.04581912,0.002572138,0.19552962,0.75607914
504509.jpg,0.706237,0.28986382,0.0030552277,0.00084389694
504510.jpg,0.2392596,0.7441692,0.0147132585,0.0018580117
504511.jpg,0.99541634,0.004069647,0.00040342912,0.000110537636
504512.jpg,0.60517573,0.3800716,0.013457377,0.0012952894
504513.jpg,0.99631876,0.003231676,0.00037397162,7.5576856e-05
504514.jpg,0.9953292,0.004106228,0.00043256828,0.0001320167
504515.jpg,0.31661725,0.6769889,0.005366847,0.0010270068
504516.jpg,0.24766393,0.74955684,0.0014093252,0.0013698895
504517.jpg,0.00027182835,0.0025330263,0.4500339,0.5471613
504518.jpg,0.99366874,0.005716855,0.00049876043,0.00011564699
504519.jpg,0.51450276,0.4829675,0.001507453,0.0010222652
504520.jpg,0.8270571,0.09254441,0.07991973,0.00047872166
504521.jpg,0.024290463,0.96917325,0.002985303,0.0035509139
504522.jpg,0.0026018668,0.99494,0.0006198986,0.0018383131
504523.jpg,0.0023809983,0.008229461,0.88994044,0.09944921
504524.jpg,0.9942722,0.0053781583,0.00025656912,9.308773e-05
504525.jpg,0.0017999947,0.003723487,0.20628168,0.78819484
504526.jpg,0.44581917,0.5520754,0.0013864134,0.00071906345
504527.jpg,0.8831174,0.115314424,0.0010320545,0.00053618004
504528.jpg,0.0013388712,0.0002987316,0.9484466,0.04991579
504529.jpg,0.9045971,0.09280873,0.002308241,0.00028591757
504530.jpg,0.9956339,0.0038668162,0.00038728537,0.00011200938
504531.jpg,0.00065832696,0.0024036923,0.3157265,0.68121153
504532.jpg,0.3443639,0.65199375,0.0028598048,0.000782598
504533.jpg,0.6007829,0.3881589,0.009482824,0.0015754314
504534.jpg,0.17507108,0.8231694,0.0008992118,0.0008602948
504535.jpg,0.0008670101,0.0023547816,0.33628237,0.6604959
504536.jpg,0.9947192,0.0048120753,0.00035714475,0.00011155634
504537.jpg,0.14298,0.85479116,0.0012045236,0.0010242653
504538.jpg,0.9376963,0.056873266,0.0039044379,0.0015259655
504539.jpg,0.17293178,0.8230262,0.00091336103,0.0031287044
504540.jpg,0.99163294,0.0077937436,0.0004218331,0.00015154798
504541.jpg,0.745107,0.24763937,0.006711757,0.00054182165
504542.jpg,0.9820616,0.017004622,0.00072059216,0.00021315519
504543.jpg,0.74812436,0.24850367,0.0027451508,0.00062686444
504544.jpg,0.010593026,0.98292536,0.0017330041,0.004748628
504545.jpg,0.98504347,0.01450641,0.00029270016,0.00015748099
504546.jpg,0.9923837,0.007211309,0.00029130417,0.000113662805
504547.jpg,0.20406002,0.7931826,0.0013201119,0.0014372101
504548.jpg,0.992254,0.0072496594,0.00040190585,9.442328e-05
504549.jpg,0.9855532,0.013666025,0.0005699822,0.000210825
504550.jpg,0.3627404,0.060783565,0.007350408,0.5691256
504551.jpg,0.9880998,0.011169151,0.0005442906,0.00018671794
504552.jpg,0.7992795,0.05865857,0.1414723,0.00058953516
504553.jpg,0.99236685,0.007157603,0.000380573,9.490125e-05
504554.jpg,0.98653007,0.0124941245,0.0007035882,0.00027221095
504555.jpg,0.45085025,0.54513425,0.002380778,0.0016347878
504556.jpg,0.012272257,0.9848289,0.00088006345,0.0020188263
504557.jpg,0.9629982,0.035458762,0.0012195722,0.00032338555
504558.jpg,0.9953672,0.0042437725,0.00032407462,6.4963635e-05
504559.jpg,0.631237,0.36673975,0.0012200029,0.0008032901
504560.jpg,0.98432493,0.014981821,0.00051415357,0.00017911034
504561.jpg,0.27124652,0.724333,0.0031929554,0.0012275229
504562.jpg,0.0649543,0.9327771,0.00059876667,0.0016698682
504563.jpg,0.6521335,0.3456881,0.0013646022,0.0008137732
504564.jpg,0.99434036,0.005309028,0.00023930757,0.00011131047
504565.jpg,0.0023511997,0.026569098,0.94917566,0.021904005
504566.jpg,0.056135938,0.94077253,0.0017026355,0.0013889624
504567.jpg,0.4329981,0.013852592,0.5528205,0.0003287991
504568.jpg,0.8626771,0.13630338,0.00070478,0.0003147372
504569.jpg,0.57494783,0.38799143,0.03463905,0.002421632
504570.jpg,0.00015119738,0.00026659816,0.98360616,0.01597601
504571.jpg,0.97282094,0.025091352,0.0017356286,0.00035206127
504572.jpg,0.00022212998,0.004697634,0.0021164564,0.9929638
504573.jpg,0.30036822,0.69688624,0.0014698074,0.0012757718
504574.jpg,0.98924637,0.010259542,0.00030255696,0.00019153817
504575.jpg,0.16164427,0.83612967,0.0010720288,0.0011540189
504576.jpg,0.44882956,0.54899424,0.0015291558,0.00064711686
504577.jpg,0.9880989,0.01142707,0.00036104312,0.00011298072
504578.jpg,0.40156546,0.5960924,0.0015311918,0.00081090815
504579.jpg,0.00022066338,0.0017609387,0.0049299127,0.9930885
504580.jpg,0.46413997,0.53404284,0.0012772508,0.0005399205
504581.jpg,0.00999487,0.88673687,0.09755281,0.0057155048
504582.jpg,0.9875567,0.011865628,0.0004341139,0.00014356847
504583.jpg,0.95421195,0.04487738,0.00048735715,0.00042332767
504584.jpg,0.36580336,0.63225085,0.00060217915,0.0013436658
504585.jpg,0.8827386,0.115493484,0.0010756563,0.00069227087
504586.jpg,0.21798705,0.7794833,0.001213512,0.0013160743
504587.jpg,0.06361566,0.93407774,0.0007410227,0.0015655957
504588.jpg,0.9939451,0.005670253,0.00027591476,0.00010871214
504589.jpg,0.9945593,0.0049809553,0.00037117154,8.8610155e-05
504590.jpg,0.5722565,0.42254332,0.003010881,0.0021892793
504591.jpg,0.0001707175,0.00031533945,0.662933,0.33658096
504592.jpg,0.9921978,0.007128107,0.0005368988,0.0001371554
504593.jpg,0.19737113,0.80071145,0.0012207669,0.0006965636
504594.jpg,0.9962202,0.0034782076,0.0002329051,6.8714384e-05
504595.jpg,0.3538539,0.6429498,0.0022051483,0.0009911236
504596.jpg,0.98338085,0.015114785,0.0011650425,0.00033927863
504597.jpg,0.9935561,0.0060494193,0.00029180176,0.00010264557
504598.jpg,0.78527755,0.21228097,0.0017635241,0.00067790813
504599.jpg,0.05768253,0.79880095,0.050014358,0.09350216
504600.jpg,0.048710484,0.94816566,0.00083666603,0.0022872242
504601.jpg,0.5571772,0.44016135,0.0010360611,0.0016254039
504602.jpg,0.66785306,0.33138928,0.000407306,0.00035035572
504603.jpg,0.016672287,0.9810732,0.0011332105,0.001121251
504604.jpg,0.005700639,0.9928244,0.00043588536,0.001039042
504605.jpg,0.15250786,0.012494559,0.5771423,0.25785527
504606.jpg,0.16836755,0.8266084,0.0014071404,0.0036169274
504607.jpg,0.99522144,0.0043022633,0.00039275154,8.3496234e-05
504608.jpg,0.0029733938,0.9956851,0.00025699713,0.0010844845
504609.jpg,0.018365813,0.5602524,0.096166015,0.3252157
504610.jpg,0.00080963783,0.00011159821,0.99901086,6.784458e-05
504611.jpg,0.0037438024,0.9941044,0.0005817834,0.0015700064
504612.jpg,0.4760776,0.16736485,0.3559402,0.00061741535
504613.jpg,0.0015419201,0.004735664,0.20042656,0.79329586
504614.jpg,0.014100552,0.98400545,0.00094455696,0.0009494601
504615.jpg,0.98936725,0.010295801,0.0002491147,8.781376e-05
504616.jpg,0.9273763,0.070849635,0.0014041648,0.00036999537
504617.jpg,0.9950108,0.0046061003,0.00029209556,9.099229e-05
504618.jpg,0.23790139,0.73218846,0.014498564,0.015411593
504619.jpg,0.36688676,0.630917,0.0012604337,0.00093579973
504620.jpg,0.94439477,0.053966165,0.0007136302,0.000925475
504622.jpg,0.9890589,0.010348597,0.0004552845,0.00013720548
504623.jpg,0.0047493363,0.9928543,0.0003643659,0.0020320143
504624.jpg,0.90321666,0.09515079,0.0009414966,0.0006910476
504625.jpg,0.0027593672,0.9951663,0.00071721006,0.0013571297
504626.jpg,0.6655869,0.33130983,0.0022174604,0.00088583777
504627.jpg,0.55097693,0.44637814,0.0021546346,0.0004902997
504628.jpg,0.99482936,0.0048289285,0.00025893076,8.284149e-05
504629.jpg,0.3263028,0.67241424,0.00029799697,0.0009850068
504630.jpg,0.62771255,0.36978444,0.0015519476,0.0009510967
504631.jpg,0.7852418,0.21324702,0.0007641351,0.000747056
504632.jpg,0.9791154,0.019783994,0.0009137664,0.00018688611
504633.jpg,0.6933792,0.009016257,0.29712272,0.00048185606
504634.jpg,0.023623554,0.9715056,0.0006566418,0.0042142305
504635.jpg,0.0028131783,0.7507188,0.000287536,0.24618053
504636.jpg,0.002191234,0.9963751,0.0004738116,0.00095984695
504637.jpg,0.13720255,0.48554888,0.37522423,0.0020243118
504638.jpg,0.87502456,0.12260466,0.0017029095,0.000667921
504639.jpg,0.012863702,0.83715695,0.14111094,0.0088683935
504640.jpg,0.98060894,0.018701427,0.00054290984,0.00014670168
504641.jpg,0.00026504498,0.00014992112,0.9957884,0.0037965814
504642.jpg,0.0001677057,0.0018911678,0.0015824625,0.9963587
504643.jpg,0.25694636,0.26252005,0.47997275,0.00056087866
504644.jpg,0.9915888,0.007817179,0.00045561453,0.00013845284
504645.jpg,0.6807776,0.31637508,0.0018511988,0.0009961262
504646.jpg,0.99077433,0.008463448,0.0006110449,0.00015118161
504647.jpg,0.05841991,0.93211466,0.0069128084,0.002552559
504648.jpg,0.9936717,0.005958725,0.00031127475,5.818182e-05
504649.jpg,0.00030968303,0.00047658445,0.90068597,0.09852775
504650.jpg,0.0004384819,0.0014286139,0.11373842,0.88439447
504651.jpg,0.16666873,0.83172226,0.00078047346,0.0008285462
504652.jpg,0.98182267,0.017127955,0.0008543132,0.00019512298
504654.jpg,0.32194525,0.67539674,0.0018916167,0.00076629757
504655.jpg,0.14701653,0.6734559,0.007019933,0.17250769
504656.jpg,0.11665281,0.29788014,0.19299209,0.39247498
504657.jpg,0.86822444,0.1302015,0.0013874033,0.00018659169
504658.jpg,0.021882968,0.43193528,0.042286064,0.5038957
504659.jpg,0.062500104,0.072252065,0.023615347,0.84163254
504660.jpg,0.99625754,0.003382232,0.00027466458,8.556949e-05
504661.jpg,0.004332658,0.99395585,0.0006793798,0.0010321025
504662.jpg,0.018001987,0.9022617,0.0017431233,0.07799322
504663.jpg,0.09314912,0.9040702,0.001370032,0.0014106701
504664.jpg,0.19655097,0.80148125,0.000881244,0.0010865177
504665.jpg,0.116923295,0.8806117,0.0012236804,0.0012413544
504666.jpg,4.437473e-05,8.101614e-05,0.9972798,0.0025948177
504667.jpg,0.98926115,0.009723718,0.00083061954,0.0001844843
504668.jpg,0.9932601,0.0059734024,0.00063876197,0.0001277548
504669.jpg,0.023853606,0.64022475,0.12687586,0.2090457
504670.jpg,0.9957921,0.0034466295,0.00062900677,0.00013228375
504671.jpg,0.34327903,0.6538361,0.0016595568,0.0012253557
504672.jpg,0.38401604,0.61369693,0.0014763395,0.0008107258
504673.jpg,0.98677856,0.012624003,0.00045732196,0.0001400551
504674.jpg,0.9859373,0.01333779,0.00053753797,0.00018743351
504676.jpg,0.4406508,0.55718255,0.00068965676,0.0014770463
504677.jpg,0.71948117,0.27806905,0.0014694991,0.0009802828
504678.jpg,0.15952812,0.82815903,0.0022843976,0.010028471
504679.jpg,0.9940958,0.005472518,0.00034530065,8.6453336e-05
504680.jpg,0.011229415,0.9861376,0.00062804983,0.0020049114
504681.jpg,0.014935479,0.92153597,0.061413717,0.0021147989
504682.jpg,0.94492143,0.051281765,0.0032524967,0.0005443401
504683.jpg,0.0010211443,0.18164259,0.0017758957,0.81556034
504684.jpg,0.60752743,0.33142492,0.06051864,0.00052906154
504685.jpg,0.010671002,0.9860406,0.0007058732,0.0025825491
504686.jpg,0.6458122,0.35158432,0.001393137,0.0012103318
504687.jpg,0.5761299,0.41927052,0.0037395945,0.0008599411
504688.jpg,0.14265913,0.85514903,0.0007807144,0.001411148
504689.jpg,0.7299264,0.25510037,0.013798078,0.0011750801
504690.jpg,0.008246389,0.9903271,0.0003113309,0.0011151597
504691.jpg,0.00022017032,0.0008896918,0.031020096,0.96787006
504692.jpg,0.98779994,0.011678714,0.0003560745,0.00016524536
504693.jpg,0.27242947,0.72052413,0.0057463027,0.0013001352
504694.jpg,0.80846137,0.1870228,0.003936783,0.0005791119
504695.jpg,0.006120689,0.94606286,0.035438754,0.012377703
504696.jpg,0.0054980256,0.9917555,0.00052771746,0.002218676
504697.jpg,0.1136113,0.8317792,0.041015998,0.013593593
504698.jpg,0.9656231,0.03356008,0.0006786678,0.00013825482
504699.jpg,0.00032316722,0.0011093247,0.4799694,0.5185981
504700.jpg,0.9936021,0.005943559,0.00034830836,0.000106034924
504701.jpg,0.1882414,0.03155302,0.7251516,0.05505401
504702.jpg,0.99506074,0.0043505006,0.0005131548,7.556828e-05
504703.jpg,0.06991603,0.92311794,0.003771946,0.0031941
504704.jpg,0.9857548,0.010821565,0.0032838788,0.00013976406
504705.jpg,0.99582696,0.0038727894,0.00022803829,7.219146e-05
504706.jpg,0.99273914,0.0064623733,0.00066069706,0.00013782905
504707.jpg,0.9536383,0.009629745,0.036395166,0.0003367654
504708.jpg,0.32784018,0.66930217,0.0011429259,0.0017148122
504709.jpg,0.9282358,0.06629806,0.0051329657,0.00033311298
504710.jpg,0.9958007,0.0036016256,0.0004959779,0.00010184598
504711.jpg,0.9064135,0.092719175,0.00039473487,0.00047257636
504712.jpg,0.76031786,0.2365339,0.0020709138,0.0010773237
504713.jpg,0.025500996,0.54255253,0.26167554,0.17027096
504714.jpg,0.6171484,0.37613264,0.0023987603,0.0043201796
504715.jpg,0.98668474,0.012823726,0.00035973298,0.0001317933
504716.jpg,0.00032812692,0.0011965386,0.93479896,0.06367644
504717.jpg,0.78242403,0.21354629,0.0024235568,0.0016060848
504718.jpg,0.003938881,0.0017397162,0.78352433,0.21079701
504719.jpg,0.7286706,0.27017125,0.00028493008,0.0008731487
504720.jpg,0.004520376,0.9710639,0.00040755313,0.024008123
504721.jpg,0.8216192,0.17675976,0.0010525157,0.0005685031
504722.jpg,0.31663066,0.6779563,0.0022939632,0.0031190934
504723.jpg,0.17497693,0.2549716,0.18383624,0.38621524
504724.jpg,8.436179e-05,0.0003894025,0.0022021697,0.99732405
504725.jpg,0.9106,0.08559338,0.003393139,0.00041341738
504726.jpg,0.021378279,0.9771046,0.0005557178,0.00096136116
504727.jpg,0.99100286,0.008573071,0.00029666218,0.00012738678
504728.jpg,0.00021739287,0.001978607,0.54028773,0.45751622
504729.jpg,0.9884958,0.011010413,0.0003496903,0.00014404295
504730.jpg,0.6182065,0.3796147,0.0012260523,0.0009527188
504731.jpg,0.37414598,0.6245633,0.0004885367,0.00080224004
504732.jpg,0.9869943,0.012044463,0.0007988505,0.00016235854
504733.jpg,0.0005240157,0.0015910246,0.33705142,0.66083354
504734.jpg,0.2763267,0.7198145,0.0010088753,0.0028499376
504735.jpg,0.81619245,0.17715627,0.0040271436,0.002624138
504736.jpg,0.5095121,0.4884595,0.0008188219,0.0012095139
504737.jpg,0.105682105,0.8924896,0.00075403246,0.0010742809
504738.jpg,0.0046308157,0.3467087,0.3631158,0.28554472
504739.jpg,0.033417318,0.0016309721,0.9648523,9.942782e-05
504740.jpg,0.109209724,0.8834062,0.001462259,0.0059217066
504741.jpg,0.17844641,0.81251365,0.003924984,0.005114908
504742.jpg,0.15019739,0.8419462,0.0058453404,0.0020110274
504743.jpg,0.00069631106,0.00052081334,0.98929363,0.0094892
504744.jpg,0.035028964,0.9627287,0.00092976325,0.0013125538
504745.jpg,0.98056585,0.018490218,0.00078748906,0.00015645282
504746.jpg,0.99513847,0.004466172,0.00029265194,0.00010266872
504747.jpg,0.5783755,0.42012313,0.0008719044,0.00062947324
504748.jpg,0.9374867,0.06150828,0.00059132633,0.0004136743
504749.jpg,0.0012727225,0.08238246,0.0010695605,0.9152753
504750.jpg,0.2345001,0.7637709,0.0007415882,0.0009874747
504751.jpg,0.07042325,0.075467475,0.11468453,0.7394247
504752.jpg,0.009412297,0.0003812291,0.9899976,0.00020881537
504753.jpg,0.18293095,0.8149776,0.0009542019,0.0011372502
504754.jpg,0.9933947,0.0054845973,0.0009991124,0.0001216079
504755.jpg,0.703249,0.29454362,0.0009040696,0.0013033188
504756.jpg,0.93247885,0.06494991,0.0018436465,0.00072767865
504757.jpg,0.9933477,0.006076312,0.00045292414,0.00012302658
504758.jpg,0.7187748,0.27856258,0.0020232059,0.0006393778
504759.jpg,0.0022494358,0.0005704246,0.9635106,0.03366952
504760.jpg,0.22516136,0.01607996,0.6056419,0.15311672
504761.jpg,0.9818639,0.015942777,0.0020635168,0.00012982226
504762.jpg,0.0058943504,0.99121934,0.0011213077,0.0017650019
504763.jpg,0.98917276,0.010282253,0.00036947883,0.00017549786
504764.jpg,0.91971874,0.078035414,0.0017958008,0.0004500318
504765.jpg,0.99297124,0.0058955085,0.0009920321,0.0001411516
504766.jpg,0.00086640863,0.0053217695,0.10596523,0.88784665
504767.jpg,0.004068425,0.99372077,0.0004834263,0.0017274161
504768.jpg,0.45351222,0.5402433,0.0051020216,0.0011424652
504769.jpg,0.66900605,0.3287706,0.001821327,0.0004020878
504770.jpg,0.00023192646,0.0004132674,0.88629645,0.113058396
504771.jpg,9.298807e-05,0.00019786692,0.9977431,0.001965991
504772.jpg,0.16786028,0.83056545,0.0007500962,0.0008241998
504773.jpg,0.9174716,0.08114218,0.00085677416,0.00052950863
504774.jpg,0.9936981,0.0058007427,0.00040034516,0.00010079942
504775.jpg,0.21812117,0.7791249,0.0015346445,0.0012193542
504776.jpg,0.9959085,0.0035711362,0.00039760917,0.00012275299
504777.jpg,0.59569865,0.40155688,0.0021034842,0.000640946
504778.jpg,0.78058857,0.21639174,0.0022379765,0.00078170444
504779.jpg,0.526354,0.47089863,0.0011460086,0.0016012826
504780.jpg,0.008845844,0.9884045,0.0012350333,0.0015145956
504781.jpg,0.0002993651,0.0007170734,0.88889027,0.11009329
504782.jpg,0.015679702,0.981916,0.0011263656,0.0012778747
504783.jpg,0.7556284,0.24194139,0.0019465252,0.000483653
504784.jpg,0.97989273,0.019347893,0.0004658537,0.0002935147
504785.jpg,0.5673787,0.4299554,0.0018902583,0.0007756841
504786.jpg,0.025114313,0.9736538,0.00044824174,0.0007835724
504787.jpg,0.9918441,0.007424492,0.00053736835,0.00019407891
504788.jpg,0.9875695,0.011782584,0.000502815,0.00014511861
504789.jpg,0.1797977,0.81813115,0.0010723184,0.000998858
504790.jpg,0.3360586,0.66212827,0.00043516108,0.0013779841
504791.jpg,0.014425941,0.89975697,0.08172024,0.0040968466
504792.jpg,0.02321069,0.27195874,0.60597974,0.09885085
504793.jpg,0.98941964,0.009618354,0.0007497223,0.00021229316
504794.jpg,0.7527937,0.24450266,0.0016301107,0.0010735146
504795.jpg,0.98675746,0.01260819,0.00043713316,0.0001971998
504796.jpg,0.003423258,0.48388967,0.0085503245,0.5041368
504797.jpg,0.9153311,0.08050954,0.0030260505,0.0011333212
504798.jpg,0.8659131,0.1322879,0.0015332765,0.0002657814
504799.jpg,0.9808702,0.018436318,0.00039324941,0.00030027624
504800.jpg,0.9619918,0.03724982,0.0006425851,0.00011581295
504801.jpg,0.11093473,0.88695043,0.0010346225,0.0010802179
504802.jpg,0.72418624,0.26890326,0.006530058,0.00038040327
504803.jpg,0.8932263,0.10495744,0.00131447,0.0005017361
504804.jpg,0.00029211945,0.0007297383,0.84313864,0.1558395
504805.jpg,0.05452733,0.9435316,0.0005039361,0.0014370834
504806.jpg,0.009466497,0.9820609,0.0018415065,0.006631015
504807.jpg,0.015415738,0.9805452,0.0006313597,0.0034076956
504808.jpg,0.9166241,0.082566194,0.00051191216,0.0002977682
504809.jpg,0.0009612341,0.24020989,0.00042843376,0.75840044
504810.jpg,0.8666706,0.13207217,0.00094854203,0.0003086991
504811.jpg,0.82312053,0.17421782,0.0021946242,0.0004670353
504812.jpg,0.99299717,0.0059941225,0.00081599114,0.0001927445
504813.jpg,0.9848719,0.014079268,0.0008099912,0.00023877488
504814.jpg,0.7573919,0.2400849,0.0015851961,0.00093786675
504815.jpg,0.012758449,0.9769879,0.0010039347,0.009249758
504816.jpg,0.0078106034,0.3217843,0.66512746,0.0052776965
504817.jpg,0.00021800115,0.00029695896,0.6134339,0.3860512
504818.jpg,0.00025453654,0.0014128381,0.004209764,0.9941229
504819.jpg,0.23355164,0.7648415,0.00064350927,0.0009633245
504820.jpg,0.013170995,0.98563117,0.00029596384,0.0009018625
504821.jpg,0.0031491388,0.72597075,0.0007819277,0.27009815
504822.jpg,0.6475134,0.3499082,0.0017282092,0.00085021975
504823.jpg,0.980042,0.018856512,0.0009165688,0.00018496916
504824.jpg,0.90762883,0.08982563,0.0022318342,0.00031368638
504825.jpg,0.0028605184,0.99535066,0.00046271514,0.0013260944
504826.jpg,0.66020906,0.013620789,0.32563707,0.00053305976
504827.jpg,9.4161565e-05,0.00010182458,0.996134,0.0036700268
504828.jpg,0.00382478,0.009573847,0.98641926,0.00018207628
504829.jpg,0.87819934,0.12101138,0.00052582606,0.00026345602
504830.jpg,0.14679033,0.85117465,0.00089538033,0.0011395976
504831.jpg,0.03986336,0.010711613,0.44565412,0.503771
504832.jpg,0.012052335,0.9862369,0.0007160015,0.0009947565
504833.jpg,0.96670747,0.032635447,0.00045759077,0.00019949458
504834.jpg,0.8715102,0.12772207,0.0003605152,0.00040718904
504835.jpg,0.6561808,0.34277657,0.0006050355,0.00043757717
504836.jpg,0.13312621,0.864881,0.0012061818,0.00078666303
504837.jpg,0.6205383,0.37420306,0.0037664482,0.0014921738
504838.jpg,0.99286467,0.006162388,0.0008068266,0.00016606675
504839.jpg,0.036298666,0.94241405,0.0027816023,0.018505655
504840.jpg,0.702993,0.2766388,0.018938258,0.0014299332
504841.jpg,0.4872378,0.10420536,0.40745187,0.0011049908
504842.jpg,0.7425459,0.25431064,0.0026987595,0.00044473013
504843.jpg,0.83059245,0.16809684,0.000708715,0.0006019243
504844.jpg,0.13114141,0.7684805,0.0014517625,0.09892633
504845.jpg,0.007886784,0.37431088,0.0048736376,0.61292875
504846.jpg,0.019025318,0.0027318604,0.96208286,0.01615998
504847.jpg,0.0044020326,0.9933956,0.00096513564,0.0012371264
504848.jpg,0.017742513,0.9786566,0.0028299775,0.0007708928
504849.jpg,0.03473221,0.0063808854,0.8969415,0.061945453
504850.jpg,0.6672843,0.33025262,0.0014078555,0.0010552625
504851.jpg,0.9864692,0.012919895,0.00042588767,0.00018499004
504852.jpg,0.81833774,0.17935127,0.0015866914,0.0007242586
504853.jpg,0.61521256,0.3819867,0.001800707,0.0010000494
504854.jpg,0.9468374,0.04957655,0.00317005,0.00041588861
504855.jpg,0.006841836,0.0842517,0.19672287,0.71218365
504856.jpg,0.3088248,0.6877644,0.0016148958,0.001795849
504857.jpg,0.00016512524,0.0003982745,0.7505563,0.24888028
504858.jpg,0.539003,0.4558039,0.0043100463,0.0008830237
504859.jpg,0.010117694,0.2868697,0.036749933,0.6662627
504860.jpg,0.80300444,0.1956246,0.0008171881,0.0005538457
504861.jpg,0.79825646,0.19826359,0.0028879335,0.0005920577
504862.jpg,0.35353267,0.63923883,0.005627235,0.001601267
504863.jpg,0.27260944,0.018772623,0.7056835,0.0029343565
504864.jpg,0.791351,0.2074896,0.00064924493,0.0005101641
504865.jpg,0.72457194,0.27337134,0.0012626487,0.0007940775
504866.jpg,0.0009127666,0.0034655922,0.36218882,0.6334328
504867.jpg,0.00030303563,0.003091639,0.05093959,0.94566566
504868.jpg,0.5961042,0.39786276,0.0048391228,0.0011939086
504869.jpg,0.38338825,0.6059062,0.0075895977,0.0031160002
504870.jpg,0.91179633,0.087122135,0.0005469469,0.0005345521
504871.jpg,0.006461326,0.9901534,0.00076614437,0.0026191466
504872.jpg,0.33050108,0.66436803,0.0034116574,0.0017192002
504873.jpg,0.40658042,0.109159775,0.480141,0.004118752
504874.jpg,0.11983925,0.5792231,0.1857937,0.115143985
504875.jpg,0.3348805,0.662853,0.0008768589,0.0013896087
504876.jpg,0.058556195,0.9367626,0.0036414873,0.0010397556
504877.jpg,0.98935604,0.010251281,0.00030062362,9.209627e-05
504878.jpg,0.001995954,0.9772904,0.00045514968,0.020258538
504879.jpg,0.004311466,0.99094695,0.000683116,0.00405848
504880.jpg,0.8863335,0.11271286,0.0006068247,0.0003468015
504881.jpg,0.007700836,0.98935145,0.000946477,0.002001221
504882.jpg,0.009160034,0.98906344,0.00038856128,0.001388011
504883.jpg,0.8969434,0.10175911,0.00093910703,0.00035843658
504884.jpg,0.6313874,0.36620727,0.0014249751,0.0009803196
504885.jpg,0.9943438,0.00498247,0.0004713938,0.00020231598
504886.jpg,0.92927474,0.06794761,0.002624972,0.00015273177
504887.jpg,0.96481794,0.034405626,0.00049213524,0.00028432292
504888.jpg,0.83847255,0.16034085,0.00080216926,0.00038440726
504889.jpg,0.0003105428,0.0009770821,0.0015681055,0.9971442
504890.jpg,0.90335613,0.09537179,0.0010109871,0.00026108907
504891.jpg,0.012939709,0.98496383,0.0005066755,0.0015897895
504892.jpg,0.07627738,0.91900796,0.0022810455,0.0024336146
504893.jpg,8.640435e-05,0.00118853,0.00025905392,0.998466
504894.jpg,0.6534827,0.026799535,0.30874398,0.010973771
504895.jpg,0.31273702,0.67198086,0.012365925,0.0029162087
504896.jpg,0.005365079,0.9918031,0.00063971215,0.0021920663
504897.jpg,0.3576781,0.6396418,0.0016962364,0.0009838354
504898.jpg,0.98043704,0.019031672,0.0003360552,0.00019521477
504899.jpg,0.01183461,0.044883158,0.06509078,0.8781915
504900.jpg,0.99142355,0.008277622,0.0001700886,0.0001287387
504901.jpg,0.9553452,0.043935206,0.0005176833,0.00020186178
504902.jpg,0.13897695,0.78321433,0.00202949,0.07577915
504903.jpg,0.39690554,0.60120845,0.0011006818,0.000785365
504904.jpg,0.9900214,0.009316038,0.000503036,0.00015949861
504905.jpg,0.975549,0.021706961,0.0026001674,0.00014385492
504906.jpg,0.0012094507,0.0007756981,0.7705272,0.22748758
504907.jpg,0.92605764,0.07007844,0.0033608982,0.0005030728
504908.jpg,0.0001646889,0.00047050443,0.62021476,0.37915006
504909.jpg,0.99178225,0.0075305975,0.0005542769,0.00013285542
504910.jpg,0.00425937,0.59455943,0.007417848,0.39376333
504911.jpg,0.9558113,0.043521,0.00046256208,0.00020504056
504912.jpg,0.98852855,0.010565703,0.00067498564,0.00023066714
504913.jpg,0.9957666,0.0038461217,0.00032468935,6.2604726e-05
504914.jpg,0.0022652019,0.98547083,0.009533552,0.0027303584
504915.jpg,0.55710083,0.4401768,0.0017303597,0.0009920324
504916.jpg,0.61507416,0.38046992,0.00316704,0.0012888658
504917.jpg,0.41323456,0.58433896,0.0011894839,0.0012370468
504918.jpg,0.9926102,0.0061363713,0.0011647019,8.870909e-05
504919.jpg,0.6669848,0.32040152,0.011316605,0.0012971009
504920.jpg,0.09010989,0.90793246,0.000899412,0.0010582625
504921.jpg,0.17913826,0.8189216,0.00094613427,0.000993939
504922.jpg,0.9584117,0.038886335,0.0024245617,0.00027744903
504923.jpg,0.010001806,0.98822314,0.00040364824,0.0013713622
504924.jpg,0.42716524,0.57096434,0.0010076289,0.00086274114
504925.jpg,0.099814594,0.13543238,0.76278186,0.0019711864
504926.jpg,0.91886044,0.07254261,0.0077288696,0.0008680978
504927.jpg,0.10932768,0.8865257,0.0022875436,0.0018590993
504928.jpg,0.4478159,0.54952073,0.001621859,0.0010415008
504929.jpg,0.9879446,0.011323872,0.0005625304,0.00016895468
504930.jpg,0.10760199,0.5662136,0.26606655,0.06011783
504931.jpg,0.16139331,0.83380586,0.0038634248,0.0009373776
504932.jpg,0.9943435,0.0051405826,0.0004264192,8.949879e-05
504933.jpg,0.005446998,0.9896338,0.00065930956,0.004259926
504935.jpg,3.782385e-05,0.00032189622,0.000588971,0.99905133
504936.jpg,0.046994764,0.95078486,0.0009946156,0.0012257438
504937.jpg,0.0018476518,0.9939933,0.00047704694,0.0036820609
504938.jpg,0.14727233,0.25557286,0.59398353,0.0031713005
504939.jpg,0.00024476196,0.0003290342,0.9376612,0.061765
504940.jpg,0.963398,0.03280766,0.0035199672,0.00027435974
504941.jpg,0.029091066,0.96879953,0.0011354334,0.0009739921
504942.jpg,0.9192827,0.07923173,0.001136012,0.00034954646
504943.jpg,0.37658134,0.37138858,0.24629585,0.0057341927
504944.jpg,0.664989,0.33306968,0.0013852172,0.00055609405
504945.jpg,0.00032322464,0.00081366365,0.88144547,0.117417604
504946.jpg,0.0019860321,0.99685127,0.00020882045,0.0009538236
504947.jpg,0.2468539,0.74851996,0.0031351384,0.00149098
504948.jpg,0.9679212,0.028194776,0.0035683468,0.00031572717
504949.jpg,0.050438687,0.947565,0.0008445075,0.0011518018
504950.jpg,0.6505616,0.33852395,0.010300273,0.0006141923
504951.jpg,0.5003328,0.4976871,0.0012039031,0.00077622104
504952.jpg,5.7131856e-05,0.00046105217,0.0014762579,0.99800557
504953.jpg,0.00013539034,0.0005209251,0.551164,0.4481797
504954.jpg,0.14996605,0.8484183,0.0007066441,0.0009090247
504955.jpg,0.99465704,0.0048934217,0.0003315397,0.0001180775
504956.jpg,0.01577538,0.9811627,0.001020413,0.0020415161
504957.jpg,0.9810297,0.01818035,0.00048510332,0.00030491405
504958.jpg,0.9932712,0.0061388514,0.00048280958,0.000107236185
504959.jpg,0.031726588,0.9657795,0.0010797116,0.001414216
504960.jpg,0.9936864,0.0058320537,0.00030538486,0.00017616403
504961.jpg,0.39649343,0.43324456,0.016867341,0.15339462
504962.jpg,0.9684513,0.03064015,0.00067317876,0.00023527279
504963.jpg,0.9146075,0.08477622,0.00042607108,0.00019021558
504964.jpg,0.436378,0.5490817,0.011893985,0.0026463026
504965.jpg,0.42691812,0.39062247,0.111641295,0.07081815
504966.jpg,0.0060427114,0.99081415,0.0014213677,0.0017218096
504967.jpg,0.99602383,0.0036375523,0.00026398443,7.462607e-05
504968.jpg,0.74906033,0.24906272,0.001037022,0.0008399152
504969.jpg,0.355557,0.3408978,0.27794364,0.025601542
504970.jpg,0.99024874,0.009221784,0.00036196713,0.00016752875
504971.jpg,0.9555683,0.043836456,0.00035444752,0.00024081308
504972.jpg,0.766668,0.22592807,0.006643119,0.0007608267
504973.jpg,0.99142784,0.008002958,0.00043640193,0.00013285264
504974.jpg,0.34653065,0.64641875,0.0052580275,0.0017925665
504975.jpg,0.0003599771,0.00060233695,0.61202973,0.38700798
504976.jpg,0.8499581,0.14909866,0.0005443778,0.0003988115
504977.jpg,0.0008112614,0.00033685574,0.9856002,0.013251711
504978.jpg,0.103688575,0.68054265,0.0528308,0.16293801
504979.jpg,0.0033737088,0.9000824,0.001885536,0.094658285
504980.jpg,0.99378055,0.0058907545,0.00024777994,8.097001e-05
504981.jpg,0.0178974,0.80911463,0.13801874,0.034969185
504982.jpg,0.70909375,0.2900508,0.00040057048,0.00045492753
504983.jpg,0.32049057,0.6767277,0.0010789047,0.0017028466
504984.jpg,0.86305875,0.0840982,0.0499749,0.0028681604
504985.jpg,0.0693937,0.92926294,0.00048282254,0.0008605886
504986.jpg,0.9787738,0.01607043,0.004833959,0.00032185775
504987.jpg,0.01716288,0.06149057,0.0025100368,0.9188366
504988.jpg,0.022377059,0.5739716,0.30853137,0.095119916
504989.jpg,0.9798811,0.019273562,0.00056305155,0.00028222636
504990.jpg,0.7426725,0.25618085,0.00067124673,0.00047538956
504991.jpg,0.73318034,0.25863096,0.006832386,0.0013562939
504992.jpg,0.41186717,0.13451336,0.013603951,0.44001547
504993.jpg,0.0012551514,0.001913018,0.65032226,0.34650958
504994.jpg,0.0066873836,0.65674156,0.33407298,0.002498017
504995.jpg,0.60305244,0.3957093,0.0005177281,0.0007205098
504996.jpg,0.00050603034,0.0089046685,0.40813336,0.582456
504997.jpg,0.37945056,0.6170669,0.002417322,0.0010652026
504998.jpg,0.4988104,0.49839655,0.0016696559,0.0011234124
504999.jpg,0.99377435,0.0055867895,0.0004893684,0.00014953646
505000.jpg,0.65040964,0.34778306,0.00093843444,0.00086889876
505001.jpg,0.99580836,0.003835233,0.00026721877,8.918982e-05
505002.jpg,0.64009005,0.32274252,0.008769053,0.028398408
505003.jpg,0.65937895,0.32495365,0.013921772,0.0017456529
505004.jpg,0.99215907,0.007111214,0.00062940083,0.000100400415
505005.jpg,0.0020464768,0.9956283,0.00038445005,0.0019407562
505006.jpg,0.016476102,0.9739751,0.005312391,0.004236407
505007.jpg,0.0076744645,0.98861855,0.0006702873,0.0030367922
505008.jpg,0.88034296,0.11884078,0.0005154701,0.00030074583
505009.jpg,0.0066934,0.9741613,0.00047612688,0.018669218
505010.jpg,0.9703682,0.02845072,0.0010340629,0.00014689552
505011.jpg,0.0029024605,0.4531784,0.0015767232,0.54234236
505012.jpg,0.5808893,0.41513395,0.0032995045,0.00067723246
505013.jpg,0.307636,0.686635,0.0013389984,0.0043899026
505014.jpg,0.002646289,0.8733229,0.0012710433,0.12275975
505015.jpg,0.00063807354,0.024581851,0.9700301,0.004749954
505016.jpg,0.974479,0.024575636,0.00063167367,0.00031370224
505017.jpg,8.55352e-05,0.002474374,0.00070576085,0.9967343
505018.jpg,0.5519045,0.4232503,0.022961618,0.001883613
505019.jpg,0.83098006,0.051247317,0.11711351,0.000659086
505020.jpg,0.8280158,0.1710664,0.0005805904,0.00033725752
505021.jpg,0.398739,0.5989756,0.0011813489,0.0011040262
505022.jpg,0.9944852,0.0051305783,0.00030496248,7.918229e-05
505023.jpg,0.99250835,0.0071058273,0.0003102324,7.556936e-05
505024.jpg,0.95674706,0.04186438,0.00087526726,0.00051326427
505025.jpg,0.96613127,0.03291595,0.0005979466,0.00035483702
505026.jpg,0.99563617,0.0039898334,0.0002905608,8.34953e-05
505027.jpg,0.008716517,0.9873536,0.0023676122,0.0015622564
505028.jpg,0.5106624,0.48716298,0.0013976223,0.0007769619
505029.jpg,0.7426067,0.25307122,0.0035458917,0.00077616354
505030.jpg,0.31910804,0.6755491,0.0027834524,0.0025593885
505031.jpg,0.9784961,0.021024594,0.00035462124,0.0001246931
505033.jpg,0.7902973,0.20311333,0.005259821,0.0013294726
505034.jpg,0.95804244,0.040546842,0.00094818074,0.00046243248
505035.jpg,0.004548906,0.98883915,0.00054985646,0.006062079
505036.jpg,0.006450744,0.9897215,0.001596127,0.0022315814
505037.jpg,0.017786274,0.97721744,0.0019220676,0.0030742364
505038.jpg,0.94628835,0.05202656,0.0012553468,0.00042977984
505039.jpg,0.19753803,0.0046559237,0.79735595,0.0004501297
505040.jpg,0.31174684,0.68369955,0.002249922,0.002303669
505041.jpg,0.69259024,0.30532694,0.0011642895,0.0009185658
505042.jpg,0.9419835,0.050554175,0.005973559,0.0014887332
505043.jpg,0.9779963,0.021317407,0.0005098529,0.00017646198
505044.jpg,0.22654688,0.7714889,0.00066794927,0.0012962949
505045.jpg,0.6860474,0.28752446,0.025415974,0.0010121196
505046.jpg,0.14094259,0.856131,0.0016165805,0.0013097972
505047.jpg,0.9951585,0.004436868,0.00030174214,0.000102891216
505048.jpg,0.9952006,0.0042439844,0.00044440303,0.000111053225
505049.jpg,0.94191664,0.019542104,0.038144913,0.00039637668
505050.jpg,0.9888795,0.010461989,0.0005096676,0.00014874151
505051.jpg,0.009453632,0.98782367,0.00083725137,0.0018855422
505052.jpg,0.00034726248,0.0006389468,0.8677664,0.13124739
505053.jpg,0.8794244,0.11894449,0.0011588549,0.00047227103
505054.jpg,0.9525828,0.046442736,0.00071835454,0.000256142
505055.jpg,0.020606898,0.97557503,0.0018515227,0.0019665074
505056.jpg,0.6041545,0.39333257,0.0009183595,0.0015945617
505057.jpg,0.9919536,0.007490717,0.00044616565,0.000109477325
505058.jpg,0.07068486,0.92559534,0.0014491762,0.0022705914
505059.jpg,0.99323964,0.006274648,0.00037808073,0.00010766776
505060.jpg,0.6957485,0.3030767,0.0007717535,0.000403
505061.jpg,0.9962423,0.0033327425,0.00031898948,0.000105984625
505062.jpg,0.9951766,0.0044187186,0.00031390242,9.070461e-05
505063.jpg,0.96400356,0.035039227,0.00068237237,0.00027482928
505064.jpg,0.09860468,0.89568895,0.0024945016,0.0032118894
505065.jpg,0.9662752,0.025964113,0.007414237,0.00034641815
505066.jpg,0.9468891,0.052014966,0.0005650366,0.0005308745
505067.jpg,0.9776129,0.021510174,0.00063494133,0.000241935
505068.jpg,0.9930961,0.0059344103,0.00084050867,0.00012894908
505069.jpg,0.07549991,0.9139884,0.0023974506,0.008114233
505070.jpg,0.20181559,0.111874335,0.42278406,0.26352605
505071.jpg,0.47624052,0.52226955,0.0007005227,0.00078937685
505072.jpg,0.5845503,0.41125765,0.0027652953,0.0014266507
505073.jpg,0.7974108,0.19830841,0.003391002,0.0008897379
505074.jpg,0.16972739,0.82487965,0.0017184559,0.003674464
505075.jpg,0.8782461,0.119914025,0.00077705696,0.0010627693
505076.jpg,0.118481405,0.87718517,0.002659641,0.0016737832
505077.jpg,0.026213398,0.0026797287,0.6870757,0.28403115
505078.jpg,0.9917062,0.0077166543,0.0004719516,0.000105125335
505079.jpg,0.033694316,0.011728396,0.23005082,0.7245264
505080.jpg,0.1088948,0.8874385,0.0018188854,0.0018479297
505081.jpg,0.0071626916,0.9902868,0.00044332794,0.0021071301
505082.jpg,0.04283209,0.9550855,0.00084740296,0.0012349779
505083.jpg,0.20155902,0.7952247,0.0017370252,0.0014791783
505084.jpg,0.19002116,0.8083982,0.00074434327,0.00083634537
505085.jpg,0.00035888437,0.0006776172,0.86321807,0.13574542
505086.jpg,0.0004796988,0.00013406864,0.99927586,0.000110364985
505087.jpg,0.9966445,0.0029822632,0.00030561982,6.759028e-05
505088.jpg,0.008586681,0.989235,0.0005106621,0.0016676328
505089.jpg,0.92775816,0.069745176,0.0021192844,0.00037741475
505090.jpg,0.0035071287,0.40303075,0.02752993,0.56593215
505091.jpg,0.26819053,0.72886497,0.0019191644,0.0010252958
505092.jpg,0.001726631,0.0020188892,0.02818037,0.96807414
505093.jpg,0.98994654,0.009067734,0.0008538787,0.00013184635
505094.jpg,0.031752553,0.25634876,0.25369522,0.45820346
505095.jpg,0.3324515,0.66142607,0.004925828,0.0011966404
505096.jpg,0.97979087,0.019752797,0.0003461613,0.00011019639
505097.jpg,0.12947787,0.30399495,0.13612723,0.43039998
505098.jpg,0.002929535,0.8071726,0.0017406758,0.18815716
505099.jpg,0.4631941,0.53413004,0.0012614542,0.0014143736
505100.jpg,0.9968603,0.0026801887,0.00037338454,8.607336e-05
505101.jpg,0.6053683,0.3912007,0.0025267692,0.00090423616
505102.jpg,0.0019544067,0.90030146,0.00071873754,0.097025424
505103.jpg,0.6148508,0.041300714,0.062152673,0.2816958
505104.jpg,0.06871722,0.017811546,0.9130861,0.0003851693
505105.jpg,0.83313936,0.16570495,0.00056847866,0.00058727124
505106.jpg,0.9923956,0.0070350296,0.00043613324,0.0001332616
505107.jpg,0.6747468,0.3234671,0.00060935994,0.0011766452
505108.jpg,5.205316e-05,0.00041874903,0.0015732861,0.99795586
505109.jpg,0.24282752,0.75503135,0.00090072193,0.0012404189
505110.jpg,0.29180798,0.6922067,0.0078011206,0.008184228
505111.jpg,0.14653613,0.5396549,0.22485389,0.08895504
505112.jpg,0.9929688,0.0063718166,0.0005172571,0.00014212493
505113.jpg,0.85886174,0.025875533,0.11455049,0.00071216474
505114.jpg,0.07673133,0.9194164,0.001299713,0.002552573
505115.jpg,0.7710963,0.22740388,0.00044658492,0.0010532496
505116.jpg,0.014612046,0.98168635,0.00116722,0.0025343623
505117.jpg,0.88483477,0.11416177,0.0007806938,0.00022280593
505118.jpg,0.9796813,0.019383501,0.00062050513,0.0003146093
505119.jpg,0.64485425,0.3537923,0.00075689034,0.0005965768
505120.jpg,0.5068755,0.4917548,0.0005905999,0.0007790487
505121.jpg,0.9746489,0.02417676,0.00094299304,0.00023144444
505122.jpg,0.02062267,0.9777798,0.0004608254,0.0011367905
505123.jpg,0.8391268,0.15857692,0.0018151047,0.00048112855
505124.jpg,0.7728519,0.22563542,0.0008424657,0.000670258
505125.jpg,0.00016273186,0.0013003919,0.0009350009,0.9976019
505126.jpg,0.5363257,0.45976982,0.0025862984,0.0013182462
505127.jpg,0.9689489,0.030022135,0.0009035132,0.00012546651
505128.jpg,0.7360061,0.19898678,0.06004486,0.0049622604
505129.jpg,0.62301403,0.11989454,0.2559136,0.0011778552
505130.jpg,0.00868087,0.90870553,0.0005827203,0.08203079
505131.jpg,0.88661915,0.11178606,0.001203658,0.00039114463
505132.jpg,0.99447554,0.0048291376,0.0005688177,0.00012655031
505133.jpg,0.0047445125,0.99197847,0.0019750632,0.0013018918
505134.jpg,0.9964724,0.0029749721,0.00049140654,6.119974e-05
505135.jpg,0.9895616,0.008725912,0.0015429622,0.00016948573
505136.jpg,0.72947407,0.26919773,0.0007659684,0.0005622536
505137.jpg,0.00017089288,0.010413759,0.0010164115,0.98839897
505138.jpg,0.003018494,0.28614634,0.4218788,0.2889563
505139.jpg,0.24209712,0.61892384,0.13574101,0.003237986
505140.jpg,0.9821542,0.017203499,0.0004523069,0.00018991658
505141.jpg,0.009380857,0.9865262,0.0008748981,0.0032181123
505142.jpg,0.14927773,0.84426934,0.0050338195,0.001419075
505143.jpg,0.9158518,0.08323528,0.0005510528,0.00036194842
505144.jpg,0.06540257,0.025754394,0.0022810106,0.90656203
505145.jpg,0.9904792,0.008809525,0.00055655016,0.0001548287
505146.jpg,0.2565415,0.7384978,0.0020174934,0.0029432226
505147.jpg,0.9228852,0.07597626,0.0008625654,0.00027600897
505148.jpg,0.0025448212,0.9805569,0.008010804,0.008887432
505149.jpg,0.6272173,0.36163163,0.004111987,0.0070390464
505150.jpg,0.00026045743,0.00036568614,0.9367667,0.06260716
505151.jpg,0.000105515006,0.00019943027,0.9885068,0.011188193
505152.jpg,0.6385353,0.12572618,0.0036213992,0.23211707
505153.jpg,0.9484568,0.048747595,0.0023062297,0.0004893038
505154.jpg,0.002150392,0.0043745427,0.6240148,0.36946025
505155.jpg,0.9961098,0.0033332475,0.00048637437,7.05148e-05
505156.jpg,0.039379448,0.95824677,0.0014663864,0.0009073799
505157.jpg,0.40783313,0.59057814,0.00069336017,0.0008954249
505158.jpg,0.04329111,0.93842345,0.0016146373,0.01667078
505159.jpg,0.4006329,0.59741205,0.0010682207,0.0008868244
505160.jpg,0.30901703,0.58910984,0.099935494,0.0019376976
505161.jpg,0.01466488,0.9824872,0.002065883,0.0007819903
505162.jpg,0.8675559,0.13026701,0.0016687103,0.00050836476
505163.jpg,0.9731782,0.026254639,0.00045044333,0.00011666233
505164.jpg,0.0024344467,0.99651045,0.00026421132,0.0007909212
505165.jpg,0.9952628,0.004167949,0.0004844287,8.484139e-05
505166.jpg,0.060762007,0.9344301,0.003649065,0.0011588059
505167.jpg,0.9970048,0.002685806,0.00023381761,7.5580116e-05
505169.jpg,0.96000093,0.03896096,0.00083352503,0.00020462286
505170.jpg,0.58573925,0.41296294,0.00057877373,0.00071907433
505171.jpg,0.96515256,0.033570055,0.0008986496,0.0003787496
505172.jpg,0.67321897,0.32217774,0.0036603229,0.0009429198
505173.jpg,0.99122924,0.008298523,0.00036392853,0.000108298256
505174.jpg,0.0056003253,0.007479699,0.3770239,0.609896
505175.jpg,0.35814703,0.6406487,0.0006704542,0.000533796
505176.jpg,0.0001214692,0.00020765536,0.96226335,0.037407532
505177.jpg,0.78321147,0.21421655,0.0020961715,0.00047580505
505178.jpg,0.00027194092,0.0007909212,0.71702796,0.28190914
505179.jpg,0.6801575,0.31749892,0.0016334056,0.00071024214
505180.jpg,0.015904734,0.5199514,0.0039439774,0.46019992
505181.jpg,0.6620613,0.33605012,0.0011323649,0.00075625867
505183.jpg,0.13627394,0.84831315,0.0050634826,0.010349342
505184.jpg,0.36247277,0.63589376,0.00083597883,0.0007975507
505185.jpg,0.029925942,0.96820146,0.0009949515,0.0008776579
505186.jpg,0.08331225,0.9146369,0.00064210454,0.0014087409
505187.jpg,0.9679775,0.013103838,0.009041318,0.009877246
505188.jpg,0.6925786,0.30545878,0.0014489087,0.00051368406
505189.jpg,0.005903551,0.98302907,0.0048143677,0.006252991
505190.jpg,0.023544133,0.8115781,0.02300714,0.14187057
505191.jpg,0.6222804,0.30857185,0.05988966,0.009258105
505192.jpg,0.3183138,0.6787663,0.0017727423,0.0011471368
505193.jpg,0.45963612,0.538387,0.0011789392,0.0007979779
505194.jpg,0.5755815,0.42203283,0.0012160578,0.0011696124
505195.jpg,0.9941494,0.0054021156,0.00035567884,9.280434e-05
505196.jpg,0.5300718,0.46766415,0.001136125,0.00112792
505197.jpg,0.06749839,0.9304135,0.0008604459,0.0012276749
505198.jpg,0.001462252,0.00026602918,0.9927128,0.0055589234
505199.jpg,0.0029528036,0.9883864,0.00036033895,0.008300445
505200.jpg,0.2559648,0.74073285,0.00186902,0.0014334287
505201.jpg,0.030607149,0.96695733,0.0008731953,0.001562395
505202.jpg,0.9863846,0.012900774,0.00052534277,0.00018934242
505203.jpg,0.949434,0.04974863,0.0005374327,0.00027992376
505204.jpg,0.98728275,0.01203087,0.0005257716,0.00016058622
505205.jpg,0.0011862632,0.073102154,0.39628184,0.52942973
505206.jpg,0.96385175,0.011718282,0.024233872,0.0001960703
505207.jpg,0.11218319,0.36066946,0.0458198,0.4813275
505208.jpg,0.8034797,0.043672647,0.15210642,0.0007412505
505209.jpg,0.9923658,0.007167443,0.00033026937,0.00013654801
505210.jpg,0.9935972,0.0057714893,0.0005027231,0.00012855972
505211.jpg,0.9963848,0.0031888643,0.00031884937,0.000107480795
505212.jpg,0.9902366,0.009293594,0.00034187513,0.0001279004
505213.jpg,0.082857616,0.81735563,0.038394887,0.061391845
505214.jpg,0.004891353,0.9926934,0.00046720286,0.0019479712
505215.jpg,0.4515294,0.5425753,0.004383232,0.001512065
505216.jpg,0.9811096,0.01721949,0.0011616201,0.00050922297
505217.jpg,0.05573252,0.9426765,0.0006893575,0.0009016792
505218.jpg,0.69145995,0.29421598,0.009661936,0.004662061
505219.jpg,0.3149193,0.6830494,0.0010115226,0.0010198178
505220.jpg,0.006101101,0.99173164,0.0003788066,0.0017883911
505221.jpg,0.9934454,0.006107668,0.00031889687,0.00012796742
505222.jpg,0.0039025992,0.99253446,0.0012593442,0.002303561
505223.jpg,0.99014807,0.009300078,0.00044762055,0.00010421203
505224.jpg,0.9942581,0.004891091,0.0007173003,0.00013345518
505225.jpg,0.99189967,0.0066365153,0.0013094187,0.00015447146
505226.jpg,0.0002828977,0.0008173942,0.32332695,0.6755727
505227.jpg,0.96740085,0.028750835,0.0035645429,0.00028377955
505228.jpg,0.9960603,0.0035625622,0.00029057657,8.657696e-05
505229.jpg,0.9883563,0.01106302,0.00046420438,0.00011653643
505230.jpg,0.62482554,0.348797,0.025606139,0.0007713344
505231.jpg,0.46529675,0.5316321,0.0017471636,0.0013239902
505232.jpg,0.8197117,0.16930735,0.01048103,0.0004999055
505233.jpg,0.0102157565,0.37284765,0.09369124,0.5232454
505234.jpg,0.010351389,0.98793864,0.00051247777,0.0011974875
505235.jpg,0.3248129,0.67283964,0.0015390354,0.0008084474
505236.jpg,0.023104222,0.28520474,0.35886765,0.33282337
505237.jpg,0.21876347,0.7221783,0.0065606013,0.052497577
505238.jpg,0.627274,0.37110904,0.0009124144,0.0007045846
505239.jpg,0.5298046,0.4650543,0.002177078,0.0029640207
505240.jpg,0.8458646,0.15081389,0.0020827518,0.0012387697
505241.jpg,0.9550419,0.043976378,0.00065108016,0.0003306853
505242.jpg,0.89084196,0.107001156,0.0013899608,0.00076691824
505243.jpg,0.023198491,0.9718167,0.0026017874,0.0023830307
505244.jpg,0.61969936,0.36983156,0.0062992624,0.004169818
505245.jpg,0.0069881757,0.34334454,0.10564717,0.5440201
505246.jpg,0.9803936,0.018813504,0.00052694767,0.00026601282
505247.jpg,0.0036609385,0.9944851,0.0006657008,0.0011883456
505248.jpg,0.007318841,0.96292955,0.0005387021,0.029212877
505249.jpg,0.79573077,0.20047592,0.0021614006,0.0016319263
505250.jpg,0.85698825,0.14198337,0.00075125135,0.00027713864
505251.jpg,0.00027177756,0.0012788804,0.16721906,0.83123034
505252.jpg,0.99077827,0.008621833,0.00050594466,9.399361e-05
505253.jpg,0.98060256,0.017389344,0.0017749364,0.00023319694
505254.jpg,0.980484,0.018889375,0.00034340695,0.00028324072
505255.jpg,0.9962004,0.0034308415,0.00029423088,7.448658e-05
505256.jpg,0.0003073844,0.0014858741,0.2237755,0.7744312
505257.jpg,0.004998727,0.98317844,0.008102677,0.0037201017
505258.jpg,0.71673197,0.27865383,0.0034245346,0.0011896965
505259.jpg,0.00014987147,0.00073837815,0.017377637,0.9817341
505260.jpg,0.99527484,0.0041299257,0.0005045529,9.068681e-05
505261.jpg,0.9558142,0.04337999,0.0005853704,0.00022044056
505262.jpg,0.16055433,0.83502156,0.0033760804,0.001047966
505263.jpg,0.9590382,0.040105842,0.0005492575,0.0003067176
505264.jpg,0.67775726,0.28693876,0.02840793,0.006896065
505265.jpg,0.9932217,0.0062881485,0.00035956234,0.00013063427
505266.jpg,0.0005337354,0.0018259315,0.107002385,0.8906379
505267.jpg,0.9404029,0.058456186,0.0009458337,0.00019510956
505268.jpg,0.81798774,0.17851762,0.0027292927,0.0007653307
505269.jpg,0.98624676,0.012925875,0.00062633614,0.0002010177
505270.jpg,0.9692171,0.029833676,0.00049724977,0.0004520066
505272.jpg,0.9214186,0.07558967,0.002334996,0.0006567468
505273.jpg,0.5605133,0.43574348,0.0027304434,0.0010127254
505274.jpg,0.00048710243,0.00046125977,0.9884847,0.010566893
505275.jpg,0.013245477,0.98371714,0.00054233405,0.0024950483
505276.jpg,0.87188274,0.12701015,0.000684641,0.0004225123
505277.jpg,0.002392028,0.038007587,0.6678254,0.29177502
505278.jpg,0.53882265,0.45955458,0.00085557526,0.0007671677
505279.jpg,0.0161704,0.9806687,0.0011700717,0.0019908277
505280.jpg,0.6493272,0.34907153,0.0012223712,0.00037885175
505281.jpg,0.3376325,0.6528385,0.0074289353,0.0021000456
505282.jpg,0.6930847,0.30492857,0.0010794142,0.00090729404
505283.jpg,0.9039337,0.0947058,0.0009705072,0.00039006243
505284.jpg,0.89507484,0.1037442,0.00074366684,0.00043730345
505285.jpg,0.0041695987,0.012012083,0.414574,0.5692443
505286.jpg,0.9715481,0.027498635,0.00064339937,0.00030984747
505287.jpg,0.96195173,0.03709184,0.0007556271,0.0002007585
505288.jpg,0.6854159,0.31394753,0.00033806392,0.00029848222
505289.jpg,0.97649217,0.021375088,0.0019503538,0.00018243257
505290.jpg,0.6792183,0.31914026,0.000915545,0.00072592334
505291.jpg,0.3625219,0.63092196,0.005477436,0.0010787353
505292.jpg,0.4603981,0.5340639,0.0016464234,0.0038915575
505293.jpg,0.9931965,0.004381936,0.002313996,0.00010760189
505294.jpg,0.26709834,0.73046446,0.0010746535,0.0013625314
505295.jpg,0.5449948,0.45243356,0.0018100202,0.00076168467
505296.jpg,0.0073867305,0.9902198,0.0011053575,0.0012881107
505297.jpg,0.6660896,0.33150694,0.0007624889,0.0016409593
505298.jpg,0.005941465,0.54572254,0.005347376,0.44298863
505299.jpg,0.00025762137,0.00047013225,0.54115075,0.4581215
505300.jpg,0.00025386666,0.0044806344,0.13130574,0.8639597
505301.jpg,0.95032483,0.04846014,0.0007235618,0.00049145566
505302.jpg,0.21322273,0.78470355,0.0009735294,0.0011002488
505303.jpg,0.984375,0.014789517,0.0006682623,0.00016717851
505304.jpg,0.41488513,0.5806193,0.0019501484,0.0025454806
505305.jpg,0.0035453066,0.9942506,0.00097225606,0.0012317948
505306.jpg,0.98552823,0.0084721055,0.005783507,0.00021618196
505307.jpg,0.0043989564,0.992884,0.00061974,0.0020973242
505308.jpg,0.9895237,0.010074028,0.00027589512,0.00012638366
505309.jpg,0.0002000333,0.0010955388,0.666106,0.33259842
505310.jpg,0.8214674,0.17678203,0.00095200766,0.00079859444
505311.jpg,0.0003238013,0.004577778,0.09369113,0.90140724
505312.jpg,0.003910875,0.77252746,0.0013859024,0.22217576
505313.jpg,0.008860141,0.9887714,0.00072138803,0.0016471207
505314.jpg,0.0002334981,0.0012619037,0.5198507,0.4786539
505315.jpg,0.0022515934,0.99503994,0.0004118966,0.002296557
505316.jpg,0.00035964884,0.0054486804,0.28553596,0.7086558
505317.jpg,0.9926273,0.0067989617,0.00042980525,0.00014394837
505318.jpg,0.5177939,0.47608516,0.0046688626,0.001452121
505319.jpg,0.0004143907,0.00066407165,0.98495644,0.013965125
505320.jpg,0.9846689,0.014726996,0.00037947122,0.00022464262
505321.jpg,0.7212426,0.27616206,0.0012980312,0.0012972681
505322.jpg,0.3663851,0.63043326,0.0018097699,0.0013718493
505323.jpg,0.7965494,0.20047216,0.001115567,0.0018628552
505324.jpg,0.03366069,0.1450619,0.0983867,0.7228907
505325.jpg,0.0029027283,0.9940062,0.0010318364,0.002059184
505326.jpg,0.99289423,0.006365502,0.0006221722,0.000118121796
505327.jpg,0.014040611,0.981524,0.0010747756,0.0033607197
505328.jpg,0.49030748,0.50692576,0.0015499418,0.0012167981
505329.jpg,0.9788702,0.020224672,0.0005155445,0.00038956734
505330.jpg,0.012418265,0.7495837,0.2343135,0.0036845144
505331.jpg,0.29901147,0.6979599,0.0018816817,0.0011470107
505332.jpg,0.044568583,0.95349556,0.0008134057,0.0011224102
505333.jpg,0.0014910692,0.35116008,0.034148835,0.6132
505334.jpg,0.00071597425,0.004000236,0.36511573,0.6301681
505335.jpg,0.91790694,0.08124063,0.00042441362,0.0004280456
505336.jpg,0.98716855,0.012359522,0.00037022508,0.000101703365
505337.jpg,0.011209104,0.98609453,0.00053955655,0.0021567915
505338.jpg,0.31692886,0.6725366,0.009075627,0.001458903
505339.jpg,0.98713905,0.011929412,0.0007672734,0.00016424723
505340.jpg,0.98075104,0.018351609,0.0006766383,0.00022071984
505341.jpg,0.4784076,0.5201141,0.0006817989,0.0007964401
505342.jpg,0.012202259,0.9860816,0.00037168848,0.0013443766
505343.jpg,0.61533767,0.38252807,0.0008521371,0.0012821236
505344.jpg,0.9959858,0.0035200592,0.00040555993,8.849684e-05
505345.jpg,0.8772829,0.12110496,0.0010569798,0.0005551743
505346.jpg,0.99137837,0.008194919,0.00031002393,0.000116640585
505347.jpg,0.025523946,0.35232398,0.61786205,0.004290007
505348.jpg,0.9877834,0.010771076,0.0012982602,0.0001473574
505349.jpg,0.0047081257,0.99328995,0.0005302849,0.0014716508
505350.jpg,0.99638003,0.003202583,0.0003250966,9.2321156e-05
505351.jpg,0.20700507,0.22361355,0.56890315,0.00047828225
505352.jpg,0.0023475355,0.0036693455,0.00076864753,0.9932144
505353.jpg,0.9801884,0.016268538,0.0032623664,0.00028064835
505354.jpg,0.9925292,0.0069605415,0.000374309,0.00013597177
505355.jpg,0.10511503,0.8845372,0.0061533856,0.004194319
505356.jpg,0.008400443,0.98686534,0.002198655,0.0025354933
505357.jpg,0.17497502,0.8218933,0.0016978105,0.0014338758
505358.jpg,0.011485417,0.9867261,0.0005943156,0.0011941529
505359.jpg,0.5211281,0.1304113,0.26190433,0.08655625
505360.jpg,0.5439558,0.45276785,0.002395103,0.00088125374
505361.jpg,0.0003619426,0.0024698833,0.65906644,0.33810177
505362.jpg,0.9779873,0.0213954,0.0003992633,0.0002180778
505363.jpg,0.52560747,0.47171167,0.0017294773,0.0009513735
505364.jpg,0.7051049,0.2922114,0.0020284927,0.0006552569
505365.jpg,0.08935329,0.90020066,0.008543328,0.0019026982
505366.jpg,0.3234749,0.66803217,0.007117221,0.0013756976
505367.jpg,0.73330635,0.18975008,0.07599873,0.0009448875
505368.jpg,0.0011723163,0.0025101288,0.0004624068,0.9958551
505369.jpg,0.95023924,0.0283601,0.020722792,0.00067782594
505370.jpg,0.0064477273,0.99074036,0.0010413498,0.0017705505
505371.jpg,0.9692711,0.02978757,0.000732973,0.00020833209
505372.jpg,0.99721193,0.002439223,0.00028860845,6.029046e-05
505373.jpg,0.41134787,0.5812421,0.005294122,0.002115898
505374.jpg,0.98236924,0.017133601,0.0003593559,0.00013776986
505375.jpg,0.99230653,0.0070478953,0.00042760183,0.00021792234
505376.jpg,0.8170169,0.18144222,0.0009918276,0.00054907723
505377.jpg,0.99179965,0.0075180433,0.00046491154,0.00021736485
505378.jpg,0.0057339743,0.99137783,0.0010127499,0.0018754419
505379.jpg,0.1666478,0.8290948,0.0029677898,0.0012895713
505380.jpg,0.07639911,0.919209,0.0008212959,0.003570615
505381.jpg,0.580709,0.4159757,0.001376661,0.00193869
505382.jpg,0.9963572,0.0032552097,0.00030746398,8.01217e-05
505383.jpg,0.99340343,0.006135477,0.0003223835,0.00013872072
505384.jpg,0.8344546,0.16360015,0.0011786387,0.00076661515
505385.jpg,0.6170503,0.38019767,0.0017509287,0.001001093
505386.jpg,0.7978761,0.1992519,0.0017857094,0.0010862317
505387.jpg,0.993521,0.005847227,0.00042639926,0.000205395
505388.jpg,0.0038981084,0.9945726,0.0005841837,0.0009451218
505389.jpg,0.34245548,0.6553942,0.0010247639,0.0011255629
505390.jpg,0.00034008943,0.00011441516,0.9994645,8.096672e-05
505391.jpg,0.8458035,0.14837317,0.0051513272,0.0006719889
505392.jpg,0.06421368,0.934501,0.0004492566,0.00083609973
505393.jpg,0.63104355,0.36793968,0.00045762645,0.0005591747
505394.jpg,0.9817669,0.017678114,0.00034402785,0.00021105062
505395.jpg,0.43231687,0.5562641,0.009217498,0.0022014973
505396.jpg,0.4708996,0.1424495,0.0053107836,0.38134015
505397.jpg,0.37753716,0.6185203,0.0011554393,0.0027871302
505398.jpg,0.6700184,0.3281183,0.0012046661,0.000658674
505399.jpg,0.6343042,0.36069718,0.0024220357,0.0025765465
505400.jpg,0.99091506,0.008293866,0.0006393757,0.0001516556
505401.jpg,0.69438607,0.30435076,0.0007236041,0.00053949363
505402.jpg,0.0067168134,0.9903746,0.0007311643,0.0021773467
505403.jpg,0.9236397,0.0746741,0.00093206647,0.00075410283
505404.jpg,0.31527793,0.58578116,0.09021806,0.008722867
505405.jpg,0.99483466,0.004798611,0.0003003057,6.637151e-05
505406.jpg,0.233175,0.763305,0.0021502702,0.0013697185
505407.jpg,0.087254375,0.053127136,0.41213918,0.44747934
505408.jpg,0.9952195,0.004277144,0.0004273212,7.60204e-05
505409.jpg,0.0011015817,0.025703484,0.52900237,0.44419256
505410.jpg,0.00019633432,0.00012661122,0.9989526,0.0007244179
505411.jpg,0.0015452428,0.00093687495,0.7842467,0.21327119
505412.jpg,0.9943147,0.005113494,0.00047878828,9.306649e-05
505413.jpg,0.18710631,0.8087206,0.003150019,0.001023113
505414.jpg,0.46728906,0.53036267,0.0013957046,0.00095254864
505415.jpg,0.025029965,0.97267455,0.0010807691,0.0012146797
505416.jpg,0.1353999,0.6849685,0.0061775404,0.17345406
505418.jpg,0.9955701,0.00408658,0.0002525967,9.068957e-05
505419.jpg,0.26465854,0.73402625,0.0006153919,0.0006998352
505420.jpg,0.011656775,0.13702613,0.0020362996,0.8492808
505421.jpg,0.9750778,0.024170985,0.0005340853,0.00021712948
505422.jpg,0.9783678,0.020467889,0.0008554514,0.00030888256
505423.jpg,0.9903744,0.009047135,0.0004561106,0.00012237653
505424.jpg,0.0036319878,0.019750187,0.72223186,0.25438592
505425.jpg,0.985029,0.013854324,0.00086114556,0.0002555617
505426.jpg,0.982083,0.017259052,0.00047938756,0.00017856077
505427.jpg,0.9474308,0.050735842,0.0014481082,0.000385271
505428.jpg,0.0032190029,0.99524623,0.0006321166,0.0009025694
505429.jpg,0.033083316,0.9651163,0.0010184798,0.0007818919
505430.jpg,0.3163049,0.5818581,0.0020128097,0.09982417
505431.jpg,0.9962645,0.0028345792,0.0007744702,0.0001264264
505432.jpg,0.76846105,0.22967714,0.0010078986,0.0008539366
505433.jpg,0.46980524,0.5276354,0.0018025944,0.0007567927
505434.jpg,0.97879267,0.020528052,0.0005282025,0.000151095
505435.jpg,0.86270446,0.13481914,0.0016302941,0.00084612396
505436.jpg,0.00035546426,0.0017770558,0.41826925,0.57959825
505438.jpg,0.99307686,0.0064005344,0.00042893903,9.36194e-05
505439.jpg,0.0002477724,0.0004038387,0.8277666,0.17158179
505440.jpg,0.0963437,0.09574702,0.8069606,0.00094875385
505441.jpg,0.99266547,0.006610118,0.00056811824,0.00015635509
505442.jpg,0.028311064,0.9687972,0.00064631016,0.0022454173
505443.jpg,0.9759972,0.023195809,0.00061093696,0.00019599493
505444.jpg,0.10794761,0.88854295,0.0010056905,0.0025037292
505445.jpg,0.030005515,0.9655158,0.0010318451,0.0034468814
505446.jpg,0.007053802,0.74043447,0.0007639698,0.2517477
505447.jpg,0.9263479,0.072730966,0.0005869795,0.00033416622
505448.jpg,0.3496152,0.64697033,0.0020976474,0.0013168297
505449.jpg,0.042089652,0.87703085,0.0013882777,0.07949125
505450.jpg,0.9945567,0.005010409,0.00034073004,9.215253e-05
505451.jpg,0.00031003842,0.0008744369,0.9201347,0.07868085
505452.jpg,0.5334143,0.46342742,0.001629184,0.001529087
505453.jpg,0.00025851218,0.00011195432,0.99944633,0.0001831801
505454.jpg,0.0022872414,0.0007407257,0.904037,0.09293506
505455.jpg,0.33412787,0.66225153,0.0027295754,0.0008910506
505456.jpg,0.00021389122,0.0016957162,0.017656913,0.98043346
505457.jpg,0.9608855,0.03788371,0.0010720259,0.00015874367
505458.jpg,0.75776863,0.2360441,0.005265243,0.0009220545
505459.jpg,0.98986083,0.008448721,0.0015367217,0.00015376104
505460.jpg,0.13247858,0.86512,0.0010018203,0.001399559
505461.jpg,0.029175857,0.4926367,0.4492903,0.028897116
505462.jpg,0.010994478,0.8421457,0.14407913,0.002780691
505463.jpg,0.00010652852,0.00019870857,0.9686585,0.031036235
505464.jpg,0.98998046,0.0094474545,0.00041239627,0.00015966305
505465.jpg,0.9970334,0.0026944506,0.00019913119,7.297878e-05
505466.jpg,0.8182574,0.179227,0.0020998528,0.00041573503
505467.jpg,0.9084298,0.09048605,0.000584408,0.0004998027
505468.jpg,0.061829012,0.092092045,0.01732309,0.82875586
505469.jpg,0.0073670656,0.9900109,0.00076549343,0.0018565673
505470.jpg,0.88006145,0.119097196,0.000657996,0.00018332915
505471.jpg,0.057196897,0.93990755,0.001137935,0.0017576019
505472.jpg,0.8074588,0.19045071,0.0016755714,0.00041490703
505473.jpg,0.75383276,0.2131602,0.032514174,0.00049287337
505474.jpg,0.0003190365,0.0003177755,0.9276457,0.07171748
505475.jpg,0.7895816,0.14167349,0.007454796,0.06129008
505476.jpg,0.1959383,0.8013386,0.0013225466,0.0014005862
505477.jpg,0.8238551,0.084913455,0.090654336,0.0005771285
505478.jpg,0.0046863477,0.0030318776,0.32518575,0.66709596
505479.jpg,0.00040313578,0.00033515913,0.7138775,0.2853842
505480.jpg,0.5154298,0.48112288,0.0025152543,0.0009320453
505481.jpg,0.5861341,0.38505208,0.02715779,0.0016560542
505482.jpg,0.004657947,0.4238962,0.21856563,0.3528802
505483.jpg,0.006413908,0.9925087,0.00035796114,0.000719425
505484.jpg,0.90689486,0.089865506,0.002656116,0.00058359205
505485.jpg,0.9853837,0.013146327,0.0012923828,0.00017759809
505486.jpg,0.92695636,0.02584757,0.04674119,0.000454916
505487.jpg,0.9952354,0.0038001288,0.00086947595,9.50807e-05
505488.jpg,0.9959027,0.0036049134,0.00037930123,0.000113067224
505489.jpg,0.9937873,0.0054997453,0.00056155067,0.00015139756
505490.jpg,0.99439496,0.005225077,0.00032106522,5.8906124e-05
505491.jpg,0.7265,0.27107868,0.0016718126,0.0007496223
505492.jpg,0.020529274,0.9771991,0.0007370943,0.0015345489
505493.jpg,0.8981185,0.100125365,0.0011699569,0.0005861964
505494.jpg,0.009170875,0.14283524,0.012214343,0.8357795
505495.jpg,0.9885454,0.010890069,0.00042068245,0.00014382508
505496.jpg,0.9498623,0.04643783,0.0022043006,0.0014955103
505497.jpg,0.99489087,0.004739307,0.0002847125,8.510679e-05
505498.jpg,0.8255775,0.17223638,0.0016756039,0.00051050424
505499.jpg,0.44919387,0.54855335,0.0011704294,0.0010823727
505500.jpg,0.00026287395,0.0006046135,0.7527645,0.24636804
505501.jpg,0.8912978,0.10725167,0.0005413716,0.0009090747
505502.jpg,0.003018359,0.0017594192,0.841538,0.15368418
505503.jpg,0.26251516,0.7357777,0.0012388908,0.00046821786
505504.jpg,0.95157886,0.041373763,0.0056596864,0.001387713
505505.jpg,0.93210477,0.0658719,0.0014861737,0.00053719996
505506.jpg,0.99743384,0.0022091263,0.00029417113,6.289231e-05
505507.jpg,0.049214263,0.9490922,0.0005526391,0.0011409055
505508.jpg,0.040179178,0.9583986,0.00069371535,0.0007285336
505509.jpg,0.3099591,0.017763415,0.63594663,0.036330774
505510.jpg,0.88010424,0.118314296,0.0009564015,0.00062510814
505511.jpg,0.015652418,0.983027,0.00055111246,0.00076952484
505512.jpg,0.08132127,0.9068775,0.0014993494,0.010301839
505513.jpg,0.8061655,0.19202058,0.001233615,0.00058026344
505514.jpg,0.980274,0.0191058,0.00046939254,0.00015075512
505515.jpg,0.8903758,0.10859641,0.0006062763,0.00042161977
505516.jpg,0.5380787,0.06816021,0.39275396,0.0010070935
505517.jpg,0.10205109,0.89484,0.0015968349,0.0015121
505518.jpg,0.0003771661,0.0007522011,0.5636986,0.43517196
505519.jpg,0.007814202,0.99040127,0.00049943966,0.001285073
505520.jpg,0.00025871955,0.0011820127,0.6923906,0.30616862
505521.jpg,0.0019315096,0.0011114567,0.8068149,0.19014215
505522.jpg,0.991199,0.008244255,0.00044004768,0.00011663613
505523.jpg,0.9714014,0.0278173,0.00049836567,0.00028289415
505524.jpg,0.98876756,0.01076628,0.0003196095,0.00014659173
505525.jpg,0.18259619,0.81562656,0.0008517495,0.00092552294
505526.jpg,0.066674024,0.9309742,0.0009936589,0.0013581482
505527.jpg,0.99566287,0.003972175,0.00026630342,9.861399e-05
505528.jpg,0.6508493,0.34731662,0.0012956555,0.0005384883
505529.jpg,0.5893931,0.4077781,0.0017709052,0.0010578417
505530.jpg,0.0001033143,2.8185947e-05,0.9998495,1.9011635e-05
505531.jpg,0.17182833,0.6916542,0.029144002,0.10737344
505532.jpg,0.5207937,0.47673106,0.001324626,0.0011506677
505533.jpg,0.9895301,0.009757585,0.0005269553,0.00018536318
505534.jpg,0.99082106,0.008617171,0.00042102733,0.00014078825
505535.jpg,0.015005219,0.9832797,0.00037956532,0.0013355684
505536.jpg,0.9849785,0.013740829,0.0010065214,0.00027410025
505537.jpg,0.0105105005,0.9876774,0.0011217886,0.0006903464
505538.jpg,0.010073002,0.908523,0.07956882,0.0018351782
505539.jpg,0.8389599,0.15916932,0.0008598442,0.0010110048
505540.jpg,0.14717367,0.851197,0.00076721865,0.00086214906
505541.jpg,0.994788,0.004872605,0.00025177322,8.7654415e-05
505542.jpg,0.7650416,0.23218445,0.0016956414,0.0010782857
505543.jpg,0.9370639,0.053047806,0.009600535,0.00028783706
505544.jpg,0.9958604,0.0036073092,0.00042060227,0.00011164998
505545.jpg,0.98322994,0.016319392,0.0003247622,0.00012593526
505546.jpg,0.00056315167,0.11037296,0.00044262529,0.8886213
505547.jpg,0.036283877,0.96199054,0.0005820406,0.0011435873
505548.jpg,0.2894024,0.051855702,0.5841729,0.074568994
505549.jpg,0.8380634,0.15909372,0.0021426568,0.000700263
505550.jpg,0.3231315,0.6749821,0.00039867676,0.001487726
505551.jpg,0.5338692,0.46444845,0.0009203055,0.00076202507
505552.jpg,0.00075154187,0.035239797,0.10624676,0.85776186
505553.jpg,0.8140538,0.1833138,0.001960341,0.00067204935
505554.jpg,0.9497969,0.04855148,0.0010880567,0.00056353526
505555.jpg,0.81171435,0.1872266,0.0005731718,0.00048589535
505556.jpg,0.21132784,0.7758376,0.011182345,0.00165227
505557.jpg,0.71157056,0.28566912,0.0020429664,0.0007173764
505558.jpg,0.7925587,0.20518313,0.0009480842,0.0013100128
505559.jpg,0.98323965,0.01570716,0.00078483444,0.0002682903
505560.jpg,0.9955783,0.003824996,0.00045892087,0.00013772468
505561.jpg,0.15756126,0.83972853,0.0015218103,0.0011883989
505562.jpg,0.0044161514,0.19037147,0.49664664,0.30856583
505563.jpg,0.0057906196,0.9928524,0.0002939585,0.0010631181
505564.jpg,0.0021625054,0.996576,0.00022755191,0.0010340638
505565.jpg,0.51594955,0.48147777,0.0018473166,0.00072534714
505566.jpg,0.005444988,0.99252576,0.0006498464,0.0013794455
505567.jpg,0.3560208,0.6392125,0.00203301,0.0027336793
505568.jpg,0.9911351,0.0083507635,0.00037152987,0.00014258541
505569.jpg,0.00030777932,0.0007399583,0.38432932,0.6146229
505570.jpg,0.0037278142,0.0850903,0.6354075,0.2757744
505571.jpg,0.019678762,0.9785419,0.00095086894,0.00082842243
505572.jpg,0.0002040248,0.00035008727,0.9978668,0.0015790722
505573.jpg,0.005425083,0.37516344,0.023034766,0.59637666
505574.jpg,0.5881737,0.40918612,0.0013857357,0.0012545019
505575.jpg,0.94373685,0.052251313,0.003692859,0.00031900118
505576.jpg,0.98576826,0.013526523,0.000504126,0.00020113245
505577.jpg,0.015049485,0.98271394,0.00063416624,0.0016024193
505578.jpg,0.99550575,0.003942639,0.00047132108,8.025938e-05
505579.jpg,0.0004808073,0.0010257927,0.3994315,0.5990619
505580.jpg,0.9892289,0.010396128,0.0002518736,0.00012311264
505581.jpg,0.88548535,0.11266112,0.0012878982,0.00056559494
505582.jpg,0.9859398,0.013413963,0.0004899647,0.00015621993
505583.jpg,0.47399148,0.14691652,0.0041024173,0.37498954
505584.jpg,0.0062784883,0.6512676,0.000808038,0.34164584
505585.jpg,0.101609446,0.0783399,0.27367,0.5463807
505586.jpg,0.99235725,0.006679351,0.0007744969,0.00018891964
505587.jpg,0.9950842,0.004410336,0.0004110573,9.44034e-05
505588.jpg,0.995979,0.0035848382,0.00035164072,8.453819e-05
505589.jpg,0.0035720065,0.5420223,0.0062583773,0.44814733
505590.jpg,0.2852857,0.71189237,0.0018303852,0.000991583
505591.jpg,0.23418564,0.19986385,0.5650983,0.0008522112
505592.jpg,0.6702969,0.3287952,0.00038015703,0.00052773324
505593.jpg,0.12320471,0.8755644,0.0006068614,0.00062401535
505594.jpg,0.0002135642,0.00041708528,0.95719457,0.0421748
505595.jpg,0.01149564,0.98495454,0.0010432027,0.0025066144
505596.jpg,0.9156874,0.0829917,0.0008707424,0.0004501335
505597.jpg,0.9947466,0.004846833,0.00030638842,0.00010019256
505598.jpg,0.5322163,0.46615824,0.0011360807,0.00048944226
505599.jpg,0.99612457,0.0034610461,0.00032954794,8.477932e-05
505600.jpg,0.0023291742,0.16606759,0.3924552,0.43914807
505601.jpg,0.00017782107,0.000113264185,0.9989522,0.00075668
505602.jpg,0.0066894223,0.9913654,0.00037497826,0.0015702284
505603.jpg,0.67181283,0.034186307,0.29337516,0.0006257049
505604.jpg,0.48524714,0.5092299,0.004114973,0.0014079603
505605.jpg,0.9934003,0.005958328,0.0005217065,0.000119750046
505606.jpg,0.10574458,0.8914616,0.0019021985,0.00089163444
505607.jpg,0.20329358,0.79345995,0.0011633639,0.002083109
505608.jpg,0.38640895,0.5971681,0.015321478,0.0011014476
505609.jpg,0.019790417,0.9785755,0.00055437034,0.0010796508
505610.jpg,0.013014789,0.98452854,0.0009847584,0.0014719103
505611.jpg,0.7340148,0.26446715,0.0011364077,0.00038161906
505612.jpg,0.5679988,0.43082526,0.00066992274,0.00050596957
505613.jpg,0.80958194,0.1890348,0.0011693585,0.0002139043
505614.jpg,0.002207649,0.6360068,0.0007700613,0.36101556
505615.jpg,0.016325867,0.6454676,0.0049277004,0.33327878
505616.jpg,0.8797385,0.119357765,0.00055928004,0.00034445585
505617.jpg,0.972837,0.0252372,0.0015001347,0.00042568822
505618.jpg,0.9691861,0.029971302,0.00069801905,0.00014455472
505619.jpg,0.9339393,0.06452891,0.0010999999,0.0004317786
505620.jpg,0.9915746,0.007735336,0.0005191518,0.00017091953
505621.jpg,0.82688063,0.17250602,0.00039348984,0.00021983928
505622.jpg,0.00865185,0.22582714,0.017764114,0.74775696
505623.jpg,0.0009144771,0.0004743979,0.9035718,0.095039435
505624.jpg,0.5203758,0.47491154,0.0028359797,0.0018767585
505625.jpg,0.63260216,0.36548066,0.0012617304,0.0006554712
505626.jpg,0.00022865401,0.0005830931,0.763458,0.23573023
505627.jpg,0.039691877,0.9575941,0.0010718777,0.0016421532
505628.jpg,0.013710123,0.04971197,0.1492673,0.7873106
505629.jpg,0.994951,0.004303134,0.00060613686,0.00013969424
505630.jpg,0.016776241,0.9786248,0.002412604,0.0021863787
505631.jpg,0.98905104,0.009708033,0.001037213,0.00020367716
505632.jpg,8.811533e-05,6.59276e-05,0.9998038,4.2184303e-05
505633.jpg,0.91218066,0.085958354,0.0016436804,0.00021725643
505634.jpg,0.009774363,0.9887219,0.0004927974,0.0010109354
505635.jpg,0.62345535,0.37035695,0.0050755516,0.001112085
505636.jpg,0.99133134,0.008144324,0.00040207276,0.00012232966
505637.jpg,6.506778e-05,0.0004940262,0.0037707323,0.99567026
505638.jpg,0.9958809,0.0036755772,0.00036018738,8.340047e-05
505639.jpg,0.063992485,0.30943292,0.23266853,0.39390603
505640.jpg,0.7662905,0.17737979,0.055072073,0.0012576435
505641.jpg,0.09617985,0.06531234,0.67799026,0.1605175
505642.jpg,0.006215073,0.00023075602,0.99339503,0.00015911728
505643.jpg,0.04697171,0.9494198,0.0018337676,0.001774733
505644.jpg,0.56409997,0.4337392,0.00095845386,0.0012023434
505645.jpg,0.14260311,0.853184,0.0022619057,0.0019510062
505646.jpg,0.99395496,0.005000754,0.0009470696,9.722058e-05
505647.jpg,0.22440238,0.7611747,0.0054064705,0.009016514
505648.jpg,0.6492344,0.34875163,0.001003182,0.0010107595
505649.jpg,0.9406999,0.058572624,0.00049086084,0.00023668457
505650.jpg,0.9966132,0.0027428253,0.00056106405,8.290834e-05
505651.jpg,8.462748e-05,8.05331e-05,0.9995441,0.00029074514
505652.jpg,0.012432344,0.985713,0.0006636843,0.0011909754
505653.jpg,0.8148143,0.1841727,0.0005877382,0.00042525996
505655.jpg,0.09849615,0.89330405,0.0067394953,0.0014603478
505656.jpg,0.9488978,0.05004007,0.0007498099,0.00031232042
505657.jpg,0.00023759976,0.0002779567,0.9945944,0.0048900032
505658.jpg,0.16429998,0.82906055,0.0033223915,0.0033170788
505659.jpg,7.7172845e-05,6.340893e-05,0.99966115,0.00019829773
505660.jpg,0.49342933,0.503396,0.0014487283,0.0017259788
505661.jpg,0.4156227,0.5678553,0.015068487,0.0014534947
505662.jpg,0.78424484,0.21301092,0.002260159,0.0004841882
505663.jpg,0.00024453318,0.00074667553,0.90507644,0.09393234
505664.jpg,0.103115074,0.8954765,0.0006442862,0.00076416397
505665.jpg,0.6687997,0.3300384,0.00061074644,0.0005511012
505666.jpg,0.9130748,0.08506761,0.0014207537,0.00043676907
505667.jpg,0.99593306,0.0035873225,0.0004121979,6.7394925e-05
505668.jpg,0.160492,0.8375222,0.0009397429,0.0010460503
505669.jpg,0.20099871,0.7967305,0.0013320144,0.0009387994
505670.jpg,0.36784413,0.63009125,0.0012553268,0.00080929213
505671.jpg,0.0012812078,0.0069935243,0.3733926,0.6183327
505672.jpg,0.9874745,0.011246885,0.0010227831,0.00025578385
505673.jpg,0.65936893,0.11707711,0.22252189,0.0010320198
505674.jpg,0.9946458,0.004587611,0.00068570237,8.094692e-05
505675.jpg,0.06422658,0.9339773,0.0012726766,0.0005234746
505676.jpg,0.99332625,0.0059924494,0.00054507237,0.00013623688
505677.jpg,0.9965045,0.0030123042,0.00039891366,8.430195e-05
505678.jpg,0.41094896,0.37302312,0.059913795,0.15611415
505679.jpg,0.98926145,0.010152873,0.00039326804,0.00019242457
505680.jpg,0.6559331,0.3427838,0.00047791377,0.0008052204
505681.jpg,0.00035845945,0.000824407,0.7306311,0.26818597
505682.jpg,0.981792,0.016466653,0.001223858,0.0005174579
505683.jpg,0.99421996,0.0053446777,0.00032755733,0.000107859734
505684.jpg,0.1818061,0.81474155,0.0017203898,0.0017319882
505685.jpg,0.15584233,0.840496,0.0028749446,0.00078672805
505686.jpg,0.97403294,0.025013508,0.00053880527,0.00041473343
505687.jpg,0.015764268,0.98093265,0.0009969209,0.0023061724
505688.jpg,0.5756699,0.41766894,0.0062345364,0.00042662528
505689.jpg,0.08309894,0.91525525,0.00088667526,0.0007591492
505690.jpg,0.9573385,0.041590404,0.00070448936,0.00036658862
505691.jpg,0.14788379,0.8498134,0.0014303616,0.0008724707
505692.jpg,0.6654765,0.3335017,0.0004422133,0.00057956885
505693.jpg,0.37834844,0.16781914,0.0070782606,0.44675413
505694.jpg,0.6027351,0.3923892,0.0038678956,0.0010078348
505695.jpg,0.012391967,0.8244899,0.15287964,0.010238502
505696.jpg,0.6297753,0.36834458,0.0010110833,0.0008690531
505697.jpg,0.99341077,0.0058452976,0.0006375654,0.00010636857
505698.jpg,0.8919709,0.10072109,0.006538933,0.00076907285
505699.jpg,0.01275592,0.9102469,0.07051364,0.0064834678
505700.jpg,0.31820497,0.6783301,0.0022120003,0.0012528785
505701.jpg,0.99103385,0.008452826,0.00041334852,9.99899e-05
505702.jpg,0.87833047,0.120565064,0.0008031083,0.00030134688
505703.jpg,0.67752385,0.31964526,0.0016069891,0.0012238859
505704.jpg,0.16074024,0.41589388,0.14747427,0.27589163
505705.jpg,0.00035037947,0.0010153055,0.46715784,0.5314765
505706.jpg,0.92275983,0.07594869,0.0010807436,0.00021067203
505707.jpg,0.9923825,0.006957553,0.00052817236,0.00013176336
505708.jpg,0.036942646,0.9593726,0.002305108,0.0013796141
505709.jpg,0.09892904,0.44266948,0.09816653,0.36023498
505710.jpg,0.9715516,0.026838519,0.0013160915,0.00029376955
505711.jpg,0.008157899,0.98756266,0.00040189596,0.0038775716
505712.jpg,0.02351118,0.97429794,0.00051609916,0.0016747232
505713.jpg,0.8471949,0.15176515,0.00074794126,0.00029193916
505714.jpg,0.13397653,0.8458109,0.0009962633,0.019216299
505715.jpg,0.04738679,0.9483327,0.0030394178,0.0012411281
505716.jpg,0.002281549,0.9965376,0.00023425568,0.000946587
505717.jpg,0.91872734,0.07965197,0.0013527209,0.00026798513
505718.jpg,0.75709325,0.241747,0.00087753194,0.00028217677
505719.jpg,0.010855787,0.9860169,0.0008220272,0.0023053244
505720.jpg,0.4813775,0.5144837,0.0018240745,0.0023147312
505721.jpg,0.24272442,0.7539637,0.0023599116,0.0009519823
505722.jpg,0.9946161,0.004379869,0.0009035996,0.000100429745
505723.jpg,0.99190027,0.007799294,0.00021008532,9.0370835e-05
505724.jpg,0.84885216,0.14819014,0.0012188943,0.0017388194
505725.jpg,0.00458967,0.0031746079,0.36551487,0.62672085
505726.jpg,0.00012969326,0.00020217388,0.96854216,0.031125985
505727.jpg,0.6542458,0.34249058,0.0023733038,0.0008903092
505728.jpg,0.029603759,0.5789817,0.3881081,0.0033063693
505729.jpg,0.010486658,0.9871969,0.0007153375,0.001601139
505730.jpg,0.0022544032,0.83404875,0.0014177872,0.16227911
505731.jpg,0.010203559,0.98779315,0.0008933942,0.0011099306
505732.jpg,0.9888706,0.010327504,0.00063922914,0.0001626254
505733.jpg,0.31716183,0.67890483,0.001638905,0.0022944016
505734.jpg,0.29097304,0.705731,0.0021322255,0.0011637168
505735.jpg,8.05985e-05,2.9959827e-05,0.99986976,1.9728941e-05
505736.jpg,0.0036429546,0.99543047,0.00041837213,0.0005082274
505737.jpg,0.00859928,0.9897557,0.00041620876,0.0012287962
505738.jpg,0.9861346,0.013276618,0.0005008153,8.795198e-05
505739.jpg,0.995874,0.0036498557,0.00036874137,0.000107343214
505740.jpg,0.9524727,0.046143156,0.0011394789,0.00024462616
505741.jpg,0.0004272282,0.0018041119,0.36326256,0.6345061
505742.jpg,0.8900793,0.10875457,0.0009041919,0.00026188724
505743.jpg,0.992317,0.0071553937,0.00039802608,0.00012951826
505744.jpg,0.0647982,0.9332051,0.00046320492,0.0015334664
505745.jpg,0.99145705,0.007833534,0.0006162312,9.314389e-05
505746.jpg,0.97571343,0.023224676,0.00076504686,0.00029685677
505747.jpg,0.0042975326,0.99457806,0.0002580493,0.0008663579
505748.jpg,0.87782365,0.12067764,0.0009889175,0.0005097625
505749.jpg,0.3495032,0.6480524,0.001105582,0.0013388335
505750.jpg,0.0043441723,0.60779786,0.2869898,0.100868136
505751.jpg,0.63738006,0.3597659,0.0014315977,0.0014224913
505752.jpg,0.5826364,0.41458365,0.0016314196,0.0011485453
505753.jpg,0.0128969215,0.980318,0.0046965824,0.0020885167
505754.jpg,0.009452303,0.9884874,0.0009805332,0.0010797487
505755.jpg,0.99576735,0.003925239,0.00022814,7.9299214e-05
505756.jpg,0.15476589,0.40939417,0.4328201,0.0030197508
505757.jpg,0.18806714,0.8089773,0.0021829086,0.0007726539
505758.jpg,0.37964794,0.6172817,0.002177316,0.00089309626
505759.jpg,0.9966123,0.0030573374,0.00024985604,8.052671e-05
505760.jpg,0.9472514,0.0516384,0.00062492606,0.0004852653
505761.jpg,0.9957888,0.0037167792,0.00038389183,0.00011048657
505762.jpg,0.8717856,0.12722795,0.00066131173,0.00032523958
505763.jpg,0.87798995,0.120710194,0.0009825082,0.0003173581
505764.jpg,0.6233406,0.37524784,0.00067210564,0.00073945103
505765.jpg,0.08236629,0.5630346,0.32986057,0.024738565
505766.jpg,0.007918636,0.98853034,0.0018370157,0.0017140199
505767.jpg,0.66513306,0.3330094,0.0010392753,0.00081824954
505768.jpg,0.012423962,0.9090348,0.07658548,0.0019557546
505769.jpg,0.6369266,0.3586799,0.0032554378,0.0011380631
505770.jpg,0.9926655,0.006732905,0.0005261325,7.544597e-05
505771.jpg,0.083390206,0.91122705,0.003672181,0.001710558
505772.jpg,0.29211518,0.7045753,0.000973487,0.0023360625
505773.jpg,0.77378464,0.2254342,0.0003994049,0.00038171417
505774.jpg,0.9973335,0.0023363207,0.00026109596,6.9021895e-05
505775.jpg,0.11056733,0.02431664,0.8636174,0.0014985598
505776.jpg,0.22129174,0.44173852,0.048796237,0.28817347
505777.jpg,0.0024249994,0.99466705,0.00055930787,0.0023486537
505778.jpg,0.656665,0.34106433,0.0013426449,0.00092795095
505779.jpg,0.9961066,0.0035019976,0.00029507783,9.6319214e-05
505780.jpg,0.99586487,0.0038392097,0.00020379107,9.211053e-05
505781.jpg,0.9560612,0.04296616,0.0008177029,0.00015495792
505782.jpg,0.9243309,0.075016946,0.00042379196,0.00022834887
505783.jpg,0.9904514,0.008871468,0.0005052098,0.00017190631
505784.jpg,0.9963849,0.0033364259,0.000204883,7.3735355e-05
505785.jpg,0.0023052813,0.5858687,0.0019812207,0.4098448
505786.jpg,0.9863631,0.013125844,0.0003036275,0.0002073788
505787.jpg,0.9954446,0.0038814272,0.000550553,0.00012337633
505788.jpg,0.65395546,0.34218946,0.0030909795,0.0007641245
505789.jpg,0.8397352,0.1550041,0.0043515544,0.00090919813
505790.jpg,0.002864016,0.00078631815,0.9293909,0.06695876
505791.jpg,0.19237113,0.8040838,0.0018098488,0.0017351679
505792.jpg,0.7057781,0.293553,0.00039427925,0.00027465334
505793.jpg,0.60130996,0.39207724,0.005095059,0.0015177014
505794.jpg,0.005498961,0.010727719,0.5773486,0.40642473
505795.jpg,0.16608019,0.82737464,0.005224101,0.0013210513
505796.jpg,0.001735501,0.32222226,0.0021699371,0.6738723
505797.jpg,0.94416374,0.054563437,0.0010263898,0.00024645025
505798.jpg,0.028814713,0.003926698,0.9483974,0.01886118
505799.jpg,0.5628011,0.007582203,0.4289542,0.00066244556
505800.jpg,0.99522525,0.0043347,0.00035296715,8.703852e-05
505801.jpg,0.76689965,0.22937034,0.0028628781,0.00086713844
505802.jpg,0.00021754597,0.00038221455,0.8495962,0.14980407
505803.jpg,0.45015064,0.54714036,0.0011519202,0.0015571065
505804.jpg,0.47788846,0.5163904,0.0012479081,0.004473221
505805.jpg,0.9951163,0.003637945,0.0011003547,0.00014538717
505806.jpg,0.003201099,0.9945231,0.0004113006,0.0018645268
505807.jpg,0.04213388,0.9553893,0.0012707774,0.0012059611
505808.jpg,0.13813347,0.86056787,0.0006646888,0.00063399784
505809.jpg,0.15322964,0.84539145,0.0006951404,0.00068376184
505810.jpg,0.7680957,0.16170388,0.069482006,0.0007184768
505811.jpg,0.048637692,0.9486261,0.00078313233,0.0019530036
505812.jpg,0.009674604,0.9891677,0.00036952496,0.00078813935
505813.jpg,0.015647344,0.9815988,0.0006186913,0.0021351974
505814.jpg,0.00017605192,0.0033455864,0.007836851,0.9886415
505815.jpg,0.14857444,0.8488404,0.0015746633,0.0010105037
505816.jpg,0.24861391,0.7496559,0.0006780187,0.001052141
505817.jpg,0.14925294,0.8440899,0.0027541472,0.0039030595
505818.jpg,0.4130648,0.58143336,0.004338021,0.0011637933
505819.jpg,0.90676975,0.0902034,0.0024483483,0.00057846494
505820.jpg,0.50791156,0.48996702,0.0013597967,0.00076158793
505821.jpg,0.5340943,0.44941974,0.01199792,0.004488078
505822.jpg,0.9945464,0.005083841,0.00027494988,9.478746e-05
505823.jpg,0.13300087,0.86545104,0.0005844568,0.000963656
505824.jpg,0.0009853871,0.007500497,0.858521,0.13299316
505825.jpg,0.996286,0.0032299787,0.0004098001,7.423021e-05
505826.jpg,0.99453574,0.005005725,0.0003518091,0.0001067
505827.jpg,0.011699453,0.20075196,0.0008897963,0.78665876
505828.jpg,0.10204188,0.2599144,0.12696747,0.5110762
505829.jpg,0.98828727,0.0105611,0.0009426351,0.00020894012
505830.jpg,0.994961,0.004600287,0.0003363681,0.00010231797
505831.jpg,0.77290744,0.2258869,0.00073019456,0.00047544576
505832.jpg,0.030084789,0.9674371,0.0009404623,0.0015376201
505833.jpg,0.8884046,0.11032194,0.0007039976,0.00056946895
505834.jpg,0.008799402,0.9884102,0.0013992903,0.001391109
505835.jpg,0.81513816,0.1834926,0.00092880457,0.00044037192
505836.jpg,0.14770335,0.850117,0.0008125962,0.0013670732
505837.jpg,0.9965654,0.0030719654,0.00029063647,7.199996e-05
505838.jpg,0.4793273,0.50076884,0.018703995,0.0011998728
505839.jpg,0.029668381,0.34304357,0.06836603,0.55892205
505840.jpg,0.008191607,0.36255708,0.6152319,0.014019449
505841.jpg,0.10264077,0.89556545,0.0006312107,0.0011626566
505842.jpg,0.989855,0.009305032,0.0007038554,0.00013616937
505843.jpg,0.99485064,0.004511909,0.0005113465,0.00012614725
505844.jpg,0.0073396326,0.991811,0.0004103185,0.0004390081
505845.jpg,0.06311504,0.93543243,0.0007109178,0.00074167876
505846.jpg,0.98829204,0.011329596,0.00025781468,0.00012056707
505847.jpg,0.0010451266,0.0015360467,0.44248366,0.55493516
505848.jpg,0.20125002,0.796812,0.0010056432,0.0009323766
505849.jpg,0.38593975,0.61093956,0.002261355,0.00085928914
505850.jpg,0.99612474,0.0033769065,0.0003458604,0.00015245604
505851.jpg,0.010666382,0.9875962,0.00045050425,0.0012868657
505852.jpg,0.010316961,0.26105925,0.014780206,0.71384364
505853.jpg,0.01070262,0.6313501,0.0134138465,0.34453344
505854.jpg,0.6989236,0.29950032,0.00085096416,0.00072512653
505855.jpg,0.00013452533,0.0010042147,0.0031612378,0.99570006
505856.jpg,0.99377745,0.0058704335,0.000242298,0.00010977202
505857.jpg,0.5436057,0.4500138,0.004612683,0.0017678944
505858.jpg,0.24689548,0.38794318,0.062864155,0.30229715
505859.jpg,0.9769576,0.022215111,0.0006565614,0.00017067157
505860.jpg,0.6538107,0.34407318,0.0013943523,0.00072178483
505861.jpg,0.46193075,0.5357412,0.0019067497,0.0004213011
505862.jpg,0.82557034,0.17293018,0.0010051433,0.00049428624
505863.jpg,0.92176104,0.07693241,0.000707686,0.0005988721
505864.jpg,0.8171625,0.15340364,0.028772749,0.00066110265
505865.jpg,0.99578434,0.003916405,0.00021142086,8.777521e-05
505866.jpg,0.99610955,0.0035836387,0.0002335304,7.326778e-05
505867.jpg,0.26328436,0.10564393,0.5484304,0.082641356
505868.jpg,0.9949557,0.004479259,0.00040252288,0.00016247487
505869.jpg,0.30509374,0.6906216,0.0032690463,0.0010156484
505870.jpg,0.2422079,0.7566584,0.00039230776,0.00074131135
505871.jpg,0.03884429,0.9589254,0.00085318595,0.0013771079
505872.jpg,0.99588317,0.0036594272,0.00032258572,0.00013483042
505873.jpg,0.96213156,0.03517805,0.0024027012,0.00028765274
505874.jpg,0.832593,0.16594747,0.001103025,0.00035649326
505875.jpg,0.50611037,0.48869455,0.003256881,0.0019381895
505876.jpg,0.38139132,0.61392087,0.0030881737,0.0015996586
505877.jpg,0.031602316,0.9663806,0.000785642,0.0012314199
505878.jpg,0.025261415,0.9731545,0.0005695137,0.0010146023
505879.jpg,0.008538445,0.99002033,0.00043645946,0.00100477
505880.jpg,9.660728e-05,0.00019674267,0.9992337,0.0004729353
505881.jpg,0.97291756,0.024770593,0.001759599,0.00055230135
505882.jpg,0.001050593,0.0004873389,0.9968379,0.0016241922
505883.jpg,0.00033461474,0.0010433233,0.0020791611,0.99654293
505884.jpg,0.84537077,0.15052246,0.0033276267,0.0007791371
505885.jpg,0.8705446,0.12777828,0.00059173064,0.0010854554
505886.jpg,0.98796195,0.011624989,0.0002797926,0.00013332652
505887.jpg,0.7045521,0.27626076,0.017604273,0.0015828516
505888.jpg,0.0007692964,0.0005279232,0.8609361,0.13776664
505889.jpg,0.9967275,0.0029431332,0.00024893004,8.0378246e-05
505890.jpg,0.12441918,0.30909285,0.20915847,0.3573295
505891.jpg,0.0008549472,0.3122456,0.011847619,0.67505187
505892.jpg,0.98536444,0.01361506,0.0008293052,0.0001912127
505893.jpg,0.004061515,0.9920175,0.00044030487,0.003480639
505894.jpg,0.22863247,0.76913387,0.00105093,0.0011826671
505895.jpg,0.009766546,0.8729434,0.014013133,0.10327687
505896.jpg,0.00627921,0.9810428,0.009930155,0.0027478617
505897.jpg,0.9354186,0.06324188,0.001094976,0.00024451772
505898.jpg,0.8191712,0.17996334,0.0005983238,0.0002671037
505899.jpg,0.23698814,0.7608827,0.0012841205,0.0008451044
505900.jpg,0.32846746,0.66909593,0.0009578553,0.0014787475
505901.jpg,0.99037045,0.009097546,0.00040048896,0.00013152258
505902.jpg,0.00023720348,0.0032068572,0.0028411774,0.9937148
505903.jpg,0.00031686103,0.0007178372,0.9898035,0.009161839
505904.jpg,0.34872827,0.6454926,0.004717648,0.0010614219
505905.jpg,0.99616027,0.0034576291,0.00029944148,8.270622e-05
505906.jpg,0.102979265,0.89380056,0.0014835534,0.0017366173
505907.jpg,0.0004218802,0.00017153368,0.99894744,0.00045911886
505908.jpg,0.99205106,0.007429127,0.0004101457,0.00010968084
505909.jpg,0.0024197276,0.99434143,0.0008364031,0.0024024278
505910.jpg,0.71752167,0.28080785,0.001164007,0.00050645036
505911.jpg,0.0137491105,0.7618816,0.22122808,0.0031412232
505912.jpg,0.023766497,0.97389776,0.0010434819,0.001292219
505913.jpg,0.0073716235,0.9903509,0.0006428067,0.00163473
505914.jpg,0.049076606,0.9465265,0.0015867882,0.002810099
505915.jpg,0.006835419,0.9902053,0.0011173656,0.0018419
505916.jpg,0.9961982,0.0033382664,0.00034052785,0.00012307598
505917.jpg,0.98488426,0.014582906,0.00036708525,0.00016570491
505918.jpg,0.5037228,0.4937956,0.0016346656,0.0008469885
505919.jpg,0.08149075,0.9110578,0.006210018,0.0012413678
505920.jpg,0.004242147,0.9385993,0.05255564,0.004602955
505921.jpg,0.009238017,0.2692075,0.003323744,0.7182307
505922.jpg,0.9870637,0.012433457,0.00039103383,0.000111786845
505923.jpg,0.064530745,0.0031164892,0.7627997,0.16955309
505924.jpg,0.0065353843,0.9918566,0.00038370004,0.0012243416
505925.jpg,0.00012585906,5.6170877e-05,0.99974984,6.818586e-05
505926.jpg,0.001549201,0.06299054,0.37651578,0.55894446
505927.jpg,0.86759037,0.1304351,0.0015052082,0.00046935037
505928.jpg,0.006693049,0.9915305,0.0004921741,0.0012842511
505929.jpg,0.003853526,0.99480706,0.00034581622,0.0009936049
505930.jpg,0.92924315,0.06947627,0.0008614068,0.00041912476
505931.jpg,0.17504434,0.723263,0.09813181,0.0035608113
505932.jpg,0.5593424,0.43087974,0.00814472,0.0016331834
505933.jpg,0.9933615,0.005804673,0.00068585406,0.00014803329
505934.jpg,0.014585696,0.983133,0.00041136134,0.0018698717
505935.jpg,5.708973e-05,0.00069539825,0.00020196056,0.99904555
505936.jpg,0.41410717,0.5808055,0.004524536,0.0005628661
505937.jpg,0.011306681,0.985066,0.0012694802,0.0023578412
505938.jpg,0.7055127,0.29248005,0.0015234984,0.0004837719
505939.jpg,0.23698097,0.759998,0.0020238513,0.0009971665
505940.jpg,0.8860895,0.029966896,0.083420545,0.0005230975
505941.jpg,0.9954898,0.0040411483,0.00035910387,0.00010996251
505942.jpg,0.0061047836,0.9917676,0.00037697703,0.0017507066
505943.jpg,0.98881906,0.010732158,0.00031062626,0.00013818151
505944.jpg,0.35264254,0.64521456,0.0011165724,0.001026234
505945.jpg,0.00023426926,0.00038546068,0.69503444,0.30434588
505946.jpg,0.99151963,0.007935434,0.00039500173,0.00015003992
505947.jpg,0.001202887,0.0038107838,0.616838,0.37814835
505948.jpg,0.26236403,0.08370071,0.6531405,0.00079476647
505949.jpg,0.13512059,0.09333744,0.7709976,0.0005443668
505950.jpg,0.13051836,0.16928731,0.50522274,0.1949716
505951.jpg,0.0003322936,0.00037905993,0.97968274,0.019605914
505952.jpg,0.00042262403,0.00016551284,0.9992099,0.00020204096
505953.jpg,0.3105733,0.6822545,0.005705397,0.0014668386
505954.jpg,0.008514422,0.98980594,0.00049424794,0.0011853881
505955.jpg,0.00072187214,0.00030422027,0.9989176,5.6310015e-05
505956.jpg,0.00052459625,0.0013541691,0.8866113,0.11151
505957.jpg,0.6138287,0.3838122,0.0012101101,0.0011489991
505958.jpg,0.99541897,0.004141026,0.00033270815,0.000107304855
505959.jpg,0.9859655,0.013536452,0.00031977764,0.00017829986
505960.jpg,0.9850754,0.014007211,0.00068671274,0.00023067388
505961.jpg,0.3094685,0.22360897,0.32898417,0.13793834
505962.jpg,0.99710035,0.0023085168,0.00052497146,6.609866e-05
505963.jpg,0.043724556,0.95460224,0.0006508634,0.0010223166
505964.jpg,0.7721794,0.020933827,0.18059999,0.026286729
505965.jpg,0.99621105,0.0034130104,0.0002884411,8.752065e-05
505966.jpg,0.0033664396,0.14832641,0.03183067,0.8164765
505967.jpg,0.34956393,0.64580685,0.0036101576,0.0010190242
505968.jpg,0.22174571,0.7766342,0.0008265047,0.0007935567
505969.jpg,0.8477216,0.15047847,0.0011002781,0.00069961697
505970.jpg,0.02750857,0.9625227,0.008841586,0.0011272508
505971.jpg,0.9938502,0.005728996,0.000318613,0.00010223232
505972.jpg,0.89375526,0.06332495,0.041062854,0.0018569793
505973.jpg,0.9657483,0.03354541,0.00055878557,0.00014745885
505974.jpg,0.9742181,0.025098724,0.0005018898,0.00018132881
505975.jpg,0.0012966204,0.0011220288,0.5265632,0.47101817
505976.jpg,0.0023130672,0.640907,0.00088701583,0.3558929
505977.jpg,0.020394815,0.6908407,0.02118139,0.2675831
505978.jpg,0.99309987,0.006520644,0.00026859398,0.00011093647
505979.jpg,0.5596771,0.43696752,0.0018585712,0.0014967964
505980.jpg,6.694506e-05,0.00076851953,0.00018464429,0.99897987
505981.jpg,0.01172537,0.071730934,0.043006644,0.87353706
505982.jpg,0.00013280235,0.00021516281,0.99864745,0.0010045766
505983.jpg,0.0074027167,0.99075437,0.0004942892,0.0013486318
505984.jpg,0.99274856,0.006839113,0.00029905562,0.00011327075
505985.jpg,0.009611782,0.40669993,0.33196858,0.25171974
505986.jpg,0.9832704,0.008611544,0.00788011,0.00023794938
505987.jpg,0.8598919,0.13903968,0.0004917264,0.00057675835
505988.jpg,0.671964,0.32684967,0.00047345576,0.00071289804
505989.jpg,0.008678065,0.9893818,0.000992755,0.0009474032
505990.jpg,0.3494513,0.64918417,0.00068700715,0.0006775535
505991.jpg,0.000268018,0.0010649285,0.8426666,0.15600047
505992.jpg,0.4283296,0.5695207,0.0011172611,0.0010324492
505993.jpg,0.0025557503,0.26834616,0.18559057,0.5435074
505994.jpg,0.78496456,0.21344912,0.0011071729,0.00047912486
505995.jpg,0.9827636,0.016722143,0.00031041924,0.00020383745
505996.jpg,0.99585134,0.003746576,0.00030764306,9.439585e-05
505997.jpg,0.05115528,0.94407433,0.0036379888,0.0011324106
505998.jpg,0.0041599884,0.9937636,0.000508298,0.0015681133
505999.jpg,0.024174714,0.002445633,0.685771,0.2876087
506000.jpg,0.99305123,0.0065793977,0.00025928157,0.00011010753
506001.jpg,0.0006574414,0.0008438765,0.5961212,0.40237746
506002.jpg,0.810273,0.18497111,0.003543904,0.0012119752
506003.jpg,0.015135479,0.9818036,0.0018554701,0.0012054612
506004.jpg,0.13540496,0.8616856,0.0017347432,0.0011746812
506005.jpg,0.98954153,0.009436569,0.00082365796,0.00019826427
506006.jpg,0.99502593,0.004625054,0.00025743098,9.1596296e-05
506007.jpg,0.9360005,0.061387133,0.002134568,0.00047783987
506008.jpg,0.39588627,0.60309017,0.00058989367,0.00043368907
506009.jpg,0.46721196,0.52815205,0.0033879268,0.0012480532
506010.jpg,0.0126384115,0.17264546,0.018963931,0.7957522
506011.jpg,0.001724083,0.043691415,0.012490946,0.94209355
506012.jpg,0.98994416,0.009496025,0.00042356024,0.00013625971
506013.jpg,0.39499173,0.60327715,0.0008508754,0.0008802409
506014.jpg,0.7104647,0.20786029,0.0019087509,0.079766236
506015.jpg,0.6493967,0.07182776,0.27802658,0.00074894895
506016.jpg,0.99644405,0.003130376,0.0003254452,0.000100084544
506017.jpg,0.770072,0.22850128,0.0006835649,0.0007431437
506018.jpg,0.3364204,0.5525208,0.109778225,0.001280601
506019.jpg,0.60537827,0.37498817,0.018322749,0.0013108343
506020.jpg,0.0002482761,0.00034257662,0.6224487,0.37696052
506021.jpg,7.175864e-05,0.00013430037,0.99777776,0.0020161048
506022.jpg,0.002398561,0.9920351,0.0005509328,0.005015439
506023.jpg,0.24233411,0.733795,0.021810835,0.0020600138
506024.jpg,0.4947193,0.503278,0.0013222164,0.0006805188
506025.jpg,0.7843,0.21508504,0.0003601458,0.0002547882
506026.jpg,0.006355489,0.110422365,0.4813703,0.40185186
506027.jpg,0.007796645,0.9888925,0.0012713433,0.0020395513
506028.jpg,0.008168322,0.9817969,0.00868671,0.0013480423
506029.jpg,0.98869973,0.010448083,0.0006809116,0.00017124989
506030.jpg,0.011046861,0.9875174,0.00052687223,0.00090885843
506031.jpg,0.8257428,0.17251873,0.0011963906,0.0005421127
506032.jpg,0.008205465,0.0013621217,0.7904312,0.2000013
506033.jpg,0.9876717,0.011522711,0.00047067468,0.00033484885
506034.jpg,6.36747e-05,7.611775e-05,0.9996578,0.00020245579
506035.jpg,0.016512988,0.9815305,0.0011005136,0.00085599005
506036.jpg,0.7243218,0.27297541,0.0014920392,0.0012107433
506037.jpg,0.59155744,0.40691853,0.0007571361,0.00076686434
506038.jpg,0.01606773,0.02262134,0.02079656,0.9405143
506039.jpg,0.98846245,0.010904868,0.0005429085,8.980101e-05
506040.jpg,0.9879529,0.010922485,0.0007370457,0.00038755182
506041.jpg,0.1945705,0.8029918,0.0010866019,0.0013510868
506042.jpg,0.0032110254,0.9947267,0.00033291127,0.0017293558
506043.jpg,0.95394295,0.044808984,0.000908239,0.00033982898
506044.jpg,0.45103857,0.5438123,0.00414725,0.0010018876
506045.jpg,0.9935751,0.005884312,0.00039192638,0.0001486098
506046.jpg,0.74654436,0.2510844,0.0014813406,0.000889933
506047.jpg,0.000268565,0.0009532457,0.6336713,0.3651069
506048.jpg,0.0020339098,0.5095375,0.00412763,0.48430097
506049.jpg,0.0001516076,0.00047974577,0.9936812,0.0056874207
506050.jpg,0.9738217,0.025155561,0.00085797807,0.00016474501
506051.jpg,0.9539749,0.044518966,0.0013485635,0.00015764053
506052.jpg,0.42452502,0.00894821,0.5647972,0.0017295311
506053.jpg,0.008462724,0.9895466,0.0007445007,0.0012461477
506054.jpg,0.97481126,0.024459668,0.00058138266,0.00014769172
506055.jpg,0.00016337605,0.00030873742,0.67843795,0.32108995
506056.jpg,0.003421983,0.99466133,0.00055182795,0.0013647884
506057.jpg,0.662391,0.31528056,0.018668137,0.003660296
506058.jpg,0.3303121,0.6665353,0.002095787,0.0010567413
506059.jpg,0.9903495,0.009007247,0.0005371295,0.000106067746
506060.jpg,0.79656816,0.20185381,0.00121516,0.00036286365
506061.jpg,0.9962156,0.003280481,0.0004054734,9.843442e-05
506062.jpg,0.00074711774,0.005955459,0.24724309,0.7460544
506063.jpg,0.9898133,0.009831137,0.00026739723,8.812716e-05
506064.jpg,0.60886836,0.38508615,0.003956888,0.0020886173
506065.jpg,0.022338822,0.9754582,0.00062283775,0.0015801074
506066.jpg,0.010488775,0.9872932,0.0013827081,0.0008353546
506067.jpg,0.99466467,0.00475301,0.00051152246,7.083709e-05
506068.jpg,0.99526626,0.004458182,0.00020048181,7.5052136e-05
506069.jpg,0.90997,0.087618314,0.0014384299,0.00097326864
506070.jpg,0.9257713,0.0664315,0.0073149987,0.00048215408
506071.jpg,0.98793477,0.011523147,0.00040305904,0.00013909904
506072.jpg,0.9862947,0.013128352,0.00038194703,0.00019500342
506073.jpg,0.9796567,0.019589981,0.0004811584,0.00027218225
506074.jpg,0.11932653,0.8783323,0.0007893539,0.0015517942
506075.jpg,0.06821639,0.92924833,0.0016583429,0.00087696617
506076.jpg,0.9608409,0.03852006,0.0004759568,0.00016310776
506077.jpg,0.7095607,0.28909054,0.0008910999,0.00045759653
506078.jpg,0.99543095,0.0041553206,0.00031651827,9.7286946e-05
506079.jpg,0.6656411,0.33278355,0.00061872596,0.0009566297
506080.jpg,0.3209918,0.032608014,0.559202,0.08719813
506081.jpg,0.9534902,0.04405643,0.0021149495,0.0003384812
506082.jpg,0.32054752,0.67756605,0.00083367847,0.0010526825
506083.jpg,0.9862564,0.012954812,0.00066967093,0.00011910023
506084.jpg,0.8801134,0.11881489,0.00046822184,0.0006034716
506085.jpg,0.6797538,0.27913478,0.040121824,0.0009896173
506086.jpg,8.467612e-05,0.0012276685,0.00017348235,0.9985142
506087.jpg,0.0032831116,0.8627744,0.0008089633,0.13313347
506088.jpg,0.0015210989,0.0031007715,0.12057362,0.8748045
506089.jpg,0.09758982,0.8994231,0.0012078641,0.001779262
506090.jpg,0.012504927,0.32571092,0.4977436,0.16404052
506091.jpg,0.8666887,0.13185543,0.0009763812,0.00047948593
506092.jpg,0.008779885,0.98810035,0.0008616992,0.0022579776
506093.jpg,0.42996243,0.56784946,0.0010795718,0.00110849
506094.jpg,0.0019667314,0.99382347,0.00045230982,0.0037574917
506095.jpg,0.9930341,0.005606023,0.0011425134,0.00021733245
506096.jpg,0.00012874455,0.0006189994,0.9978719,0.001380389
506097.jpg,0.9932571,0.006138981,0.000507259,9.667484e-05
506098.jpg,0.00036453654,0.004162282,0.044725895,0.95074725
506099.jpg,0.9927583,0.006671577,0.0004680355,0.00010208393
506100.jpg,0.98762244,0.011818183,0.00042201168,0.0001373881
506101.jpg,0.49485835,0.5003532,0.0033415908,0.0014468554
506102.jpg,0.1761775,0.24592257,0.5738384,0.0040615126
506103.jpg,0.0068768263,0.9446129,0.000659649,0.04785058
506104.jpg,0.72083634,0.27796432,0.0007601843,0.00043920684
506106.jpg,0.9851537,0.014259157,0.0004429325,0.00014416434
506107.jpg,0.76509506,0.23330192,0.0008670816,0.00073595665
506108.jpg,0.9965687,0.0030589218,0.0002838074,8.860627e-05
506109.jpg,0.07662262,0.9112095,0.0018190377,0.010348839
506110.jpg,0.00019612047,0.0009196871,0.52515316,0.47373095
506111.jpg,0.9817176,0.017780485,0.00034619775,0.00015574013
506112.jpg,0.13264348,0.0021237333,0.86500627,0.00022648736
506113.jpg,0.99418014,0.005379493,0.00033329974,0.000107042964
506114.jpg,0.49473977,0.5008421,0.0034859676,0.00093216356
506115.jpg,0.98269564,0.016709974,0.0004334286,0.00016093925
506116.jpg,0.012813824,0.981862,0.00092929084,0.0043948586
506117.jpg,0.994246,0.005364491,0.00029351652,9.599349e-05
506118.jpg,0.27394515,0.21181194,0.38687715,0.12736577
506119.jpg,0.96208733,0.03712087,0.00044434742,0.00034745233
506120.jpg,0.99221355,0.007088255,0.00060016155,9.8007666e-05
506121.jpg,0.50622207,0.48969316,0.002715789,0.0013689228
506122.jpg,0.00081368437,0.0023165161,0.0195613,0.97730845
506123.jpg,0.9969232,0.002649802,0.0003225497,0.000104455255
506124.jpg,0.9953167,0.0043101744,0.0002896995,8.3442865e-05
506125.jpg,0.0020142186,0.996566,0.00051117246,0.00090861897
506126.jpg,0.79057246,0.20740618,0.0016990276,0.0003223114
506127.jpg,0.005163859,0.9819531,0.0071085617,0.005774487
506128.jpg,0.9594455,0.03997564,0.00037790043,0.00020105323
506129.jpg,0.9867077,0.012192574,0.0007867746,0.00031292462
506130.jpg,0.8358545,0.010892703,0.15296732,0.0002855349
506131.jpg,0.99427146,0.0052527566,0.00037096333,0.00010480719
506132.jpg,0.99635345,0.003169942,0.00038222456,9.4407e-05
506133.jpg,0.017042272,0.9795938,0.0010419377,0.0023219464
506134.jpg,0.0003492663,0.0022616105,0.17934752,0.81804156
506135.jpg,0.9905491,0.00840787,0.0009025873,0.00014048966
506136.jpg,0.83228797,0.16644016,0.00078993925,0.00048200003
506137.jpg,0.99232703,0.007107979,0.0004633759,0.00010156612
506138.jpg,0.70164126,0.019848445,0.27833524,0.00017507194
506139.jpg,0.97247696,0.026738556,0.0006025601,0.00018197786
506140.jpg,0.44625196,0.5523027,0.00095469184,0.0004906172
506141.jpg,0.91508406,0.08392641,0.00055367965,0.0004358905
506142.jpg,0.9474637,0.05067837,0.0012545326,0.00060340017
506143.jpg,0.015560961,0.9635988,0.0011416272,0.019698597
506144.jpg,0.0070880954,0.8375628,0.0036647727,0.15168434
506145.jpg,0.9843409,0.014598109,0.00080805406,0.00025293697
506146.jpg,0.62043124,0.37830186,0.00038560294,0.0008813264
506147.jpg,0.658804,0.33958045,0.0010652634,0.0005503123
506148.jpg,0.8021491,0.10494382,0.092450984,0.0004560411
506149.jpg,0.7723033,0.22347991,0.002832178,0.0013846724
506150.jpg,0.0029234558,0.0029419344,0.5992374,0.39489722
506151.jpg,0.016991997,0.97958976,0.0017472157,0.0016710302
506152.jpg,0.69022965,0.30837664,0.0006654244,0.000728389
506153.jpg,0.3145577,0.6831203,0.0011331901,0.0011887725
506154.jpg,0.3962065,0.6020963,0.00084310287,0.0008541327
506155.jpg,0.98102665,0.018358799,0.00041953856,0.00019493718
506156.jpg,0.061823875,0.9356682,0.001117967,0.0013899957
506157.jpg,0.9914377,0.007963914,0.00048245242,0.000116017065
506158.jpg,0.12833063,0.8683143,0.0008260144,0.002529058
506159.jpg,0.75520545,0.24040438,0.004123121,0.00026700675
506160.jpg,0.99574465,0.0037893478,0.0003754919,9.058678e-05
506161.jpg,0.99306995,0.0063041467,0.00053683174,8.90368e-05
506162.jpg,0.00019360807,0.00015045093,0.9943096,0.00534639
506163.jpg,0.9276945,0.07000438,0.0019562715,0.00034486153
506164.jpg,0.9918299,0.007814602,0.00028635596,6.9156085e-05
506165.jpg,0.000845486,0.002308699,0.66249114,0.33435467
506166.jpg,0.9950402,0.00450882,0.00034884363,0.00010216634
506167.jpg,0.5394229,0.45904377,0.0007413219,0.0007919885
506168.jpg,0.8989195,0.071942054,0.028723577,0.00041491064
506169.jpg,0.9948533,0.0039936737,0.0009842793,0.00016867496
506170.jpg,0.025164604,0.96946,0.0040081213,0.0013672821
506171.jpg,0.021658333,0.97644186,0.00060808205,0.0012917694
506172.jpg,0.0491195,0.012713325,0.78194433,0.1562228
506173.jpg,0.34421146,0.65303034,0.0010030201,0.001755204
506174.jpg,0.9356193,0.06231746,0.001464298,0.00059897755
506175.jpg,0.010670257,0.98652554,0.0008628201,0.0019413844
506176.jpg,0.08038134,0.9053662,0.012405072,0.0018473399
506177.jpg,0.8553235,0.14375457,0.00063064066,0.00029133412
506178.jpg,0.61471575,0.38084412,0.003215241,0.0012248865
506179.jpg,0.9364166,0.06297759,0.00038338677,0.00022239628
506180.jpg,0.012792059,0.98547274,0.0005784381,0.0011567216
506181.jpg,0.011273705,0.9873328,0.00060478965,0.000788624
506182.jpg,0.010440414,0.7773468,0.11434785,0.097865015
506183.jpg,0.1696942,0.82064945,0.0029016251,0.0067546875
506184.jpg,0.99667114,0.0030955717,0.00018688156,4.643823e-05
506185.jpg,0.9025445,0.09611536,0.0007420731,0.0005980844
506186.jpg,0.6217542,0.37139273,0.0043393984,0.0025135984
506187.jpg,0.3660599,0.62991714,0.0024572606,0.001565748
506188.jpg,0.9087384,0.082591526,0.0049148737,0.0037552435
506189.jpg,0.69715923,0.29985285,0.0015477752,0.0014401488
506190.jpg,0.07738017,0.82175726,0.05068557,0.050176997
506191.jpg,0.99641967,0.0030137338,0.00048196394,8.4608e-05
506192.jpg,0.14494744,0.8529534,0.0010746883,0.0010245121
506193.jpg,0.030291555,0.012122593,0.00105986,0.956526
506194.jpg,0.3283697,0.0060575088,0.6653073,0.00026553255
506195.jpg,0.98839074,0.011002566,0.00044702087,0.0001596288
506196.jpg,0.018746067,0.9788882,0.001533697,0.00083205634
506197.jpg,0.9906731,0.008833697,0.00039281262,0.000100365374
506198.jpg,0.48054913,0.51652527,0.0010749501,0.0018506246
506199.jpg,0.005756919,0.9906977,0.0006901498,0.0028551891
506200.jpg,0.9938321,0.005576883,0.00046677233,0.00012426771
506201.jpg,0.30287006,0.69566387,0.0007660948,0.00069996295
506202.jpg,0.561777,0.4361364,0.0011943766,0.0008922303
506203.jpg,0.003034651,0.8352625,0.0024280942,0.15927476
506204.jpg,0.0039892998,0.9891756,0.00082258665,0.006012526
506205.jpg,0.2909715,0.70572543,0.0021686314,0.0011344625
506206.jpg,0.03615982,0.17680205,0.20426877,0.5827694
506207.jpg,0.005540664,0.9934171,0.00030070997,0.0007415197
506208.jpg,0.89700985,0.1000632,0.0024674598,0.0004595668
506209.jpg,0.3160419,0.681199,0.001996779,0.0007623313
506210.jpg,0.47403827,0.33467045,0.033455145,0.15783612
506211.jpg,0.99052554,0.00882906,0.00046043863,0.0001849594
506212.jpg,0.9888385,0.009944857,0.0010154253,0.00020119773
506213.jpg,0.99583626,0.003208256,0.0008787902,7.6799675e-05
506214.jpg,0.06518897,0.93048507,0.0032512706,0.0010746601
506215.jpg,0.24415408,0.7533445,0.0011693045,0.001332197
506216.jpg,0.7702448,0.22440135,0.003962167,0.0013917357
506217.jpg,0.98281604,0.011014755,0.005758673,0.00041051125
506218.jpg,0.07489984,0.9233534,0.0007920296,0.0009548355
506219.jpg,0.20385228,0.79399115,0.0011594272,0.0009971244
506220.jpg,0.715434,0.2826359,0.001143931,0.0007861736
506221.jpg,0.00020375988,0.00036528334,0.6377743,0.3616567
506222.jpg,0.014590494,0.981071,0.0025469002,0.0017915969
506223.jpg,0.986536,0.00907871,0.0041232137,0.00026206637
506224.jpg,0.4068528,0.5886796,0.0009168992,0.0035506983
506225.jpg,0.9915886,0.0077965683,0.00051974616,9.5140516e-05
506226.jpg,0.12722749,0.19501625,0.36612067,0.3116356
506227.jpg,0.7927193,0.2057894,0.00085000397,0.0006412928
506228.jpg,0.009678223,0.43579474,0.01820079,0.5363262
506229.jpg,0.6402146,0.3578029,0.0014243657,0.00055811997
506230.jpg,0.6062858,0.00647548,0.3870033,0.00023538813
506231.jpg,0.27961084,0.7194566,0.00028459777,0.0006479659
506232.jpg,0.0025582497,0.03474896,0.19672574,0.7659671
506233.jpg,0.00026358373,0.0006585114,0.258936,0.74014187
506234.jpg,0.009475444,0.9890143,0.00047922574,0.0010310158
506235.jpg,0.0070280186,0.00723508,0.4119847,0.5737522
506236.jpg,0.04082279,0.4110237,0.12289682,0.4252567
506237.jpg,0.28592575,0.69581103,0.016733037,0.0015301314
506238.jpg,0.011286698,0.9857166,0.00088922284,0.0021074824
506239.jpg,0.5413578,0.41763887,0.039861605,0.0011417138
506240.jpg,0.99673206,0.0029619222,0.00022928813,7.667798e-05
506241.jpg,0.97594935,0.021289675,0.0023562952,0.00040470285
506242.jpg,0.025874572,0.96415615,0.0068624825,0.0031068765
506243.jpg,0.013107992,0.9855819,0.00050504203,0.0008051027
506244.jpg,0.8652179,0.13278024,0.0015422195,0.00045961453
506245.jpg,0.24012367,0.75386566,0.0018365085,0.0041741733
506246.jpg,0.01256829,0.9844828,0.000988672,0.0019601674
506247.jpg,0.99625826,0.0032503747,0.0003866627,0.00010469497
506248.jpg,0.95235616,0.04478532,0.002362505,0.0004959975
506249.jpg,0.04939498,0.94865245,0.00097500155,0.0009775411
506250.jpg,0.0027924522,0.99521405,0.0005399386,0.0014535513
506251.jpg,0.7372241,0.25985304,0.0014394183,0.0014834795
506252.jpg,0.0019200454,0.9303686,0.00056738104,0.067143954
506253.jpg,0.78033715,0.21827976,0.0008664347,0.0005166318
506254.jpg,0.9963217,0.003170607,0.00044079722,6.6948036e-05
506255.jpg,0.8727233,0.09097445,0.035792906,0.00050935854
506256.jpg,0.9804885,0.018724563,0.0005604469,0.00022658244
506257.jpg,0.1353291,0.123397015,0.74081475,0.000459139
506258.jpg,0.9032456,0.09470996,0.0013809953,0.0006634984
506259.jpg,0.0223222,0.9758131,0.00072061754,0.00114419
506260.jpg,0.9919993,0.0073775556,0.00047414948,0.0001489926
506261.jpg,0.13135411,0.8601289,0.0017644878,0.006752511
506262.jpg,0.5050948,0.4925458,0.0016457768,0.00071355473
506263.jpg,0.99604756,0.003657546,0.00023497979,5.9905946e-05
506264.jpg,0.662345,0.17515413,0.16153459,0.00096627994
506265.jpg,0.0015831612,0.9963024,0.00062234624,0.0014919854
506266.jpg,0.9819253,0.01747618,0.00047666035,0.00012181003
506267.jpg,0.005467821,0.96157503,0.0004258007,0.032531373
506268.jpg,0.18909372,0.8088317,0.001148326,0.00092621474
506269.jpg,0.00027453084,0.00061305356,0.7758524,0.22326003
506270.jpg,0.00029238613,0.0011671184,0.34892264,0.64961785
506271.jpg,0.6389021,0.038249087,0.32247454,0.00037426178
506272.jpg,0.0003110967,0.00060293736,0.62936425,0.36972174
506273.jpg,0.33205727,0.66455626,0.0025605836,0.00082589797
506274.jpg,0.31578216,0.6825256,0.0006107946,0.0010814847
506275.jpg,0.2774718,0.7198658,0.0011564282,0.0015060151
506276.jpg,0.91164094,0.0864417,0.0015746822,0.00034256568
506277.jpg,0.99507254,0.0044567524,0.00037507294,9.5638934e-05
506278.jpg,0.79801625,0.19941662,0.0017674528,0.0007996475
506279.jpg,0.3861295,0.5901029,0.021937035,0.0018305592
506280.jpg,0.88612556,0.1117449,0.00088068115,0.0012488215
506281.jpg,0.097211204,0.8694671,0.026732,0.0065896627
506282.jpg,0.97043544,0.027603025,0.0016405847,0.00032094822
506283.jpg,0.26749632,0.7309317,0.0007257119,0.0008462607
506284.jpg,0.9862159,0.012935114,0.0006822201,0.0001667743
506285.jpg,0.7349846,0.2634121,0.0011581413,0.00044519742
506286.jpg,0.9637931,0.035235334,0.0007221923,0.00024942835
506287.jpg,0.93569726,0.0623825,0.0015036858,0.00041662398
506288.jpg,0.829154,0.16925259,0.00070143846,0.0008919695
506289.jpg,0.011090432,0.7317361,0.20178698,0.055386513
506290.jpg,0.59356886,0.4014558,0.0026693568,0.0023059703
506291.jpg,0.96385646,0.008413527,0.026172541,0.0015574516
506292.jpg,0.9069355,0.091700844,0.0007799871,0.00058363617
506293.jpg,0.49430385,0.5038676,0.0010352152,0.00079329236
506294.jpg,0.0034972318,0.5706949,0.41701397,0.008793867
506295.jpg,0.5995544,0.34089795,0.05747826,0.0020693953
506296.jpg,0.8445501,0.15314937,0.0012934236,0.0010071687
506297.jpg,0.79439336,0.20190902,0.0017436709,0.0019539201
506298.jpg,0.18992482,0.80748814,0.0006988162,0.0018882403
506299.jpg,0.9821763,0.017175656,0.00047508162,0.00017295295
506300.jpg,0.024352623,0.97391075,0.0011439784,0.0005926545
506301.jpg,0.99525857,0.004412875,0.0002494089,7.9184814e-05
506302.jpg,0.7121711,0.2863413,0.00068406336,0.00080353254
506303.jpg,0.50551486,0.49210978,0.0010697872,0.001305591
506304.jpg,0.9946311,0.0044280365,0.00083104224,0.00010980531
506305.jpg,0.18456514,0.26957735,0.16466384,0.38119364
506306.jpg,0.5078141,0.49012247,0.001487051,0.0005764261
506307.jpg,0.00014853968,0.001965438,0.0002482182,0.9976378
506308.jpg,0.09785035,0.8996683,0.0013388811,0.0011424652
506309.jpg,0.7728157,0.22473973,0.0017415741,0.00070297596
506310.jpg,0.25684705,0.7413668,0.0012643795,0.0005217725
506311.jpg,0.4829214,0.5149513,0.0011322289,0.0009951129
506312.jpg,0.006452993,0.98737127,0.00073588995,0.0054399
506313.jpg,0.6770242,0.3190918,0.0030144511,0.0008695712
506314.jpg,0.99599713,0.003567826,0.0003522456,8.283986e-05
506315.jpg,0.992958,0.0064866147,0.00043880602,0.00011661701
506316.jpg,0.29948804,0.11010032,0.5859147,0.004496977
506317.jpg,0.00025074874,0.00012661198,0.999355,0.0002677084
506318.jpg,0.9966121,0.0029936917,0.00032647097,6.771372e-05
506319.jpg,0.10978166,0.88813895,0.000891384,0.0011880033
506320.jpg,0.67521113,0.3235701,0.0008092445,0.00040960312
506321.jpg,0.64535177,0.3430867,0.01036078,0.0012007507
506322.jpg,0.96540374,0.013003786,0.021252817,0.00033969557
506323.jpg,0.6465359,0.35207108,0.00051509263,0.000877918
506324.jpg,0.9954904,0.0040339534,0.00036056153,0.000115129136
506325.jpg,0.40743744,0.009849747,0.57873166,0.003981133
506326.jpg,5.3534208e-05,6.0564274e-05,0.9966877,0.003198131
506327.jpg,0.4278511,0.5695885,0.001417072,0.0011433737
506328.jpg,0.953814,0.04542232,0.0004851752,0.00027844534
506329.jpg,0.9667534,0.032749664,0.0003429481,0.00015397686
506330.jpg,0.95087653,0.048053626,0.0008374061,0.00023244468
506331.jpg,0.12908326,0.661791,0.19092101,0.018204737
506332.jpg,0.017596615,0.97819585,0.0023550375,0.0018525444
506333.jpg,0.0016949074,0.011777755,0.8929737,0.0935536
506334.jpg,0.98027515,0.019015238,0.00057153776,0.00013805216
506335.jpg,0.3135,0.6850299,0.00076981727,0.00070028735
506336.jpg,0.99100477,0.007490462,0.0013311981,0.00017362124
506337.jpg,0.58027166,0.41764712,0.0012618019,0.00081941375
506338.jpg,0.57524747,0.4198693,0.0038080916,0.0010751592
506339.jpg,0.9146703,0.041061904,0.04322036,0.0010473734
506340.jpg,0.41635844,0.5804701,0.0024004597,0.0007709854
506341.jpg,0.27576545,0.3254057,0.36664483,0.03218405
506342.jpg,0.9903062,0.0090645915,0.0004987642,0.00013045814
506343.jpg,0.38102365,0.6172974,0.00065689447,0.0010220503
506344.jpg,0.9091988,0.08615908,0.0037064934,0.00093560497
506345.jpg,0.9365112,0.061900187,0.0011153793,0.00047330675
506346.jpg,0.028075583,0.96966237,0.00085490337,0.0014072061
506347.jpg,0.9788442,0.020407612,0.00038492415,0.00036322148
506348.jpg,0.9935557,0.005997253,0.00033987765,0.00010718809
506349.jpg,0.012233313,0.0883838,0.14297599,0.75640684
506350.jpg,0.90568304,0.09312693,0.000787481,0.0004025003
506351.jpg,0.22902311,0.7679291,0.0016804597,0.0013673377
506352.jpg,0.2681808,0.4357737,0.2281568,0.06788876
506353.jpg,0.95958155,0.039267536,0.0007293346,0.00042160426
506354.jpg,0.11830049,0.8713681,0.0058101895,0.004521239
506355.jpg,0.006505532,0.99189836,0.00042263963,0.0011734517
506356.jpg,0.08985832,0.17867489,0.028283454,0.70318335
506357.jpg,0.9010033,0.097298294,0.0011414861,0.00055695267
506358.jpg,0.7389255,0.2593772,0.0009279496,0.00076928944
506359.jpg,0.98223394,0.016340183,0.0011729297,0.00025297
506360.jpg,0.99332684,0.005974728,0.0006020878,9.632335e-05
506361.jpg,0.0030498598,0.99187046,0.0007320405,0.0043475907
506362.jpg,0.71915084,0.27219698,0.007598827,0.0010533337
506363.jpg,0.011448469,0.98535204,0.0013021659,0.0018972888
506364.jpg,0.9973578,0.002327514,0.00026411252,5.058156e-05
506365.jpg,0.9550567,0.044329885,0.00033023546,0.00028314712
506366.jpg,0.00025526722,0.00087868416,0.65078926,0.3480768
506367.jpg,0.65175146,0.34588107,0.0014199346,0.00094763533
506368.jpg,0.0047570756,0.52189153,0.0067516733,0.4665998
506369.jpg,0.21547014,0.7826417,0.00093280553,0.0009552802
506370.jpg,0.98111266,0.0150810005,0.0034746055,0.0003317221
506371.jpg,0.00088702654,0.008331916,0.17770322,0.81307775
506372.jpg,0.12191955,0.8762149,0.0007217622,0.0011437478
506373.jpg,0.25388727,0.044263843,0.041785892,0.66006297
506374.jpg,0.99506855,0.0041009053,0.00069337967,0.00013715563
506375.jpg,0.79407245,0.20384188,0.0012623126,0.0008232814
506376.jpg,0.9867382,0.012332878,0.0007982358,0.00013068058
506377.jpg,0.4393604,0.5570314,0.0024349722,0.0011732698
506378.jpg,0.012561721,0.9832132,0.0026547217,0.0015704011
506379.jpg,0.1527463,0.009481281,0.0017720233,0.83600044
506380.jpg,0.9596796,0.03926653,0.0006624634,0.00039137818
506381.jpg,0.012385105,0.98561573,0.001322451,0.0006766833
506382.jpg,0.9883382,0.011143476,0.00030632192,0.00021208223
506383.jpg,0.83047897,0.16729295,0.0015634317,0.0006646148
506384.jpg,0.0007866562,0.0004952093,0.99860907,0.00010907443
506385.jpg,0.008596574,0.98820186,0.0012010179,0.0020005493
506386.jpg,0.12645817,0.8680091,0.0019741682,0.0035585805
506387.jpg,0.63711435,0.36171374,0.00051541004,0.0006565154
506388.jpg,0.9708867,0.027550304,0.0011666968,0.00039630386
506389.jpg,0.035636336,0.9622763,0.00077253213,0.0013148218
506390.jpg,0.99239486,0.0071448064,0.0003324612,0.0001278835
506391.jpg,0.009494051,0.003115994,0.9861698,0.0012201575
506392.jpg,0.0018844093,0.41339478,0.13588841,0.4488324
506393.jpg,0.9953112,0.0042847837,0.00031487612,8.918992e-05
506394.jpg,0.9907066,0.008304265,0.0008147904,0.00017428835
506395.jpg,0.011708413,0.9867987,0.0003036473,0.0011892441
506396.jpg,0.000308289,0.005303471,0.3391663,0.65522194
506397.jpg,0.4572679,0.54028094,0.00086042704,0.0015907177
506398.jpg,0.31646907,0.682605,0.00024380663,0.00068207644
506399.jpg,0.9641022,0.033564072,0.0020518808,0.00028189152
506400.jpg,0.3358129,0.6570289,0.0059162453,0.001241949
506401.jpg,0.48465887,0.51341087,0.0009764608,0.00095381745
506402.jpg,0.056850206,0.93974084,0.0022335686,0.0011754095
506403.jpg,0.0479297,0.9504175,0.00061251875,0.0010402204
506404.jpg,0.7600315,0.22927196,0.009801391,0.00089510944
506405.jpg,0.18497735,0.80946,0.00417297,0.0013896775
506406.jpg,0.825682,0.17207064,0.0013856742,0.00086170697
506407.jpg,0.87082267,0.12665667,0.0019537932,0.00056682515
506408.jpg,0.00213868,0.5215922,0.03500152,0.44126752
506409.jpg,0.2134734,0.7847474,0.00084588845,0.0009332088
506410.jpg,0.18885064,0.6255886,0.1769265,0.008634255
506411.jpg,0.92814714,0.06854477,0.002902518,0.0004056351
506412.jpg,0.99593896,0.0036087635,0.0003575482,9.475747e-05
506413.jpg,0.06362415,0.93159133,0.0032174652,0.0015669907
506414.jpg,0.9575166,0.04168953,0.0005729001,0.00022098007
506415.jpg,0.007343138,0.989841,0.00093623315,0.0018796284
506416.jpg,0.52447283,0.4738996,0.0008970943,0.00073043833
506417.jpg,0.9719121,0.027129099,0.0006833868,0.00027543993
506418.jpg,0.96959764,0.029675746,0.0005726781,0.00015392817
506419.jpg,0.9495895,0.049605142,0.0003931499,0.00041217663
506420.jpg,0.5573144,0.4396994,0.0016594873,0.0013267776
506421.jpg,0.98882174,0.010755781,0.00032760706,9.484914e-05
506422.jpg,0.30664584,0.6909974,0.0013458043,0.0010108964
506423.jpg,0.2962856,0.70205134,0.0007019889,0.000961092
506424.jpg,0.40572384,0.03618692,0.55666035,0.0014288677
506425.jpg,0.87367153,0.12503116,0.00058597914,0.00071141386
506426.jpg,0.9881515,0.011371176,0.00030598298,0.00017137291
506427.jpg,0.0038174596,0.98988265,0.00037360538,0.0059262556
506428.jpg,0.3777814,0.14045922,0.48095676,0.0008026734
506429.jpg,0.0005713885,0.0011399277,0.07181347,0.9264752
506430.jpg,0.9905812,0.008648461,0.0006586974,0.00011166848
506431.jpg,0.99477935,0.0048032715,0.00034633023,7.0999806e-05
506432.jpg,0.98472196,0.01458684,0.00044216533,0.00024896793
506433.jpg,0.99594563,0.0034648,0.0004991863,9.04295e-05
506434.jpg,0.44963002,0.11692401,0.43232903,0.001116943
506435.jpg,0.011574689,0.9867236,0.00062396197,0.0010777822
506436.jpg,0.11445714,0.8833833,0.0010029394,0.00115658
506437.jpg,0.5831129,0.41472626,0.000978551,0.0011823279
506438.jpg,0.51413965,0.48346603,0.0016253573,0.0007689966
506439.jpg,0.49948755,0.4988297,0.0008014959,0.000881305
506440.jpg,0.03827623,0.9603676,0.0005466924,0.00080947514
506441.jpg,0.046829,0.9464107,0.0026737296,0.004086534
506442.jpg,0.57311934,0.42313787,0.0020716267,0.0016711842
506443.jpg,0.59042066,0.40213475,0.0054970533,0.0019475237
506444.jpg,0.4681224,0.52936566,0.0011096234,0.0014023309
506445.jpg,0.0003797173,0.00011546232,0.9994313,7.35038e-05
506446.jpg,0.06532772,0.9235892,0.008937149,0.0021459057
506447.jpg,0.26472583,0.4450781,0.11388275,0.17631333
506448.jpg,0.9398796,0.059376895,0.0005430431,0.00020042388
506449.jpg,0.9664261,0.032841545,0.00054359104,0.00018873248
506450.jpg,0.051278573,0.9469926,0.0006169568,0.0011119478
506451.jpg,0.87343836,0.12568021,0.000627951,0.00025343167
506452.jpg,0.9712122,0.027674792,0.0006890092,0.00042403405
506453.jpg,0.8920706,0.106396995,0.0010047569,0.000527616
506454.jpg,0.9867513,0.01266808,0.00047809156,0.00010255773
506455.jpg,0.034031454,0.9596122,0.004536827,0.0018195236
506456.jpg,0.9853807,0.012944863,0.0011886122,0.00048580367
506457.jpg,0.98651236,0.013019743,0.00032129913,0.00014657168
506458.jpg,0.13802226,0.8421727,0.012421046,0.007383968
506459.jpg,0.35782838,0.6396012,0.0014269203,0.0011434865
506460.jpg,0.9970834,0.0023498458,0.00050317746,6.353893e-05
506461.jpg,0.84001446,0.15783878,0.0016481677,0.000498639
506462.jpg,0.99502397,0.0046327673,0.00027445183,6.880413e-05
506463.jpg,0.2698729,0.7075167,0.020845585,0.0017648846
506464.jpg,0.9796613,0.019745672,0.00037170807,0.00022132683
506465.jpg,0.44722834,0.5273436,0.024120793,0.0013073223
506466.jpg,0.1612617,0.688144,0.12934762,0.021246647
506467.jpg,0.25471506,0.7421014,0.0010154373,0.002168214
506468.jpg,6.0335045e-05,0.0007487168,0.00028452676,0.9989064
506469.jpg,0.000376931,0.00030134895,0.9919486,0.007373174
506470.jpg,0.0037533222,0.027848385,0.13923384,0.82916445
506471.jpg,0.4319191,0.5667231,0.0006533426,0.00070444535
506472.jpg,0.5778253,0.4197699,0.0017630829,0.0006417272
506473.jpg,0.67034316,0.32791588,0.0008699267,0.0008710236
506474.jpg,0.9020183,0.096770905,0.0005270613,0.00068371097
506475.jpg,0.9883414,0.01127891,0.00028483462,9.4872965e-05
506476.jpg,0.0008284292,0.00031703702,0.9987586,9.582946e-05
506477.jpg,0.9872892,0.012266892,0.00028593116,0.00015798335
506478.jpg,0.23984201,0.7560425,0.0028787535,0.0012368086
506479.jpg,0.85779315,0.13666345,0.005074533,0.0004688934
506480.jpg,0.81456774,0.18322808,0.0017851056,0.00041903046
506481.jpg,0.9952731,0.004390264,0.00027325994,6.339797e-05
506482.jpg,0.9710482,0.027601443,0.0011280497,0.0002222729
506483.jpg,0.0021976728,0.99599665,0.0003491865,0.0014564926
506484.jpg,0.0013795793,0.00055780937,0.9825184,0.015544325
506485.jpg,0.17544825,0.2264962,0.5620139,0.0360416
506486.jpg,0.99314564,0.006240733,0.0004864273,0.00012719659
506487.jpg,0.0017347777,0.7362891,0.0006856836,0.26129052
506488.jpg,0.06517493,0.22401781,0.017545378,0.69326186
506489.jpg,0.049399603,0.6198103,0.0034423003,0.32734784
506490.jpg,0.024559133,0.9743042,0.0003448031,0.000791863
506491.jpg,0.9335308,0.06456721,0.0014655776,0.00043636293
506492.jpg,0.9932458,0.0062889643,0.0003632187,0.00010209309
506493.jpg,0.99246174,0.0071868137,0.00023836181,0.00011305686
506494.jpg,0.12973861,0.86709887,0.0019876843,0.0011747909
506495.jpg,0.72499853,0.2733639,0.00083254697,0.0008049698
506496.jpg,0.00044867376,0.0015830466,0.380502,0.6174663
506497.jpg,0.17567986,0.820844,0.00084671256,0.0026294114
506498.jpg,0.00013740854,0.0012453169,0.005942699,0.9926746
506499.jpg,0.020247499,0.9638651,0.010692142,0.0051952526
506500.jpg,0.00087177404,0.0009319408,0.62674505,0.37145126
506501.jpg,0.0045609926,0.0013489705,0.78846383,0.20562619
506502.jpg,0.99346024,0.0060712104,0.000374113,9.443073e-05
506503.jpg,0.9948332,0.0048057158,0.00028188928,7.9203506e-05
506504.jpg,0.034920435,0.4620302,0.22229385,0.28075555
506505.jpg,0.9945617,0.0050322376,0.00030591807,0.00010017556
506506.jpg,0.0038730104,0.4602524,0.0017360034,0.5341386
506507.jpg,0.95337516,0.045923147,0.0004716656,0.000230057
506508.jpg,0.3529369,0.64296097,0.0025779007,0.0015241798
506509.jpg,0.034504555,0.9612093,0.0016529644,0.0026332133
506510.jpg,0.4629873,0.53426415,0.0013432787,0.0014052497
506511.jpg,0.8969939,0.014926445,0.08759905,0.00048063314
506512.jpg,0.0030313085,0.99523026,0.00068785896,0.0010505648
506513.jpg,0.0029922363,0.8935713,0.0004551929,0.10298123
506514.jpg,0.8480301,0.14866355,0.0027732237,0.00053315907
506515.jpg,0.16228895,0.83546066,0.0012397901,0.0010105781
506516.jpg,0.7816767,0.21680069,0.0011704293,0.00035219826
506517.jpg,0.9938404,0.005656577,0.0003737843,0.00012926804
506518.jpg,0.82696086,0.17160404,0.0011428698,0.00029220406
506519.jpg,0.9930546,0.006464507,0.00036085295,0.00012006498
506520.jpg,0.78537065,0.21102463,0.0019685254,0.0016361627
506521.jpg,0.7176173,0.28001526,0.0018802681,0.00048719425
506522.jpg,0.9941016,0.0054562055,0.00036028025,8.189535e-05
506523.jpg,0.98588103,0.013400604,0.0004546039,0.00026384622
506524.jpg,0.9906638,0.008827507,0.00039879183,0.000109804445
506525.jpg,0.020029973,0.535083,0.0012128116,0.4436742
506526.jpg,0.0009547966,0.00049631443,0.97024155,0.028307313
506527.jpg,0.7910941,0.20487888,0.0030436835,0.0009832856
506528.jpg,0.2821286,0.7114354,0.0052902084,0.0011457223
506529.jpg,0.32107475,0.67663604,0.0010711784,0.0012179898
506530.jpg,0.7881517,0.20966224,0.0015084943,0.00067763706
506531.jpg,0.0021372598,0.99533516,0.0005409356,0.0019866817
506532.jpg,0.9239914,0.07525646,0.00060549454,0.00014666664
506533.jpg,0.00044768085,0.00010417739,0.99929714,0.00015097634
506534.jpg,0.00012220339,0.00023211283,0.871587,0.12805878
506535.jpg,0.9924132,0.006823657,0.00056820386,0.00019502605
506536.jpg,0.004252439,0.86524564,0.0032825742,0.12721932
506537.jpg,0.0038945433,0.99167967,0.0027654401,0.0016603082
506538.jpg,0.89984983,0.09893137,0.0005096666,0.00070917787
506539.jpg,0.53641236,0.46186152,0.0010400722,0.000685991
506540.jpg,0.7227392,0.2753144,0.0011515922,0.00079470786
506541.jpg,0.9868203,0.011805323,0.0012605182,0.00011379869
506542.jpg,0.00038753627,0.0009988289,0.27044585,0.7281678
506543.jpg,0.25909606,0.73686504,0.0027542945,0.0012845927
506544.jpg,0.008543476,0.9881795,0.0007068359,0.0025702065
506545.jpg,0.60045487,0.39240912,0.0059849196,0.0011511202
506546.jpg,0.99526596,0.0040156767,0.0005998959,0.00011846639
506547.jpg,0.81249326,0.1849825,0.0019628776,0.00056135346
506548.jpg,0.033746094,0.3191218,0.07780898,0.5693231
506549.jpg,0.332286,0.6591359,0.0065443455,0.0020337969
506550.jpg,0.0005304431,0.0012481632,0.3250523,0.6731692
506551.jpg,0.75662774,0.24211325,0.0008912875,0.00036779462
506552.jpg,0.0075407308,0.8539314,0.0010013073,0.13752653
506553.jpg,0.013208218,0.50549334,0.008329355,0.47296914
506554.jpg,0.76465505,0.23252398,0.0016412641,0.0011796897
506555.jpg,8.255637e-05,6.85827e-05,0.9997595,8.934645e-05
506556.jpg,0.6233056,0.05317095,0.3227464,0.0007770392
506557.jpg,0.0012945993,0.43900943,0.027717672,0.53197825
506558.jpg,0.00038638772,0.008302495,0.2572013,0.7341099
506559.jpg,0.5833944,0.41370496,0.0018298527,0.0010707697
506560.jpg,0.98672587,0.012639563,0.00044508892,0.00018946728
506561.jpg,0.18463932,0.81113315,0.0014433876,0.0027841695
506562.jpg,0.99449635,0.0050189174,0.00038551816,9.925954e-05
506563.jpg,0.12689988,0.7438043,0.1255099,0.0037859592
506564.jpg,0.008788591,0.039606187,0.25895905,0.6926462
506565.jpg,0.991558,0.007919647,0.00040509374,0.00011725214
506566.jpg,0.8304698,0.16839296,0.0005481259,0.00058918004
506567.jpg,0.3242456,0.6729265,0.0017063083,0.0011215851
506568.jpg,0.011248481,0.9857175,0.0012763332,0.0017577354
506569.jpg,0.9183586,0.08013063,0.0011498878,0.00036088223
506570.jpg,0.39686963,0.6001316,0.0012911592,0.0017076061
506571.jpg,6.224342e-05,0.0004132389,0.0020768866,0.99744767
506572.jpg,0.3798637,0.3476778,0.23686005,0.03559842
506573.jpg,0.222273,0.7761926,0.0005867843,0.0009475501
506574.jpg,0.91734934,0.08140184,0.000749256,0.00049959443
506575.jpg,0.11328399,0.88380545,0.00094919186,0.001961372
506576.jpg,0.0017854972,0.9952524,0.000635081,0.0023270645
506577.jpg,0.00026702267,0.0003227473,0.99883777,0.0005725037
506578.jpg,0.26383972,0.73295957,0.0011425162,0.0020581945
506579.jpg,0.000396501,0.0005727554,0.5722506,0.42678013
506580.jpg,0.0001601625,0.0015208755,0.0005800559,0.9977389
506581.jpg,0.5452821,0.4522028,0.0017409673,0.0007741395
506582.jpg,0.11239477,0.4705197,0.16582435,0.25126112
506583.jpg,0.0008271462,0.0022402871,0.7109154,0.28601715
506584.jpg,0.6949749,0.027101653,0.19772647,0.080196954
506585.jpg,0.0001932363,0.0003621207,0.88666767,0.11277697
506586.jpg,0.042488743,0.0077797123,0.102626584,0.847105
506587.jpg,0.6593715,0.03233609,0.30750683,0.00078563695
506588.jpg,0.016451957,0.98048514,0.0014565157,0.0016063476
506589.jpg,0.7438963,0.25443783,0.0011456624,0.0005201438
506590.jpg,0.21351194,0.26556206,0.15480351,0.36612248
506591.jpg,0.99327976,0.0060764053,0.00051129475,0.00013251563
506592.jpg,0.0020109566,0.5765972,0.0015810806,0.41981068
506593.jpg,0.00013994474,0.0009972042,0.04945043,0.94941235
506594.jpg,0.0004392031,0.12660389,0.09051669,0.7824402
506595.jpg,0.3771424,0.6179225,0.0036878372,0.0012473617
506596.jpg,0.16773659,0.8286659,0.0025392447,0.0010583367
506597.jpg,0.9948413,0.004607544,0.00044564655,0.0001055855
506598.jpg,0.011967819,0.9868637,0.0005057513,0.0006627147
506599.jpg,0.98225087,0.017144917,0.00046373685,0.0001405806
506600.jpg,0.99642724,0.00312553,0.00034213098,0.00010513907
506601.jpg,0.06106387,0.0011466108,0.9377391,5.048359e-05
506602.jpg,0.8322654,0.16642044,0.0007539247,0.00056026544
506603.jpg,4.2757052e-05,0.00030237794,0.0008455405,0.99880934
506604.jpg,0.22788699,0.6253158,0.0018714092,0.14492579
506605.jpg,0.0004872625,0.08451172,0.00033796448,0.9146631
506606.jpg,0.006986752,0.20772178,0.4621366,0.32315484
506607.jpg,0.9950016,0.004666339,0.0002824126,4.960014e-05
506608.jpg,0.053546626,0.9447325,0.00056769414,0.0011531287
506609.jpg,0.20876266,0.78841543,0.0009630192,0.0018589003
506610.jpg,0.9926338,0.006578104,0.0006585964,0.00012948982
506611.jpg,0.95704097,0.041733544,0.00092438766,0.00030110174
506612.jpg,0.08893487,0.0032293473,0.9066608,0.0011750065
506613.jpg,0.9272848,0.06431412,0.008054168,0.00034695657
506614.jpg,0.98026067,0.018772779,0.00084823277,0.00011825657
506615.jpg,0.0032205787,0.17034529,0.18199418,0.64443994
506616.jpg,0.00029243832,0.0011503402,0.1974792,0.801078
506617.jpg,0.7057566,0.29210886,0.0016134212,0.0005211616
506618.jpg,0.00020493788,0.00031872175,0.8388586,0.16061771
506619.jpg,0.36790618,0.6299855,0.00088513567,0.0012232092
506620.jpg,0.94615144,0.0531912,0.0005036535,0.00015377895
506621.jpg,0.9944153,0.00519409,0.000286318,0.00010430889
506622.jpg,0.075995184,0.92159986,0.0012221405,0.0011828161
506623.jpg,0.79001147,0.20784749,0.0013708258,0.0007701684
506624.jpg,0.9721411,0.02674822,0.0009485712,0.00016214508
506625.jpg,0.96986777,0.029085949,0.0008475824,0.00019865127
506626.jpg,0.24190007,0.7543035,0.00210487,0.0016915649
506627.jpg,0.360345,0.636887,0.0017375067,0.001030432
506628.jpg,0.9916555,0.007807639,0.00045157946,8.526541e-05
506629.jpg,0.9960355,0.0034531765,0.00039234746,0.00011897512
506630.jpg,0.47689283,0.5164966,0.005736875,0.00087368145
506631.jpg,0.7685671,0.22862251,0.0019071315,0.00090324966
506632.jpg,0.0356129,0.9628374,0.00042986745,0.0011198743
506633.jpg,0.0044350433,0.8863032,0.094578534,0.014683209
506634.jpg,0.011004516,0.9866441,0.0014386219,0.0009127976
506635.jpg,0.99588805,0.003698148,0.0003508029,6.292726e-05
506637.jpg,0.99377984,0.005845075,0.00027417357,0.00010094739
506638.jpg,0.6095229,0.38427815,0.005006492,0.0011925019
506639.jpg,0.017442008,0.5543724,0.3136244,0.11456118
506640.jpg,0.02951783,0.9685788,0.0007563667,0.0011469213
506641.jpg,0.83934546,0.15949897,0.00079389225,0.00036168259
506642.jpg,0.000106671236,0.00080057624,0.00021038197,0.99888235
506643.jpg,0.9954355,0.004089352,0.00037441563,0.00010069096
506644.jpg,0.07095315,0.92664224,0.0007069839,0.0016976647
506645.jpg,0.5283993,0.46706066,0.002900907,0.0016391221
506646.jpg,0.00033233498,0.00058072404,0.7665717,0.23251529
506647.jpg,0.010661766,0.9865326,0.00058067177,0.0022249515
506648.jpg,0.49088725,0.08963406,0.008172295,0.41130638
506649.jpg,0.89992195,0.086656116,0.013102493,0.00031941468
506650.jpg,0.3286651,0.60924524,0.060795322,0.0012943428
506651.jpg,0.98037213,0.018828392,0.00062797876,0.00017152895
506652.jpg,0.21962117,0.777895,0.0012970343,0.001186849
506653.jpg,0.95525426,0.043257546,0.00089412346,0.00059416814
506654.jpg,0.049298644,0.94695884,0.0017862958,0.0019561925
506655.jpg,0.1134984,0.42998552,0.010937643,0.4455785
506656.jpg,0.9214372,0.07774656,0.00056430284,0.00025199042
506657.jpg,0.200388,0.7976081,0.0007339159,0.001270004
506658.jpg,8.281751e-05,0.00011276542,0.9985989,0.0012054857
506659.jpg,0.09841049,0.8990765,0.0009416724,0.0015713191
506660.jpg,9.960454e-05,0.0010560524,0.00065796747,0.9981864
506661.jpg,0.6426938,0.20198484,0.15386681,0.0014545651
506662.jpg,0.8825825,0.115247436,0.001684194,0.00048584092
506663.jpg,0.994946,0.004626859,0.00032191855,0.00010523689
506664.jpg,0.0027541977,0.99355364,0.0005258008,0.0031664148
506665.jpg,0.009466193,0.9892407,0.0005589896,0.000734041
506666.jpg,0.9904628,0.007347071,0.0019564389,0.00023370255
506667.jpg,0.9858218,0.013687597,0.00036368158,0.00012692386
506668.jpg,0.9975235,0.002119422,0.0003013362,5.5845376e-05
506669.jpg,0.14520378,0.84523374,0.0019632692,0.007599123
506670.jpg,0.75850147,0.24042179,0.00070310646,0.00037367837
506671.jpg,0.9899257,0.009499277,0.00047168994,0.00010323745
506672.jpg,0.50421256,0.49302354,0.0014804077,0.0012834984
506673.jpg,0.002660364,0.98899275,0.0006100058,0.007736871
506674.jpg,0.007090037,0.990109,0.00088186486,0.001919008
506675.jpg,0.919298,0.07943383,0.000507989,0.0007601315
506676.jpg,0.99599653,0.0036229242,0.00029088874,8.9646164e-05
506677.jpg,0.25950933,0.7390209,0.00060176005,0.0008679866
506678.jpg,0.002681567,0.6096814,0.0015016086,0.38613537
506679.jpg,0.99521977,0.0041430895,0.00055620517,8.092969e-05
506680.jpg,0.36795697,0.63030946,0.0009018479,0.00083176023
506681.jpg,0.027567223,0.9663224,0.004050234,0.0020601007
506682.jpg,0.9889326,0.01034503,0.000613511,0.000108821085
506683.jpg,0.034215543,0.9440753,0.020249935,0.0014592382
506684.jpg,0.016233532,0.9783171,0.0018143047,0.0036350098
506685.jpg,0.19949114,0.7099512,0.03430415,0.056253433
506686.jpg,0.0033407642,0.77571386,0.00095399376,0.21999143
506687.jpg,0.14072083,0.8536582,0.0038661305,0.0017548865
506688.jpg,0.6206893,0.37494218,0.0032836385,0.0010848995
506689.jpg,0.0021548874,0.995902,0.0003333712,0.00160976
506690.jpg,0.9823968,0.016768008,0.0005891601,0.0002460638
506691.jpg,0.011106688,0.98308206,0.0025543442,0.0032569186
506692.jpg,0.91407305,0.08215446,0.0029195815,0.0008528694
506693.jpg,0.018780192,0.8219819,0.0035493628,0.15568848
506694.jpg,0.29538622,0.7020107,0.00160661,0.0009964452
506695.jpg,0.41559112,0.58071977,0.0018469831,0.001842135
506696.jpg,0.32461688,0.67363644,0.0005671553,0.001179577
506697.jpg,0.98980075,0.009841274,0.00024441982,0.00011359729
506698.jpg,0.59322095,0.4049662,0.0009605552,0.00085231994
506699.jpg,0.98463255,0.0140679,0.0011641405,0.00013539522
506700.jpg,0.966211,0.032288615,0.0012905552,0.00020979246
506701.jpg,0.0041130898,0.9941059,0.00035851356,0.0014225623
506702.jpg,0.025963016,0.971612,0.001218154,0.0012068158
506703.jpg,0.00010449123,0.00018793189,0.97721976,0.022487773
506704.jpg,0.027713677,0.96841484,0.002565163,0.0013062725
506705.jpg,0.09720411,0.8739075,0.01492329,0.013965078
506706.jpg,0.0054012127,0.9931367,0.00032760596,0.0011344375
506707.jpg,0.030337414,0.9680953,0.0010401055,0.00052714004
506708.jpg,0.08138435,0.916796,0.00038487744,0.0014347024
506709.jpg,0.5006868,0.49817923,0.00061232527,0.0005216712
506710.jpg,0.11227408,0.72804564,0.06725861,0.09242174
506711.jpg,0.9953155,0.00430803,0.00029178735,8.468009e-05
506712.jpg,6.794688e-05,5.899541e-05,0.99975187,0.00012120075
506713.jpg,0.032034513,0.9660476,0.00079819903,0.0011196682
506714.jpg,0.008819253,0.18478,0.21860255,0.5877982
506716.jpg,0.9968937,0.0027584971,0.00028036904,6.738019e-05
506717.jpg,0.000552125,0.010750864,0.41555408,0.57314295
506718.jpg,0.0025812841,0.0015349091,0.7494404,0.24644345
506719.jpg,0.9825072,0.017070727,0.0002789704,0.000143104
506720.jpg,0.0008766825,0.003949576,0.016595835,0.9785779
506721.jpg,0.5518549,0.44607124,0.0007738128,0.0013000958
506722.jpg,0.00011425514,4.7225312e-05,0.99978226,5.6244982e-05
506723.jpg,0.9701037,0.028294472,0.0012552898,0.00034659877
506724.jpg,0.53771436,0.46049964,0.0009750612,0.00081089186
506725.jpg,0.20539886,0.7923827,0.0010541084,0.0011643474
506726.jpg,0.9895334,0.01000511,0.00032523184,0.0001362067
506727.jpg,0.15992509,0.8340922,0.0014850985,0.0044975886
506728.jpg,0.7538827,0.24412636,0.0015871497,0.0004037679
506729.jpg,0.2765397,0.72181153,0.0010136672,0.0006351009
506730.jpg,0.00199274,0.39628756,0.24690507,0.35481465
506731.jpg,0.992548,0.0069875442,0.00031384392,0.00015059044
506732.jpg,0.986808,0.012724885,0.0003372094,0.00012989069
506733.jpg,0.0005305328,0.0021129716,0.32281947,0.674537
506734.jpg,0.99534017,0.0042091287,0.0003448421,0.00010588041
506735.jpg,0.7091448,0.02315423,0.26737428,0.0003266927
506736.jpg,0.028884152,0.9687441,0.0013141664,0.0010575668
506737.jpg,0.81116366,0.17068167,0.017256187,0.00089845824
506738.jpg,0.42725495,0.5703938,0.0014839475,0.0008672688
506739.jpg,0.00083828735,0.0096358,0.11454934,0.8749766
506740.jpg,0.9957853,0.0038241397,0.000310134,8.036647e-05
506741.jpg,0.014535744,0.9775142,0.0043861424,0.003563891
506742.jpg,0.22215064,0.77624875,0.0010480759,0.0005525019
506743.jpg,0.84376496,0.15490824,0.00077871606,0.000548082
506744.jpg,0.94616395,0.05170385,0.0018819226,0.00025029457
506745.jpg,0.9816742,0.01623553,0.0014268555,0.00066335197
506746.jpg,0.98991394,0.0093565835,0.00058802235,0.00014151631
506747.jpg,0.99417096,0.005053611,0.00064333185,0.00013208455
506748.jpg,0.9945729,0.005079546,0.00025167863,9.5886695e-05
506749.jpg,0.001882058,0.99662477,0.00026956902,0.0012235093
506750.jpg,0.005568663,0.9927905,0.00046529612,0.0011755754
506751.jpg,0.003192376,0.99381256,0.00030613804,0.0026889734
506752.jpg,0.97563547,0.023687275,0.00048267833,0.00019464006
506753.jpg,0.0021882209,0.99569035,0.00026967152,0.001851791
506754.jpg,0.026337564,0.96917933,0.0010156002,0.0034674585
506755.jpg,0.9943082,0.005300948,0.00029870492,9.220793e-05
506756.jpg,0.94707114,0.052321155,0.00039874366,0.00020893819
