image,none,infection,ischaemia,both
401000.jpg,0.61405474,0.10114514,0.20967476,0.07512538
401001.jpg,0.72079533,0.048528183,0.15885848,0.07181802
401002.jpg,0.1776011,0.38637415,0.30193737,0.13408737
401003.jpg,0.7766485,0.026259854,0.14523737,0.051854253
401004.jpg,0.018614886,0.7222771,0.18679637,0.072311655
401005.jpg,0.018821893,0.04038142,0.57163256,0.36916414
401006.jpg,0.35505915,0.42200175,0.16558377,0.0573553
401007.jpg,0.5270266,0.23808978,0.17265199,0.062231626
401008.jpg,0.051934898,0.6870909,0.2118478,0.04912643
401009.jpg,0.21356858,0.49409294,0.21636896,0.07596955
401010.jpg,0.71687,0.04813413,0.15391687,0.081078924
401011.jpg,0.03069994,0.7207046,0.18831205,0.060283337
401012.jpg,0.0578789,0.6836891,0.18928425,0.06914773
401013.jpg,0.30278608,0.3726982,0.19537584,0.12913989
401014.jpg,0.44555268,0.28942236,0.20108081,0.06394414
401015.jpg,0.18867564,0.54515725,0.2018917,0.06427541
401016.jpg,0.55586874,0.17629743,0.19000821,0.077825606
401017.jpg,0.037549503,0.5695445,0.2184785,0.17442755
401018.jpg,0.7011723,0.0852812,0.16429375,0.049252838
401019.jpg,0.5726208,0.17975773,0.18327872,0.0643428
401020.jpg,0.046503987,0.69656175,0.20065217,0.056282148
401021.jpg,0.61521935,0.14002879,0.17472805,0.070023805
401022.jpg,0.15742837,0.58973557,0.17032194,0.08251413
401023.jpg,0.033193123,0.6819298,0.22282016,0.062056866
401024.jpg,0.051988434,0.49704948,0.20512308,0.245839
401025.jpg,0.505243,0.22149532,0.20472258,0.06853914
401026.jpg,0.0273401,0.2727382,0.48473322,0.21518849
401027.jpg,0.040036973,0.69391555,0.18688248,0.07916502
401028.jpg,0.00540074,0.011994748,0.09456579,0.8880387
401029.jpg,0.39417255,0.3554089,0.18833192,0.062086593
401030.jpg,0.35717246,0.33978072,0.2107154,0.09233142
401031.jpg,0.3764154,0.31354865,0.21875644,0.0912795
401032.jpg,0.049324524,0.68981624,0.21248622,0.048372984
401033.jpg,0.028316995,0.7636078,0.15889826,0.04917696
401034.jpg,0.16426247,0.54536223,0.2336533,0.056722004
401035.jpg,0.17217834,0.04994574,0.748177,0.029698936
401036.jpg,0.045142397,0.67664784,0.19808947,0.08012033
401037.jpg,0.5418504,0.1918357,0.18305446,0.08325943
401038.jpg,0.69088537,0.090003885,0.15706688,0.06204382
401039.jpg,0.48891816,0.24563766,0.20438397,0.06106023
401040.jpg,0.2657123,0.46332657,0.20868565,0.06227547
401041.jpg,0.30447105,0.4051331,0.22116047,0.06923541
401042.jpg,0.63102686,0.09276533,0.20178229,0.07442555
401043.jpg,0.7689393,0.03720581,0.14016657,0.0536883
401044.jpg,0.34312487,0.35217533,0.22241719,0.08228267
401045.jpg,0.13801844,0.5489715,0.21415277,0.09885726
401046.jpg,0.111825936,0.6551419,0.16785334,0.065178804
401047.jpg,0.7523387,0.044162612,0.14081325,0.06268542
401048.jpg,0.047635388,0.708441,0.18654132,0.057382215
401049.jpg,0.7026518,0.06700273,0.16535397,0.06499148
401050.jpg,0.20304358,0.50479007,0.19640917,0.095757164
401051.jpg,0.022033142,0.70805126,0.19674532,0.07317024
401052.jpg,0.79534006,0.041104767,0.12398827,0.03956688
401053.jpg,0.11253894,0.6354568,0.19260883,0.059395406
401054.jpg,0.24821894,0.47587535,0.18943779,0.086467944
401055.jpg,0.28722093,0.43505454,0.19629896,0.08142553
401056.jpg,0.22238123,0.47121808,0.20454375,0.10185691
401057.jpg,0.0845106,0.60557765,0.19937152,0.11054026
401058.jpg,0.6287628,0.115066074,0.19466865,0.061502527
401059.jpg,0.78266746,0.025687963,0.13995588,0.05168869
401060.jpg,0.3388783,0.38858023,0.21208273,0.06045871
401061.jpg,0.64587003,0.14704637,0.15805016,0.049033467
401062.jpg,0.50358266,0.24801116,0.18895672,0.05944946
401063.jpg,0.73568314,0.055857625,0.150788,0.057671253
401064.jpg,0.610009,0.09983873,0.20236033,0.0877919
401065.jpg,0.03204603,0.71515864,0.1828743,0.069921
401066.jpg,0.19149424,0.5237073,0.19752379,0.08727469
401067.jpg,0.08411827,0.67274714,0.17262852,0.070506014
401068.jpg,0.588159,0.13578804,0.20300584,0.073047094
401069.jpg,0.45118284,0.25161037,0.21838929,0.07881751
401070.jpg,0.49119458,0.23552044,0.19702016,0.07626484
401071.jpg,0.5146477,0.20704961,0.20855542,0.069747224
401072.jpg,0.16084218,0.51286656,0.21965475,0.1066365
401073.jpg,0.21580203,0.43290958,0.22577222,0.12551615
401074.jpg,0.36570168,0.33823475,0.20911801,0.08694562
401075.jpg,0.45933902,0.31697336,0.16195653,0.06173112
401076.jpg,0.47866407,0.25878802,0.19138885,0.07115907
401077.jpg,0.4220465,0.28173137,0.19778395,0.098438144
401078.jpg,0.015851486,0.15186726,0.12015488,0.71212643
401079.jpg,0.30043685,0.44819453,0.17998111,0.07138748
401080.jpg,0.0056756414,0.017575195,0.11990506,0.8568441
401081.jpg,0.14362396,0.60685277,0.1886764,0.06084689
401082.jpg,0.008458053,0.06901217,0.23645683,0.686073
401083.jpg,0.07825767,0.63881403,0.1941787,0.08874961
401084.jpg,0.34142566,0.3604182,0.20878565,0.08937047
401085.jpg,0.22900493,0.4539756,0.23361975,0.08339972
401086.jpg,0.5784191,0.1499433,0.17672794,0.094909646
401087.jpg,0.60766757,0.13656837,0.17669292,0.07907116
401088.jpg,0.76039356,0.029098297,0.14480142,0.06570669
401089.jpg,0.21797793,0.34533337,0.37837946,0.058309246
401090.jpg,0.07810504,0.5551697,0.27792576,0.08879948
401091.jpg,0.034122106,0.17084877,0.76837116,0.026657922
401092.jpg,0.71354675,0.06248625,0.17071553,0.053251475
401093.jpg,0.0052801427,0.008991816,0.28097054,0.70475745
401094.jpg,0.3929197,0.28621945,0.22752243,0.09333843
401095.jpg,0.059177507,0.6817544,0.1560974,0.10297068
401096.jpg,0.2786526,0.411472,0.24530017,0.06457523
401097.jpg,0.04253371,0.7430193,0.15078573,0.06366124
401098.jpg,0.34119138,0.36090544,0.21892822,0.07897496
401099.jpg,0.123836935,0.57951,0.22276872,0.07388438
401100.jpg,0.04786161,0.7410608,0.16056281,0.050514724
401101.jpg,0.4876829,0.25533298,0.15733093,0.099653214
401102.jpg,0.6431003,0.08632652,0.20377588,0.06679726
401103.jpg,0.41899332,0.29055575,0.22005738,0.07039357
401104.jpg,0.20168181,0.54128486,0.18144803,0.07558527
401105.jpg,0.31901243,0.42049804,0.18505214,0.075437345
401106.jpg,0.7474634,0.03746432,0.15855023,0.056522053
401107.jpg,0.06025855,0.700749,0.18552192,0.053470507
401108.jpg,0.6410379,0.12110155,0.15970875,0.07815183
401109.jpg,0.77578527,0.038586117,0.1270588,0.058569793
401110.jpg,0.0854173,0.6416878,0.18298505,0.08990979
401111.jpg,0.051264256,0.73640585,0.14824769,0.064082205
401112.jpg,0.019868342,0.6404361,0.24719328,0.092502326
401113.jpg,0.010629006,0.019883791,0.06965163,0.8998356
401114.jpg,0.7056823,0.057042673,0.17393023,0.06334483
401115.jpg,0.24173148,0.25951728,0.4257476,0.07300369
401116.jpg,0.63155943,0.1281064,0.16509135,0.07524282
401117.jpg,0.43106708,0.27868745,0.21993954,0.070305936
401118.jpg,0.59548634,0.15073428,0.19268133,0.06109808
401119.jpg,0.38291308,0.31914046,0.23572643,0.062220067
401120.jpg,0.05681761,0.65535957,0.21123934,0.076583475
401121.jpg,0.753036,0.038431015,0.15599,0.052542996
401122.jpg,0.7364194,0.05342886,0.14959125,0.060560603
401123.jpg,0.3614289,0.3634758,0.21344776,0.061647583
401124.jpg,0.1671813,0.54670763,0.20848072,0.07763037
401125.jpg,0.2250452,0.5107712,0.19353987,0.07064369
401126.jpg,0.20032515,0.4974725,0.23508334,0.06711898
401127.jpg,0.04797347,0.6755664,0.20137942,0.07508079
401128.jpg,0.056151275,0.7127537,0.15677035,0.074324645
401129.jpg,0.2855949,0.40458372,0.22273321,0.08708814
401130.jpg,0.7527403,0.055254,0.13974752,0.052258153
401131.jpg,0.57718235,0.17205636,0.1769846,0.0737767
401132.jpg,0.3047894,0.45784304,0.1755658,0.06180182
401133.jpg,0.32353285,0.38340667,0.22264571,0.07041472
401134.jpg,0.20281248,0.53437144,0.1942306,0.068585515
401135.jpg,0.16384746,0.5813888,0.18240772,0.072356015
401136.jpg,0.049683597,0.5722515,0.24200432,0.13606061
401137.jpg,0.75639915,0.03772473,0.14078,0.06509609
401138.jpg,0.06375688,0.6849225,0.19175561,0.059564903
401139.jpg,0.16379027,0.5658687,0.19925599,0.071085036
401140.jpg,0.08485663,0.61941934,0.20677578,0.08894827
401141.jpg,0.06871759,0.41097102,0.2540644,0.266247
401142.jpg,0.5808246,0.17398505,0.17983258,0.06535775
401143.jpg,0.14054038,0.56096625,0.18657519,0.11191818
401144.jpg,0.033691872,0.7093567,0.1983717,0.058579694
401145.jpg,0.13577086,0.030044159,0.77116007,0.06302494
401146.jpg,0.17750524,0.5036132,0.2528616,0.06601998
401147.jpg,0.006462196,0.009037388,0.2633309,0.7211695
401148.jpg,0.7378203,0.047182456,0.15692659,0.05807063
401149.jpg,0.57652754,0.16253291,0.19013865,0.07080091
401150.jpg,0.49629793,0.18393303,0.22540908,0.09435999
401151.jpg,0.0066086226,0.031276792,0.6055711,0.35654354
401152.jpg,0.49503875,0.24637313,0.19696335,0.06162474
401153.jpg,0.12050251,0.62589914,0.19353272,0.060065616
401154.jpg,0.10969055,0.6315243,0.18134254,0.07744258
401155.jpg,0.66551554,0.1342567,0.15439348,0.045834288
401156.jpg,0.0668362,0.7044501,0.15866916,0.07004458
401157.jpg,0.72912407,0.04396492,0.14513709,0.08177397
401158.jpg,0.5892975,0.16337895,0.17522697,0.07209661
401159.jpg,0.080631204,0.6178157,0.1924125,0.109140664
401160.jpg,0.288738,0.41016054,0.21643816,0.08466331
401161.jpg,0.04376881,0.67449474,0.20995457,0.071781896
401162.jpg,0.5944795,0.1392768,0.19189203,0.07435163
401163.jpg,0.046557266,0.7049034,0.19789802,0.05064124
401164.jpg,0.07312402,0.496655,0.3393775,0.0908435
401165.jpg,0.6981149,0.0780118,0.16914041,0.05473296
401166.jpg,0.60903907,0.14687239,0.17324956,0.070838995
401167.jpg,0.5097125,0.25040355,0.16703312,0.072850816
401168.jpg,0.12694752,0.6201666,0.17109066,0.08179519
401169.jpg,0.57734984,0.1828037,0.18524294,0.05460349
401170.jpg,0.048556414,0.5985546,0.24985485,0.103034146
401171.jpg,0.19323319,0.55682045,0.19600148,0.053944856
401172.jpg,0.039032586,0.75313073,0.14281388,0.065022774
401173.jpg,0.64627534,0.08300561,0.19980586,0.07091323
401174.jpg,0.021112688,0.7516418,0.162678,0.06456745
401175.jpg,0.28789762,0.39651582,0.23208578,0.08350074
401176.jpg,0.5646181,0.1604464,0.1894301,0.08550537
401177.jpg,0.15388146,0.58322453,0.20340778,0.059486214
401178.jpg,0.53216004,0.18676479,0.18876274,0.0923124
401179.jpg,0.33749476,0.3785499,0.20045204,0.0835033
401180.jpg,0.53368956,0.16755004,0.21555535,0.08320507
401181.jpg,0.68553543,0.07317729,0.16852061,0.072766684
401182.jpg,0.0015791081,0.0028977196,0.98373693,0.011786263
401183.jpg,0.10726437,0.61053765,0.2289506,0.053247392
401184.jpg,0.034583118,0.57346135,0.19479972,0.19715577
401185.jpg,0.57746845,0.17932628,0.17359658,0.06960871
401186.jpg,0.5327219,0.20960669,0.17953642,0.07813496
401187.jpg,0.08552096,0.6671744,0.19058454,0.05672009
401188.jpg,0.47126707,0.2569849,0.20255774,0.06919032
401189.jpg,0.26481894,0.46415862,0.19558835,0.07543411
401190.jpg,0.07634666,0.65377635,0.19644709,0.07342988
401191.jpg,0.7166085,0.051299352,0.17229651,0.059795644
401192.jpg,0.46590468,0.24547975,0.21147959,0.077135965
401193.jpg,0.71084756,0.043541025,0.17743695,0.06817452
401194.jpg,0.2334172,0.4559629,0.23677444,0.073845424
401195.jpg,0.7155192,0.03061396,0.1704396,0.08342723
401196.jpg,0.66116494,0.107043006,0.17812254,0.053669542
401197.jpg,0.0050786515,0.010752744,0.16387011,0.8202985
401198.jpg,0.28268027,0.4430624,0.20445986,0.06979748
401199.jpg,0.71443033,0.046593513,0.18491852,0.054057617
401200.jpg,0.39371827,0.29616743,0.21555705,0.094557256
401201.jpg,0.7808632,0.03289221,0.13513254,0.051112045
401202.jpg,0.32296357,0.41075015,0.2054999,0.060786407
401203.jpg,0.67439294,0.076758504,0.1793385,0.06951006
401204.jpg,0.5753494,0.16897364,0.19633155,0.05934541
401205.jpg,0.17400141,0.5241493,0.22339769,0.078451596
401206.jpg,0.037666585,0.6906986,0.18112077,0.090514
401207.jpg,0.09513929,0.6382641,0.20423728,0.06235933
401208.jpg,0.438408,0.29406556,0.18877606,0.078750394
401209.jpg,0.50418276,0.2186146,0.2134382,0.06376446
401210.jpg,0.45956793,0.25332698,0.21513182,0.0719733
401211.jpg,0.15230095,0.525434,0.24284327,0.07942175
401212.jpg,0.027495941,0.72841024,0.18461628,0.059477538
401213.jpg,0.007674319,0.013285458,0.21010832,0.76893187
401214.jpg,0.52306575,0.22836666,0.18860628,0.059961338
401215.jpg,0.2742274,0.38735962,0.24254446,0.095868506
401216.jpg,0.75819975,0.04969166,0.13903873,0.0530699
401217.jpg,0.66970205,0.08334599,0.18325387,0.06369812
401218.jpg,0.66974044,0.07740489,0.19869481,0.05415994
401219.jpg,0.6838134,0.0614099,0.18395026,0.07082644
401220.jpg,0.059665054,0.67269427,0.1966027,0.071037956
401221.jpg,0.15473378,0.5923059,0.18239243,0.0705679
401222.jpg,0.018465847,0.3086231,0.1998185,0.47309256
401223.jpg,0.5562177,0.18927288,0.18393819,0.070571214
401224.jpg,0.26002097,0.4280214,0.22797549,0.08398216
401225.jpg,0.67576665,0.081733726,0.17793453,0.06456511
401226.jpg,0.007009556,0.018889764,0.08618834,0.88791233
401227.jpg,0.198205,0.49640346,0.22784401,0.07754753
401228.jpg,0.62776273,0.14513887,0.1751783,0.051920068
401229.jpg,0.025219627,0.6931813,0.21258731,0.06901175
401230.jpg,0.58257204,0.13944723,0.19421132,0.0837694
401231.jpg,0.36288503,0.37173793,0.20269094,0.062686086
401232.jpg,0.6247251,0.139434,0.16781229,0.06802863
401233.jpg,0.21169496,0.5035406,0.20406365,0.08070083
401234.jpg,0.5246776,0.103423126,0.30254462,0.069354646
401235.jpg,0.7041901,0.07670506,0.1606241,0.05848073
401236.jpg,0.7336075,0.048950095,0.14411612,0.07332635
401237.jpg,0.5142805,0.13631447,0.28054062,0.06886445
401238.jpg,0.055594075,0.2844226,0.58930343,0.070679925
401239.jpg,0.10842352,0.035585746,0.83536583,0.020624904
401240.jpg,0.3297501,0.34708366,0.24761438,0.07555184
401241.jpg,0.71257,0.040234603,0.17315446,0.0740409
401242.jpg,0.7269082,0.037187576,0.16500773,0.070896514
401243.jpg,0.14288156,0.6048891,0.17995393,0.07227538
401244.jpg,0.73281765,0.046123374,0.17436928,0.04668967
401245.jpg,0.19045465,0.5210313,0.21415742,0.07435659
401246.jpg,0.20651008,0.50466245,0.19598663,0.09284078
401247.jpg,0.72718257,0.049346786,0.16006695,0.063403666
401248.jpg,0.073865905,0.089698814,0.81172377,0.02471145
401249.jpg,0.019266458,0.44110703,0.17160039,0.3680261
401250.jpg,0.77840346,0.033271734,0.13578261,0.052542146
401251.jpg,0.15997183,0.52761096,0.21471679,0.09770038
401252.jpg,0.45234928,0.26449442,0.18481553,0.09834079
401253.jpg,0.24183287,0.49703136,0.16828085,0.092854835
401254.jpg,0.5402102,0.19626723,0.19450189,0.06902069
401255.jpg,0.66049486,0.12055623,0.15770383,0.061245095
401256.jpg,0.030623218,0.71888185,0.18517311,0.06532184
401257.jpg,0.36321032,0.3518252,0.21334273,0.07162175
401258.jpg,0.7204337,0.05784199,0.15880068,0.06292366
401259.jpg,0.68063664,0.09432683,0.15811191,0.06692458
401260.jpg,0.59317964,0.14772262,0.2040466,0.055051144
401261.jpg,0.037495013,0.69692296,0.17532776,0.090254284
401262.jpg,0.64991784,0.11247335,0.18613058,0.051478222
401263.jpg,0.014642795,0.087292455,0.66323423,0.23483051
401264.jpg,0.4781945,0.25343606,0.19566809,0.07270135
401265.jpg,0.022959193,0.7174528,0.17693383,0.08265417
401266.jpg,0.61016136,0.14867128,0.17348297,0.06768444
401267.jpg,0.5433207,0.20075639,0.19509606,0.060826797
401268.jpg,0.041984186,0.71402234,0.17944823,0.0645453
401269.jpg,0.7057562,0.04474495,0.1821289,0.06736998
401270.jpg,0.04051971,0.6902427,0.2000646,0.069173
401271.jpg,0.33556578,0.37069654,0.21412277,0.079614915
401272.jpg,0.2851904,0.3814745,0.22669663,0.10663847
401273.jpg,0.040785253,0.72110176,0.1682145,0.069898434
401274.jpg,0.66262835,0.0827616,0.1892518,0.065358214
401275.jpg,0.28558016,0.43340147,0.21807046,0.06294789
401276.jpg,0.7258859,0.064943366,0.15464634,0.0545243
401277.jpg,0.34153876,0.39895213,0.19514523,0.064363845
401278.jpg,0.45284033,0.25584888,0.20396517,0.08734561
401279.jpg,0.06463251,0.71357256,0.16443591,0.05735895
401280.jpg,0.13435413,0.58990926,0.2126103,0.0631263
401281.jpg,0.4808205,0.23246245,0.21001856,0.07669855
401282.jpg,0.62482214,0.15162338,0.17766969,0.045884762
401283.jpg,0.7725682,0.027567374,0.14320377,0.056660682
401284.jpg,0.49592197,0.24960749,0.17211722,0.08235332
401285.jpg,0.54075885,0.12183092,0.17266245,0.16474783
401286.jpg,0.6678152,0.09977887,0.17011644,0.06228943
401287.jpg,0.6343251,0.14132418,0.17115366,0.053196996
401288.jpg,0.010336825,0.116912834,0.102719136,0.7700313
401289.jpg,0.46976113,0.25505808,0.18637963,0.08880118
401290.jpg,0.5209471,0.22779085,0.16167542,0.08958662
401291.jpg,0.25701,0.51391816,0.15531327,0.073758565
401292.jpg,0.052374315,0.6896077,0.1740499,0.08396811
401293.jpg,0.020127669,0.5899839,0.20478596,0.18510246
401294.jpg,0.57392263,0.16358896,0.19750233,0.06498613
401295.jpg,0.45643798,0.32893348,0.16004276,0.05458582
401296.jpg,0.28202707,0.103944845,0.5697433,0.04428483
401297.jpg,0.55998915,0.20766596,0.16335809,0.068986766
401298.jpg,0.08778712,0.6611008,0.18566751,0.06544453
401299.jpg,0.04009265,0.72363204,0.16906677,0.06720861
401300.jpg,0.63373345,0.13401382,0.16826613,0.06398661
401301.jpg,0.0308851,0.7718985,0.15627861,0.040937755
401302.jpg,0.45294562,0.27065817,0.21187432,0.06452189
401303.jpg,0.32557404,0.42284322,0.19333307,0.058249667
401304.jpg,0.111452244,0.64220786,0.19300155,0.053338323
401305.jpg,0.045796994,0.035883978,0.8868408,0.03147818
401306.jpg,0.7968209,0.023921534,0.13059856,0.04865901
401307.jpg,0.73955417,0.03916925,0.1576585,0.06361812
401308.jpg,0.14457004,0.6188863,0.18743648,0.049107213
401309.jpg,0.4451371,0.28849038,0.19800015,0.06837234
401310.jpg,0.6564715,0.112533055,0.16595437,0.065041035
401311.jpg,0.17661612,0.5103003,0.22051167,0.092571974
401312.jpg,0.15472163,0.5872566,0.1866334,0.071388334
401313.jpg,0.08178081,0.66044635,0.1786598,0.07911311
401314.jpg,0.11572983,0.64540714,0.17472667,0.06413642
401315.jpg,0.049338747,0.7140481,0.18356735,0.05304582
401316.jpg,0.6251749,0.12833539,0.1597692,0.0867205
401317.jpg,0.7434332,0.04852916,0.14161862,0.06641906
401318.jpg,0.30344608,0.47875437,0.17420067,0.043598842
401319.jpg,0.019312426,0.6084036,0.1695441,0.20273991
401320.jpg,0.19133632,0.51809174,0.20781417,0.082757734
401321.jpg,0.74364704,0.04516678,0.15705794,0.054128274
401322.jpg,0.5512798,0.18362647,0.18341888,0.081674814
401323.jpg,0.10239314,0.60972744,0.22380996,0.06406945
401324.jpg,0.49876413,0.21238244,0.20862018,0.080233276
401325.jpg,0.67745304,0.0690597,0.18269771,0.070789464
401326.jpg,0.7419937,0.042338792,0.1493748,0.06629263
401327.jpg,0.7465126,0.037125036,0.15468471,0.061677646
401328.jpg,0.14767568,0.56084174,0.20404522,0.08743745
401329.jpg,0.17223305,0.5440364,0.22660083,0.05712977
401330.jpg,0.6116478,0.13240202,0.1828381,0.07311212
401331.jpg,0.006652783,0.028010137,0.18782102,0.77751607
401332.jpg,0.32743606,0.40506187,0.18829733,0.07920476
401333.jpg,0.73826075,0.045529272,0.15787008,0.058339935
401334.jpg,0.110469736,0.64689404,0.17900772,0.06362854
401335.jpg,0.44144455,0.2957156,0.1840188,0.078821085
401336.jpg,0.068294205,0.65293163,0.21418822,0.06458595
401337.jpg,0.2336015,0.46888015,0.21358652,0.083931826
401338.jpg,0.52102745,0.21997596,0.18251644,0.07648014
401339.jpg,0.6754141,0.11211874,0.16901143,0.04345573
401340.jpg,0.33029667,0.37121066,0.21654125,0.08195136
401341.jpg,0.008218651,0.08021172,0.1397403,0.77182937
401342.jpg,0.20814581,0.5394802,0.18915391,0.06322006
401343.jpg,0.7343517,0.052129712,0.14670373,0.06681483
401344.jpg,0.33150887,0.38979724,0.21946077,0.059233073
401345.jpg,0.32548594,0.24294798,0.36844304,0.063123025
401346.jpg,0.71210307,0.055065215,0.15829276,0.07453907
401348.jpg,0.06322593,0.67028326,0.18122996,0.08526087
401349.jpg,0.30751872,0.4188722,0.19609982,0.077509314
401350.jpg,0.6474474,0.101155736,0.18171038,0.069686495
401351.jpg,0.63474506,0.11084104,0.18115611,0.073257826
401352.jpg,0.10232207,0.6757872,0.15323465,0.06865603
401353.jpg,0.28287885,0.4286567,0.2154231,0.07304137
401354.jpg,0.5364252,0.19521506,0.19294818,0.07541156
401355.jpg,0.20719855,0.49267688,0.20402394,0.09610062
401356.jpg,0.016637355,0.2113992,0.22718881,0.5447746
401357.jpg,0.724731,0.080189176,0.13537645,0.05970326
401358.jpg,0.0832501,0.44882044,0.39977205,0.06815743
401359.jpg,0.040371466,0.7102008,0.17925191,0.07017588
401360.jpg,0.08322703,0.6977013,0.16456087,0.054510783
401361.jpg,0.7151635,0.07843768,0.14600672,0.060392085
401362.jpg,0.60076445,0.16079505,0.18752712,0.050913393
401363.jpg,0.4462329,0.22657554,0.2330512,0.0941404
401364.jpg,0.014676296,0.56022847,0.20585413,0.21924108
401365.jpg,0.1500301,0.5901416,0.2017793,0.058048997
401366.jpg,0.015317273,0.0102635715,0.8805929,0.093826294
401367.jpg,0.12037963,0.5786021,0.21954112,0.081477165
401368.jpg,0.5514589,0.024317352,0.3771803,0.047043484
401369.jpg,0.06732391,0.7118452,0.16369192,0.057138886
401370.jpg,0.68211716,0.0761872,0.17583524,0.06586041
401371.jpg,0.62917453,0.13923338,0.16532284,0.06626931
401372.jpg,0.054958,0.6409424,0.1587529,0.14534667
401373.jpg,0.34579006,0.38996688,0.1946014,0.06964167
401374.jpg,0.086422004,0.6552877,0.1920795,0.06621082
401375.jpg,0.21080732,0.37785658,0.36126295,0.050073113
401376.jpg,0.5627744,0.16088848,0.19484366,0.081493415
401377.jpg,0.59414417,0.12193495,0.2135911,0.070329785
401378.jpg,0.018576065,0.7435104,0.17235415,0.06555943
401379.jpg,0.15311353,0.6173094,0.16886854,0.060708504
401380.jpg,0.6035373,0.14496298,0.17807561,0.07342408
401381.jpg,0.7521563,0.032877047,0.1581946,0.056771982
401382.jpg,0.059494227,0.65508884,0.1931297,0.09228724
401383.jpg,0.4092954,0.32335523,0.19226944,0.07507991
401384.jpg,0.73757625,0.03234337,0.16182657,0.068253815
401385.jpg,0.23740773,0.51562166,0.18362355,0.06334704
401386.jpg,0.05585125,0.7045436,0.17453523,0.06506999
401387.jpg,0.2667691,0.45967075,0.21102177,0.06253839
401388.jpg,0.3546815,0.40771064,0.16604157,0.07156629
401389.jpg,0.46279576,0.2538588,0.20281668,0.08052876
401390.jpg,0.027513163,0.18580969,0.1961341,0.59054303
401391.jpg,0.5830359,0.17202134,0.193838,0.0511047
401392.jpg,0.7031347,0.08429434,0.15098274,0.06158827
401393.jpg,0.6973898,0.07433712,0.16703145,0.061241683
401394.jpg,0.55511165,0.19861646,0.1999591,0.046312764
401395.jpg,0.05359647,0.5756535,0.27593246,0.09481758
401396.jpg,0.721106,0.03350256,0.18596058,0.059430953
401397.jpg,0.034677926,0.17214884,0.2026573,0.5905159
401398.jpg,0.08969221,0.34969702,0.28129363,0.2793171
401399.jpg,0.070598096,0.7003053,0.17469116,0.054405436
401400.jpg,0.10468856,0.6658278,0.17099808,0.058485553
401401.jpg,0.106595404,0.6352654,0.19009697,0.06804217
401402.jpg,0.0817199,0.2562658,0.4331347,0.22887957
401403.jpg,0.20997377,0.4487559,0.24718869,0.09408164
401404.jpg,0.61344236,0.13467632,0.1897742,0.062107135
401405.jpg,0.7256946,0.087870665,0.13111676,0.05531803
401406.jpg,0.1974967,0.50494474,0.2030343,0.094524264
401407.jpg,0.2302434,0.03430161,0.6517994,0.08365563
401408.jpg,0.2569797,0.47015762,0.2049485,0.06791416
401409.jpg,0.6405273,0.1321548,0.1646231,0.06269475
401410.jpg,0.036298946,0.7251262,0.18246983,0.056105077
401411.jpg,0.08767141,0.6136833,0.19489741,0.103747904
401412.jpg,0.2752343,0.45717296,0.21209873,0.05549399
401413.jpg,0.47945604,0.23994528,0.20935994,0.07123873
401414.jpg,0.032242198,0.612395,0.25649402,0.09886881
401415.jpg,0.030674955,0.6899763,0.16194521,0.117403485
401416.jpg,0.12718013,0.29233614,0.31536642,0.26511735
401417.jpg,0.6955448,0.06378303,0.1714075,0.06926468
401418.jpg,0.51142025,0.2002027,0.21522398,0.073153056
401419.jpg,0.11242187,0.60237306,0.18437326,0.100831814
401420.jpg,0.09077084,0.54696685,0.19381796,0.1684444
401421.jpg,0.72044307,0.038055453,0.17827801,0.06322337
401422.jpg,0.32561338,0.344028,0.21967566,0.11068293
401423.jpg,0.7501746,0.0469258,0.15408929,0.048810333
401424.jpg,0.15736163,0.56792015,0.2094469,0.06527132
401425.jpg,0.017990189,0.5230563,0.18478687,0.27416664
401426.jpg,0.29429492,0.32897136,0.31957963,0.057154108
401427.jpg,0.15015762,0.5589884,0.2010864,0.089767635
401428.jpg,0.019004753,0.7376039,0.18173504,0.061656307
401429.jpg,0.6154849,0.13193129,0.18884395,0.063739926
401430.jpg,0.63075733,0.11172371,0.19928662,0.058232307
401431.jpg,0.017794862,0.54879355,0.18390918,0.24950238
401432.jpg,0.24202406,0.46900892,0.20033251,0.08863453
401433.jpg,0.011360537,0.04662666,0.61970973,0.3223031
401434.jpg,0.09170922,0.60815865,0.21579576,0.08433633
401435.jpg,0.007343386,0.017114973,0.17743225,0.79810935
401436.jpg,0.16563022,0.5581677,0.20333314,0.07286893
401437.jpg,0.7004492,0.06048939,0.17432684,0.06473457
401438.jpg,0.73213214,0.039096054,0.16227895,0.06649283
401439.jpg,0.059789468,0.72192687,0.1596917,0.058592007
401440.jpg,0.43618575,0.30196768,0.19248824,0.06935831
401441.jpg,0.7929897,0.030324064,0.1320011,0.044685185
401442.jpg,0.632515,0.104595445,0.18950677,0.07338274
401443.jpg,0.5273827,0.19553226,0.20926102,0.06782405
401444.jpg,0.69880646,0.087825775,0.14658676,0.06678104
401445.jpg,0.39433014,0.29021147,0.2407821,0.07467628
401446.jpg,0.42247176,0.10229844,0.35598865,0.119241126
401447.jpg,0.61162573,0.14006065,0.17872678,0.069586806
401448.jpg,0.2722434,0.40041685,0.24358416,0.08375559
401449.jpg,0.7060463,0.07699298,0.1683081,0.048652697
401450.jpg,0.027588295,0.14396508,0.1927089,0.6357377
401451.jpg,0.034507196,0.7645027,0.15560786,0.045382258
401452.jpg,0.07708581,0.6837592,0.18786032,0.051294565
401453.jpg,0.114485644,0.2518306,0.19550419,0.43817952
401454.jpg,0.022958899,0.018396301,0.9262505,0.032394316
401455.jpg,0.66265464,0.11861989,0.15696414,0.06176136
401456.jpg,0.43373168,0.2941068,0.19857109,0.0735905
401457.jpg,0.15446685,0.61880404,0.17048554,0.056243528
401458.jpg,0.468232,0.24532533,0.19773556,0.08870713
401459.jpg,0.42105553,0.30641556,0.20529771,0.067231245
401460.jpg,0.56304,0.18052097,0.18547893,0.070960104
401461.jpg,0.7347923,0.056722045,0.15633924,0.052146416
401462.jpg,0.07879832,0.66745967,0.18685181,0.0668902
401463.jpg,0.19559611,0.54692024,0.19160903,0.065874636
401464.jpg,0.37465644,0.3887081,0.16449071,0.072144754
401465.jpg,0.4989287,0.17303604,0.2096969,0.118338406
401466.jpg,0.25843477,0.42579257,0.23444597,0.081326686
401467.jpg,0.09156669,0.01897304,0.87112206,0.018338216
401468.jpg,0.019806318,0.695501,0.19413371,0.090559006
401469.jpg,0.1632857,0.54874784,0.19842847,0.08953803
401470.jpg,0.4435786,0.23412979,0.21722513,0.105066426
401471.jpg,0.025794523,0.63789827,0.26044765,0.07585959
401472.jpg,0.7222076,0.05324562,0.16647978,0.058066964
401473.jpg,0.14935161,0.5948857,0.17522745,0.08053521
401474.jpg,0.49634472,0.10820063,0.3040688,0.091385834
401475.jpg,0.72300833,0.07468368,0.15011714,0.052190844
401476.jpg,0.028631588,0.6924531,0.2192529,0.059662357
401477.jpg,0.29541847,0.378437,0.24197261,0.08417187
401478.jpg,0.08807224,0.40795112,0.4296129,0.07436376
401479.jpg,0.6318673,0.10558487,0.18450785,0.07803996
401480.jpg,0.5504847,0.2160735,0.17399156,0.05945021
401481.jpg,0.07925769,0.5123608,0.17495267,0.23342884
401482.jpg,0.75428516,0.055458684,0.1353063,0.05494989
401483.jpg,0.7411928,0.038730808,0.15856062,0.06151572
401484.jpg,0.091759525,0.6713535,0.17658852,0.06029841
401485.jpg,0.15037975,0.37554434,0.21195853,0.2621174
401486.jpg,0.07613448,0.64381623,0.17660719,0.1034421
401487.jpg,0.03176624,0.7505698,0.16941448,0.048249464
401488.jpg,0.47102585,0.29034352,0.1832379,0.05539271
401489.jpg,0.038039897,0.6916817,0.21586394,0.054414496
401490.jpg,0.07395485,0.6933692,0.17439984,0.058276106
401491.jpg,0.22227573,0.3619647,0.34799075,0.06776875
401492.jpg,0.28347394,0.2558669,0.34035948,0.12029976
401493.jpg,0.025652414,0.30464828,0.23356484,0.43613446
401494.jpg,0.100828506,0.6641347,0.17217053,0.06286623
401495.jpg,0.06974646,0.5822875,0.26466724,0.083298795
401496.jpg,0.69198316,0.0903307,0.14901258,0.068673566
401497.jpg,0.6094201,0.14884216,0.1734281,0.06830968
401498.jpg,0.06687507,0.6618068,0.1920501,0.079267986
401499.jpg,0.7277232,0.050481144,0.1512376,0.07055803
401500.jpg,0.042870943,0.5011174,0.14896673,0.30704486
401501.jpg,0.45268095,0.28035948,0.18878381,0.078175776
401502.jpg,0.1022593,0.6763487,0.15812393,0.063268095
401503.jpg,0.23296739,0.526841,0.17964894,0.0605427
401504.jpg,0.107605815,0.6232627,0.20620638,0.06292508
401505.jpg,0.060281202,0.69609404,0.17093706,0.07268768
401506.jpg,0.4389758,0.27361146,0.21164681,0.07576584
401507.jpg,0.16361408,0.41790095,0.27158812,0.14689682
401508.jpg,0.38651457,0.3249005,0.23601471,0.052570257
401509.jpg,0.66075927,0.116862774,0.16422373,0.058154244
401510.jpg,0.08484814,0.70515895,0.15601821,0.053974662
401511.jpg,0.1727196,0.54150015,0.22668236,0.059097875
401512.jpg,0.5075014,0.22886945,0.1815846,0.08204445
401513.jpg,0.78561145,0.02854172,0.12441509,0.061431747
401514.jpg,0.052646007,0.039923523,0.82673675,0.08069373
401515.jpg,0.5225352,0.23982246,0.18783669,0.049805626
401516.jpg,0.017043583,0.20920408,0.44451332,0.32923898
401517.jpg,0.75481564,0.05484861,0.13171887,0.058616865
401518.jpg,0.4509767,0.27997053,0.19353677,0.075515985
401519.jpg,0.7848235,0.059304435,0.10670515,0.049166936
401520.jpg,0.09201377,0.6158208,0.21483696,0.07732851
401521.jpg,0.29862046,0.40533444,0.21259247,0.08345267
401522.jpg,0.10187469,0.58346534,0.21309786,0.10156215
401523.jpg,0.09109211,0.6418162,0.19049455,0.076597124
401524.jpg,0.5881824,0.16795515,0.18032499,0.06353751
401525.jpg,0.40867546,0.29091528,0.22734849,0.07306074
401526.jpg,0.01972613,0.7117543,0.19240327,0.076116204
401527.jpg,0.37014413,0.3472079,0.21620218,0.066445775
401528.jpg,0.006900354,0.017949065,0.07214973,0.90300083
401529.jpg,0.11543012,0.52910393,0.20265661,0.15280934
401530.jpg,0.6941926,0.09100392,0.1529727,0.061830837
401531.jpg,0.2361422,0.47202006,0.20608796,0.08574972
401532.jpg,0.041088764,0.718199,0.19021098,0.050501283
401533.jpg,0.69807464,0.06962976,0.17159206,0.060703594
401534.jpg,0.650696,0.11200505,0.17182703,0.06547197
401535.jpg,0.5863978,0.0737722,0.24334906,0.09648091
401536.jpg,0.66951984,0.09313039,0.1763627,0.060987085
401537.jpg,0.06091185,0.71021575,0.17218935,0.056683093
401538.jpg,0.16674529,0.57547426,0.19917946,0.058600996
401539.jpg,0.1979941,0.5356917,0.19381225,0.07250198
401540.jpg,0.10300583,0.61153823,0.21301822,0.07243773
401541.jpg,0.090735056,0.6544016,0.1896625,0.06520086
401542.jpg,0.19425315,0.56341225,0.19216554,0.050169062
401543.jpg,0.7055319,0.05678777,0.18030034,0.057379946
401544.jpg,0.26542136,0.4295397,0.2070986,0.0979403
401545.jpg,0.0030988257,0.0064138025,0.93794423,0.052543145
401546.jpg,0.7274433,0.06266549,0.15050279,0.0593884
401547.jpg,0.5161833,0.21976125,0.1987466,0.06530888
401548.jpg,0.16664578,0.56656367,0.20034045,0.06645008
401549.jpg,0.31117848,0.4135362,0.20631011,0.068975255
401550.jpg,0.13234143,0.18496962,0.60997784,0.072711095
401551.jpg,0.023100847,0.57186306,0.17211278,0.23292333
401552.jpg,0.6117247,0.11955478,0.19401215,0.07470835
401553.jpg,0.6501095,0.122661464,0.16399597,0.063232996
401554.jpg,0.07588156,0.6821173,0.17008853,0.071912624
401555.jpg,0.4166386,0.3431575,0.16764043,0.07256345
401556.jpg,0.35081878,0.34015766,0.23321016,0.075813375
401557.jpg,0.67492384,0.07731086,0.16919883,0.0785665
401558.jpg,0.21422426,0.46664086,0.19829242,0.12084246
401559.jpg,0.10443828,0.60637945,0.22525762,0.06392466
401560.jpg,0.39551315,0.32388058,0.19459309,0.08601313
401561.jpg,0.34265113,0.3840593,0.19528438,0.07800518
401562.jpg,0.033334006,0.7388889,0.16782068,0.059956413
401563.jpg,0.031064803,0.7608407,0.15785141,0.050243016
401564.jpg,0.2537512,0.47706237,0.2005568,0.0686296
401565.jpg,0.06341777,0.67455477,0.20466411,0.05736338
401566.jpg,0.068027765,0.6981351,0.18939173,0.044445496
401567.jpg,0.03471988,0.62308913,0.22802116,0.114169836
401568.jpg,0.078430764,0.68827516,0.16856433,0.06472971
401569.jpg,0.2380523,0.49267033,0.20145364,0.067823745
401570.jpg,0.6954686,0.08457079,0.16436745,0.05559315
401571.jpg,0.08138548,0.575875,0.25452277,0.08821676
401572.jpg,0.6741869,0.10068347,0.16732258,0.05780716
401573.jpg,0.49215344,0.2277726,0.21926385,0.060810078
401574.jpg,0.443815,0.072792985,0.44472793,0.03866407
401575.jpg,0.007692682,0.015446889,0.24348481,0.7333756
401576.jpg,0.06682825,0.69956523,0.16480154,0.06880498
401577.jpg,0.4821647,0.28330895,0.1571305,0.07739585
401578.jpg,0.1034109,0.62850815,0.2095338,0.05854721
401579.jpg,0.27383742,0.1172474,0.442824,0.16609116
401580.jpg,0.3912182,0.34504434,0.19006068,0.07367681
401581.jpg,0.66692,0.094881035,0.1730655,0.06513343
401582.jpg,0.090364166,0.6571762,0.17644346,0.07601622
401583.jpg,0.0154144885,0.71251744,0.19666569,0.07540243
401584.jpg,0.08405634,0.672606,0.17806537,0.06527229
401585.jpg,0.7414813,0.042048927,0.16003461,0.056435194
401586.jpg,0.5771983,0.17471637,0.17658548,0.07149981
401587.jpg,0.7528467,0.07232211,0.12170044,0.0531307
401588.jpg,0.100706786,0.68185323,0.15629669,0.061143294
401589.jpg,0.12617575,0.60398465,0.18490207,0.08493751
401590.jpg,0.7233518,0.05390523,0.15734048,0.065402485
401591.jpg,0.08228379,0.63921636,0.20582084,0.07267907
401592.jpg,0.32589966,0.39284277,0.20558333,0.075674206
401593.jpg,0.65994716,0.07719747,0.18651225,0.07634312
401594.jpg,0.47951826,0.24759491,0.19187313,0.081013754
401595.jpg,0.65725267,0.12316865,0.14902858,0.07055011
401596.jpg,0.7223241,0.028680637,0.20613062,0.04286462
401597.jpg,0.2967447,0.43274775,0.18896377,0.08154374
401598.jpg,0.72302693,0.06270438,0.15376921,0.060499545
401599.jpg,0.6816694,0.073947124,0.1813125,0.063070945
401600.jpg,0.7450078,0.036190443,0.1640908,0.05471089
401601.jpg,0.53146726,0.22706206,0.18451524,0.056955446
401602.jpg,0.03025425,0.7571382,0.15291834,0.059689235
401603.jpg,0.19041468,0.5353344,0.20044369,0.07380721
401604.jpg,0.72785807,0.032358576,0.17495652,0.064826846
401605.jpg,0.7740154,0.027381023,0.13935049,0.05925302
401606.jpg,0.29333827,0.4393967,0.18929784,0.077967174
401607.jpg,0.031042444,0.70610374,0.20327915,0.059574705
401608.jpg,0.08068699,0.6856103,0.152821,0.08088171
401609.jpg,0.74057835,0.031651396,0.17148559,0.056284737
401610.jpg,0.14713095,0.56317806,0.22485852,0.06483246
401611.jpg,0.10501411,0.31900105,0.26564506,0.31033975
401612.jpg,0.7185585,0.053251605,0.16120881,0.06698111
401613.jpg,0.08315758,0.65501,0.18927671,0.07255568
401614.jpg,0.2776914,0.44731244,0.19872715,0.07626904
401615.jpg,0.753094,0.029314995,0.15950571,0.058085274
401616.jpg,0.727261,0.057845186,0.1563578,0.058536027
401617.jpg,0.13382015,0.6199835,0.19340734,0.052788954
401618.jpg,0.7017891,0.07308188,0.15627769,0.06885128
401619.jpg,0.7652226,0.05362321,0.13614051,0.04501364
401620.jpg,0.43628547,0.29702377,0.19165508,0.07503566
401621.jpg,0.011508569,0.03049905,0.15435578,0.80363655
401622.jpg,0.6715899,0.08888621,0.17853443,0.060989413
401623.jpg,0.09426514,0.6629838,0.18283956,0.059911538
401624.jpg,0.46171817,0.2713804,0.210618,0.056283478
401625.jpg,0.082131006,0.66702175,0.18754868,0.063298546
401626.jpg,0.21047771,0.48814002,0.21988893,0.08149332
401627.jpg,0.4909594,0.24424905,0.19367248,0.07111903
401628.jpg,0.44274044,0.32104912,0.18017209,0.056038365
401629.jpg,0.108863175,0.52954036,0.2909511,0.07064534
401630.jpg,0.3157356,0.42832628,0.1861208,0.06981729
401631.jpg,0.7235002,0.06114776,0.15668035,0.058671694
401632.jpg,0.032749396,0.6338535,0.19802825,0.13536888
401633.jpg,0.077315986,0.59562725,0.19044621,0.1366105
401634.jpg,0.11590407,0.5330965,0.21317105,0.13782841
401635.jpg,0.034478996,0.6926096,0.2151289,0.057782408
401636.jpg,0.01411485,0.24398363,0.12775378,0.6141478
401637.jpg,0.43953785,0.2868738,0.21140182,0.06218658
401638.jpg,0.05777849,0.6222469,0.23441847,0.08555614
401639.jpg,0.14649807,0.35264942,0.37036547,0.13048707
401640.jpg,0.68697006,0.078788094,0.16644315,0.06779867
401641.jpg,0.76930803,0.03139277,0.14591525,0.053383987
401642.jpg,0.6202418,0.13301063,0.17123206,0.075515464
401643.jpg,0.29082778,0.43697548,0.20600541,0.066191316
401644.jpg,0.033363134,0.4050751,0.14629261,0.41526914
401645.jpg,0.25533876,0.45961937,0.22333562,0.06170627
401646.jpg,0.0923542,0.63167197,0.20685558,0.06911828
401647.jpg,0.67117363,0.0636209,0.195256,0.0699495
401648.jpg,0.47990748,0.2227416,0.22391506,0.07343583
401649.jpg,0.011621002,0.03912646,0.098867506,0.850385
401650.jpg,0.7460503,0.041523855,0.1516927,0.060733203
401651.jpg,0.040952373,0.70629716,0.16809279,0.08465769
401652.jpg,0.18201911,0.47078863,0.18511863,0.16207363
401653.jpg,0.5858201,0.15648521,0.1763329,0.0813618
401654.jpg,0.36867318,0.32807449,0.24102058,0.06223178
401655.jpg,0.58062845,0.17623574,0.19064908,0.052486748
401656.jpg,0.3835471,0.31447247,0.22778027,0.074200176
401657.jpg,0.14875609,0.54179806,0.24864803,0.06079784
401658.jpg,0.76795083,0.040032078,0.14280431,0.04921274
401659.jpg,0.19863288,0.5350365,0.18754135,0.07878927
401660.jpg,0.37192872,0.2902499,0.26547703,0.072344355
401661.jpg,0.6584646,0.076295376,0.1912279,0.074012116
401662.jpg,0.32331127,0.19261537,0.4312578,0.052815527
401663.jpg,0.26791307,0.46477422,0.20436315,0.06294959
401664.jpg,0.008046129,0.0148295425,0.30767736,0.66944695
401665.jpg,0.6888706,0.069573596,0.17220502,0.069350764
401666.jpg,0.415622,0.29675794,0.21483827,0.07278183
401667.jpg,0.037142184,0.04523847,0.83055925,0.08706004
401668.jpg,0.74262094,0.050264653,0.15481363,0.0523008
401669.jpg,0.0069919503,0.010391781,0.3198311,0.6627851
401670.jpg,0.29963,0.3645396,0.2309149,0.1049155
401671.jpg,0.038952712,0.7454364,0.1616838,0.053927142
401672.jpg,0.51531553,0.06012522,0.3641516,0.060407653
401673.jpg,0.72877795,0.037882242,0.17572765,0.05761214
401674.jpg,0.21283561,0.5373276,0.19420986,0.055626918
401675.jpg,0.075009786,0.68102854,0.18318093,0.060780767
401676.jpg,0.6814906,0.09271562,0.17012751,0.055666324
401677.jpg,0.778424,0.032640513,0.13432206,0.05461344
401678.jpg,0.7697846,0.02759938,0.15707985,0.04553617
401679.jpg,0.1756078,0.48137316,0.17640941,0.16660966
401680.jpg,0.1576875,0.55531794,0.22031398,0.06668053
401681.jpg,0.09742731,0.6024894,0.21792586,0.08215746
401682.jpg,0.4495459,0.29889977,0.19026877,0.061285514
401683.jpg,0.7413316,0.045192134,0.1640126,0.04946367
401684.jpg,0.62718284,0.09507658,0.20455305,0.07318749
401685.jpg,0.07988862,0.6785102,0.17875306,0.06284807
401686.jpg,0.55278534,0.20695253,0.1779718,0.062290397
401687.jpg,0.59156555,0.04572153,0.29907024,0.06364273
401688.jpg,0.6983395,0.07344731,0.16482846,0.06338475
401689.jpg,0.007108753,0.015667224,0.20377626,0.77344775
401690.jpg,0.67530364,0.092176735,0.18051386,0.052005753
401691.jpg,0.12851597,0.6026538,0.19827159,0.070558645
401692.jpg,0.020420099,0.20801604,0.1395054,0.63205844
401693.jpg,0.029431649,0.5984637,0.18492073,0.18718392
401694.jpg,0.044499937,0.6489611,0.21437025,0.092168696
401695.jpg,0.22049429,0.42833936,0.2350191,0.11614727
401696.jpg,0.42414275,0.29205874,0.19997971,0.08381877
401697.jpg,0.6826951,0.068601854,0.19131364,0.057389457
401698.jpg,0.7311763,0.037771128,0.1713839,0.059668675
401699.jpg,0.1557494,0.56897336,0.18692006,0.08835723
401700.jpg,0.57548165,0.18411882,0.1718236,0.06857589
401701.jpg,0.79358625,0.02226995,0.1359622,0.04818156
401702.jpg,0.6877033,0.0769313,0.1635095,0.071855865
401703.jpg,0.019528983,0.44855103,0.2707821,0.26113793
401704.jpg,0.71382505,0.032250956,0.17316805,0.08075598
401705.jpg,0.509316,0.22748987,0.17524676,0.087947406
401706.jpg,0.1770867,0.55062836,0.21054451,0.06174041
401707.jpg,0.31488705,0.49951458,0.14053716,0.04506117
401708.jpg,0.50150436,0.22214329,0.20772679,0.06862556
401709.jpg,0.17450581,0.5822536,0.1758061,0.06743452
401710.jpg,0.018211195,0.671906,0.19652133,0.11336147
401711.jpg,0.5828234,0.09122926,0.24401242,0.08193493
401712.jpg,0.5456864,0.1883281,0.19640511,0.06958038
401713.jpg,0.4599003,0.30278435,0.16768812,0.06962723
401714.jpg,0.65818316,0.12365081,0.17565377,0.04251228
401715.jpg,0.5255559,0.1818166,0.20083576,0.09179172
401716.jpg,0.5985583,0.15291443,0.14582737,0.10269988
401717.jpg,0.576865,0.15906861,0.18290253,0.08116382
401718.jpg,0.5612505,0.04983486,0.33057976,0.058334857
401719.jpg,0.27598208,0.4642454,0.17837895,0.08139361
401720.jpg,0.20508732,0.5141702,0.20716102,0.073581345
401721.jpg,0.0692319,0.19358845,0.66775155,0.069428146
401722.jpg,0.054308712,0.67010903,0.19097675,0.08460546
401723.jpg,0.106897734,0.6319043,0.18990159,0.07129639
401724.jpg,0.10419331,0.61466056,0.22381742,0.057328638
401725.jpg,0.70125675,0.08092751,0.15657847,0.061237276
401726.jpg,0.16038948,0.4920965,0.22161639,0.12589759
401727.jpg,0.08531364,0.39362475,0.30686876,0.21419287
401728.jpg,0.58283514,0.18890981,0.16758406,0.060670953
401729.jpg,0.15799057,0.64878297,0.14807075,0.045155663
401730.jpg,0.19253422,0.52536553,0.22111833,0.06098193
401731.jpg,0.12548237,0.61801624,0.19909875,0.057402696
401732.jpg,0.063239984,0.66410977,0.17967398,0.092976265
401733.jpg,0.04514521,0.7395602,0.15188226,0.06341233
401734.jpg,0.5815671,0.14893363,0.20194049,0.06755879
401735.jpg,0.6979408,0.0809553,0.16092598,0.060177926
401736.jpg,0.09206253,0.64542943,0.18665268,0.07585532
401737.jpg,0.08857828,0.59305316,0.20627932,0.11208921
401738.jpg,0.76580864,0.03633936,0.14155835,0.056293618
401739.jpg,0.4598588,0.2595798,0.1983039,0.08225745
401740.jpg,0.107705444,0.6348116,0.2003835,0.057099465
401741.jpg,0.26963475,0.4602568,0.17661816,0.0934903
401742.jpg,0.06575182,0.69440573,0.1823854,0.057457056
401743.jpg,0.050436676,0.69783384,0.19213916,0.059590306
401744.jpg,0.51100785,0.23838918,0.18307398,0.06752897
401745.jpg,0.63893944,0.1190466,0.16525982,0.076754175
401746.jpg,0.2045328,0.48227954,0.18374062,0.12944709
401747.jpg,0.027655564,0.7289789,0.1622888,0.081076786
401748.jpg,0.409062,0.2864173,0.22385676,0.08066391
401749.jpg,0.05209331,0.22152846,0.50914764,0.21723056
401750.jpg,0.68651646,0.081183314,0.16598022,0.06631998
401751.jpg,0.1710672,0.529648,0.20760024,0.09168455
401752.jpg,0.031226704,0.72028095,0.17933655,0.06915581
401753.jpg,0.22206916,0.5011554,0.20122822,0.07554722
401754.jpg,0.7691315,0.04171394,0.1356483,0.053506285
401755.jpg,0.35731208,0.34945917,0.19651508,0.09671366
401756.jpg,0.024744362,0.7049398,0.19722039,0.07309544
401757.jpg,0.56867677,0.18087943,0.1707344,0.0797094
401758.jpg,0.077918954,0.6539919,0.20211513,0.06597405
401759.jpg,0.2957336,0.468148,0.17042816,0.06569023
401760.jpg,0.0686981,0.6683836,0.20605843,0.056859937
401761.jpg,0.08598251,0.65845966,0.17728734,0.078270525
401762.jpg,0.6113716,0.13603927,0.18519814,0.067391
401763.jpg,0.1044783,0.34233904,0.37288132,0.18030126
401764.jpg,0.077248454,0.6685495,0.1821109,0.072091214
401765.jpg,0.7178306,0.07439104,0.14545372,0.062324684
401766.jpg,0.63501084,0.08828088,0.23916642,0.037541848
401767.jpg,0.23199622,0.19421454,0.5102317,0.06355757
401768.jpg,0.11265544,0.622683,0.20209725,0.062564306
401769.jpg,0.1001999,0.63594925,0.19357449,0.07027639
401770.jpg,0.68663925,0.07344782,0.1551852,0.084727764
401771.jpg,0.030556837,0.6054957,0.28618467,0.07776276
401772.jpg,0.32655653,0.41052136,0.18440957,0.07851254
401773.jpg,0.11133806,0.61612624,0.19027065,0.08226509
401774.jpg,0.085949115,0.7016279,0.16448827,0.04793476
401775.jpg,0.10155046,0.6121834,0.21941887,0.06684721
401776.jpg,0.5892546,0.1527333,0.19051446,0.06749765
401777.jpg,0.79934597,0.04150662,0.124327995,0.034819346
401778.jpg,0.5690398,0.18724634,0.18154348,0.062170357
401779.jpg,0.060176726,0.70075494,0.18801643,0.05105192
401780.jpg,0.42682552,0.269487,0.19946764,0.104219906
401781.jpg,0.43134364,0.3037249,0.21231544,0.052616026
401782.jpg,0.7175181,0.0625446,0.15989073,0.060046613
401783.jpg,0.020906577,0.70012903,0.17010927,0.10885512
401784.jpg,0.34400058,0.37549868,0.21730824,0.063192524
401785.jpg,0.09211906,0.6092276,0.19470961,0.1039438
401786.jpg,0.6592576,0.104076475,0.1682011,0.06846482
401787.jpg,0.7353628,0.048672955,0.15663272,0.059331525
401788.jpg,0.7330125,0.039032057,0.16497222,0.06298319
401789.jpg,0.75598985,0.032020066,0.15838093,0.053609114
401790.jpg,0.083732694,0.66827154,0.19572188,0.05227386
401791.jpg,0.5247472,0.21739344,0.1884542,0.06940518
401792.jpg,0.43813396,0.21869518,0.26768503,0.07548587
401793.jpg,0.023609692,0.5021416,0.26161218,0.21263647
401794.jpg,0.56991893,0.17045064,0.19087046,0.06875993
401795.jpg,0.048535954,0.013938722,0.6771996,0.2603257
401796.jpg,0.7294939,0.062758796,0.14667736,0.06106998
401797.jpg,0.7505417,0.056314677,0.1504703,0.042673334
401798.jpg,0.43512276,0.30559048,0.19362736,0.065659426
401799.jpg,0.14230324,0.6005602,0.1779192,0.07921739
401800.jpg,0.23994191,0.49352893,0.20464939,0.061879765
401801.jpg,0.09456382,0.6781967,0.16989024,0.05734916
401802.jpg,0.61983454,0.088690646,0.20413609,0.087338746
401803.jpg,0.68276644,0.04606915,0.22898537,0.042179022
401804.jpg,0.12294335,0.6109851,0.20827918,0.0577924
401805.jpg,0.7922296,0.020414164,0.14314313,0.04421313
401806.jpg,0.18532763,0.54690933,0.19227214,0.07549089
401807.jpg,0.27174744,0.43113652,0.20030147,0.09681457
401808.jpg,0.08812562,0.64816666,0.19319312,0.07051457
401809.jpg,0.5502686,0.19715507,0.1822388,0.07033757
401810.jpg,0.3005521,0.3972647,0.23741817,0.064765014
401811.jpg,0.68108684,0.07021663,0.18127201,0.06742447
401812.jpg,0.3232825,0.26576054,0.23718451,0.17377247
401813.jpg,0.082420416,0.68303823,0.16570507,0.06883628
401814.jpg,0.7554061,0.048501223,0.13952585,0.05656686
401815.jpg,0.19545783,0.5476087,0.1914465,0.065487005
401816.jpg,0.14915785,0.56768006,0.21405846,0.069103666
401817.jpg,0.093803704,0.6829235,0.1607176,0.06255518
401818.jpg,0.6885688,0.08152792,0.16927306,0.060630277
401819.jpg,0.0063827,0.019280484,0.08702775,0.8873091
401820.jpg,0.70289135,0.07888303,0.16513279,0.053092778
401821.jpg,0.6428705,0.109394394,0.17009751,0.07763759
401822.jpg,0.5073206,0.24190938,0.17725217,0.073517874
401823.jpg,0.47411263,0.061941486,0.41913402,0.044811834
401824.jpg,0.031475406,0.73835224,0.16991062,0.060261752
401825.jpg,0.16962092,0.57959884,0.18810725,0.062672995
401826.jpg,0.74098295,0.0439965,0.15768126,0.05733927
401827.jpg,0.4602634,0.28608695,0.19098802,0.06266159
401828.jpg,0.0116832955,0.009620066,0.54147214,0.43722454
401829.jpg,0.14865413,0.5339553,0.2187982,0.09859247
401830.jpg,0.36248437,0.06364141,0.5368886,0.036985625
401831.jpg,0.039591342,0.7094386,0.19309074,0.05787931
401832.jpg,0.086687684,0.6688819,0.17756338,0.066867016
401833.jpg,0.3542492,0.3575342,0.21784072,0.07037588
401834.jpg,0.18942769,0.5810597,0.17650022,0.05301239
401835.jpg,0.7161956,0.061627116,0.15377104,0.068406254
401836.jpg,0.17798086,0.406932,0.22502589,0.19006127
401837.jpg,0.11484432,0.61010283,0.21387877,0.06117408
401838.jpg,0.40012693,0.32674718,0.21336722,0.059758652
401839.jpg,0.73169917,0.05776081,0.14847104,0.062069
401840.jpg,0.31278935,0.40177837,0.22269405,0.06273818
401841.jpg,0.017687554,0.7557041,0.16853799,0.058070302
401842.jpg,0.16288048,0.6137306,0.17160241,0.05178654
401843.jpg,0.6458537,0.1117898,0.16701977,0.07533677
401844.jpg,0.4382851,0.31397295,0.17014027,0.07760168
401845.jpg,0.6614125,0.092705965,0.17114975,0.074731804
401846.jpg,0.7516608,0.040517587,0.15812425,0.04969736
401847.jpg,0.6768977,0.079968534,0.17684288,0.06629091
401848.jpg,0.6953041,0.086728156,0.16636842,0.05159934
401849.jpg,0.016894307,0.7607007,0.15292275,0.06948224
401850.jpg,0.052111644,0.6905187,0.18195087,0.07541879
401851.jpg,0.5298297,0.18963282,0.21749799,0.06303956
401852.jpg,0.11447489,0.55982834,0.24474688,0.0809499
401853.jpg,0.12202794,0.61342245,0.19492245,0.06962716
401854.jpg,0.5850447,0.1715042,0.18540227,0.058048856
401855.jpg,0.42717347,0.2685921,0.22938351,0.074850924
401856.jpg,0.027512623,0.74100333,0.146245,0.08523899
401857.jpg,0.5199892,0.21605478,0.18718827,0.07676779
401858.jpg,0.15192787,0.5760394,0.19701254,0.07502018
401859.jpg,0.15281153,0.58845854,0.190764,0.06796591
401860.jpg,0.0665173,0.7049802,0.1617329,0.06676957
401861.jpg,0.5587647,0.19256496,0.16038294,0.088287406
401862.jpg,0.16411196,0.5791579,0.19153178,0.065198384
401863.jpg,0.7964892,0.022801936,0.12880653,0.05190238
401864.jpg,0.5765949,0.16021861,0.18350427,0.07968221
401865.jpg,0.53990716,0.23123373,0.17119367,0.057665486
401866.jpg,0.3859698,0.35025302,0.2021845,0.06159267
401867.jpg,0.74222773,0.048125703,0.15844545,0.05120119
401868.jpg,0.11484545,0.61993384,0.21006595,0.055154804
401869.jpg,0.06446444,0.67289144,0.19053905,0.07210507
401870.jpg,0.76187897,0.030643014,0.14850207,0.058975935
401871.jpg,0.19805054,0.5554327,0.1955313,0.050985526
401872.jpg,0.73171765,0.04927407,0.16250515,0.056503158
401873.jpg,0.71879584,0.065160505,0.15058674,0.065456875
401874.jpg,0.5603667,0.20118195,0.17276596,0.0656854
401875.jpg,0.043389246,0.6675768,0.17837393,0.11066002
401876.jpg,0.03338142,0.7319551,0.16725953,0.06740392
401877.jpg,0.09649384,0.6581815,0.18123578,0.06408892
401878.jpg,0.32879868,0.27986106,0.22493869,0.16640155
401879.jpg,0.067126416,0.67402315,0.16425882,0.094591655
401880.jpg,0.7842335,0.037202314,0.13102625,0.04753794
401881.jpg,0.14005634,0.541454,0.20373297,0.11475665
401882.jpg,0.537755,0.20782737,0.20115463,0.05326299
401883.jpg,0.089401595,0.6455686,0.20671614,0.05831368
401884.jpg,0.7200618,0.056787293,0.15835007,0.06480088
401885.jpg,0.019168524,0.5585684,0.20405315,0.21820988
401886.jpg,0.6062875,0.16631132,0.16467293,0.062728286
401887.jpg,0.032909065,0.7390426,0.1561509,0.07189743
401888.jpg,0.1696211,0.54948646,0.2105834,0.07030904
401889.jpg,0.01001689,0.0074044005,0.5381306,0.44444814
401890.jpg,0.7749472,0.030626202,0.14289774,0.05152883
401891.jpg,0.2133451,0.34924722,0.3342762,0.10313147
401892.jpg,0.4315915,0.32563683,0.18259041,0.060181294
401893.jpg,0.3156155,0.42375538,0.21075177,0.04987738
401894.jpg,0.05940239,0.715296,0.1759461,0.049355526
401895.jpg,0.0637182,0.6767621,0.19011356,0.0694061
401896.jpg,0.18294068,0.5712611,0.19200444,0.053793784
401897.jpg,0.07175591,0.037840728,0.78415775,0.10624563
401898.jpg,0.14207454,0.5892702,0.16871655,0.09993869
401899.jpg,0.030869676,0.7126964,0.18504645,0.07138746
401900.jpg,0.057802305,0.69612384,0.1854074,0.060666468
401901.jpg,0.4828774,0.26378265,0.20283134,0.050508637
401902.jpg,0.3809605,0.33195618,0.21741344,0.069669865
401903.jpg,0.04734992,0.6944411,0.18904908,0.06915995
401904.jpg,0.3984723,0.25704035,0.2907818,0.053705562
401905.jpg,0.033974987,0.6939313,0.20220245,0.06989124
401906.jpg,0.76478726,0.029103464,0.15178758,0.054321658
401907.jpg,0.3564916,0.36574855,0.21915157,0.058608245
401908.jpg,0.54462713,0.16800123,0.22828962,0.05908202
401909.jpg,0.13296953,0.62313277,0.16664834,0.07724937
401910.jpg,0.2593543,0.44361055,0.22173588,0.07529927
401911.jpg,0.64072454,0.13271992,0.16920106,0.057354514
401912.jpg,0.17776544,0.5018402,0.25120774,0.06918659
401913.jpg,0.30997416,0.39659607,0.22001654,0.07341328
401914.jpg,0.16468044,0.47642174,0.18556595,0.17333181
401915.jpg,0.08254678,0.65173095,0.18728234,0.07843993
401916.jpg,0.2649993,0.47931919,0.20063134,0.055050146
401917.jpg,0.4441545,0.30389103,0.18306582,0.068888664
401918.jpg,0.09929103,0.64454406,0.1912297,0.06493518
401919.jpg,0.7765458,0.038550396,0.1365093,0.048394423
401920.jpg,0.6666076,0.091236085,0.18226224,0.059894066
401921.jpg,0.08512288,0.50291044,0.19301443,0.2189522
401922.jpg,0.031069538,0.5550812,0.18686123,0.226988
401923.jpg,0.41395107,0.15492684,0.29211256,0.13900954
401924.jpg,0.62625176,0.12724517,0.16203101,0.08447208
401925.jpg,0.07385863,0.691987,0.15795943,0.07619495
401926.jpg,0.38029158,0.26643997,0.28732955,0.06593892
401927.jpg,0.77301997,0.03956808,0.12898849,0.0584234
401928.jpg,0.093987785,0.618256,0.21993887,0.06781731
401929.jpg,0.70867103,0.0722861,0.15493856,0.06410428
401930.jpg,0.23744315,0.46733794,0.212344,0.08287496
401931.jpg,0.75951153,0.04083797,0.15496783,0.044682633
401932.jpg,0.325282,0.38760877,0.2042634,0.08284579
401933.jpg,0.17162442,0.45450267,0.27489567,0.09897726
401934.jpg,0.30370978,0.417877,0.19879882,0.07961441
401935.jpg,0.042021275,0.73010856,0.1708842,0.056985933
401936.jpg,0.023203112,0.74673134,0.16053404,0.0695315
401937.jpg,0.24164374,0.47948548,0.19956166,0.07930912
401938.jpg,0.06414435,0.46847102,0.24962379,0.21776085
401939.jpg,0.06047066,0.65130395,0.20426099,0.08396437
401940.jpg,0.5819866,0.14134063,0.19401896,0.0826538
401941.jpg,0.7409304,0.048547342,0.14855623,0.061966088
401942.jpg,0.4774264,0.17444555,0.258026,0.09010205
401943.jpg,0.65544444,0.08797055,0.19050549,0.066079535
401944.jpg,0.029471422,0.036320176,0.6030608,0.33114758
401945.jpg,0.3533858,0.352402,0.20756133,0.08665087
401946.jpg,0.23389459,0.47778818,0.21542619,0.07289106
401947.jpg,0.7402243,0.041915458,0.15335126,0.064509004
401948.jpg,0.10538792,0.08686,0.34564623,0.4621059
401949.jpg,0.36375618,0.3744421,0.19836771,0.063434
401950.jpg,0.6620019,0.113999724,0.17002602,0.053972345
401951.jpg,0.24391645,0.48336336,0.20613152,0.06658872
401952.jpg,0.13045013,0.05302295,0.759432,0.05709492
401953.jpg,0.7455425,0.05055065,0.1392461,0.06466076
401954.jpg,0.24614464,0.4675587,0.21762162,0.06867505
401955.jpg,0.043480743,0.7203004,0.1622049,0.074014015
401956.jpg,0.1259734,0.5785742,0.23086934,0.064583056
401957.jpg,0.1977226,0.5208097,0.21674015,0.06472748
401958.jpg,0.75147253,0.038832486,0.15171126,0.057983696
401959.jpg,0.7710037,0.043119255,0.14082332,0.045053676
401960.jpg,0.12014436,0.6218712,0.17732163,0.080662794
401961.jpg,0.22239308,0.48335376,0.20233005,0.09192312
401962.jpg,0.43868533,0.30514207,0.18413353,0.07203907
401963.jpg,0.4025581,0.32812276,0.18933332,0.07998586
401964.jpg,0.6408408,0.118844025,0.17033835,0.0699768
401965.jpg,0.5361252,0.2138018,0.16953929,0.080533706
401966.jpg,0.46992657,0.2601644,0.20343387,0.06647512
401967.jpg,0.19629699,0.543874,0.1772986,0.08253041
401968.jpg,0.029186165,0.7631071,0.16610539,0.041601244
401969.jpg,0.06405446,0.54398847,0.31613812,0.07581895
401970.jpg,0.5945461,0.14907247,0.1796052,0.076776244
401971.jpg,0.3258748,0.46750784,0.16607526,0.040542126
401972.jpg,0.6728077,0.094323,0.16894485,0.06392446
401973.jpg,0.03729697,0.70008165,0.15367332,0.108948134
401974.jpg,0.21370375,0.5141707,0.21922612,0.05289944
401975.jpg,0.49146166,0.09225196,0.3687165,0.047569826
401976.jpg,0.7424941,0.03068308,0.1786614,0.048161406
401977.jpg,0.7274843,0.058024034,0.15686576,0.05762595
401978.jpg,0.56980175,0.17140503,0.17526828,0.083524935
401979.jpg,0.69879776,0.06678343,0.18066545,0.0537533
401981.jpg,0.12558366,0.59134364,0.2016149,0.08145782
401982.jpg,0.042973425,0.75091124,0.15631105,0.049804274
401983.jpg,0.29327396,0.37730917,0.24728942,0.08212747
401984.jpg,0.6717618,0.09321264,0.17025419,0.064771324
401985.jpg,0.18295906,0.5431944,0.2169348,0.056911763
401986.jpg,0.32326725,0.4046236,0.2038273,0.06828184
401987.jpg,0.112317204,0.5287878,0.17745231,0.1814427
401988.jpg,0.08725724,0.10290378,0.298736,0.511103
401989.jpg,0.048490316,0.62067014,0.2194559,0.111383595
401990.jpg,0.6328602,0.1496229,0.15178023,0.06573668
401991.jpg,0.024298375,0.5955593,0.21126725,0.1688751
401992.jpg,0.23657401,0.47384238,0.21023573,0.07934791
401993.jpg,0.16650705,0.56783324,0.19104593,0.074613795
401994.jpg,0.4624095,0.25923154,0.2111427,0.06721627
401995.jpg,0.2414238,0.50923383,0.19450282,0.054839563
401996.jpg,0.7602194,0.034951437,0.14995731,0.054871824
401997.jpg,0.05633011,0.745065,0.141056,0.0575489
401998.jpg,0.78283614,0.026392892,0.1433131,0.047457915
401999.jpg,0.27218452,0.48096895,0.19021237,0.056634124
402000.jpg,0.42929304,0.34926772,0.15715463,0.06428459
402001.jpg,0.17290719,0.57234794,0.18783236,0.06691254
402002.jpg,0.31850526,0.42968702,0.1743507,0.07745701
402003.jpg,0.74380606,0.043450907,0.15130554,0.061437573
402004.jpg,0.11486753,0.633478,0.17598963,0.07566488
402005.jpg,0.022068916,0.27906355,0.12837662,0.5704909
402006.jpg,0.08465087,0.67310804,0.15432228,0.08791885
402007.jpg,0.66487956,0.08171735,0.19233197,0.06107111
402008.jpg,0.2543577,0.44465876,0.21073282,0.09025074
402009.jpg,0.021855423,0.7523616,0.16811597,0.057666987
402010.jpg,0.56771314,0.19604175,0.16732477,0.068920344
402011.jpg,0.13270383,0.60255307,0.2058738,0.058869347
402012.jpg,0.5444506,0.20365937,0.18460262,0.06728742
402013.jpg,0.29957914,0.40526333,0.21818058,0.07697695
402014.jpg,0.65959185,0.11396858,0.17195912,0.05448054
402015.jpg,0.49410596,0.25068393,0.16345128,0.091758825
402016.jpg,0.61446196,0.14185686,0.18839507,0.05528607
402017.jpg,0.77516204,0.043653566,0.14247258,0.038711805
402018.jpg,0.29049042,0.36422983,0.22405933,0.1212204
402019.jpg,0.72294325,0.041881308,0.1616218,0.073553704
402020.jpg,0.2872136,0.44725832,0.2001913,0.065336816
402021.jpg,0.64963657,0.120012335,0.1668243,0.0635268
402022.jpg,0.09570784,0.6340372,0.1740245,0.09623051
402023.jpg,0.08352119,0.1820186,0.24192573,0.4925345
402024.jpg,0.12900268,0.59902203,0.19513953,0.076835774
402025.jpg,0.7390814,0.033524405,0.16657339,0.0608208
402026.jpg,0.75675887,0.052921783,0.13381664,0.05650269
402027.jpg,0.697758,0.065640435,0.1681645,0.06843702
402028.jpg,0.5816445,0.17716606,0.18516807,0.056021407
402029.jpg,0.71426696,0.07169211,0.15187107,0.0621699
402030.jpg,0.64695257,0.1074751,0.18090849,0.064663894
402031.jpg,0.1416043,0.6060625,0.1891933,0.063139856
402032.jpg,0.37281576,0.37969685,0.17407972,0.07340769
402033.jpg,0.7463331,0.06356294,0.14794488,0.04215907
402034.jpg,0.3016888,0.4191939,0.20538281,0.07373449
402035.jpg,0.034359157,0.728841,0.15996616,0.07683376
402036.jpg,0.7503063,0.030787015,0.16460119,0.054305468
402037.jpg,0.6667319,0.08707603,0.15462302,0.091569014
402038.jpg,0.04696166,0.04333214,0.122582145,0.787124
402039.jpg,0.21250765,0.53019327,0.18970622,0.06759285
402040.jpg,0.4532648,0.27267602,0.2064014,0.06765785
402041.jpg,0.046789855,0.7610032,0.14313915,0.049067736
402042.jpg,0.7162687,0.065008454,0.15987565,0.0588472
402043.jpg,0.608352,0.15527445,0.17460567,0.061767846
402044.jpg,0.38532582,0.29956743,0.23428468,0.08082208
402045.jpg,0.076795354,0.68953633,0.18366088,0.050007418
402046.jpg,0.7338628,0.06534385,0.14561367,0.055179726
402047.jpg,0.4244546,0.18130183,0.30943227,0.08481132
402048.jpg,0.3245014,0.4302067,0.18137778,0.06391413
402049.jpg,0.5056111,0.21711372,0.21294403,0.0643311
402050.jpg,0.2983638,0.46859834,0.16816027,0.06487758
402051.jpg,0.1632608,0.61197907,0.16841727,0.056342814
402052.jpg,0.6398094,0.13763432,0.16279456,0.059761688
402053.jpg,0.66048926,0.109425925,0.1666786,0.06340629
402054.jpg,0.36898863,0.37310544,0.18687959,0.07102635
402055.jpg,0.6324133,0.11473418,0.17419608,0.078656405
402056.jpg,0.025282307,0.66756517,0.18397574,0.123176746
402057.jpg,0.054880083,0.7038009,0.17378849,0.067530505
402058.jpg,0.79507464,0.03148557,0.12906082,0.044379007
402059.jpg,0.50077415,0.04845205,0.41126907,0.039504733
402060.jpg,0.265793,0.031219816,0.6611591,0.041828107
402061.jpg,0.041072052,0.6185914,0.23087746,0.109459065
402062.jpg,0.2499489,0.50387263,0.18343939,0.06273905
402063.jpg,0.7140539,0.057245314,0.1688822,0.05981849
402064.jpg,0.446093,0.25493217,0.20402558,0.09494927
402065.jpg,0.081488304,0.6340917,0.21151932,0.07290066
402066.jpg,0.36508688,0.35278025,0.20176454,0.08036832
402067.jpg,0.027596071,0.7320409,0.16247265,0.077890426
402068.jpg,0.12689729,0.68828267,0.1422304,0.042589556
402069.jpg,0.23341115,0.43410167,0.2071613,0.12532584
402070.jpg,0.7059055,0.07319658,0.1677806,0.05311728
402071.jpg,0.061679203,0.6250071,0.2291354,0.084178306
402072.jpg,0.66233385,0.09847101,0.17742586,0.061769262
402073.jpg,0.5655498,0.16048756,0.20702153,0.06694113
402074.jpg,0.5727618,0.17134632,0.19385202,0.062039834
402075.jpg,0.2751595,0.10658457,0.57191324,0.046342727
402076.jpg,0.78580064,0.03071142,0.12701489,0.05647308
402077.jpg,0.4902269,0.23021819,0.18652745,0.09302741
402078.jpg,0.3426796,0.4451274,0.17020184,0.041991204
402079.jpg,0.15096726,0.5071354,0.2510489,0.090848446
402080.jpg,0.78314805,0.028818196,0.12897564,0.05905807
402081.jpg,0.1809185,0.5528366,0.20606266,0.06018221
402082.jpg,0.31823742,0.35816303,0.24503128,0.078568295
402083.jpg,0.0396087,0.3740712,0.17591399,0.4104061
402084.jpg,0.12296918,0.63464636,0.1937675,0.04861692
402085.jpg,0.11276394,0.62226754,0.20784831,0.057120223
402086.jpg,0.07437425,0.68377525,0.17031889,0.07153162
402087.jpg,0.7287052,0.05474304,0.149624,0.06692777
402088.jpg,0.5373146,0.1831339,0.21734087,0.06221062
402089.jpg,0.17246632,0.56904596,0.1956086,0.06287915
402090.jpg,0.07259464,0.6509934,0.19630046,0.080111474
402091.jpg,0.5228987,0.22036351,0.18821637,0.06852142
402092.jpg,0.6992404,0.07567128,0.15163648,0.073451914
402093.jpg,0.6414557,0.11892888,0.1703787,0.069236696
402094.jpg,0.040081795,0.73144484,0.17586814,0.05260524
402095.jpg,0.6483295,0.14222933,0.1500324,0.05940875
402096.jpg,0.54249126,0.17582454,0.20412773,0.07755645
402097.jpg,0.13181813,0.5784058,0.20115697,0.088619076
402098.jpg,0.28221378,0.4526577,0.18865542,0.076473124
402099.jpg,0.57472557,0.15785336,0.19955258,0.06786851
402100.jpg,0.08782137,0.36059836,0.34857735,0.20300291
402101.jpg,0.1950982,0.5280723,0.18584591,0.09098361
402102.jpg,0.1816284,0.5443563,0.1932459,0.08076942
402103.jpg,0.08982831,0.65285856,0.19377846,0.063534714
402104.jpg,0.5915993,0.14854395,0.1856169,0.07423987
402105.jpg,0.76778054,0.026139537,0.1487031,0.057376813
402106.jpg,0.21432872,0.52571267,0.19750531,0.06245327
402107.jpg,0.040541098,0.69359034,0.1673336,0.09853498
402108.jpg,0.46937236,0.25556502,0.2014985,0.073564164
402109.jpg,0.19596098,0.58663064,0.1506809,0.06672749
402110.jpg,0.76722974,0.03580965,0.14523374,0.05172689
402111.jpg,0.029390832,0.758087,0.15673919,0.05578306
402112.jpg,0.029374065,0.65268743,0.1904309,0.12750764
402113.jpg,0.11080432,0.3264667,0.47912022,0.08360869
402114.jpg,0.6302681,0.15478085,0.1464688,0.06848229
402115.jpg,0.76560193,0.04152072,0.13627104,0.056606267
402116.jpg,0.72438174,0.069209814,0.14591089,0.06049755
402117.jpg,0.79477125,0.026792618,0.12824209,0.050194006
402118.jpg,0.01157188,0.05689868,0.09892727,0.8326022
402119.jpg,0.3408042,0.43269464,0.16568132,0.060819846
402120.jpg,0.40364456,0.31684956,0.20670669,0.07279921
402121.jpg,0.04728951,0.24918108,0.19836128,0.50516814
402122.jpg,0.3431944,0.41113338,0.16866678,0.077005446
402123.jpg,0.04680279,0.6783924,0.20607269,0.06873212
402124.jpg,0.77896696,0.033084106,0.14224742,0.045701478
402125.jpg,0.6150032,0.15522577,0.16823538,0.061535615
402126.jpg,0.31347477,0.43763855,0.19115798,0.057728667
402128.jpg,0.6976277,0.09241738,0.15912656,0.050828397
402129.jpg,0.09949229,0.5593659,0.17904331,0.16209845
402130.jpg,0.057569925,0.65334135,0.22024636,0.06884236
402131.jpg,0.03359476,0.76494455,0.15492144,0.046539217
402132.jpg,0.20387559,0.50760466,0.22522978,0.06329
402133.jpg,0.7138317,0.040876973,0.18272369,0.062567554
402134.jpg,0.6050449,0.14882405,0.18467939,0.061451625
402135.jpg,0.7565085,0.03392703,0.15816514,0.051399335
402136.jpg,0.030261457,0.38704214,0.112932205,0.46976423
402137.jpg,0.545247,0.17410238,0.20344019,0.077210374
402138.jpg,0.07713953,0.6568896,0.17792933,0.08804157
402139.jpg,0.16444607,0.5316985,0.22466123,0.07919418
402140.jpg,0.078998305,0.39860645,0.2267298,0.29566547
402141.jpg,0.24258561,0.51635486,0.17047189,0.0705876
402142.jpg,0.24999286,0.45766386,0.21226454,0.08007874
402143.jpg,0.617642,0.14243872,0.17856096,0.06135833
402144.jpg,0.6354018,0.11360704,0.1742727,0.07671848
402145.jpg,0.058135968,0.66312695,0.21690118,0.061835926
402146.jpg,0.50262594,0.23439147,0.1939398,0.06904278
402147.jpg,0.30978185,0.4269104,0.20657103,0.056736723
402148.jpg,0.28056452,0.42978343,0.20273922,0.08691282
402149.jpg,0.7660492,0.04513098,0.13369106,0.055128757
402150.jpg,0.7655341,0.039613754,0.14085765,0.053994488
402151.jpg,0.08373952,0.69067717,0.16719222,0.058391105
402152.jpg,0.47312948,0.24475674,0.20442669,0.077687085
402153.jpg,0.03976013,0.692858,0.18429057,0.08309134
402154.jpg,0.04231232,0.7245018,0.15515067,0.07803528
402155.jpg,0.019380374,0.3175929,0.16383545,0.49919128
402156.jpg,0.52686507,0.11153615,0.29968873,0.06191008
402157.jpg,0.020625804,0.7639596,0.16270544,0.052709218
402158.jpg,0.75918126,0.037763704,0.1475548,0.05550021
402159.jpg,0.10579761,0.6512749,0.17682736,0.06610012
402160.jpg,0.2637089,0.50785315,0.16847466,0.059963286
402161.jpg,0.2455659,0.4468865,0.21804696,0.08950063
402162.jpg,0.06967761,0.6508909,0.20131886,0.07811263
402163.jpg,0.160856,0.545608,0.20920153,0.08433453
402164.jpg,0.13138317,0.62442535,0.17420937,0.0699821
402165.jpg,0.41664732,0.31071526,0.19524671,0.07739074
402166.jpg,0.42728004,0.06946319,0.45268574,0.050571103
402167.jpg,0.07547165,0.63687706,0.2085808,0.0790705
402168.jpg,0.30785516,0.43045747,0.18783498,0.07385237
402169.jpg,0.560062,0.21854447,0.16799599,0.05339755
402170.jpg,0.025469558,0.7036484,0.19903475,0.07184721
402171.jpg,0.69140595,0.070058465,0.16767605,0.07085952
402172.jpg,0.5356672,0.23045856,0.17429928,0.059574988
402173.jpg,0.7127376,0.05434655,0.17190649,0.061009318
402174.jpg,0.56705856,0.10228846,0.28476536,0.04588757
402175.jpg,0.014307694,0.5049073,0.20792873,0.27285632
402176.jpg,0.01430446,0.2558124,0.14524047,0.5846427
402177.jpg,0.42310524,0.343298,0.17749487,0.0561019
402178.jpg,0.4803544,0.21159744,0.2244945,0.08355364
402179.jpg,0.12223393,0.2577612,0.36722195,0.2527829
402180.jpg,0.0355287,0.7102959,0.18531775,0.068857685
402181.jpg,0.722275,0.065205894,0.15098171,0.061537374
402182.jpg,0.59239584,0.15407105,0.18734588,0.06618725
402183.jpg,0.6580568,0.08387316,0.20004106,0.058029015
402184.jpg,0.07234305,0.73439455,0.12954862,0.06371378
402185.jpg,0.76469773,0.042638868,0.13503896,0.05762446
402186.jpg,0.065268785,0.6777031,0.18806885,0.0689593
402187.jpg,0.009726939,0.022244295,0.099622615,0.8684061
402188.jpg,0.29423955,0.41835198,0.20133953,0.086068965
402189.jpg,0.31006292,0.3986629,0.20384412,0.08743006
402190.jpg,0.13637714,0.59604377,0.19175006,0.07582903
402191.jpg,0.049758386,0.71159667,0.18088824,0.057756733
402192.jpg,0.27847382,0.4638087,0.20684385,0.050873633
402193.jpg,0.7311697,0.027019434,0.17948882,0.06232203
402194.jpg,0.11286377,0.61797416,0.20076297,0.068399064
402195.jpg,0.44631648,0.21062024,0.22113168,0.121931575
402196.jpg,0.6383728,0.14244127,0.16013119,0.05905478
402197.jpg,0.06133875,0.68592805,0.18275638,0.0699768
402198.jpg,0.21196087,0.51444536,0.20052584,0.07306794
402199.jpg,0.70368403,0.041538943,0.18864606,0.066130936
402200.jpg,0.7421182,0.02811723,0.170875,0.05888961
402201.jpg,0.76692706,0.05336942,0.13647747,0.043225963
402202.jpg,0.37062073,0.37574813,0.19046609,0.06316512
402203.jpg,0.76108575,0.040970966,0.13752802,0.060415294
402204.jpg,0.58371747,0.16711724,0.17900352,0.07016181
402205.jpg,0.47610784,0.2533873,0.21136539,0.05913943
402206.jpg,0.27464354,0.45463994,0.19463293,0.07608354
402207.jpg,0.019703005,0.7103159,0.19258444,0.0773967
402208.jpg,0.2309163,0.43402743,0.19934718,0.13570914
402209.jpg,0.25019872,0.4755864,0.21662693,0.057587933
402210.jpg,0.6570862,0.08492541,0.19108313,0.06690527
402211.jpg,0.6979521,0.09363073,0.15368383,0.05473338
402212.jpg,0.7655022,0.055562764,0.13290127,0.04603369
402213.jpg,0.64434654,0.11107098,0.17306566,0.07151679
402214.jpg,0.13823493,0.60915595,0.20126446,0.05134463
402215.jpg,0.32340917,0.38443723,0.2176574,0.07449624
402216.jpg,0.015247283,0.609845,0.20432031,0.17058744
402217.jpg,0.22610652,0.49597803,0.21319504,0.06472037
402218.jpg,0.00822823,0.07109647,0.16036786,0.7603075
402219.jpg,0.21083838,0.5068343,0.19229549,0.0900318
402220.jpg,0.038856912,0.5510144,0.2306763,0.17945234
402221.jpg,0.63772106,0.13214327,0.16771166,0.062424015
402222.jpg,0.0061332877,0.025868004,0.12441381,0.84358484
402223.jpg,0.77249837,0.048902016,0.13364172,0.044957865
402224.jpg,0.38939404,0.36043084,0.19573325,0.05444187
402225.jpg,0.1787355,0.50979847,0.21668279,0.09478321
402226.jpg,0.29077336,0.44406402,0.19378792,0.071374714
402227.jpg,0.08293364,0.6621608,0.19090082,0.06400479
402228.jpg,0.11828413,0.37263337,0.33832526,0.17075722
402229.jpg,0.15312643,0.561297,0.18951856,0.09605801
402230.jpg,0.45475438,0.27206922,0.2065982,0.06657816
402231.jpg,0.021248966,0.014552829,0.80025196,0.16394632
402232.jpg,0.14280288,0.56896895,0.21054564,0.07768255
402233.jpg,0.7348371,0.058615506,0.16031826,0.046229113
402234.jpg,0.07741098,0.668376,0.18278052,0.07143245
402235.jpg,0.004948687,0.01582674,0.22644103,0.75278354
402236.jpg,0.09474385,0.6003552,0.2216322,0.08326873
402237.jpg,0.70752066,0.05284494,0.17825617,0.06137825
402238.jpg,0.67727166,0.11194814,0.15297292,0.057807267
402239.jpg,0.012111705,0.02530799,0.20174891,0.76083136
402240.jpg,0.5375285,0.21063976,0.16991155,0.08192021
402241.jpg,0.55924916,0.1877408,0.16986328,0.08314676
402242.jpg,0.08594873,0.6689097,0.17840487,0.06673669
402243.jpg,0.042219102,0.670772,0.20496564,0.08204329
402244.jpg,0.52310044,0.21681325,0.1824524,0.077633865
402245.jpg,0.15126006,0.5676647,0.20632102,0.074754216
402246.jpg,0.10135888,0.6217595,0.19582438,0.08105726
402247.jpg,0.67319995,0.07492324,0.18062524,0.07125152
402248.jpg,0.14228033,0.18043672,0.62660545,0.050677467
402249.jpg,0.4336042,0.33298078,0.17237139,0.0610436
402250.jpg,0.11993271,0.6370411,0.16188414,0.08114205
402251.jpg,0.47553906,0.20087583,0.22452368,0.09906149
402252.jpg,0.34334865,0.36054924,0.20429134,0.09181074
402253.jpg,0.43605265,0.25288993,0.21241306,0.09864437
402254.jpg,0.31797776,0.4155809,0.20721895,0.05922237
402255.jpg,0.743596,0.026120694,0.17111678,0.05916655
402256.jpg,0.06108607,0.65469116,0.18852639,0.09569645
402257.jpg,0.044007827,0.24317072,0.56733865,0.14548273
402258.jpg,0.5239089,0.18729782,0.21450062,0.07429266
402259.jpg,0.007551598,0.019117221,0.07820794,0.89512324
402260.jpg,0.35368404,0.42001095,0.15377782,0.07252719
402261.jpg,0.12548915,0.5966585,0.17836349,0.09948882
402262.jpg,0.7362154,0.07560357,0.14171906,0.04646199
402263.jpg,0.07413127,0.69554615,0.16879995,0.06152265
402264.jpg,0.063272,0.69159216,0.18974684,0.055389
402265.jpg,0.65777105,0.12283126,0.15658817,0.06280952
402266.jpg,0.009913164,0.11885042,0.13739075,0.7338457
402267.jpg,0.52878064,0.19096856,0.21391757,0.06633324
402268.jpg,0.0970642,0.6396007,0.19907941,0.06425571
402269.jpg,0.118925236,0.5912338,0.20911463,0.08072635
402270.jpg,0.10767764,0.6442635,0.17957461,0.06848422
402271.jpg,0.24131788,0.4687377,0.201231,0.088713445
402272.jpg,0.77558917,0.03122052,0.13061924,0.062571086
402273.jpg,0.5459534,0.17565016,0.20240855,0.075987905
402274.jpg,0.03723837,0.67540574,0.23648517,0.050870746
402275.jpg,0.06268059,0.71267384,0.15979017,0.06485537
402276.jpg,0.12979655,0.53560466,0.21744506,0.117153764
402277.jpg,0.19723026,0.5406522,0.18093796,0.08117953
402278.jpg,0.2623662,0.4530619,0.20016538,0.084406614
402279.jpg,0.30658352,0.47273627,0.1655673,0.055112902
402280.jpg,0.47076473,0.2483993,0.22881345,0.05202256
402281.jpg,0.6768225,0.0551208,0.18754195,0.08051475
402282.jpg,0.76145905,0.044358302,0.14197025,0.052212402
402283.jpg,0.113815136,0.6361107,0.16604987,0.08402429
402284.jpg,0.59483534,0.14835972,0.19059777,0.06620717
402285.jpg,0.33094928,0.38735786,0.2129061,0.06878676
402286.jpg,0.012843675,0.071029805,0.24434805,0.6717785
402287.jpg,0.38204518,0.34880733,0.20886202,0.060285453
402288.jpg,0.28616223,0.46201333,0.18413484,0.06768957
402289.jpg,0.06502992,0.70921725,0.16298513,0.06276774
402290.jpg,0.12222048,0.64810133,0.1659681,0.063710056
402291.jpg,0.76845855,0.03500229,0.1426439,0.053895283
402292.jpg,0.4859798,0.2431833,0.20286757,0.06796939
402293.jpg,0.785466,0.04258736,0.124993406,0.04695323
402294.jpg,0.55227536,0.19147457,0.19022898,0.066021115
402295.jpg,0.57399464,0.15947996,0.19031574,0.07620966
402296.jpg,0.15941447,0.59124786,0.18507315,0.064264566
402297.jpg,0.31161907,0.42586663,0.17403215,0.08848209
402298.jpg,0.33540204,0.31585985,0.26373968,0.08499839
402299.jpg,0.27374032,0.4257561,0.22612087,0.07438273
402300.jpg,0.01973434,0.24511544,0.49904653,0.23610371
402301.jpg,0.46771255,0.28166166,0.17834425,0.07228152
402302.jpg,0.7341258,0.047731787,0.16512434,0.05301815
402303.jpg,0.38667473,0.32649007,0.22225358,0.06458163
402304.jpg,0.08436685,0.36181593,0.463717,0.09010019
402305.jpg,0.3385832,0.28571877,0.24453892,0.13115914
402306.jpg,0.08796424,0.6385916,0.21026315,0.06318099
402307.jpg,0.027228734,0.7271592,0.18305872,0.062553346
402308.jpg,0.5299875,0.21193145,0.1942256,0.06385545
402309.jpg,0.05068006,0.7058725,0.16869223,0.07475525
402310.jpg,0.75119656,0.031820014,0.1607915,0.056192007
402311.jpg,0.38666853,0.31681123,0.20744075,0.08907949
402312.jpg,0.066164404,0.63554937,0.1829511,0.11533519
402313.jpg,0.5189604,0.24322416,0.17185295,0.065962546
402314.jpg,0.042159006,0.65942043,0.14903384,0.1493867
402315.jpg,0.6730086,0.079638034,0.17950942,0.06784398
402316.jpg,0.053796902,0.71280414,0.16860397,0.06479495
402317.jpg,0.73229504,0.041233346,0.15565212,0.07081949
402318.jpg,0.6467932,0.080300465,0.17771684,0.095189475
402319.jpg,0.7318582,0.0501342,0.18085605,0.03715157
402320.jpg,0.64887077,0.12129443,0.1719802,0.057854574
402321.jpg,0.35229936,0.3713406,0.19889355,0.07746655
402322.jpg,0.15770459,0.5451316,0.22127323,0.07589053
402323.jpg,0.27582493,0.42082632,0.21498531,0.08836346
402324.jpg,0.41574463,0.3070614,0.20106141,0.07613257
402325.jpg,0.032239124,0.515178,0.31014916,0.14243369
402326.jpg,0.6874692,0.08728228,0.15813167,0.06711695
402327.jpg,0.12806697,0.6115239,0.18518843,0.07522059
402328.jpg,0.53780186,0.22301121,0.17916219,0.060024735
402329.jpg,0.46553922,0.23964329,0.2079957,0.086821795
402330.jpg,0.03914282,0.68777555,0.19430025,0.07878134
402331.jpg,0.005006177,0.0035019096,0.98211664,0.009375264
402332.jpg,0.7796188,0.03466471,0.12989675,0.0558198
402333.jpg,0.07116448,0.70032483,0.16655849,0.061952177
402334.jpg,0.18324052,0.5871071,0.16604023,0.06361214
402335.jpg,0.035101373,0.7355947,0.14303063,0.08627331
402336.jpg,0.74984694,0.038776588,0.1523502,0.059026342
402337.jpg,0.6599537,0.089859836,0.1702711,0.07991532
402338.jpg,0.05040388,0.7387522,0.146382,0.064461865
402339.jpg,0.078529894,0.6538814,0.18377055,0.08381816
402340.jpg,0.74326056,0.029130125,0.16983528,0.05777411
402341.jpg,0.61541396,0.1440775,0.17588495,0.06462354
402342.jpg,0.68016154,0.11210483,0.15165204,0.056081578
402343.jpg,0.4268869,0.25334206,0.23683949,0.08293155
402344.jpg,0.07364055,0.6925137,0.1700177,0.06382806
402345.jpg,0.7677731,0.04298534,0.13426577,0.054975763
402346.jpg,0.017091796,0.7184267,0.1849957,0.07948581
402347.jpg,0.78526896,0.0361601,0.12361816,0.054952785
402348.jpg,0.72432876,0.06640115,0.14784874,0.061421353
402349.jpg,0.023252785,0.767688,0.15620315,0.052856117
402350.jpg,0.0434352,0.07502919,0.7482255,0.13331008
402351.jpg,0.070721604,0.6612353,0.21198435,0.056058828
402352.jpg,0.13713257,0.5867445,0.22335134,0.052771565
402353.jpg,0.27681604,0.4110925,0.25178313,0.06030828
402354.jpg,0.7304806,0.05224465,0.1560724,0.061202373
402355.jpg,0.73792654,0.067282215,0.14566325,0.049127955
402356.jpg,0.4222193,0.30780017,0.1927672,0.077213325
402357.jpg,0.055911243,0.6753392,0.20031582,0.06843376
402358.jpg,0.1611947,0.10847795,0.7004938,0.029833585
402359.jpg,0.03923244,0.32102525,0.2791847,0.36055765
402360.jpg,0.45304635,0.26050356,0.2154876,0.07096247
402361.jpg,0.49245095,0.2787394,0.15958063,0.069229014
402362.jpg,0.74802786,0.040295396,0.15683828,0.05483845
402363.jpg,0.08640283,0.6162061,0.23235573,0.06503526
402364.jpg,0.76969486,0.032710794,0.12926269,0.06833157
402365.jpg,0.7269823,0.0771482,0.1547216,0.041147906
402366.jpg,0.053393614,0.6820888,0.19324677,0.07127087
402367.jpg,0.75029,0.03331225,0.15941511,0.056982666
402368.jpg,0.07546622,0.68035954,0.17763881,0.066535495
402369.jpg,0.73554784,0.02454848,0.1696641,0.07023961
402370.jpg,0.7603523,0.043522965,0.14276978,0.053354952
402371.jpg,0.7064977,0.05309303,0.17732705,0.06308214
402372.jpg,0.10756067,0.6537029,0.17414902,0.064587384
402373.jpg,0.02177868,0.24710155,0.13226338,0.5988564
402374.jpg,0.4990135,0.043215167,0.3934163,0.06435504
402375.jpg,0.098321795,0.65208274,0.18392892,0.065666564
402376.jpg,0.098917745,0.6086869,0.23661995,0.05577537
402377.jpg,0.74121237,0.05543223,0.14716305,0.056192335
402378.jpg,0.04615136,0.67524695,0.20442706,0.074174605
402379.jpg,0.48192206,0.22176933,0.22428189,0.0720267
402380.jpg,0.17841648,0.5616359,0.19052328,0.06942431
402381.jpg,0.38852656,0.33633265,0.19721043,0.07793039
402382.jpg,0.49087843,0.2480485,0.18929406,0.07177902
402383.jpg,0.6118488,0.13672471,0.17837119,0.073055334
402384.jpg,0.11954749,0.6247365,0.18526387,0.070452206
402385.jpg,0.049259424,0.6719342,0.18056025,0.098246105
402386.jpg,0.5441423,0.19819528,0.16947281,0.088189565
402387.jpg,0.47556868,0.23839967,0.20548554,0.080546044
402388.jpg,0.79342985,0.030195119,0.1280163,0.04835871
402389.jpg,0.6513981,0.11567202,0.1649595,0.067970365
402390.jpg,0.14399385,0.5722546,0.17823859,0.10551298
402391.jpg,0.7257917,0.055346653,0.15818764,0.06067401
402392.jpg,0.14143956,0.57532734,0.21384816,0.06938494
402393.jpg,0.007150063,0.009392735,0.15259328,0.8308639
402394.jpg,0.76628464,0.03771143,0.13131343,0.06469052
402395.jpg,0.63827187,0.09097087,0.20482756,0.0659297
402396.jpg,0.44008246,0.27265215,0.20935093,0.07791442
402397.jpg,0.025219709,0.69852203,0.19777636,0.07848189
402398.jpg,0.73418933,0.072481394,0.13824923,0.05508003
402399.jpg,0.6451721,0.061838847,0.23412563,0.058863387
402400.jpg,0.07493014,0.45887074,0.37732598,0.08887318
402401.jpg,0.20483403,0.5402778,0.18187718,0.07301098
402402.jpg,0.005609118,0.012193893,0.20922212,0.7729749
402403.jpg,0.76780254,0.03224206,0.14798844,0.051967025
402404.jpg,0.051666986,0.72623754,0.16330408,0.058791425
402405.jpg,0.3789929,0.35619783,0.19500947,0.06979978
402406.jpg,0.038456373,0.6874094,0.19542523,0.07870901
402407.jpg,0.7053709,0.076230526,0.16452514,0.053873375
402408.jpg,0.4853736,0.22011566,0.2105939,0.08391684
402409.jpg,0.6371882,0.122506104,0.17889981,0.061405856
402410.jpg,0.043554768,0.7155314,0.16678578,0.07412802
402411.jpg,0.6138267,0.14026451,0.17561655,0.07029232
402412.jpg,0.45581302,0.30169436,0.16933632,0.073156305
402413.jpg,0.3051521,0.43766308,0.20454936,0.052635446
402414.jpg,0.40168962,0.31139344,0.21538453,0.071532406
402415.jpg,0.4612825,0.27424303,0.19409586,0.07037861
402416.jpg,0.13870879,0.54183125,0.20928131,0.11017863
402417.jpg,0.48796618,0.22728463,0.21477361,0.0699756
402418.jpg,0.6327459,0.13368408,0.16453469,0.069035314
402419.jpg,0.7708675,0.036748562,0.14193968,0.050444245
402420.jpg,0.025622075,0.71925944,0.176059,0.07905946
402421.jpg,0.6037429,0.13916558,0.21319763,0.043893915
402422.jpg,0.7751152,0.03992318,0.1312147,0.053746954
402423.jpg,0.4966496,0.22684337,0.20222397,0.07428307
402424.jpg,0.26632535,0.46251002,0.20392315,0.0672415
402425.jpg,0.056308378,0.68178946,0.19217485,0.06972727
402426.jpg,0.063281395,0.72309333,0.14663891,0.066986375
402427.jpg,0.018382026,0.65248674,0.21963084,0.109500386
402428.jpg,0.13748643,0.63990104,0.15935294,0.06325958
402429.jpg,0.47654048,0.24241544,0.20629323,0.07475083
402430.jpg,0.16925526,0.20723994,0.5721646,0.05134013
402431.jpg,0.6180139,0.113182165,0.19156939,0.07723453
402432.jpg,0.017610952,0.72246104,0.18029864,0.07962943
402433.jpg,0.76531696,0.03533339,0.15147547,0.04787423
402434.jpg,0.20378613,0.55142826,0.16670866,0.07807692
402435.jpg,0.49966034,0.2525982,0.18930994,0.058431525
402436.jpg,0.57435125,0.13735856,0.22510515,0.063185
402437.jpg,0.34423947,0.27445105,0.26341653,0.11789298
402438.jpg,0.16715145,0.5418465,0.21324146,0.07776054
402439.jpg,0.5093005,0.24436867,0.17776716,0.0685637
402440.jpg,0.634947,0.13776433,0.16196258,0.06532607
402441.jpg,0.026776247,0.74681807,0.17674184,0.049663857
402442.jpg,0.39965484,0.3260598,0.19767706,0.07660829
402443.jpg,0.23647709,0.49971828,0.18044662,0.08335801
402444.jpg,0.059304804,0.6791865,0.18829936,0.07320937
402445.jpg,0.7432425,0.03212601,0.16267423,0.06195724
402446.jpg,0.53468746,0.2005618,0.19214278,0.07260799
402447.jpg,0.38210085,0.37645647,0.18300712,0.058435544
402448.jpg,0.09847795,0.6479941,0.16281854,0.09070936
402449.jpg,0.583982,0.16380763,0.18583395,0.06637642
402450.jpg,0.58476406,0.1641447,0.18482529,0.06626601
402451.jpg,0.08039355,0.4112362,0.45403686,0.05433337
402452.jpg,0.16793545,0.5470908,0.20956725,0.07540648
402453.jpg,0.72863007,0.073257424,0.14026202,0.05785043
402454.jpg,0.014268647,0.013018921,0.92909366,0.04361875
402455.jpg,0.64725906,0.107192256,0.18612222,0.059426423
402456.jpg,0.653409,0.10862561,0.17299819,0.064967245
402457.jpg,0.30077192,0.44867787,0.18229528,0.068254925
402458.jpg,0.07399116,0.642477,0.2225662,0.06096567
402459.jpg,0.31747177,0.44609305,0.17811775,0.058317434
402460.jpg,0.032103777,0.7097786,0.18361254,0.07450508
402461.jpg,0.60783124,0.16259523,0.16226403,0.06730949
402462.jpg,0.7031107,0.07286782,0.16818349,0.05583803
402463.jpg,0.043481987,0.7115717,0.18394454,0.061001804
402465.jpg,0.32925072,0.42459974,0.16909492,0.07705466
402466.jpg,0.1746457,0.5664374,0.18604274,0.07287413
402467.jpg,0.3187258,0.3777876,0.22321765,0.08026899
402468.jpg,0.034104537,0.7299884,0.18779612,0.04811095
402469.jpg,0.7533817,0.034802042,0.15977478,0.052041437
402470.jpg,0.04816741,0.7354873,0.16662048,0.049724802
402471.jpg,0.45725074,0.28537664,0.18376815,0.07360445
402472.jpg,0.027553571,0.12430441,0.25617564,0.5919664
402473.jpg,0.21617596,0.4946758,0.22315301,0.06599521
402474.jpg,0.0048097284,0.008944561,0.32341543,0.6628303
402475.jpg,0.044052865,0.70723414,0.1524963,0.0962167
402476.jpg,0.16113563,0.56144357,0.21316083,0.06425995
402477.jpg,0.2838267,0.41871095,0.2280385,0.06942383
402478.jpg,0.36851248,0.44927576,0.1375254,0.044686366
402479.jpg,0.5290106,0.19609977,0.18379581,0.091093756
402480.jpg,0.44611225,0.27254674,0.20957035,0.07177076
402481.jpg,0.11422024,0.640963,0.1771884,0.067628376
402482.jpg,0.04056799,0.6977288,0.18353824,0.07816498
402483.jpg,0.11129495,0.6319341,0.19319145,0.06357946
402484.jpg,0.027657589,0.71103054,0.19089788,0.07041397
402485.jpg,0.124010235,0.61205757,0.20900558,0.054926634
402486.jpg,0.07356794,0.67874664,0.17300968,0.07467582
402487.jpg,0.2661335,0.47630286,0.19458364,0.06298
402488.jpg,0.4050919,0.326889,0.19834007,0.06967899
402489.jpg,0.42636824,0.08895942,0.44285092,0.04182146
402490.jpg,0.734693,0.047941532,0.1573755,0.05999002
402491.jpg,0.0141975125,0.57176226,0.29901078,0.115029395
402492.jpg,0.7464288,0.028767386,0.15376152,0.07104223
402493.jpg,0.38272473,0.3475435,0.20928188,0.060449865
402494.jpg,0.11514435,0.61521363,0.19232823,0.077313766
402495.jpg,0.030435452,0.08388855,0.4509047,0.43477133
402496.jpg,0.11622722,0.62911433,0.18198623,0.07267224
402497.jpg,0.6343631,0.1283251,0.18165718,0.05565461
402498.jpg,0.5536165,0.1916341,0.19333607,0.0614133
402499.jpg,0.47302675,0.25084284,0.19763194,0.07849852
402500.jpg,0.17402244,0.51200265,0.24851334,0.06546164
402501.jpg,0.17060745,0.544086,0.19939537,0.085911185
402502.jpg,0.69147855,0.09853327,0.14830835,0.0616798
402503.jpg,0.1944285,0.5214806,0.20077503,0.08331578
402504.jpg,0.585634,0.13781773,0.19711804,0.07943021
402505.jpg,0.5381918,0.21108834,0.18362427,0.06709557
402506.jpg,0.7422525,0.053094942,0.1406634,0.063989155
402507.jpg,0.44663516,0.30225304,0.1896893,0.061422545
402508.jpg,0.021881467,0.5872013,0.2981167,0.092800535
402509.jpg,0.04445904,0.08526692,0.11903692,0.7512371
402510.jpg,0.03164859,0.72103304,0.17329895,0.0740194
402511.jpg,0.5146049,0.20839459,0.21964552,0.05735494
402512.jpg,0.2761659,0.44510034,0.20751858,0.07121523
402513.jpg,0.019542443,0.76891583,0.15815212,0.05338965
402514.jpg,0.13971241,0.066916466,0.7680258,0.025345305
402515.jpg,0.47680986,0.2337688,0.20566595,0.083755374
402516.jpg,0.5832746,0.15990789,0.19259785,0.06421965
402517.jpg,0.1850065,0.5171966,0.18085591,0.11694106
402518.jpg,0.27961966,0.44763163,0.1947694,0.07797933
402519.jpg,0.64687306,0.08507154,0.18995492,0.07810048
402520.jpg,0.30420342,0.43903103,0.19753473,0.0592308
402521.jpg,0.0058806962,0.025409468,0.18474586,0.783964
402522.jpg,0.1418643,0.59338313,0.18324882,0.08150373
402523.jpg,0.07514513,0.66449755,0.20504,0.055317353
402524.jpg,0.7765918,0.03056463,0.13365127,0.059192378
402525.jpg,0.6994443,0.09593671,0.14063923,0.06397979
402526.jpg,0.5481618,0.21871407,0.16917856,0.06394554
402527.jpg,0.51286036,0.23384075,0.19413836,0.0591605
402528.jpg,0.08416418,0.6652903,0.19447617,0.056069374
402529.jpg,0.34742153,0.3723922,0.20240267,0.07778363
402530.jpg,0.7523045,0.042698104,0.15442336,0.05057406
402531.jpg,0.1917059,0.5336167,0.20736094,0.067316435
402532.jpg,0.5654263,0.17023575,0.19709677,0.067241184
402533.jpg,0.34813404,0.38849926,0.20520258,0.05816412
402534.jpg,0.05922388,0.7146233,0.17857213,0.04758073
402535.jpg,0.13993444,0.45375836,0.18825006,0.21805717
402536.jpg,0.76705986,0.038437396,0.1457478,0.048754912
402537.jpg,0.04150963,0.6005216,0.24367516,0.1142936
402538.jpg,0.42231455,0.3086283,0.19671924,0.072337925
402539.jpg,0.59191126,0.17610466,0.16592248,0.06606159
402540.jpg,0.41431794,0.31701195,0.19128895,0.077381104
402541.jpg,0.6963129,0.07813456,0.1643161,0.061236482
402542.jpg,0.6905181,0.099349745,0.15612195,0.054010242
402543.jpg,0.707849,0.05928697,0.1605108,0.07235319
402544.jpg,0.43955207,0.2793658,0.20550351,0.07557863
402545.jpg,0.6915967,0.09386242,0.15278137,0.06175952
402546.jpg,0.3657128,0.34794796,0.19479285,0.09154639
402547.jpg,0.14396426,0.6047265,0.19378339,0.057525832
402548.jpg,0.2496138,0.46722743,0.1943018,0.088856965
402549.jpg,0.005980314,0.009122924,0.43169895,0.5531978
402550.jpg,0.088930525,0.70040184,0.16189168,0.048775937
402551.jpg,0.052847426,0.6882901,0.19828732,0.060575087
402552.jpg,0.44215724,0.30577442,0.18004365,0.072024725
402553.jpg,0.051629957,0.7173397,0.16779979,0.063230544
402554.jpg,0.12044122,0.6112433,0.1963054,0.07201012
402555.jpg,0.6272231,0.12109479,0.18358903,0.068093084
402556.jpg,0.65337753,0.108605124,0.17016244,0.06785491
402557.jpg,0.33546796,0.31570396,0.24457543,0.104252614
402558.jpg,0.040794663,0.72390413,0.17260933,0.06269186
402559.jpg,0.7318819,0.060151964,0.14754635,0.06041977
402560.jpg,0.25932157,0.5044658,0.17308493,0.06312766
402561.jpg,0.010539092,0.075215496,0.117755495,0.7964899
402562.jpg,0.6957093,0.08422279,0.16553813,0.054529756
402563.jpg,0.76419854,0.028298019,0.14818291,0.05932054
402564.jpg,0.7402343,0.08045403,0.13713099,0.042180706
402565.jpg,0.02566895,0.7207837,0.17947799,0.07406933
402566.jpg,0.17665066,0.08421185,0.6821332,0.057004232
402567.jpg,0.43478942,0.23668547,0.25282294,0.07570216
402568.jpg,0.61434406,0.1404029,0.17790051,0.067352556
402569.jpg,0.41290465,0.34408394,0.17666835,0.06634306
402570.jpg,0.17644893,0.51515085,0.24210273,0.06629754
402571.jpg,0.077222206,0.630811,0.22165985,0.070306994
402572.jpg,0.75839955,0.034778412,0.15113339,0.05568861
402573.jpg,0.749269,0.042879045,0.15528639,0.052565556
402574.jpg,0.068365715,0.6721528,0.18827163,0.07120978
402575.jpg,0.3373805,0.35748085,0.19967681,0.105461895
402576.jpg,0.49568567,0.24679267,0.1941293,0.06339231
402577.jpg,0.367111,0.29724613,0.21210487,0.123537995
402578.jpg,0.678447,0.06418032,0.18557803,0.071794644
402579.jpg,0.6126569,0.13592738,0.18175794,0.069657736
402580.jpg,0.20986833,0.50669444,0.21336623,0.070071004
402581.jpg,0.03220251,0.6245745,0.26661226,0.07661074
402582.jpg,0.3033398,0.44478914,0.18324065,0.068630375
402583.jpg,0.030734653,0.73313576,0.17521937,0.060910147
402584.jpg,0.41869357,0.2748661,0.21348132,0.09295895
402585.jpg,0.42354488,0.32719257,0.19974601,0.049516547
402586.jpg,0.09702498,0.5006838,0.17618723,0.22610402
402587.jpg,0.09595051,0.6372159,0.20633014,0.060503464
402588.jpg,0.04281944,0.72051525,0.16817816,0.06848714
402589.jpg,0.25193205,0.4559485,0.18583643,0.10628297
402590.jpg,0.05737397,0.7042594,0.16740876,0.070957854
402591.jpg,0.43802586,0.27608117,0.20336406,0.08252886
402592.jpg,0.6202655,0.09915892,0.20787479,0.0727008
402593.jpg,0.6518733,0.13225883,0.16225135,0.053616542
402594.jpg,0.20911632,0.46026066,0.21518247,0.115440525
402595.jpg,0.20639968,0.5253151,0.20733589,0.060949385
402596.jpg,0.26867065,0.41278508,0.2266439,0.091900356
402597.jpg,0.2006435,0.0810528,0.56532186,0.15298188
402598.jpg,0.13232285,0.55463785,0.20916915,0.103870176
402599.jpg,0.0657141,0.7008733,0.17748694,0.055925656
402600.jpg,0.41013423,0.3316851,0.1875407,0.07063997
402601.jpg,0.17742288,0.556134,0.18423702,0.082206115
402602.jpg,0.5570441,0.15609829,0.2058819,0.08097575
402603.jpg,0.47391525,0.2950177,0.16416992,0.06689712
402604.jpg,0.487511,0.26213863,0.18513887,0.06521145
402605.jpg,0.16472664,0.52346826,0.24722953,0.06457556
402606.jpg,0.7399761,0.05933888,0.15103106,0.049653936
402607.jpg,0.33060393,0.43098465,0.16359572,0.07481568
402608.jpg,0.07542687,0.6560684,0.19495213,0.07355262
402609.jpg,0.6264394,0.14247723,0.16337626,0.06770712
402610.jpg,0.7889514,0.031975795,0.124132454,0.054940373
402611.jpg,0.6052079,0.0321807,0.31030095,0.05231042
402612.jpg,0.013477339,0.16691804,0.16546483,0.65413976
402613.jpg,0.5430346,0.19535238,0.19676615,0.064846806
402614.jpg,0.018512333,0.7527027,0.16260882,0.066176146
402615.jpg,0.7360621,0.039818987,0.16676907,0.05734977
402616.jpg,0.5402532,0.22073014,0.16044702,0.07856958
402617.jpg,0.051962644,0.70806986,0.17791705,0.062050473
402618.jpg,0.05222109,0.6183623,0.1642575,0.16515906
402619.jpg,0.25135693,0.52900594,0.16455504,0.05508208
402620.jpg,0.27091062,0.4764441,0.19342178,0.059223488
402621.jpg,0.57153654,0.15039943,0.20667392,0.07139015
402622.jpg,0.1267185,0.5766437,0.22190909,0.074728735
402623.jpg,0.7596385,0.042443547,0.14035802,0.057559997
402624.jpg,0.48255935,0.22696723,0.21620989,0.074263535
402625.jpg,0.18797342,0.535933,0.21508324,0.061010346
402626.jpg,0.6426491,0.107300006,0.18740493,0.062645994
402627.jpg,0.44461885,0.25482914,0.21533513,0.08521687
402628.jpg,0.0382964,0.75091666,0.14826146,0.06252548
402629.jpg,0.05342863,0.6822767,0.20893763,0.05535698
402630.jpg,0.13872282,0.10687689,0.65116763,0.10323262
402631.jpg,0.2738494,0.40424678,0.24745595,0.07444787
402632.jpg,0.41635993,0.29813328,0.20891349,0.0765933
402633.jpg,0.462947,0.26219484,0.19357593,0.081282236
402634.jpg,0.20347278,0.49018145,0.20022576,0.10612
402635.jpg,0.33670148,0.3816248,0.22812776,0.053545963
402636.jpg,0.16212128,0.5758047,0.19556515,0.0665089
402637.jpg,0.13542856,0.58021045,0.2241509,0.06021012
402638.jpg,0.24958523,0.43478605,0.22447534,0.09115342
402639.jpg,0.084351875,0.622067,0.19733267,0.09624853
402640.jpg,0.27237436,0.4525214,0.19054998,0.08455425
402641.jpg,0.42171654,0.29551318,0.2112661,0.07150417
402642.jpg,0.31574327,0.38472638,0.21897687,0.08055346
402643.jpg,0.20974721,0.49814072,0.21092223,0.08118986
402644.jpg,0.11964699,0.62586576,0.19505562,0.059431646
402645.jpg,0.555,0.16728906,0.19073176,0.0869792
402646.jpg,0.050023388,0.70457727,0.18723069,0.05816865
402647.jpg,0.034974515,0.13435264,0.41845393,0.41221896
402648.jpg,0.42986146,0.30710408,0.19270086,0.070333615
402649.jpg,0.22471774,0.50662106,0.2103949,0.05826627
402650.jpg,0.34467053,0.352489,0.23981214,0.06302837
402651.jpg,0.76435167,0.052928492,0.13540123,0.047318593
402652.jpg,0.46061066,0.23584163,0.23765917,0.06588855
402653.jpg,0.71529275,0.05482136,0.16646938,0.06341646
402654.jpg,0.068989284,0.62771934,0.19922833,0.10406304
402655.jpg,0.5775451,0.15528059,0.18915927,0.07801505
402656.jpg,0.035386164,0.71589595,0.18396749,0.06475034
402657.jpg,0.110535525,0.5772893,0.21557225,0.09660292
402658.jpg,0.45573267,0.21452539,0.27043155,0.059310377
402659.jpg,0.09347144,0.6627504,0.17816722,0.06561094
402660.jpg,0.11009558,0.60591865,0.17511237,0.10887345
402661.jpg,0.0024580748,0.010139934,0.85119647,0.13620552
402662.jpg,0.5472543,0.19233286,0.19616742,0.064245425
402663.jpg,0.73949975,0.040426545,0.155008,0.06506568
402664.jpg,0.53830713,0.22662765,0.15960081,0.07546437
402665.jpg,0.5261182,0.23960054,0.16316535,0.07111594
402666.jpg,0.76120526,0.022453776,0.15964755,0.056693453
402667.jpg,0.6987266,0.074795164,0.16269942,0.06377881
402668.jpg,0.19780731,0.5408185,0.18446837,0.076905794
402669.jpg,0.14827116,0.5518999,0.23254044,0.067288496
402670.jpg,0.27984583,0.43431512,0.21867275,0.067166336
402671.jpg,0.79139405,0.02684111,0.13380283,0.04796193
402672.jpg,0.24335694,0.5258895,0.17868364,0.05206989
402673.jpg,0.75866604,0.047664087,0.13989185,0.053777963
402674.jpg,0.4424746,0.26775625,0.21518283,0.07458631
402675.jpg,0.22290194,0.5111843,0.20616394,0.059749853
402676.jpg,0.7898691,0.028930197,0.12860829,0.052592367
402677.jpg,0.14861603,0.5573469,0.21915515,0.07488201
402678.jpg,0.60045964,0.17846422,0.16512121,0.055954967
402679.jpg,0.087735295,0.63456434,0.2034896,0.07421071
402680.jpg,0.09469355,0.6419027,0.18342698,0.0799768
402681.jpg,0.03538045,0.6346167,0.19834143,0.13166143
402682.jpg,0.4921415,0.23822959,0.20283742,0.06679153
402683.jpg,0.7545068,0.035174742,0.14735216,0.062966265
402684.jpg,0.4238396,0.31309104,0.20790122,0.05516815
402685.jpg,0.15575749,0.5646212,0.18622594,0.09339533
402686.jpg,0.1758058,0.5474951,0.19915164,0.07754743
402687.jpg,0.046284575,0.68233824,0.19636428,0.07501284
402688.jpg,0.62230426,0.13198856,0.16969056,0.07601662
402689.jpg,0.2305607,0.49244857,0.21156514,0.06542558
402690.jpg,0.3736957,0.36629418,0.19992287,0.060087245
402691.jpg,0.10021871,0.63548845,0.18302967,0.08126322
402692.jpg,0.37754095,0.35119554,0.19591604,0.07534751
402693.jpg,0.70587724,0.052267622,0.1679362,0.07391894
402694.jpg,0.646973,0.10820178,0.16971438,0.07511085
402695.jpg,0.055570792,0.4394133,0.19063474,0.31438115
402696.jpg,0.6161317,0.15000083,0.16154294,0.07232454
402697.jpg,0.10759572,0.6520804,0.18145029,0.058873493
402698.jpg,0.56311494,0.15374596,0.20898552,0.07415358
402699.jpg,0.6085792,0.14612311,0.1805926,0.06470502
402700.jpg,0.61373407,0.13391888,0.19154747,0.060799643
402701.jpg,0.3936522,0.3401585,0.19108343,0.075105906
402702.jpg,0.04340617,0.03872769,0.8725765,0.045289632
402703.jpg,0.7304296,0.05839153,0.15073861,0.060440313
402704.jpg,0.6409567,0.09759907,0.18532468,0.07611954
402705.jpg,0.17745292,0.52300376,0.2135035,0.08603981
402706.jpg,0.08751463,0.6505501,0.19644664,0.06548855
402707.jpg,0.005125685,0.026929274,0.4009169,0.56702816
402708.jpg,0.03707893,0.681712,0.19747297,0.083736084
402709.jpg,0.23644324,0.4854578,0.2049986,0.07310036
402710.jpg,0.5969661,0.16522856,0.18048854,0.05731681
402711.jpg,0.068828315,0.24259944,0.26894912,0.41962314
402712.jpg,0.38126174,0.30097654,0.23953168,0.07823002
402713.jpg,0.58419317,0.14893617,0.21304119,0.053829458
402714.jpg,0.1887213,0.5613267,0.18917985,0.0607722
402715.jpg,0.8034646,0.025713095,0.1227029,0.048119426
402716.jpg,0.29860917,0.40713206,0.19348104,0.100777745
402717.jpg,0.5839438,0.182441,0.17213196,0.061483253
402718.jpg,0.060121864,0.67068464,0.1986953,0.070498146
402719.jpg,0.17230566,0.5356092,0.21669436,0.07539085
402720.jpg,0.61289614,0.13086784,0.18668012,0.06955584
402721.jpg,0.064087465,0.675361,0.17251849,0.08803309
402722.jpg,0.0042763636,0.008942084,0.14454305,0.8422385
402723.jpg,0.0799743,0.6929442,0.1701989,0.056882594
402724.jpg,0.71422505,0.08262697,0.15202875,0.05111921
402725.jpg,0.07755455,0.64167374,0.17994435,0.1008274
402726.jpg,0.5307851,0.21182276,0.18503474,0.072357394
402727.jpg,0.28045723,0.26238215,0.38287392,0.07428667
402728.jpg,0.0981859,0.6233582,0.20782693,0.07062904
402729.jpg,0.38721573,0.2890421,0.25274533,0.07099685
402730.jpg,0.50648355,0.20791495,0.21061839,0.074983105
402731.jpg,0.42564714,0.2882749,0.20378906,0.08228891
402732.jpg,0.011444055,0.15680833,0.21890287,0.6128447
402733.jpg,0.645252,0.12296575,0.1705469,0.061235353
402734.jpg,0.7502591,0.06847012,0.12981084,0.051459953
402735.jpg,0.49127802,0.118704446,0.33766282,0.05235474
402736.jpg,0.3493997,0.264302,0.3284609,0.057837456
402737.jpg,0.025165848,0.69251204,0.20140605,0.0809161
402738.jpg,0.5408681,0.2314182,0.16239709,0.0653166
402739.jpg,0.04549958,0.67577773,0.1990983,0.079624414
402740.jpg,0.64763314,0.085404225,0.18665738,0.08030521
402741.jpg,0.005917605,0.008588286,0.06799613,0.91749793
402742.jpg,0.25184017,0.49931943,0.19943303,0.049407393
402743.jpg,0.3502419,0.35401404,0.20147729,0.094266795
402744.jpg,0.70194584,0.071306236,0.15550512,0.07124274
402745.jpg,0.09195888,0.6552152,0.199286,0.053539958
402746.jpg,0.034739926,0.7314237,0.16625364,0.067582764
402747.jpg,0.31152487,0.4378574,0.1985258,0.052091926
402748.jpg,0.033755,0.15339334,0.7286927,0.0841589
402749.jpg,0.7661001,0.027835572,0.14104897,0.06501531
402750.jpg,0.27236673,0.40628693,0.19981186,0.12153453
402751.jpg,0.066067,0.684416,0.17982797,0.06968905
402752.jpg,0.21255767,0.5401175,0.18680377,0.060521062
402753.jpg,0.6530012,0.10107305,0.18085118,0.06507459
402754.jpg,0.647816,0.10380486,0.15906368,0.08931547
402755.jpg,0.22510521,0.4861462,0.21983285,0.068915725
402756.jpg,0.04863946,0.65421695,0.19013558,0.10700801
402757.jpg,0.2899718,0.42518625,0.2096682,0.075173736
402758.jpg,0.578285,0.15359887,0.18371023,0.08440589
402759.jpg,0.13776536,0.5801596,0.22489838,0.057176664
402760.jpg,0.012291473,0.19784053,0.14507365,0.64479434
402761.jpg,0.07566399,0.6840565,0.18968664,0.05059284
402762.jpg,0.2475897,0.4843363,0.19654405,0.071529925
402763.jpg,0.26152208,0.49602214,0.18187165,0.060584124
402764.jpg,0.43318298,0.25763524,0.2359079,0.0732739
402765.jpg,0.35139608,0.3316957,0.24265213,0.07425604
402766.jpg,0.35572293,0.369579,0.20901549,0.06568253
402767.jpg,0.008754919,0.07049942,0.41298744,0.5077582
402768.jpg,0.20229204,0.5421172,0.19844012,0.05715068
402769.jpg,0.4151281,0.26846215,0.23168735,0.08472237
402770.jpg,0.10920367,0.58352536,0.22996676,0.07730424
402771.jpg,0.108859874,0.21870093,0.6247799,0.04765934
402772.jpg,0.13780865,0.57628024,0.18940192,0.096509136
402773.jpg,0.18823354,0.49621275,0.2531478,0.062405903
402774.jpg,0.7536724,0.05168563,0.14332885,0.05131309
402775.jpg,0.4505031,0.2676886,0.2094441,0.072364174
402776.jpg,0.5914416,0.17197753,0.1696167,0.06696422
402777.jpg,0.054569084,0.6881507,0.19829136,0.058988813
402778.jpg,0.3222597,0.435676,0.18575267,0.056311667
402779.jpg,0.20076662,0.53977424,0.20373023,0.055728924
402780.jpg,0.719275,0.06165099,0.14795561,0.07111839
402781.jpg,0.14804186,0.594121,0.19286777,0.06496941
402782.jpg,0.042198185,0.71606636,0.17629415,0.06544128
402783.jpg,0.6492587,0.047846574,0.2626849,0.04020984
402784.jpg,0.097139865,0.6439948,0.2007144,0.05815092
402785.jpg,0.6401762,0.11546568,0.1707943,0.073563896
402786.jpg,0.04217573,0.6739785,0.20255208,0.0812937
402787.jpg,0.19192958,0.54336184,0.1958465,0.0688621
402788.jpg,0.63693964,0.07490031,0.21870947,0.06945055
402789.jpg,0.7470011,0.040989947,0.1526503,0.059358682
402790.jpg,0.046462167,0.6760891,0.21299887,0.06444987
402791.jpg,0.6668454,0.11623309,0.15691684,0.060004655
402792.jpg,0.05478537,0.45880237,0.3468832,0.13952905
402793.jpg,0.7581601,0.0374032,0.14702535,0.057411313
402794.jpg,0.7330513,0.06581721,0.1484934,0.052638095
402795.jpg,0.7189894,0.04963402,0.16314118,0.06823546
402796.jpg,0.6768613,0.10857216,0.16187108,0.05269548
402797.jpg,0.3320002,0.33161882,0.2185123,0.1178687
402798.jpg,0.6514436,0.09990742,0.17461567,0.07403336
402799.jpg,0.62846327,0.12615108,0.17468552,0.07070014
402800.jpg,0.74036187,0.035355628,0.15177292,0.07250958
402801.jpg,0.6885484,0.06640338,0.1701386,0.07490962
402802.jpg,0.72745556,0.056218892,0.16307907,0.053246524
402803.jpg,0.60506636,0.14887848,0.18820657,0.057848617
402804.jpg,0.41822323,0.29771885,0.20528169,0.07877619
402805.jpg,0.3310142,0.35224128,0.23971081,0.0770337
402806.jpg,0.057865024,0.5624135,0.20075244,0.17896897
402807.jpg,0.03871746,0.74441975,0.15753973,0.059323017
402808.jpg,0.16255315,0.5493518,0.20768581,0.08040924
402809.jpg,0.2303549,0.49561596,0.18871908,0.08531007
402810.jpg,0.13218884,0.5731157,0.21232033,0.08237515
402811.jpg,0.7249902,0.0579499,0.15574755,0.06131229
402812.jpg,0.16218069,0.5466781,0.20963742,0.08150374
402813.jpg,0.04621257,0.7539253,0.14217743,0.05768473
402814.jpg,0.0046591787,0.008161733,0.30678433,0.6803947
402815.jpg,0.549074,0.17061436,0.20782538,0.072486214
402816.jpg,0.49396515,0.20996265,0.20791487,0.08815733
402817.jpg,0.35808608,0.36225256,0.19905335,0.08060802
402818.jpg,0.17222236,0.54134357,0.20337923,0.08305484
402819.jpg,0.3184831,0.44351077,0.17625315,0.061753005
402820.jpg,0.3188903,0.37795886,0.2175575,0.08559332
402821.jpg,0.27693108,0.4147118,0.2454967,0.06286041
402822.jpg,0.16456446,0.5553455,0.18641192,0.093678154
402823.jpg,0.62169826,0.14325762,0.17264456,0.06239954
402824.jpg,0.21450399,0.49169317,0.21941972,0.07438312
402825.jpg,0.75749516,0.038659897,0.1482954,0.055549536
402826.jpg,0.03877973,0.18780608,0.28508624,0.4883279
402827.jpg,0.50837594,0.20421273,0.209374,0.07803732
402828.jpg,0.6193989,0.094023526,0.2247283,0.061849248
402829.jpg,0.6129136,0.11868578,0.19449551,0.07390506
402830.jpg,0.18482013,0.55307955,0.19675662,0.06534365
402831.jpg,0.62329936,0.15482521,0.16221742,0.05965799
402832.jpg,0.20229554,0.551464,0.17967917,0.06656126
402833.jpg,0.74624604,0.039455403,0.15494911,0.059349496
402834.jpg,0.65260637,0.11791556,0.1587996,0.07067848
402835.jpg,0.38948774,0.3012329,0.24600013,0.06327922
402836.jpg,0.7207756,0.05838627,0.15638149,0.06445661
402837.jpg,0.590964,0.16467975,0.18274444,0.061611816
402838.jpg,0.011473452,0.072772086,0.1163052,0.79944927
402839.jpg,0.7466156,0.04973395,0.14246602,0.061184485
402840.jpg,0.04873499,0.66798073,0.17109174,0.11219255
402841.jpg,0.41109833,0.31721416,0.21072541,0.060962114
402842.jpg,0.7256623,0.04486681,0.1685222,0.06094868
402843.jpg,0.47845134,0.22761314,0.20762558,0.08630998
402844.jpg,0.40847853,0.31544515,0.21215527,0.063921034
402845.jpg,0.04204942,0.6996565,0.19978972,0.058504328
402846.jpg,0.725313,0.068047576,0.15237369,0.054265708
402847.jpg,0.46129027,0.27351108,0.19894631,0.06625233
402848.jpg,0.0060065244,0.010427195,0.099279374,0.8842869
402849.jpg,0.6639844,0.11863766,0.15926307,0.058114827
402850.jpg,0.021649608,0.6123075,0.23817758,0.12786539
402851.jpg,0.05682121,0.6890661,0.19898617,0.055126507
402852.jpg,0.1317214,0.6011378,0.17418404,0.09295675
402853.jpg,0.44238743,0.28210074,0.20450859,0.071003266
402854.jpg,0.018203733,0.65174335,0.21007653,0.119976364
402855.jpg,0.2219189,0.47783732,0.24318129,0.057062495
402856.jpg,0.4796761,0.24476779,0.19206934,0.08348677
402857.jpg,0.4678334,0.26129466,0.1946305,0.07624147
402858.jpg,0.11894599,0.6147631,0.20686936,0.059421558
402859.jpg,0.11689297,0.6082522,0.21121483,0.06363992
402860.jpg,0.50984854,0.23027067,0.19294518,0.06693566
402861.jpg,0.76001143,0.04051324,0.14649494,0.052980408
402862.jpg,0.71255827,0.064897925,0.16354458,0.058999166
402863.jpg,0.1320814,0.5994087,0.20841996,0.06008995
402864.jpg,0.770914,0.04356866,0.1230568,0.062460553
402865.jpg,0.7323744,0.040703263,0.16140498,0.06551735
402866.jpg,0.5083807,0.24467362,0.17253959,0.07440605
402867.jpg,0.07329505,0.66131216,0.18843682,0.07695595
402868.jpg,0.6737497,0.06883421,0.18544263,0.07197353
402869.jpg,0.45263687,0.26208058,0.21421456,0.07106796
402870.jpg,0.44500685,0.27207565,0.21927936,0.06363813
402871.jpg,0.7264543,0.04301634,0.16393533,0.06659398
402872.jpg,0.027333826,0.70010376,0.21567865,0.05688375
402873.jpg,0.71264523,0.06441386,0.15489788,0.068042964
402874.jpg,0.03880536,0.6330166,0.23079546,0.09738263
402875.jpg,0.72538614,0.041333273,0.16969879,0.06358179
402876.jpg,0.15250397,0.53791094,0.21459316,0.09499193
402877.jpg,0.17992127,0.025003007,0.75802374,0.037051994
402878.jpg,0.04915874,0.6910157,0.19041462,0.06941091
402879.jpg,0.038707633,0.7028148,0.17458709,0.08389043
402880.jpg,0.013688271,0.05554806,0.3929298,0.53783387
402881.jpg,0.67772627,0.093965404,0.16224393,0.06606439
402882.jpg,0.24280249,0.46283397,0.22806233,0.06630122
402883.jpg,0.63331896,0.1252112,0.17316552,0.06830435
402884.jpg,0.22599483,0.4958705,0.2088104,0.06932425
402885.jpg,0.10327539,0.64318854,0.16359366,0.089942366
402886.jpg,0.039270636,0.6996146,0.1879406,0.07317417
402887.jpg,0.10046035,0.6114338,0.20723371,0.08087211
402888.jpg,0.30897835,0.3820987,0.23687513,0.07204776
402889.jpg,0.5924274,0.15006132,0.20639832,0.051113028
402890.jpg,0.17311339,0.5152615,0.22687618,0.08474895
402891.jpg,0.58896166,0.15211447,0.19570033,0.0632235
402892.jpg,0.023581715,0.71459883,0.17834102,0.08347843
402893.jpg,0.5681468,0.18183057,0.19613715,0.053885426
402894.jpg,0.14588459,0.40928805,0.20602612,0.23880126
402895.jpg,0.4518381,0.29006818,0.18707359,0.07102018
402896.jpg,0.718488,0.067409076,0.15302747,0.061075438
402897.jpg,0.04661593,0.6945288,0.19257785,0.066277415
402898.jpg,0.36066762,0.37765026,0.1831551,0.078526966
402899.jpg,0.63862824,0.107719205,0.19737391,0.056278586
402900.jpg,0.021706307,0.27734128,0.26649728,0.43445513
402901.jpg,0.50824827,0.22412418,0.19922061,0.06840695
402902.jpg,0.5162364,0.219081,0.18597837,0.07870419
402903.jpg,0.045235038,0.72744226,0.17002498,0.057297796
402904.jpg,0.68579024,0.09153717,0.15704672,0.06562578
402905.jpg,0.25899497,0.47497693,0.18919794,0.07683017
402906.jpg,0.16276284,0.56199026,0.21085346,0.06439342
402907.jpg,0.05423534,0.65789086,0.2067939,0.08107991
402908.jpg,0.7586716,0.03681528,0.14859651,0.055916656
402909.jpg,0.11401037,0.6244992,0.17828447,0.08320596
402910.jpg,0.33979914,0.3812487,0.20801057,0.070941605
402911.jpg,0.75224763,0.048720833,0.14143287,0.05759862
402912.jpg,0.08576539,0.65215105,0.1963874,0.06569618
402913.jpg,0.43416405,0.29763916,0.18914114,0.07905572
402914.jpg,0.30290753,0.45200035,0.18217485,0.062917314
402915.jpg,0.021719703,0.7413284,0.18504763,0.051904242
402916.jpg,0.26437762,0.31685445,0.3066083,0.11215961
402917.jpg,0.69943166,0.06796721,0.15686345,0.07573771
402918.jpg,0.5398641,0.16190976,0.20421171,0.094014384
402919.jpg,0.70021486,0.067959465,0.17372668,0.05809906
402920.jpg,0.06797623,0.7003867,0.17422712,0.057409983
402921.jpg,0.61688393,0.103131056,0.22524221,0.05474284
402922.jpg,0.07228548,0.67189795,0.18291189,0.07290465
402923.jpg,0.06651353,0.639071,0.20101841,0.09339705
402924.jpg,0.728175,0.06160682,0.15338296,0.056835283
402925.jpg,0.08752804,0.6502196,0.18417954,0.078072816
402926.jpg,0.030245954,0.73377067,0.17094755,0.065035746
402927.jpg,0.6338983,0.13535412,0.16938525,0.061362315
402928.jpg,0.38194022,0.35292324,0.20199518,0.06314137
402929.jpg,0.6524927,0.10377642,0.18585074,0.05788013
402930.jpg,0.10450959,0.64136726,0.18129057,0.07283261
402931.jpg,0.21610169,0.50233793,0.22509873,0.056461614
402932.jpg,0.10980693,0.59579325,0.20509315,0.08930668
402933.jpg,0.0553486,0.60183394,0.254217,0.08860046
402934.jpg,0.703922,0.092166245,0.13839994,0.06551188
402935.jpg,0.038548436,0.7272279,0.18399467,0.050228965
402936.jpg,0.16019095,0.598344,0.17340791,0.06805709
402937.jpg,0.20395474,0.525658,0.20811193,0.06227532
402938.jpg,0.6927354,0.07614931,0.16076209,0.0703532
402939.jpg,0.045859963,0.7531908,0.1540755,0.04687372
402940.jpg,0.29267332,0.4462484,0.19047539,0.0706029
402941.jpg,0.03864002,0.68122107,0.15562929,0.12450964
402942.jpg,0.65040153,0.094342984,0.18977441,0.06548107
402943.jpg,0.5007485,0.21986921,0.19812174,0.08126056
402944.jpg,0.39934382,0.34706733,0.19569741,0.05789144
402945.jpg,0.007568646,0.028126312,0.094594814,0.8697102
402946.jpg,0.7009476,0.06882959,0.16038679,0.069836
402947.jpg,0.06382487,0.6728285,0.19430389,0.06904268
402948.jpg,0.27868554,0.42726746,0.22164363,0.07240335
402949.jpg,0.11818647,0.6309413,0.17825055,0.07262174
402950.jpg,0.09695967,0.5504655,0.18757789,0.16499694
402951.jpg,0.5035265,0.20948993,0.23786987,0.049113657
402952.jpg,0.030608544,0.7066545,0.20255065,0.060186327
402953.jpg,0.0685634,0.6737701,0.18283457,0.07483197
402954.jpg,0.66007507,0.11046914,0.15534514,0.07411064
402955.jpg,0.20945553,0.47174636,0.24868087,0.07011723
402956.jpg,0.1170364,0.6306405,0.19206136,0.060261738
402957.jpg,0.026060382,0.7331918,0.1847493,0.055998433
402958.jpg,0.47565126,0.2329684,0.21476322,0.076617084
402959.jpg,0.14930317,0.025107836,0.6191699,0.20641913
402960.jpg,0.42824697,0.32247803,0.18142127,0.06785374
402961.jpg,0.018690266,0.12967452,0.46984342,0.38179174
402962.jpg,0.75216985,0.04498464,0.14557834,0.05726717
402963.jpg,0.62286097,0.01980768,0.31367597,0.043655384
402964.jpg,0.5160292,0.22904699,0.16026066,0.094663166
402965.jpg,0.55650115,0.20541774,0.18093114,0.057149995
402966.jpg,0.07531921,0.65610844,0.20758915,0.06098317
402967.jpg,0.00570823,0.011181067,0.17738093,0.8057298
402968.jpg,0.028771168,0.28795478,0.13893782,0.54433626
402969.jpg,0.0016727159,0.0026928445,0.98663574,0.008998616
402970.jpg,0.33653426,0.35124466,0.23275833,0.079462804
402971.jpg,0.6348454,0.10731312,0.2061423,0.051699206
402972.jpg,0.59291154,0.066726945,0.30192396,0.038437586
402973.jpg,0.073693395,0.66719323,0.19443972,0.06467367
402974.jpg,0.036703978,0.6403279,0.1782188,0.14474933
402975.jpg,0.6663965,0.097670324,0.18210216,0.053830996
402976.jpg,0.03019827,0.6301744,0.23292089,0.10670647
402977.jpg,0.16559887,0.5073634,0.20840341,0.11863432
402978.jpg,0.14890294,0.6034389,0.1746433,0.07301491
402979.jpg,0.22409207,0.54133534,0.1726522,0.061920356
402980.jpg,0.35770187,0.32993498,0.23433219,0.07803098
402981.jpg,0.108784236,0.6511402,0.17371096,0.06636458
402982.jpg,0.24118878,0.4672996,0.19284566,0.09866593
402983.jpg,0.021090096,0.25783962,0.10781198,0.6132583
402984.jpg,0.018731521,0.76968366,0.15103321,0.060551573
402985.jpg,0.5002081,0.26541883,0.17917407,0.055199027
402986.jpg,0.5183032,0.23875661,0.17855251,0.06438764
402987.jpg,0.7240681,0.06843292,0.14804177,0.05945724
402988.jpg,0.7470599,0.046851438,0.14437757,0.061711103
402989.jpg,0.41885233,0.32535884,0.18686815,0.06892062
402990.jpg,0.02125758,0.27050197,0.39008704,0.31815344
402991.jpg,0.4513961,0.3099783,0.1825964,0.05602913
402992.jpg,0.7103836,0.076129876,0.15539618,0.05809034
402993.jpg,0.025040818,0.7648452,0.15974867,0.050365236
402994.jpg,0.6226137,0.12011075,0.17956443,0.07771105
402995.jpg,0.768603,0.034043793,0.13259132,0.064761914
402996.jpg,0.4793912,0.2736265,0.17988831,0.06709399
402997.jpg,0.42235255,0.3617649,0.15737264,0.058509912
402998.jpg,0.59298694,0.13585329,0.21824498,0.05291481
402999.jpg,0.06306828,0.6438481,0.19805288,0.095030725
403000.jpg,0.028443703,0.7217497,0.17009853,0.07970806
403001.jpg,0.24767965,0.4778501,0.21098547,0.063484736
403002.jpg,0.08283015,0.6515937,0.19906406,0.06651206
403003.jpg,0.026302645,0.008222406,0.952404,0.01307092
403004.jpg,0.75343084,0.06155691,0.13048637,0.054525867
403005.jpg,0.5249875,0.20183349,0.20363979,0.06953916
403006.jpg,0.75050086,0.033637993,0.15833734,0.057523865
403007.jpg,0.7355711,0.06765602,0.1415708,0.05520208
403008.jpg,0.7583285,0.031038193,0.16242434,0.048208952
403009.jpg,0.20034397,0.5008747,0.18445511,0.11432623
403010.jpg,0.034676548,0.72457266,0.17551751,0.06523332
403011.jpg,0.5989156,0.14635654,0.1836539,0.07107394
403012.jpg,0.59786034,0.14795278,0.1783648,0.07582211
403013.jpg,0.06844259,0.66703206,0.20093237,0.06359297
403014.jpg,0.022115482,0.69847816,0.19472222,0.08468423
403015.jpg,0.17091496,0.50073797,0.21476348,0.113583595
403016.jpg,0.76967335,0.032513227,0.14806892,0.049744457
403017.jpg,0.026449373,0.34093055,0.29423538,0.33838472
403018.jpg,0.11597221,0.40771034,0.29121402,0.18510342
403019.jpg,0.74175876,0.04037147,0.16284558,0.05502419
403020.jpg,0.7213225,0.067899145,0.15038316,0.06039524
403021.jpg,0.117265284,0.6326297,0.18049836,0.06960664
403022.jpg,0.3622249,0.3782861,0.20239712,0.05709188
403023.jpg,0.16559508,0.57553226,0.19884247,0.06003019
403024.jpg,0.28818533,0.38264978,0.22529455,0.10387033
403025.jpg,0.047007084,0.6772974,0.17651634,0.0991791
403026.jpg,0.026431443,0.61913484,0.22819899,0.12623474
403027.jpg,0.23692195,0.4985917,0.19115229,0.07333406
403028.jpg,0.06378734,0.6783721,0.18582602,0.07201457
403029.jpg,0.488966,0.25873122,0.1848547,0.06744801
403030.jpg,0.3233876,0.40579677,0.19391899,0.07689668
403031.jpg,0.76439,0.027247444,0.14496577,0.063396804
403032.jpg,0.02224979,0.7275195,0.17749208,0.07273862
403033.jpg,0.13928041,0.55922395,0.22333546,0.078160174
403034.jpg,0.58450913,0.14275642,0.20197427,0.070760176
403035.jpg,0.022314563,0.17813678,0.14830653,0.6512421
403036.jpg,0.7455123,0.03661353,0.14903943,0.068834625
403037.jpg,0.75388104,0.04172203,0.15414779,0.050249133
403038.jpg,0.6546972,0.11111665,0.17466176,0.059524525
403039.jpg,0.7063096,0.04360813,0.18790908,0.062173095
403040.jpg,0.3654027,0.2916195,0.24586378,0.097114004
403041.jpg,0.06697396,0.034438822,0.8745006,0.024086654
403042.jpg,0.06805142,0.017525712,0.70598644,0.20843643
403043.jpg,0.24414353,0.45112526,0.23095815,0.07377306
403044.jpg,0.2820103,0.4646522,0.18667126,0.06666624
403045.jpg,0.23634262,0.46929434,0.21367252,0.08069048
403046.jpg,0.066908896,0.68265146,0.20144546,0.048994184
403047.jpg,0.055200707,0.53778017,0.18977089,0.21724819
403048.jpg,0.058902245,0.6716388,0.2024043,0.06705471
403049.jpg,0.5947837,0.16810441,0.17936343,0.057748508
403050.jpg,0.65052104,0.118581824,0.16870208,0.06219508
403051.jpg,0.52261186,0.051879045,0.38312587,0.04238327
403052.jpg,0.027985757,0.7350039,0.18407173,0.052938577
403053.jpg,0.102768004,0.66662663,0.17466874,0.055936683
403054.jpg,0.067237504,0.6537564,0.19217415,0.08683198
403055.jpg,0.039620966,0.7166009,0.19091505,0.05286306
403056.jpg,0.11211985,0.6646568,0.17184539,0.05137795
403057.jpg,0.1918493,0.5779233,0.15485878,0.07536861
403058.jpg,0.03668702,0.7084126,0.18640827,0.06849215
403059.jpg,0.13514845,0.6418877,0.15651427,0.06644958
403060.jpg,0.024124624,0.7495521,0.17501217,0.05131109
403061.jpg,0.20453715,0.51150966,0.21029086,0.07366233
403062.jpg,0.28911242,0.44453272,0.18026817,0.08608668
403063.jpg,0.09193648,0.6609306,0.17750315,0.06962975
403064.jpg,0.3801373,0.33024785,0.20745258,0.08216231
403065.jpg,0.013944359,0.06397543,0.3630205,0.5590597
403066.jpg,0.39127493,0.32992843,0.20952184,0.06927484
403067.jpg,0.058170408,0.7065695,0.17329763,0.061962407
403068.jpg,0.091469705,0.6459336,0.1869936,0.075603105
403069.jpg,0.3470129,0.31338114,0.24334238,0.09626356
403070.jpg,0.50477177,0.23750786,0.19028783,0.06743252
403071.jpg,0.19075638,0.15437628,0.2605931,0.39427423
403072.jpg,0.2751407,0.43549466,0.21070246,0.078662224
403073.jpg,0.37595627,0.07164193,0.51232296,0.040078893
403074.jpg,0.020086944,0.65285856,0.25671777,0.07033675
403075.jpg,0.68591255,0.08366144,0.16555846,0.064867556
403076.jpg,0.5256825,0.03993128,0.38856968,0.04581657
403077.jpg,0.16095257,0.6002222,0.18857102,0.050254256
403078.jpg,0.13580625,0.5902228,0.21462281,0.059348166
403079.jpg,0.6663944,0.09772879,0.1683981,0.06747866
403080.jpg,0.022574382,0.6804474,0.19413345,0.102844745
403081.jpg,0.6962147,0.076866515,0.16261862,0.06430013
403082.jpg,0.6189477,0.13687399,0.16828668,0.07589165
403083.jpg,0.032042895,0.68323946,0.2322057,0.05251193
403084.jpg,0.6341298,0.11477697,0.19099641,0.060096785
403085.jpg,0.35537168,0.37383553,0.20360883,0.067183964
403086.jpg,0.7449534,0.053346094,0.1414301,0.06027041
403087.jpg,0.6755232,0.09410807,0.17430502,0.056063693
403088.jpg,0.29014525,0.431869,0.2130992,0.0648866
403089.jpg,0.036814954,0.31655797,0.13873264,0.50789446
403090.jpg,0.4350902,0.2895151,0.19268787,0.082706824
403091.jpg,0.20082922,0.48857716,0.20628421,0.1043094
403092.jpg,0.023522884,0.74369854,0.15343328,0.07934527
403093.jpg,0.5754543,0.122963406,0.24060686,0.060975373
403094.jpg,0.14241199,0.08241884,0.6279688,0.14720036
403095.jpg,0.22475655,0.53623205,0.18931997,0.049691483
403096.jpg,0.019186411,0.53724575,0.19629084,0.24727702
403097.jpg,0.25892216,0.4662403,0.17703278,0.09780475
403098.jpg,0.34829268,0.35639703,0.22911082,0.066199474
403099.jpg,0.60680753,0.14489797,0.17799228,0.07030218
403100.jpg,0.080533065,0.5086214,0.27952194,0.13132364
403101.jpg,0.04147111,0.75217956,0.16045225,0.045897093
403102.jpg,0.17333692,0.5176379,0.22940429,0.079620875
403103.jpg,0.21681023,0.50530964,0.19798474,0.07989537
403104.jpg,0.46106234,0.3143963,0.16005899,0.0644824
403105.jpg,0.25960132,0.44591022,0.22284158,0.07164687
403106.jpg,0.6233534,0.14322291,0.17290215,0.060521513
403107.jpg,0.57428956,0.175943,0.17289722,0.07687023
403108.jpg,0.6438601,0.10148853,0.19300874,0.061642632
403109.jpg,0.7163455,0.06854444,0.17093264,0.044177532
403110.jpg,0.2627416,0.44321665,0.2362194,0.057822306
403111.jpg,0.7508064,0.048471045,0.14070082,0.060021702
403112.jpg,0.6379424,0.12671766,0.16717751,0.068162456
403113.jpg,0.7593389,0.021981813,0.16221987,0.05645938
403114.jpg,0.03320795,0.76667166,0.15480447,0.04531592
403115.jpg,0.53354144,0.21123461,0.18856342,0.066660516
403116.jpg,0.0031333081,0.005850457,0.8688553,0.12216091
403117.jpg,0.20311914,0.51545423,0.2065686,0.07485805
403118.jpg,0.62486583,0.11417216,0.1877644,0.073197566
403119.jpg,0.6651582,0.108448714,0.16034047,0.06605256
403120.jpg,0.7328951,0.042196915,0.15597889,0.0689291
403121.jpg,0.5360728,0.21797968,0.19066471,0.055282768
403122.jpg,0.5193859,0.19739372,0.20151244,0.081708
403123.jpg,0.10834751,0.66975206,0.17031944,0.051581014
403124.jpg,0.22004801,0.30421853,0.39811996,0.077613495
403125.jpg,0.58041984,0.13899699,0.20253022,0.078052945
403126.jpg,0.36619982,0.34832788,0.22029687,0.06517544
403127.jpg,0.4266502,0.29446855,0.21784925,0.06103198
403128.jpg,0.28415278,0.4338318,0.20505936,0.076956026
403129.jpg,0.76257247,0.03397793,0.14507814,0.05837151
403130.jpg,0.09851196,0.6269495,0.20808117,0.06645738
403131.jpg,0.22795908,0.49852404,0.20793772,0.06557917
403132.jpg,0.053898618,0.63094336,0.17237872,0.1427793
403133.jpg,0.6969742,0.07834008,0.16842186,0.056263853
403134.jpg,0.24420585,0.45667434,0.20761009,0.09150972
403135.jpg,0.037418976,0.72143143,0.19008262,0.05106694
403136.jpg,0.41394854,0.37080765,0.15566397,0.059579868
403137.jpg,0.6234162,0.119959354,0.19073074,0.06589379
403138.jpg,0.70276576,0.07323184,0.15552664,0.0684757
403139.jpg,0.28028643,0.44809064,0.20843709,0.06318588
403140.jpg,0.42728814,0.28304872,0.20216985,0.08749325
403141.jpg,0.68784255,0.05872513,0.19759147,0.05584091
403142.jpg,0.7704787,0.040995996,0.12848894,0.060036283
403143.jpg,0.030239886,0.4698248,0.40660092,0.093334384
403144.jpg,0.16488132,0.54378617,0.22182553,0.06950701
403145.jpg,0.020612,0.7260604,0.17014198,0.083185606
403146.jpg,0.5957782,0.13561861,0.20466524,0.063937895
403147.jpg,0.14403903,0.5683549,0.20624852,0.08135752
403148.jpg,0.050779384,0.67941576,0.18278283,0.08702201
403149.jpg,0.7637069,0.037789762,0.1459093,0.052593973
403150.jpg,0.24658638,0.49578425,0.19579898,0.0618304
403151.jpg,0.09011509,0.65368867,0.20624311,0.049953192
403152.jpg,0.73965245,0.052305978,0.1511723,0.056869287
403153.jpg,0.75547904,0.029554948,0.156312,0.05865409
403154.jpg,0.72833043,0.03625368,0.17895478,0.056461096
403155.jpg,0.65886384,0.11384275,0.16531608,0.06197731
403156.jpg,0.7882852,0.029798875,0.12636608,0.05554985
403157.jpg,0.05747271,0.7260508,0.1563149,0.060161605
403158.jpg,0.16482507,0.56670165,0.21110503,0.05736828
403159.jpg,0.13219127,0.59246767,0.21393587,0.06140521
403160.jpg,0.049487997,0.5983674,0.21011566,0.14202899
403161.jpg,0.7222285,0.068005,0.14983267,0.059933763
403162.jpg,0.78065324,0.035473537,0.13090609,0.052967116
403163.jpg,0.14954726,0.53075427,0.25121614,0.06848235
403164.jpg,0.06730629,0.73585844,0.13382743,0.06300789
403165.jpg,0.36677992,0.3348659,0.2115054,0.08684877
403166.jpg,0.03995083,0.7120773,0.1673305,0.08064138
403167.jpg,0.20686066,0.51028216,0.2230386,0.059818584
403168.jpg,0.007737083,0.0047853603,0.9754963,0.011981268
403169.jpg,0.53622866,0.18840726,0.19576354,0.07960055
403170.jpg,0.37050545,0.18368359,0.25575873,0.1900522
403171.jpg,0.107094355,0.6107963,0.20398937,0.07812003
403172.jpg,0.14193797,0.5965032,0.16735049,0.09420838
403173.jpg,0.3118008,0.38310423,0.19546993,0.10962499
403174.jpg,0.0059890896,0.018431026,0.08200771,0.89357215
403175.jpg,0.018017394,0.31835842,0.13991733,0.52370685
403176.jpg,0.27164248,0.32806227,0.32191023,0.078385
403177.jpg,0.73634577,0.05775677,0.15878914,0.04710835
403178.jpg,0.17059724,0.55193263,0.17661524,0.100854866
403179.jpg,0.4931561,0.22265881,0.2165656,0.067619495
403180.jpg,0.08763489,0.6572867,0.19859879,0.056479603
403181.jpg,0.06038635,0.6978052,0.17532979,0.06647869
403182.jpg,0.053725988,0.70131564,0.18637447,0.05858391
403183.jpg,0.54189473,0.22394544,0.17933863,0.05482119
403184.jpg,0.008780318,0.11482706,0.497103,0.37928966
403185.jpg,0.6426504,0.14305744,0.16417594,0.050116215
403186.jpg,0.15046252,0.5609816,0.22841437,0.06014144
403187.jpg,0.033871785,0.7324944,0.18183951,0.051794276
403188.jpg,0.027480995,0.6941254,0.19440396,0.08398961
403189.jpg,0.0464379,0.7254441,0.15930939,0.06880867
403190.jpg,0.768635,0.032304853,0.14400025,0.05505997
403191.jpg,0.57309943,0.17050932,0.18588729,0.07050393
403192.jpg,0.57225484,0.15854102,0.20071363,0.06849051
403193.jpg,0.7470507,0.03631638,0.15599938,0.06063358
403194.jpg,0.6819191,0.09362047,0.16881084,0.05564964
403195.jpg,0.68743056,0.06905577,0.17937376,0.06413997
403196.jpg,0.04065745,0.111135274,0.40244624,0.44576108
403197.jpg,0.18645859,0.5427959,0.20870297,0.062042568
403198.jpg,0.20555107,0.5135665,0.2057906,0.07509184
403199.jpg,0.0789083,0.6565553,0.20193563,0.06260079
403200.jpg,0.24098055,0.3295721,0.37998867,0.049458664
403201.jpg,0.084014535,0.6197104,0.19109142,0.10518374
403202.jpg,0.7634646,0.032428265,0.14244013,0.061667014
403203.jpg,0.10925308,0.6787998,0.15992324,0.05202396
403204.jpg,0.7853918,0.027141936,0.14157604,0.045890253
403205.jpg,0.04893857,0.03277037,0.8970069,0.021284223
403206.jpg,0.73574424,0.07090784,0.13523357,0.05811439
403207.jpg,0.10373819,0.6473885,0.18258838,0.06628483
403208.jpg,0.120957874,0.64427334,0.17523839,0.059530366
403209.jpg,0.76923627,0.03775705,0.13722432,0.055782426
403210.jpg,0.74838185,0.04322371,0.14769982,0.060694616
403211.jpg,0.63293207,0.15258043,0.16795754,0.046529975
403212.jpg,0.62649894,0.12732477,0.18492925,0.061247054
403213.jpg,0.6896437,0.10853198,0.14667502,0.055149313
403215.jpg,0.75399643,0.04425092,0.13899107,0.06276155
403216.jpg,0.10944867,0.6745043,0.16486281,0.05118425
403217.jpg,0.11000829,0.6267157,0.1634361,0.0998399
403218.jpg,0.24088998,0.47573388,0.2073601,0.07601602
403219.jpg,0.015043105,0.6094708,0.2130568,0.16242932
403220.jpg,0.7136292,0.07241688,0.15145864,0.062495302
403221.jpg,0.6382486,0.1418781,0.15580772,0.06406554
403222.jpg,0.2762758,0.37178516,0.2267937,0.12514529
403223.jpg,0.13946486,0.49694586,0.2080258,0.15556355
403224.jpg,0.025119007,0.37197837,0.1402662,0.46263644
403225.jpg,0.71382123,0.04478538,0.15986152,0.08153176
403226.jpg,0.07729953,0.4021251,0.44557437,0.075000994
403227.jpg,0.28110904,0.44555822,0.20696443,0.06636832
403228.jpg,0.64208347,0.075927705,0.21826486,0.063723914
403229.jpg,0.026925728,0.754872,0.16945179,0.04875052
403230.jpg,0.20905791,0.5315624,0.19394632,0.06543337
403231.jpg,0.61989266,0.14932193,0.17280428,0.05798115
403232.jpg,0.13175963,0.55525154,0.2517247,0.061264154
403233.jpg,0.5046733,0.24652696,0.18655734,0.062242437
403234.jpg,0.07769967,0.07058054,0.3573278,0.49439204
403235.jpg,0.6170798,0.15046966,0.16547547,0.06697501
403236.jpg,0.60813814,0.17078905,0.1656471,0.05542569
403237.jpg,0.42230186,0.31241974,0.18656842,0.07871
403238.jpg,0.067078836,0.67770606,0.19043207,0.06478301
403239.jpg,0.09345728,0.64946455,0.1942883,0.06278988
403240.jpg,0.7846635,0.028242521,0.12812576,0.058968276
403241.jpg,0.10298922,0.601547,0.21630056,0.079163186
403242.jpg,0.57381207,0.18382269,0.168173,0.07419225
403243.jpg,0.72619414,0.06803267,0.1551053,0.0506679
403244.jpg,0.06680559,0.6914647,0.18818134,0.05354834
403245.jpg,0.74919194,0.0368135,0.15043356,0.06356099
403246.jpg,0.09973892,0.6306625,0.20392275,0.06567585
403247.jpg,0.04623672,0.6714201,0.20375277,0.07859045
403248.jpg,0.35549894,0.34379745,0.2171384,0.0835652
403249.jpg,0.025650047,0.699547,0.20201762,0.072785385
403250.jpg,0.04674315,0.5017343,0.23718034,0.21434224
403251.jpg,0.24392088,0.514319,0.18307571,0.05868441
403252.jpg,0.691346,0.084420376,0.15166532,0.07256833
403253.jpg,0.4567546,0.22365372,0.2156431,0.10394857
403254.jpg,0.7222282,0.04524987,0.16402881,0.068493105
403255.jpg,0.3949676,0.29580647,0.21547236,0.093753554
403256.jpg,0.49831316,0.24696164,0.17861243,0.07611277
403257.jpg,0.2673638,0.43774486,0.22242622,0.07246513
403258.jpg,0.6480884,0.115032285,0.17708673,0.059792597
403259.jpg,0.12155654,0.56907535,0.24598671,0.06338141
403260.jpg,0.4045619,0.32769316,0.20605044,0.06169452
403261.jpg,0.316843,0.4304653,0.17750542,0.075186245
403262.jpg,0.71505857,0.0515158,0.17853908,0.054886524
403263.jpg,0.21972115,0.5186338,0.19312851,0.06851659
403264.jpg,0.5836144,0.1678348,0.18295418,0.06559659
403265.jpg,0.099615,0.22295892,0.30571342,0.37171268
403266.jpg,0.5720822,0.17952843,0.1881426,0.060246762
403267.jpg,0.50107837,0.22491217,0.20951879,0.06449068
403268.jpg,0.20779471,0.4766201,0.19049077,0.12509443
403269.jpg,0.0124473125,0.08595682,0.113236666,0.78835917
403270.jpg,0.057218354,0.65690964,0.20881234,0.077059664
403271.jpg,0.041399833,0.119187504,0.33797884,0.50143385
403272.jpg,0.7307243,0.0407995,0.17027123,0.05820502
403273.jpg,0.47337154,0.2692378,0.18670869,0.070682
403274.jpg,0.5918054,0.14020105,0.20386289,0.06413068
403275.jpg,0.70345265,0.06521388,0.16389309,0.06744036
403276.jpg,0.04743736,0.69343156,0.16638292,0.09274813
403277.jpg,0.15253606,0.6031732,0.18440191,0.059888843
403278.jpg,0.024537548,0.690936,0.20030157,0.08422488
403279.jpg,0.71380514,0.059998173,0.16269466,0.063502066
403280.jpg,0.5541745,0.17980649,0.19329154,0.072727494
403281.jpg,0.0057508517,0.01721367,0.1658554,0.8111801
403282.jpg,0.6167562,0.14277609,0.16826423,0.07220349
403283.jpg,0.75485325,0.03992979,0.14581496,0.059401948
403284.jpg,0.3858899,0.31842092,0.2195756,0.07611358
403285.jpg,0.64050645,0.12865068,0.16273339,0.06810951
403286.jpg,0.7183052,0.046170402,0.1667902,0.06873422
403287.jpg,0.22222526,0.5180678,0.20066555,0.05904138
403288.jpg,0.75700974,0.032813463,0.14396288,0.06621385
403289.jpg,0.7386947,0.037152156,0.15181112,0.07234195
403290.jpg,0.062305156,0.53175545,0.22769864,0.17824073
403291.jpg,0.08063423,0.6758693,0.18777007,0.05572638
403292.jpg,0.019379834,0.7353113,0.18271405,0.06259482
403293.jpg,0.6837283,0.0824656,0.16804023,0.06576585
403294.jpg,0.073013015,0.674617,0.17657943,0.075790554
403295.jpg,0.09237138,0.634173,0.20412314,0.06933248
403296.jpg,0.30901626,0.33694986,0.220331,0.13370287
403297.jpg,0.41353276,0.2586091,0.25866497,0.06919316
403298.jpg,0.3769695,0.33769557,0.206814,0.07852095
403299.jpg,0.53509,0.19243939,0.19953263,0.07293791
403300.jpg,0.7428277,0.06332218,0.14116092,0.052689154
403301.jpg,0.3816204,0.37016037,0.18484636,0.06337287
403302.jpg,0.07669928,0.5863541,0.24237406,0.09457264
403303.jpg,0.4503391,0.2750778,0.20128423,0.073298834
403304.jpg,0.14510798,0.580724,0.194842,0.07932604
403306.jpg,0.6367758,0.104300536,0.19245069,0.06647299
403307.jpg,0.14128146,0.61518425,0.17669223,0.066842094
403309.jpg,0.74236697,0.04828967,0.15335293,0.055990476
403310.jpg,0.22475122,0.5116753,0.17448264,0.089090824
403311.jpg,0.015609584,0.6841691,0.20156117,0.098660104
403312.jpg,0.032717217,0.6942261,0.17544647,0.097610205
403313.jpg,0.24135093,0.47760227,0.2216531,0.05939366
403314.jpg,0.49416915,0.24592055,0.1821574,0.07775285
403315.jpg,0.10840258,0.6094069,0.21142232,0.07076819
403316.jpg,0.13276584,0.49322557,0.2810475,0.092961065
403317.jpg,0.068466514,0.55536324,0.16351558,0.21265464
403318.jpg,0.47142777,0.28797302,0.17181738,0.06878186
403319.jpg,0.66977245,0.09295481,0.17686228,0.06041048
403320.jpg,0.025559226,0.29620892,0.15041904,0.5278128
403321.jpg,0.68753594,0.09271278,0.15300937,0.06674189
403322.jpg,0.57518405,0.15305738,0.21284895,0.058909606
403323.jpg,0.04996117,0.70094967,0.17899467,0.070094466
403324.jpg,0.24900572,0.40566626,0.228136,0.11719199
403325.jpg,0.72598344,0.049491834,0.16402772,0.060496956
403326.jpg,0.0519903,0.69180423,0.19927621,0.056929246
403327.jpg,0.077415586,0.6445318,0.17598689,0.1020658
403328.jpg,0.0787316,0.6758072,0.18235977,0.06310151
403329.jpg,0.23641682,0.45666885,0.21508646,0.09182788
403330.jpg,0.6360133,0.13442928,0.15892698,0.070630416
403331.jpg,0.040573377,0.70937234,0.16520952,0.08484479
403332.jpg,0.13736455,0.59245616,0.2021208,0.06805844
403333.jpg,0.6214386,0.12424204,0.18402876,0.07029053
403334.jpg,0.12332892,0.58362836,0.23516382,0.05787884
403335.jpg,0.41252542,0.29962862,0.21945101,0.06839494
403336.jpg,0.46884573,0.23740244,0.21267428,0.08107755
403337.jpg,0.021370577,0.31388888,0.2601544,0.40458617
403338.jpg,0.525904,0.1956964,0.20662825,0.07177139
403339.jpg,0.15429842,0.57814217,0.20773898,0.059820473
403340.jpg,0.7535743,0.035665642,0.1544675,0.05629258
403341.jpg,0.017419118,0.70883757,0.2017373,0.072005965
403342.jpg,0.7547752,0.047419965,0.13038044,0.06742433
403343.jpg,0.22062118,0.2586142,0.4052182,0.11554644
403344.jpg,0.32302275,0.38235494,0.22242296,0.07219937
403345.jpg,0.50583553,0.2570077,0.17777109,0.059385706
403346.jpg,0.25306055,0.4830706,0.20143135,0.062437486
403347.jpg,0.2205224,0.500498,0.2117901,0.06718949
403348.jpg,0.44645396,0.28620574,0.18265855,0.08468169
403349.jpg,0.09787005,0.37588444,0.33010006,0.19614543
403350.jpg,0.6552729,0.10333989,0.17210604,0.06928121
403351.jpg,0.10276369,0.5796297,0.19077122,0.12683538
403352.jpg,0.30357918,0.43773043,0.19074255,0.067947835
403353.jpg,0.00272758,0.012515127,0.6893657,0.2953916
403354.jpg,0.04285702,0.7497082,0.15696563,0.05046911
403355.jpg,0.73632663,0.055015583,0.14744303,0.061214786
403356.jpg,0.70812416,0.046303105,0.19169097,0.053881735
403357.jpg,0.6275871,0.087580256,0.18324308,0.10158965
403358.jpg,0.32728755,0.32099387,0.21649776,0.1352208
403359.jpg,0.03663707,0.72580487,0.1801899,0.05736819
403360.jpg,0.07595558,0.6912903,0.17206383,0.060690332
403361.jpg,0.66297275,0.109823786,0.16909187,0.058111608
403362.jpg,0.32967544,0.40726206,0.1932353,0.069827236
403363.jpg,0.041077796,0.7227923,0.16338302,0.07274685
403364.jpg,0.09681667,0.58540493,0.19674623,0.12103209
403365.jpg,0.063126184,0.675117,0.2025122,0.059244614
403366.jpg,0.7741628,0.028362468,0.14481403,0.052660625
403367.jpg,0.004223269,0.007854969,0.83594114,0.15198061
403368.jpg,0.031151438,0.7255891,0.17397608,0.06928333
403369.jpg,0.1638538,0.51369196,0.21994253,0.102511734
403370.jpg,0.05507232,0.7215826,0.16141765,0.061927453
403371.jpg,0.66853714,0.10409772,0.16657446,0.060790706
403372.jpg,0.7547727,0.028993567,0.15885441,0.057379264
403373.jpg,0.7936037,0.028740965,0.13370028,0.04395504
403374.jpg,0.0024934902,0.0066009625,0.7194571,0.27144846
403375.jpg,0.18522571,0.5575568,0.19542868,0.061788797
403376.jpg,0.74638516,0.04860569,0.13270722,0.072301894
403377.jpg,0.2924672,0.3962293,0.21459062,0.096712895
403378.jpg,0.785536,0.032158606,0.13411453,0.04819095
403379.jpg,0.09207217,0.6398213,0.20386757,0.06423896
403380.jpg,0.05280058,0.08176634,0.27599934,0.5894337
403381.jpg,0.74492407,0.03935117,0.14804335,0.067681365
403382.jpg,0.06977819,0.6841314,0.19900604,0.047084417
403383.jpg,0.6727028,0.10128927,0.16399759,0.062010348
403384.jpg,0.021381669,0.32553974,0.15054029,0.5025383
403385.jpg,0.32825646,0.4242951,0.16084467,0.0866038
403386.jpg,0.3635738,0.38140813,0.1996854,0.05533272
403387.jpg,0.67565554,0.09554479,0.1731943,0.05560541
403388.jpg,0.053785145,0.66706324,0.19188392,0.08726764
403389.jpg,0.65547705,0.09235562,0.18255837,0.069609016
403390.jpg,0.32752195,0.39733806,0.2185607,0.056579262
403391.jpg,0.16076605,0.55308795,0.21243882,0.073707156
403392.jpg,0.57484555,0.1715674,0.19103475,0.06255228
403393.jpg,0.70105237,0.06912342,0.16522945,0.06459478
403394.jpg,0.02029717,0.72241044,0.17949997,0.07779244
403395.jpg,0.2157511,0.4923853,0.21509057,0.07677302
403396.jpg,0.5889272,0.17970504,0.17461954,0.05674827
403397.jpg,0.106203675,0.6204366,0.2143795,0.058980238
403398.jpg,0.2528771,0.50789946,0.18379527,0.055428147
403399.jpg,0.06525891,0.6628966,0.1960934,0.07575119
403400.jpg,0.24966376,0.43918905,0.23134585,0.07980135
403401.jpg,0.57883495,0.1722088,0.17946474,0.06949151
403402.jpg,0.081580184,0.6514524,0.18931006,0.07765735
403403.jpg,0.46853027,0.2800423,0.17822094,0.073206484
403404.jpg,0.087486796,0.6659871,0.17429106,0.07223508
403405.jpg,0.6888593,0.084382035,0.16824959,0.05850911
403406.jpg,0.044332173,0.73179597,0.1689459,0.054926008
403407.jpg,0.093858354,0.63750607,0.19537342,0.07326215
403408.jpg,0.0419104,0.7585358,0.1541403,0.045413543
403409.jpg,0.20691866,0.5391024,0.19407439,0.05990461
403410.jpg,0.009508672,0.008235242,0.41450527,0.56775075
403411.jpg,0.4879826,0.25670502,0.19603921,0.059273183
403412.jpg,0.5280797,0.19112523,0.19676585,0.08402925
403413.jpg,0.19122346,0.51979035,0.21711059,0.0718756
403414.jpg,0.7055707,0.08175448,0.15660258,0.056072194
403415.jpg,0.3013076,0.4047053,0.20091303,0.093074076
403416.jpg,0.16792707,0.5481999,0.20882411,0.075048916
403417.jpg,0.4075648,0.30101275,0.18695427,0.104468144
403418.jpg,0.52128464,0.23371847,0.17745763,0.067539275
403419.jpg,0.19935815,0.073452316,0.55635476,0.17083476
403420.jpg,0.5806218,0.16495647,0.18369679,0.070724934
403421.jpg,0.065544374,0.6223508,0.22246349,0.089641355
403422.jpg,0.7497952,0.052738145,0.14454316,0.05292349
403423.jpg,0.44591975,0.26658198,0.21166252,0.075835735
403424.jpg,0.07898966,0.65960354,0.19553821,0.06586856
403425.jpg,0.01826551,0.02636563,0.94046646,0.014902354
403426.jpg,0.24796204,0.4771913,0.21090753,0.063939154
403427.jpg,0.6682234,0.0942449,0.1701005,0.06743118
403428.jpg,0.65733206,0.13232316,0.15595229,0.054392487
403429.jpg,0.092429794,0.10232833,0.35836515,0.44687676
403430.jpg,0.11952788,0.57686585,0.221839,0.0817673
403431.jpg,0.23326655,0.47321713,0.18426847,0.109247886
403432.jpg,0.64737046,0.12560368,0.16339342,0.06363245
403433.jpg,0.044079315,0.70158345,0.18182926,0.072507925
403434.jpg,0.2574958,0.47179613,0.21939917,0.0513089
403435.jpg,0.55260545,0.15210147,0.21937639,0.07591672
403436.jpg,0.4729947,0.26001683,0.20425965,0.062728815
403437.jpg,0.503739,0.19132216,0.22584021,0.079098634
403438.jpg,0.7397132,0.043652814,0.16999675,0.046637177
403439.jpg,0.74897003,0.048835382,0.148568,0.053626586
403440.jpg,0.25218204,0.45131063,0.2282383,0.06826904
403442.jpg,0.12150407,0.4903842,0.17202939,0.21608241
403443.jpg,0.5075533,0.22418402,0.19578743,0.07247528
403444.jpg,0.14998512,0.5918632,0.19103716,0.06711451
403445.jpg,0.5711781,0.14056613,0.21175253,0.07650323
403446.jpg,0.109823935,0.6268275,0.179478,0.08387058
403447.jpg,0.11835163,0.5821553,0.21114105,0.08835199
403448.jpg,0.44833556,0.29604104,0.19588602,0.05973736
403449.jpg,0.27752796,0.45025527,0.18424742,0.087969325
403450.jpg,0.43640962,0.27333426,0.20185946,0.08839663
403451.jpg,0.5148402,0.24160115,0.1791027,0.06445596
403452.jpg,0.07406509,0.5165307,0.314746,0.0946582
403453.jpg,0.36490002,0.37410963,0.19903071,0.061959594
403454.jpg,0.32462165,0.41816363,0.1917092,0.06550552
403455.jpg,0.52213734,0.21668287,0.18933773,0.07184207
403456.jpg,0.21473818,0.5052754,0.20447683,0.0755096
403457.jpg,0.017030952,0.35283148,0.28925288,0.34088472
403458.jpg,0.78488135,0.036182407,0.1318741,0.04706214
403459.jpg,0.005337592,0.018681966,0.17293496,0.80304545
403460.jpg,0.2853353,0.036623236,0.5719713,0.10607018
403461.jpg,0.34619823,0.34246823,0.19816041,0.11317316
403462.jpg,0.5584376,0.18566675,0.20511277,0.05078284
403463.jpg,0.03209473,0.6839121,0.21653228,0.067460895
403464.jpg,0.23065948,0.50708383,0.18970393,0.07255278
403465.jpg,0.16171208,0.5669897,0.20306201,0.06823621
403466.jpg,0.16914557,0.5578777,0.20432536,0.068651386
403467.jpg,0.038142312,0.7021182,0.1924675,0.06727196
403468.jpg,0.3119276,0.37901822,0.19445227,0.11460187
403469.jpg,0.7192939,0.0829593,0.14859836,0.04914838
403470.jpg,0.4118136,0.27629688,0.23469745,0.077192105
403471.jpg,0.65378195,0.12060643,0.14240423,0.0832074
403472.jpg,0.23224866,0.49265206,0.2000963,0.075002976
403473.jpg,0.09019151,0.6920996,0.16493492,0.052773986
403474.jpg,0.019629722,0.14692478,0.6665502,0.16689529
403475.jpg,0.40988532,0.3237114,0.20093371,0.06546957
403476.jpg,0.76161027,0.03356323,0.14684172,0.05798477
403477.jpg,0.06679075,0.719171,0.14386135,0.07017688
403478.jpg,0.05071047,0.6899972,0.17891829,0.080374025
403479.jpg,0.4203306,0.34403872,0.1664936,0.06913706
403480.jpg,0.6446833,0.09863963,0.18866968,0.068007365
403481.jpg,0.21753053,0.51242906,0.20081182,0.0692286
403482.jpg,0.00643868,0.01986012,0.07488769,0.8988135
403483.jpg,0.6802065,0.09011439,0.16928084,0.06039834
403484.jpg,0.7844092,0.02899616,0.12782432,0.058770288
403485.jpg,0.23405384,0.53818554,0.17760949,0.05015115
403486.jpg,0.03138448,0.17547242,0.10741028,0.68573284
403487.jpg,0.76524234,0.030540897,0.14568986,0.05852687
403488.jpg,0.79047805,0.023721932,0.12467354,0.06112649
403489.jpg,0.4631858,0.23744984,0.2245763,0.074788086
403490.jpg,0.4513255,0.27311403,0.20484535,0.07071509
403491.jpg,0.07841919,0.6922764,0.17211337,0.057191063
403492.jpg,0.4555141,0.2525914,0.22178972,0.07010474
403493.jpg,0.095503904,0.61058676,0.23217423,0.061735112
403494.jpg,0.05002526,0.7068842,0.18121605,0.06187452
403495.jpg,0.613852,0.1058561,0.22200601,0.058285933
403496.jpg,0.55929106,0.20086108,0.17510442,0.06474343
403497.jpg,0.5025844,0.17324793,0.20755948,0.1166082
403498.jpg,0.17734535,0.54197806,0.21373445,0.06694218
403499.jpg,0.33717003,0.37753686,0.21929745,0.065995686
403500.jpg,0.4640096,0.28873911,0.17216007,0.075091176
403501.jpg,0.29307202,0.44831085,0.19895573,0.0596614
403502.jpg,0.14493828,0.63541365,0.15122736,0.06842074
403503.jpg,0.2810831,0.4220316,0.21249063,0.084394656
403504.jpg,0.039269846,0.7187273,0.19294997,0.049052883
403505.jpg,0.5585615,0.19161166,0.19967687,0.05014996
403506.jpg,0.19389868,0.5333494,0.20344491,0.06930696
403507.jpg,0.03265552,0.70863074,0.18240778,0.07630593
403508.jpg,0.3954762,0.2884494,0.23600028,0.080074124
403509.jpg,0.68121296,0.07867909,0.17453247,0.0655755
403510.jpg,0.6406727,0.13322659,0.15613149,0.06996929
403511.jpg,0.15693621,0.44807944,0.22075142,0.17423292
403512.jpg,0.14295977,0.57837945,0.21124317,0.067417584
403513.jpg,0.02795297,0.718344,0.18082173,0.07288132
403514.jpg,0.011346263,0.014119215,0.25652555,0.718009
403515.jpg,0.66466516,0.117964946,0.15810588,0.059264038
403516.jpg,0.25767222,0.45911944,0.2158805,0.067327835
403517.jpg,0.7840083,0.032172464,0.13191566,0.051903542
403518.jpg,0.723715,0.08050079,0.13881439,0.05696982
403519.jpg,0.02455248,0.7239065,0.19217306,0.059367895
403520.jpg,0.29872277,0.41820753,0.22537036,0.057699353
403521.jpg,0.0340376,0.36261106,0.10371379,0.4996376
403522.jpg,0.3812207,0.26586866,0.28282616,0.07008447
403523.jpg,0.54679334,0.20847656,0.18293071,0.061799377
403524.jpg,0.04445632,0.23020266,0.591842,0.13349901
403525.jpg,0.36138663,0.35369217,0.2006787,0.0842425
403526.jpg,0.038575336,0.7560354,0.15378408,0.051605146
403527.jpg,0.20433505,0.36694875,0.17919584,0.24952036
403528.jpg,0.07836663,0.68559176,0.17067365,0.065367974
403529.jpg,0.015508474,0.61997753,0.20438965,0.16012429
403530.jpg,0.7249171,0.061869044,0.13836102,0.07485286
403531.jpg,0.4563029,0.23810017,0.21429135,0.09130555
403532.jpg,0.031106757,0.7106183,0.1970737,0.061201185
403533.jpg,0.042885706,0.70419765,0.1957377,0.057178993
403534.jpg,0.28202656,0.45384717,0.2084954,0.055630893
403536.jpg,0.4895548,0.23693967,0.1968772,0.07662834
403537.jpg,0.3708988,0.3326333,0.19683413,0.09963379
403538.jpg,0.30081284,0.38781437,0.2046187,0.10675409
403539.jpg,0.66632634,0.09581605,0.17624836,0.061609227
403540.jpg,0.13232,0.5032934,0.244358,0.12002858
403541.jpg,0.5907559,0.14097354,0.19401269,0.07425791
403542.jpg,0.20961368,0.4700284,0.22175276,0.09860518
403543.jpg,0.7103486,0.06703947,0.15632957,0.06628234
403544.jpg,0.17311324,0.56178164,0.20339142,0.061713696
403545.jpg,0.764342,0.053639546,0.1401853,0.04183315
403546.jpg,0.040063147,0.6747491,0.22472332,0.060464542
403547.jpg,0.18015076,0.5217725,0.22938514,0.06869161
403548.jpg,0.43269372,0.33383664,0.17137028,0.062099352
403549.jpg,0.037244614,0.44859207,0.18360345,0.33055988
403550.jpg,0.15928687,0.556163,0.20767538,0.07687475
403551.jpg,0.372494,0.32519066,0.22389011,0.07842521
403552.jpg,0.7318783,0.061063617,0.13359615,0.073461995
403553.jpg,0.42974034,0.31639418,0.19474618,0.0591193
403554.jpg,0.15795857,0.4177251,0.17721856,0.24709778
403555.jpg,0.4868054,0.24064785,0.21287513,0.05967166
403556.jpg,0.06542839,0.70199615,0.13697791,0.09559753
403557.jpg,0.11484126,0.6229387,0.20100264,0.061217416
403558.jpg,0.25370684,0.5025742,0.1764367,0.06728225
403559.jpg,0.079139054,0.71091014,0.15459092,0.055359837
403560.jpg,0.75862795,0.046616357,0.13867302,0.056082692
403561.jpg,0.74296093,0.034843612,0.15604258,0.06615288
403562.jpg,0.019670708,0.54835874,0.2036004,0.22837019
403563.jpg,0.12518652,0.68062806,0.15185502,0.042330395
403564.jpg,0.15485866,0.5555106,0.21648206,0.07314869
403565.jpg,0.04156734,0.6858739,0.198956,0.07360274
403566.jpg,0.028467542,0.69329256,0.22009313,0.05814678
403567.jpg,0.6602704,0.11833206,0.16989474,0.051502805
403568.jpg,0.021151558,0.7424417,0.17520547,0.06120126
403569.jpg,0.03178617,0.6820872,0.21277387,0.07335279
403570.jpg,0.33733472,0.16927557,0.44099557,0.052394126
403571.jpg,0.14663805,0.5519526,0.22688937,0.07451999
403572.jpg,0.2280761,0.47381678,0.22402366,0.074083455
403573.jpg,0.3032932,0.40124992,0.20345466,0.09200221
403574.jpg,0.6661635,0.07301775,0.18654831,0.074270405
403575.jpg,0.7216697,0.05538024,0.17161869,0.051331405
403576.jpg,0.03833183,0.7233205,0.16496752,0.0733802
403577.jpg,0.2611578,0.4277102,0.23113863,0.07999336
403578.jpg,0.17432827,0.5896924,0.18020785,0.0557715
403579.jpg,0.028881922,0.70794505,0.20060436,0.062568694
403580.jpg,0.4131864,0.023265129,0.5168964,0.046652008
403581.jpg,0.17336346,0.58453363,0.17331012,0.06879283
403582.jpg,0.4858358,0.27015695,0.19083448,0.053172797
403583.jpg,0.70930815,0.07225015,0.15248913,0.06595261
403584.jpg,0.3689948,0.32884797,0.24054319,0.061614063
403585.jpg,0.70619684,0.056397796,0.17130463,0.06610077
403586.jpg,0.1379698,0.5786793,0.19968526,0.08366559
403587.jpg,0.47890124,0.2962785,0.15728985,0.06753043
403588.jpg,0.70871335,0.08815851,0.14447366,0.05865446
403589.jpg,0.15030532,0.58984536,0.18990147,0.069947876
403590.jpg,0.5811126,0.12391376,0.22330934,0.07166427
403591.jpg,0.124930464,0.5981619,0.21277636,0.06413129
403592.jpg,0.057732876,0.6780544,0.1807291,0.0834836
403593.jpg,0.47032344,0.28291842,0.17076679,0.07599137
403594.jpg,0.751045,0.04370405,0.14962798,0.055623025
403595.jpg,0.059903916,0.7039137,0.18380435,0.052378014
403596.jpg,0.7396369,0.06190194,0.13049597,0.06796517
403597.jpg,0.16093792,0.5498223,0.21142514,0.07781462
403598.jpg,0.6236539,0.11372759,0.19360292,0.06901562
403599.jpg,0.7642645,0.030792639,0.15096608,0.053976778
403600.jpg,0.6849103,0.085089065,0.16217388,0.06782674
403601.jpg,0.019977868,0.7355621,0.16026141,0.08419866
403603.jpg,0.0038453562,0.0029029958,0.9868753,0.0063763694
403604.jpg,0.006263655,0.02488838,0.31815508,0.6506929
403605.jpg,0.44469,0.30142078,0.18190707,0.07198219
403606.jpg,0.016327119,0.67551845,0.21593142,0.09222302
403607.jpg,0.09771868,0.6477148,0.1852985,0.06926805
403608.jpg,0.21220331,0.40418804,0.18449342,0.19911522
403609.jpg,0.5140396,0.22109206,0.19910629,0.06576202
403610.jpg,0.23808794,0.44089517,0.23300205,0.08801482
403611.jpg,0.17165434,0.5291174,0.20232718,0.09690109
403612.jpg,0.15834719,0.5767881,0.2019697,0.06289498
403613.jpg,0.096390866,0.6334427,0.21143454,0.058731854
403614.jpg,0.72557306,0.060973167,0.14787425,0.06557953
403615.jpg,0.07115682,0.035627898,0.8526301,0.040585194
403616.jpg,0.03901239,0.70582706,0.17347299,0.0816876
403617.jpg,0.2853459,0.44951534,0.19899227,0.06614649
403618.jpg,0.777183,0.03781791,0.13311334,0.051885754
403619.jpg,0.082379244,0.31379703,0.17643201,0.42739168
403620.jpg,0.68021184,0.10536345,0.17044826,0.043976363
403621.jpg,0.726047,0.053547606,0.15442355,0.06598192
403622.jpg,0.7491872,0.06604188,0.13908897,0.045681994
403623.jpg,0.6431412,0.0944433,0.19634962,0.066065885
403624.jpg,0.12597154,0.58599395,0.20390274,0.08413178
403625.jpg,0.7369755,0.036419544,0.15506023,0.07154467
403626.jpg,0.02288433,0.6954093,0.19070709,0.09099927
403627.jpg,0.38134232,0.036037248,0.5417768,0.040843654
403628.jpg,0.7194626,0.04882167,0.16985364,0.061862092
403629.jpg,0.7639961,0.04799496,0.13898201,0.049026918
403630.jpg,0.38627955,0.24580638,0.27870485,0.08920922
403631.jpg,0.7322375,0.06563348,0.14420141,0.05792761
403632.jpg,0.07755738,0.66402704,0.16245393,0.09596161
403633.jpg,0.69542474,0.0578476,0.18055098,0.066176675
403634.jpg,0.59962815,0.16774757,0.17256361,0.060060676
403635.jpg,0.6987247,0.06295195,0.17027324,0.06805011
403636.jpg,0.6118722,0.10334527,0.2258883,0.05889423
403637.jpg,0.3424605,0.31631663,0.19428627,0.14693658
403638.jpg,0.73399925,0.06112602,0.14632969,0.058545064
403639.jpg,0.6921819,0.08530077,0.15522282,0.067294486
403640.jpg,0.062285166,0.6914055,0.19045629,0.055853087
403641.jpg,0.72302437,0.0530187,0.1670471,0.056909874
403642.jpg,0.055555616,0.67626256,0.20371473,0.06446708
403643.jpg,0.31995454,0.42432103,0.1987,0.057024438
403644.jpg,0.30554733,0.42959014,0.21101145,0.053851094
403645.jpg,0.22544344,0.48626903,0.22216894,0.06611856
403646.jpg,0.56173944,0.17948322,0.18849987,0.07027745
403647.jpg,0.6157102,0.10732356,0.21994899,0.057017278
403648.jpg,0.468959,0.2721356,0.17437124,0.08453414
403649.jpg,0.242729,0.45408198,0.23413324,0.06905585
403650.jpg,0.5943031,0.1611855,0.16795875,0.076552644
403651.jpg,0.08638688,0.6389056,0.20338766,0.071319886
403652.jpg,0.680274,0.07405557,0.17359637,0.07207404
403653.jpg,0.22084497,0.458002,0.26253223,0.05862077
403654.jpg,0.19764405,0.4612213,0.2474796,0.09365511
403655.jpg,0.48375788,0.2345186,0.21388252,0.06784097
403656.jpg,0.22480337,0.51054704,0.20646791,0.058181677
403657.jpg,0.54561317,0.20613573,0.1816383,0.0666128
403658.jpg,0.13331196,0.60490865,0.19087334,0.07090605
403659.jpg,0.10970446,0.6476332,0.17632836,0.06633394
403660.jpg,0.74051446,0.053427983,0.14445455,0.061603036
403661.jpg,0.004588177,0.0033261257,0.9825118,0.009573846
403662.jpg,0.5824824,0.1769263,0.1750998,0.065491535
403663.jpg,0.16444486,0.58374447,0.18836452,0.063446164
403664.jpg,0.11452222,0.60300636,0.21738927,0.065082185
403665.jpg,0.088234805,0.6539087,0.19354804,0.06430847
403666.jpg,0.65216035,0.0899855,0.19274889,0.06510528
403667.jpg,0.7615059,0.03236614,0.14297418,0.06315374
403668.jpg,0.08686739,0.6186676,0.18672931,0.10773569
403669.jpg,0.034771647,0.7651999,0.13846432,0.061564147
403670.jpg,0.6053507,0.08028189,0.2369469,0.07742056
403671.jpg,0.3430229,0.37672362,0.20981567,0.07043778
403672.jpg,0.059807748,0.68068224,0.18938851,0.07012152
403673.jpg,0.5871639,0.16438939,0.18195383,0.06649288
403674.jpg,0.4535965,0.2672194,0.20330875,0.07587539
403675.jpg,0.03453578,0.7693832,0.151783,0.04429802
403676.jpg,0.34297824,0.27278233,0.30933788,0.07490158
403677.jpg,0.76933557,0.03890551,0.13343094,0.05832793
403678.jpg,0.077851854,0.6730837,0.17881672,0.07024774
403679.jpg,0.22828166,0.4589306,0.22942138,0.08336636
403680.jpg,0.03685103,0.6651893,0.17988002,0.11807961
403681.jpg,0.024893722,0.44449115,0.15184106,0.37877405
403682.jpg,0.36961785,0.27477682,0.20991874,0.14568654
403683.jpg,0.7393841,0.031124288,0.17543618,0.054055464
403684.jpg,0.16913696,0.5520018,0.20701866,0.07184255
403685.jpg,0.6358129,0.08465815,0.20382304,0.07570589
403686.jpg,0.0518295,0.58699745,0.24260922,0.11856383
403687.jpg,0.56806475,0.18675347,0.19431396,0.050867762
403688.jpg,0.54511684,0.1895483,0.17958076,0.085754156
403689.jpg,0.011923998,0.053575784,0.101019956,0.8334802
403690.jpg,0.0771222,0.6047906,0.22680326,0.09128392
403691.jpg,0.047204655,0.66103345,0.21703811,0.07472379
403692.jpg,0.15371393,0.6202195,0.15523508,0.07083151
403693.jpg,0.6008133,0.17566146,0.15740146,0.066123776
403694.jpg,0.5563963,0.20090334,0.18720023,0.0555001
403695.jpg,0.76675016,0.029495342,0.145519,0.05823544
403696.jpg,0.032389507,0.7401293,0.17906632,0.04841486
403697.jpg,0.009389125,0.09224119,0.81699544,0.08137419
403698.jpg,0.3110832,0.054212466,0.6033589,0.03134541
403699.jpg,0.65192574,0.10878087,0.17267507,0.066618346
403700.jpg,0.5822068,0.15991099,0.19083418,0.067048006
403701.jpg,0.10049162,0.4230497,0.39376855,0.08269013
403702.jpg,0.31561768,0.40344068,0.19654268,0.084398896
403703.jpg,0.4261606,0.27596614,0.21840365,0.079469614
403704.jpg,0.26716694,0.4535285,0.20231701,0.07698751
403705.jpg,0.67987937,0.07566706,0.17799926,0.066454306
403706.jpg,0.3062924,0.37871233,0.24890323,0.06609198
403707.jpg,0.044900805,0.70245,0.1979012,0.054748088
403708.jpg,0.21767764,0.49195203,0.22379321,0.066577174
403709.jpg,0.16516273,0.55898684,0.2083347,0.0675157
403710.jpg,0.005751369,0.0053306124,0.97708195,0.011836103
403711.jpg,0.6563783,0.12031149,0.15891007,0.064400114
403712.jpg,0.28561273,0.027055034,0.6509036,0.03642861
403713.jpg,0.065741874,0.7182584,0.15532954,0.06067015
403714.jpg,0.43506548,0.2722108,0.22408652,0.06863723
403715.jpg,0.006712249,0.045998335,0.17722933,0.77006006
403716.jpg,0.67512363,0.06441373,0.18067509,0.079787605
403717.jpg,0.041538414,0.76527435,0.14486201,0.04832525
403718.jpg,0.05359587,0.71359044,0.17321491,0.059598785
403719.jpg,0.109201424,0.19261944,0.6261837,0.07199541
403720.jpg,0.032681774,0.7445119,0.17581655,0.046989728
403721.jpg,0.6412785,0.1165367,0.18353595,0.058648866
403722.jpg,0.39426398,0.2648981,0.28547072,0.055367213
403723.jpg,0.050807882,0.6141805,0.21540467,0.119606994
403724.jpg,0.6307196,0.10037557,0.20868444,0.06022039
403725.jpg,0.7549402,0.032653,0.1452263,0.06718051
403726.jpg,0.38210735,0.33992973,0.20524067,0.07272231
403727.jpg,0.07879528,0.023395712,0.8033021,0.09450686
403728.jpg,0.76083523,0.030741772,0.15210907,0.056313902
403729.jpg,0.16059549,0.5268581,0.24190004,0.07064636
403730.jpg,0.59368414,0.15311454,0.16503845,0.0881629
403731.jpg,0.026457367,0.7125477,0.17938669,0.081608206
403732.jpg,0.01854553,0.347651,0.15420994,0.47959355
403733.jpg,0.48539615,0.2461413,0.19116265,0.07729986
403734.jpg,0.61448675,0.14147992,0.1752497,0.06878367
403735.jpg,0.037210423,0.65250266,0.1720907,0.13819623
403736.jpg,0.44562313,0.26417994,0.22186941,0.06832754
403737.jpg,0.39436963,0.34832466,0.18680787,0.07049781
403738.jpg,0.4401506,0.2743116,0.19771068,0.087827176
403739.jpg,0.55645126,0.19934362,0.18473126,0.059473816
403740.jpg,0.0876117,0.66981393,0.1863634,0.05621092
403741.jpg,0.19054921,0.5227918,0.2090429,0.07761607
403742.jpg,0.5693784,0.19396155,0.16798425,0.06867583
403743.jpg,0.11980727,0.58264035,0.19233389,0.10521845
403744.jpg,0.062215846,0.7027266,0.16836564,0.0666919
403745.jpg,0.34041247,0.38009048,0.19428496,0.08521211
403746.jpg,0.3264923,0.38430735,0.21323943,0.075960934
403747.jpg,0.7088757,0.06115632,0.17308109,0.056886908
403748.jpg,0.7833414,0.046322312,0.122463934,0.047872286
403749.jpg,0.49362305,0.26427603,0.1760757,0.06602523
403750.jpg,0.29174587,0.3907818,0.21323963,0.104232706
403751.jpg,0.25217012,0.471427,0.20654969,0.06985316
403752.jpg,0.5610594,0.177577,0.19160247,0.06976115
403753.jpg,0.59631413,0.029836955,0.33459643,0.03925251
403754.jpg,0.20951311,0.52815264,0.18768556,0.074648686
403755.jpg,0.720247,0.081358545,0.1407006,0.057693917
403756.jpg,0.05053206,0.654193,0.20729548,0.08797941
403757.jpg,0.0217973,0.7551293,0.17257583,0.050497666
403758.jpg,0.012729549,0.03317389,0.091625124,0.8624714
403759.jpg,0.77360916,0.034824874,0.14371584,0.047850084
403760.jpg,0.0096016815,0.1937834,0.20544179,0.5911732
403761.jpg,0.060031164,0.7010835,0.18523626,0.053649064
403762.jpg,0.7374597,0.057372812,0.15020083,0.0549666
403763.jpg,0.7288495,0.04460032,0.15340075,0.07314945
403764.jpg,0.08346015,0.6934533,0.16652846,0.056558076
403765.jpg,0.1285463,0.6244982,0.17612076,0.07083476
403766.jpg,0.67158777,0.07690796,0.18596208,0.0655422
403767.jpg,0.6745431,0.0807696,0.17950176,0.06518558
403768.jpg,0.43362656,0.27213112,0.22096165,0.07328066
403769.jpg,0.006218822,0.023988694,0.17573123,0.79406124
403770.jpg,0.60900193,0.15552403,0.17211954,0.0633545
403771.jpg,0.68798566,0.11187064,0.13242687,0.06771685
403772.jpg,0.42594588,0.11845863,0.3936359,0.061959606
403773.jpg,0.4962364,0.042938873,0.42350402,0.037320677
403774.jpg,0.1831888,0.091071606,0.6709717,0.05476786
403775.jpg,0.77255386,0.025834179,0.14160243,0.060009573
403776.jpg,0.726307,0.038076412,0.15925205,0.07636457
403777.jpg,0.7457008,0.04769181,0.14414845,0.062458917
403778.jpg,0.20870991,0.5334558,0.1898986,0.06793571
403779.jpg,0.016345883,0.18862538,0.37472752,0.4203012
403780.jpg,0.07255358,0.6904488,0.18779953,0.04919802
403781.jpg,0.5226574,0.20253731,0.196706,0.0780993
403782.jpg,0.63787025,0.09484658,0.20744257,0.0598406
403783.jpg,0.22849487,0.5228613,0.19848515,0.05015863
403784.jpg,0.021475248,0.62249327,0.19230284,0.16372856
403785.jpg,0.57465595,0.13120311,0.2145067,0.0796343
403786.jpg,0.34435546,0.4037077,0.19198538,0.059951395
403787.jpg,0.5073171,0.24064048,0.18381791,0.068224445
403788.jpg,0.2331955,0.46858156,0.24499309,0.05322982
403789.jpg,0.7553268,0.03273191,0.15824883,0.05369241
403790.jpg,0.752961,0.039901953,0.14594077,0.061196256
403791.jpg,0.74186534,0.041992474,0.15721214,0.05893008
403792.jpg,0.01280634,0.18585171,0.14077246,0.6605695
403793.jpg,0.030803548,0.72129273,0.19804132,0.049862444
403794.jpg,0.28905195,0.43925214,0.20206296,0.06963298
403795.jpg,0.70376873,0.07419396,0.15881203,0.06322531
403796.jpg,0.255589,0.4923993,0.19005616,0.061955493
403797.jpg,0.34909308,0.33647585,0.21186371,0.10256735
403798.jpg,0.58306015,0.16434543,0.18430246,0.06829194
403799.jpg,0.607868,0.10843519,0.21286523,0.070831545
403800.jpg,0.08212677,0.6381257,0.21983445,0.05991304
403801.jpg,0.5714218,0.16222365,0.18942417,0.07693032
403802.jpg,0.6458667,0.1062301,0.18028821,0.06761503
403803.jpg,0.03991751,0.7323821,0.17584908,0.0518513
403804.jpg,0.14806753,0.5252106,0.22825034,0.09847152
403805.jpg,0.06584626,0.6810747,0.18998785,0.06309117
403806.jpg,0.73298836,0.05216114,0.14642164,0.06842881
403807.jpg,0.48015317,0.27168694,0.17646097,0.07169896
403808.jpg,0.700298,0.052026767,0.17979546,0.06787979
403809.jpg,0.28563002,0.41802153,0.22021778,0.07613066
403810.jpg,0.04450285,0.71372515,0.17350425,0.06826771
403811.jpg,0.2904218,0.39513627,0.25001016,0.06443173
403812.jpg,0.50009805,0.2448172,0.17072,0.08436472
403813.jpg,0.15784167,0.5167606,0.21106744,0.1143303
403814.jpg,0.44513044,0.32953689,0.16407542,0.061257306
403815.jpg,0.50046444,0.2570733,0.16726507,0.07519717
403816.jpg,0.034862295,0.6926151,0.1996687,0.07285386
403817.jpg,0.31608686,0.27629942,0.35448632,0.053127363
403818.jpg,0.092731625,0.5660484,0.23185296,0.10936701
403819.jpg,0.48354325,0.2582119,0.19399206,0.06425282
403820.jpg,0.13521062,0.41103172,0.30289063,0.150867
403821.jpg,0.22759144,0.48573866,0.21517843,0.07149148
403822.jpg,0.80273956,0.02038308,0.1198093,0.05706805
403823.jpg,0.7176306,0.05582604,0.16066639,0.06587696
403824.jpg,0.20114888,0.21829562,0.5100301,0.07052539
403825.jpg,0.5797493,0.17534745,0.17462003,0.070283264
403826.jpg,0.5655324,0.17555986,0.18182772,0.07708004
403827.jpg,0.22020222,0.5170123,0.16881065,0.09397485
403828.jpg,0.65376794,0.13729443,0.1463096,0.06262803
403829.jpg,0.19529498,0.50649613,0.20631324,0.09189573
403830.jpg,0.6337344,0.105394565,0.18809934,0.0727717
403831.jpg,0.22350895,0.4769064,0.23380502,0.06577968
403832.jpg,0.47505942,0.2857229,0.17070393,0.06851372
403833.jpg,0.1213697,0.6089383,0.18951333,0.08017872
403834.jpg,0.7469354,0.048778426,0.14296345,0.061322678
403835.jpg,0.05603707,0.3151899,0.14210452,0.48666847
403836.jpg,0.52387494,0.21719919,0.1889569,0.069969
403837.jpg,0.19695146,0.5503197,0.19360918,0.05911966
403838.jpg,0.4533631,0.27701035,0.20597716,0.06364944
403839.jpg,0.21016772,0.5238063,0.18095942,0.085066594
403840.jpg,0.43028387,0.2958143,0.20076604,0.07313577
403841.jpg,0.5366922,0.20742925,0.17212681,0.08375171
403842.jpg,0.055199713,0.703322,0.17428517,0.0671931
403843.jpg,0.01977767,0.64946246,0.16447334,0.16628656
403844.jpg,0.28956488,0.39363798,0.21084608,0.10595106
403845.jpg,0.05711936,0.7227767,0.17234676,0.047757193
403846.jpg,0.066353016,0.5961036,0.24792649,0.089616925
403847.jpg,0.2468007,0.11374131,0.52338344,0.11607453
403848.jpg,0.13584918,0.5672035,0.21878736,0.078159936
403849.jpg,0.64913386,0.11658251,0.17071372,0.063569896
403850.jpg,0.1261617,0.6460157,0.1741588,0.053663794
403851.jpg,0.262112,0.47262606,0.19788206,0.06737983
403852.jpg,0.43249702,0.29671383,0.2078449,0.06294423
403853.jpg,0.11352348,0.60920715,0.21432097,0.06294838
403854.jpg,0.7724969,0.0391191,0.13421462,0.054169398
403855.jpg,0.34426084,0.39987764,0.18189459,0.07396697
403856.jpg,0.5577118,0.18446349,0.18409498,0.07372971
403857.jpg,0.74532413,0.036146034,0.15436788,0.064162016
403858.jpg,0.045331437,0.73619956,0.16323258,0.05523647
403859.jpg,0.7074984,0.06209455,0.14822938,0.08217763
403860.jpg,0.5671568,0.2015118,0.1712323,0.06009907
403861.jpg,0.27257106,0.45832726,0.19921504,0.06988665
403862.jpg,0.01154872,0.01378717,0.25286528,0.72179884
403863.jpg,0.22246154,0.4951731,0.19716237,0.08520299
403864.jpg,0.7160511,0.025436893,0.21770926,0.04080279
403866.jpg,0.23121588,0.05613735,0.60274184,0.109904915
403867.jpg,0.08674499,0.5650019,0.2451119,0.10314125
403868.jpg,0.7659909,0.04065465,0.14215676,0.051197696
403869.jpg,0.38478485,0.37554637,0.17409678,0.06557197
403870.jpg,0.03213356,0.386961,0.1368947,0.4440107
403871.jpg,0.4537989,0.27007928,0.20432912,0.07179272
403872.jpg,0.6320539,0.080636285,0.2376957,0.049614113
403873.jpg,0.31015012,0.38529754,0.19685729,0.10769505
403874.jpg,0.13578784,0.5874525,0.20463245,0.072127245
403875.jpg,0.7124214,0.029480418,0.17933755,0.07876058
403876.jpg,0.4070084,0.29122385,0.21784253,0.08392519
403877.jpg,0.17860548,0.5076608,0.21510528,0.0986284
403878.jpg,0.69079345,0.107281566,0.14109017,0.060834795
403879.jpg,0.08982129,0.38523674,0.37650278,0.14843915
403880.jpg,0.623111,0.13777177,0.16322392,0.07589326
403881.jpg,0.2645359,0.43249884,0.2320059,0.07095935
403882.jpg,0.042928357,0.6841173,0.2193191,0.053635135
403883.jpg,0.5977013,0.19665052,0.1389896,0.066658534
403884.jpg,0.015778529,0.008013539,0.9662617,0.009946234
403885.jpg,0.55722404,0.1622725,0.20798878,0.072514735
403886.jpg,0.062671036,0.64615816,0.16841541,0.122755446
403887.jpg,0.5463843,0.2015249,0.17288113,0.079209715
403888.jpg,0.023626054,0.69140023,0.2150272,0.06994648
403889.jpg,0.6278196,0.12720986,0.17852859,0.066442005
403891.jpg,0.4185771,0.34368733,0.18073452,0.057001006
403892.jpg,0.141876,0.47069857,0.23498368,0.1524418
403893.jpg,0.2832211,0.4158826,0.21446937,0.08642694
403894.jpg,0.6980768,0.06525316,0.1711217,0.06554835
403895.jpg,0.059508335,0.11011509,0.68765277,0.14272383
403896.jpg,0.49444008,0.2097909,0.20145391,0.094315134
403897.jpg,0.5423554,0.19678015,0.18991558,0.07094883
403898.jpg,0.71848184,0.074072085,0.15943779,0.048008297
403899.jpg,0.6815632,0.087939836,0.167944,0.06255294
403900.jpg,0.64058036,0.122489356,0.16170903,0.07522127
403901.jpg,0.11306181,0.6209697,0.190695,0.07527349
403902.jpg,0.018315857,0.7145999,0.17813207,0.088952094
403903.jpg,0.7190867,0.06751473,0.15308565,0.060312882
403904.jpg,0.6246467,0.11348701,0.19216047,0.069705784
403905.jpg,0.4672661,0.2596731,0.19033225,0.08272848
403906.jpg,0.03211299,0.70508194,0.19617157,0.066633485
403907.jpg,0.033438254,0.1427526,0.4977517,0.32605743
403908.jpg,0.40154186,0.3044614,0.19511838,0.098878354
403909.jpg,0.20315897,0.5074057,0.21643214,0.073003195
403910.jpg,0.12714739,0.64249593,0.17105062,0.059306104
403911.jpg,0.7799444,0.025998622,0.14396845,0.050088573
403912.jpg,0.55692333,0.17979385,0.18083358,0.082449265
403913.jpg,0.32019183,0.41883996,0.18876399,0.07220423
403914.jpg,0.07691733,0.6994851,0.16328663,0.06031094
403915.jpg,0.67863625,0.096960574,0.15257543,0.071827725
403916.jpg,0.7450432,0.06935092,0.1253079,0.060297985
403917.jpg,0.16975892,0.5251179,0.22762787,0.077495344
403918.jpg,0.15164252,0.07763365,0.6592988,0.11142511
403919.jpg,0.20316513,0.45397255,0.17734258,0.16551976
403920.jpg,0.29882136,0.42738178,0.21107733,0.06271946
403921.jpg,0.32938495,0.36787438,0.19706066,0.10567999
403922.jpg,0.2544478,0.48073986,0.19220836,0.07260394
403923.jpg,0.45857584,0.3019977,0.16942717,0.06999931
403924.jpg,0.31801888,0.44421113,0.16662772,0.07114228
403925.jpg,0.008469204,0.014334935,0.066801675,0.9103942
403926.jpg,0.05549101,0.70115876,0.176199,0.067151204
403927.jpg,0.031301122,0.53888917,0.18995072,0.239859
403928.jpg,0.1422485,0.5646315,0.19889747,0.09422245
403929.jpg,0.289414,0.4058654,0.22822563,0.07649503
403930.jpg,0.37949505,0.07312729,0.5052053,0.042172406
403931.jpg,0.18128766,0.5146422,0.20931779,0.094752364
403932.jpg,0.71656495,0.06425033,0.15901683,0.06016785
403933.jpg,0.3692163,0.33755603,0.19299485,0.10023286
403934.jpg,0.6092238,0.13811247,0.20248444,0.05017935
403935.jpg,0.5818639,0.16003345,0.1999789,0.058123738
403936.jpg,0.022010924,0.7304997,0.17519087,0.07229853
403937.jpg,0.6417212,0.09987074,0.18119836,0.077209696
403938.jpg,0.06710292,0.6865876,0.1913607,0.05494878
403939.jpg,0.49705902,0.14787643,0.27898958,0.076074965
403940.jpg,0.13054276,0.6036081,0.19587652,0.06997266
403941.jpg,0.49044552,0.25107872,0.18613304,0.07234269
403942.jpg,0.6933706,0.06831128,0.17435034,0.06396779
403943.jpg,0.7277336,0.050303455,0.15085544,0.07110751
403944.jpg,0.7281993,0.05818504,0.14992861,0.06368702
403945.jpg,0.096410714,0.629983,0.21002656,0.063579716
403946.jpg,0.2768485,0.4455186,0.19927394,0.07835888
403947.jpg,0.0046782787,0.031984586,0.29334053,0.66999656
403948.jpg,0.7415884,0.067776255,0.14942408,0.04121126
403949.jpg,0.36900654,0.14010112,0.16924693,0.3216453
403950.jpg,0.72777796,0.04481371,0.16392174,0.063486576
403951.jpg,0.35213056,0.3827139,0.18959232,0.075563245
403952.jpg,0.020711502,0.12536614,0.17816444,0.6757579
403953.jpg,0.044839043,0.70653147,0.15578552,0.09284399
403954.jpg,0.016535124,0.19776954,0.23279887,0.55289644
403955.jpg,0.05149426,0.7105146,0.17080832,0.06718277
403956.jpg,0.17246372,0.5801043,0.17314136,0.074290685
403957.jpg,0.4877105,0.2538326,0.19994788,0.058509022
403958.jpg,0.20829777,0.4478332,0.27673796,0.06713101
403959.jpg,0.22753187,0.47927415,0.20979322,0.08340076
403960.jpg,0.5488017,0.14194593,0.18456773,0.1246846
403961.jpg,0.35104802,0.40325162,0.18628637,0.05941401
403962.jpg,0.73503256,0.04169156,0.15445751,0.0688184
403963.jpg,0.09563746,0.55113584,0.2672446,0.085982114
403964.jpg,0.032140605,0.5993498,0.19209051,0.17641906
403965.jpg,0.41324353,0.338009,0.1805818,0.0681657
403966.jpg,0.67872596,0.07707817,0.17139208,0.07280382
403967.jpg,0.3541472,0.35483858,0.21019499,0.08081925
403968.jpg,0.015205081,0.056280565,0.11282927,0.8156851
403969.jpg,0.36490288,0.4485176,0.14125632,0.045323174
403970.jpg,0.20554127,0.49128053,0.21821399,0.08496419
403971.jpg,0.046614368,0.73112637,0.16508736,0.05717191
403972.jpg,0.7486208,0.03576474,0.15124176,0.06437272
403973.jpg,0.5144786,0.254063,0.17154048,0.05991787
403974.jpg,0.24535489,0.47944275,0.2014507,0.07375165
403975.jpg,0.6382718,0.12666775,0.1621757,0.072884746
403976.jpg,0.08580205,0.66605145,0.17040952,0.077736996
403977.jpg,0.74374056,0.07675126,0.11762779,0.06188037
403978.jpg,0.060795043,0.6914832,0.19068767,0.057034094
403979.jpg,0.022444537,0.7351598,0.18472318,0.05767253
403980.jpg,0.1327105,0.56558746,0.22203065,0.07967141
403981.jpg,0.25023445,0.51089317,0.18917388,0.04969852
403982.jpg,0.16772504,0.5513198,0.2075363,0.07341885
403983.jpg,0.11455653,0.60838586,0.2088856,0.06817199
403984.jpg,0.39374313,0.31145135,0.22262013,0.07218539
403985.jpg,0.041837066,0.77057767,0.13675343,0.05083188
403986.jpg,0.6826474,0.08388577,0.1706654,0.06280149
403987.jpg,0.24172775,0.4486065,0.22818668,0.081479035
403988.jpg,0.20294194,0.5438152,0.18832088,0.064922005
403989.jpg,0.6809978,0.06241359,0.18106587,0.07552277
403990.jpg,0.28785947,0.4567515,0.19405824,0.061330765
403991.jpg,0.4636861,0.25700894,0.2193541,0.059950862
403992.jpg,0.6620571,0.11264843,0.17422985,0.05106463
403993.jpg,0.47685918,0.2362445,0.21941017,0.06748615
403994.jpg,0.24287815,0.4535825,0.2102431,0.09329626
403995.jpg,0.1736988,0.55666083,0.19110608,0.078534305
403996.jpg,0.04823259,0.69511724,0.18069167,0.07595847
403997.jpg,0.47747436,0.26934448,0.18771303,0.06546815
403998.jpg,0.4456333,0.28379747,0.19398601,0.07658324
403999.jpg,0.6809762,0.09016683,0.17905425,0.049802754
404000.jpg,0.25987265,0.46343407,0.20760147,0.069091804
404001.jpg,0.30630627,0.41023198,0.21284564,0.07061609
404002.jpg,0.7157598,0.050572906,0.16070925,0.072958015
404003.jpg,0.72801477,0.06131478,0.1498168,0.06085365
404004.jpg,0.041115057,0.73406214,0.16223,0.06259287
404005.jpg,0.4922755,0.21876901,0.20367818,0.08527731
404006.jpg,0.08897763,0.67489433,0.17639959,0.059728432
404007.jpg,0.060888898,0.7050163,0.18568026,0.0484146
404008.jpg,0.060499053,0.6310956,0.24527664,0.06312871
404009.jpg,0.54611474,0.1823194,0.2056069,0.06595891
404010.jpg,0.022250177,0.10434126,0.12733614,0.7460725
404011.jpg,0.48205042,0.2768012,0.17676492,0.06438345
404012.jpg,0.51008075,0.255995,0.15797059,0.07595364
404013.jpg,0.64582324,0.118491985,0.165313,0.07037171
404014.jpg,0.1566708,0.58055437,0.19497287,0.067801975
404015.jpg,0.7429324,0.035891417,0.16136171,0.059814494
404016.jpg,0.11405156,0.52434874,0.28027517,0.08132452
404017.jpg,0.43729576,0.31680334,0.1865828,0.059318136
404018.jpg,0.22853713,0.052228425,0.52365905,0.19557536
404019.jpg,0.7287016,0.060801253,0.1506289,0.059868228
404020.jpg,0.1746794,0.5340709,0.22227432,0.0689754
404021.jpg,0.064913936,0.7001088,0.14448676,0.09049048
404022.jpg,0.05876861,0.43368503,0.38432047,0.123225905
404023.jpg,0.2249815,0.47671524,0.23044632,0.067856915
404024.jpg,0.038105022,0.6129765,0.19598955,0.15292895
404025.jpg,0.022584746,0.4878173,0.20589603,0.28370196
404026.jpg,0.09348222,0.6902451,0.1623493,0.053923402
404027.jpg,0.7313421,0.029090026,0.16393512,0.07563274
404028.jpg,0.10725963,0.64056545,0.17532004,0.07685482
404029.jpg,0.5394718,0.21565123,0.17634223,0.06853474
404030.jpg,0.64219505,0.11125333,0.17852592,0.068025656
404031.jpg,0.07296407,0.6165937,0.18933345,0.12110873
404032.jpg,0.60923284,0.14319074,0.18897474,0.058601677
404033.jpg,0.35652885,0.35770968,0.2236321,0.062129408
404034.jpg,0.04778649,0.6743414,0.21168268,0.06618949
404035.jpg,0.15726756,0.5335399,0.21969813,0.08949437
404036.jpg,0.68251437,0.066412784,0.17560439,0.07546852
404037.jpg,0.029323278,0.6643223,0.19192034,0.11443407
404038.jpg,0.6504473,0.12163997,0.16161634,0.06629636
404039.jpg,0.6366765,0.12794372,0.16484356,0.0705362
404040.jpg,0.106942765,0.58677393,0.22297652,0.08330681
404041.jpg,0.5371666,0.23332696,0.17484541,0.054661036
404042.jpg,0.7561965,0.043999363,0.15159062,0.048213467
404043.jpg,0.73552895,0.040387984,0.1572853,0.06679786
404044.jpg,0.5896039,0.09579281,0.25562942,0.058973897
404045.jpg,0.4500322,0.27064446,0.2172216,0.06210178
404046.jpg,0.65256625,0.10844577,0.16302721,0.07596075
404047.jpg,0.73186326,0.059259508,0.15657575,0.05230148
404048.jpg,0.1959369,0.5348634,0.20861255,0.06058714
404049.jpg,0.6198832,0.13707298,0.17725098,0.06579288
404050.jpg,0.06071791,0.6937993,0.17395957,0.0715232
404051.jpg,0.6683901,0.10215887,0.16455086,0.06490018
404052.jpg,0.6777435,0.08507031,0.17158115,0.06560505
404053.jpg,0.2995346,0.4371333,0.2070083,0.056323737
404054.jpg,0.7084152,0.093312025,0.14018452,0.058088284
404055.jpg,0.47679067,0.27271155,0.18283652,0.06766129
404056.jpg,0.010145819,0.10922522,0.19101955,0.68960947
404057.jpg,0.16489235,0.5426406,0.209265,0.08320203
404058.jpg,0.2551679,0.4211613,0.2521207,0.07155013
404059.jpg,0.5855227,0.15234753,0.19136722,0.070762515
404060.jpg,0.006034337,0.0108521655,0.108435154,0.8746784
404061.jpg,0.3519297,0.35695085,0.21041459,0.08070486
404062.jpg,0.6863081,0.082829304,0.15632783,0.07453478
404063.jpg,0.73048764,0.065096706,0.15661666,0.04779896
404064.jpg,0.03139959,0.6927311,0.21784836,0.05802098
404065.jpg,0.13099824,0.64556104,0.16464065,0.058800083
404066.jpg,0.26863274,0.43354225,0.21708216,0.08074291
404067.jpg,0.46455368,0.25362667,0.20300384,0.078815825
404068.jpg,0.30228877,0.41012096,0.19606267,0.09152756
404069.jpg,0.56467795,0.15754808,0.18692446,0.09084951
404070.jpg,0.69120723,0.068940915,0.17383836,0.066013485
404071.jpg,0.47351894,0.26285157,0.18538277,0.078246705
404072.jpg,0.6755913,0.080616005,0.1735806,0.07021215
404073.jpg,0.20612614,0.4948641,0.21632297,0.08268674
404074.jpg,0.018047819,0.6575093,0.18154627,0.1428966
404075.jpg,0.28014472,0.45990098,0.21102653,0.04892778
404076.jpg,0.7481682,0.048918184,0.14498532,0.05792832
404077.jpg,0.59715116,0.14886844,0.1943947,0.05958572
404078.jpg,0.014181767,0.16123487,0.119085304,0.70549804
404079.jpg,0.5527155,0.18254377,0.18439387,0.080346875
404080.jpg,0.02919993,0.68221325,0.14848357,0.14010324
404081.jpg,0.43270525,0.16770168,0.32859322,0.07099984
404082.jpg,0.08021021,0.6707051,0.18893544,0.060149282
404083.jpg,0.28366724,0.43583003,0.20081107,0.079691656
404084.jpg,0.74909115,0.041787725,0.14479111,0.06432999
404085.jpg,0.06396616,0.6572493,0.19114792,0.08763664
404086.jpg,0.43925703,0.30015123,0.19085103,0.069740735
404087.jpg,0.3365983,0.406165,0.1720891,0.08514762
404088.jpg,0.22966118,0.46721897,0.2116152,0.091504626
404089.jpg,0.70050746,0.084873,0.16587794,0.04874153
404090.jpg,0.058271885,0.67079324,0.21329331,0.057641577
404091.jpg,0.70889926,0.0859952,0.1548891,0.050216403
404092.jpg,0.7455626,0.04233179,0.143445,0.06866056
404093.jpg,0.43705234,0.25975648,0.18385059,0.11934069
404094.jpg,0.73020214,0.02671147,0.17306666,0.07001973
404095.jpg,0.003263992,0.016228298,0.2535299,0.7269778
404096.jpg,0.57850385,0.18327911,0.1816618,0.056555238
404097.jpg,0.090054624,0.6614514,0.18222594,0.06626802
404098.jpg,0.07372281,0.6512571,0.18865554,0.0863645
404099.jpg,0.20533957,0.46483865,0.19959052,0.13023119
404100.jpg,0.05431047,0.7364106,0.14076799,0.06851091
404101.jpg,0.15125827,0.20334746,0.55839926,0.08699504
404102.jpg,0.7658465,0.03795095,0.13939996,0.0568026
404103.jpg,0.12033656,0.64141667,0.17909616,0.059150636
404104.jpg,0.49802363,0.22209711,0.19945431,0.08042494
404105.jpg,0.22915757,0.489445,0.20942342,0.071974024
404106.jpg,0.5819164,0.15477598,0.21265839,0.050649285
404107.jpg,0.5397913,0.19192642,0.19876188,0.0695204
404108.jpg,0.76172704,0.035750862,0.14008798,0.062434196
404109.jpg,0.07709429,0.6725212,0.20006716,0.050317317
404110.jpg,0.17479245,0.09168357,0.51994705,0.21357696
404111.jpg,0.12396675,0.40918943,0.39623347,0.07061035
404112.jpg,0.17842956,0.51766163,0.1860807,0.11782812
404113.jpg,0.44577327,0.25809702,0.22495647,0.07117325
404114.jpg,0.5586397,0.17866778,0.18931611,0.07337644
404115.jpg,0.20276316,0.5082507,0.2261147,0.06287142
404116.jpg,0.7577958,0.031454947,0.15168525,0.059064027
404117.jpg,0.08862653,0.68778163,0.15561879,0.06797301
404118.jpg,0.08301296,0.67980057,0.18369353,0.053492934
404119.jpg,0.30701604,0.39747,0.20364332,0.091870606
404120.jpg,0.010541794,0.014909158,0.07665207,0.897897
404121.jpg,0.46721324,0.2535887,0.20875913,0.07043899
404122.jpg,0.63667715,0.093107246,0.19177295,0.078442656
404123.jpg,0.70114803,0.10550925,0.1335132,0.059829522
404124.jpg,0.04385114,0.7229156,0.16298656,0.070246756
404125.jpg,0.6086376,0.1337011,0.1882401,0.069421194
404126.jpg,0.6068372,0.16694914,0.16239695,0.063816674
404127.jpg,0.15554336,0.56138676,0.21159212,0.07147774
404128.jpg,0.15847063,0.57842183,0.18836308,0.074744485
404129.jpg,0.2717938,0.45743418,0.18970372,0.08106827
404130.jpg,0.07745525,0.6463864,0.20807154,0.068086796
404131.jpg,0.069194995,0.6555594,0.21750224,0.057743307
404132.jpg,0.75899076,0.05102967,0.13960175,0.050377864
404133.jpg,0.43867669,0.29821777,0.19242716,0.070678376
404134.jpg,0.15286075,0.6055328,0.17849793,0.0631085
404135.jpg,0.50563425,0.06441191,0.3947047,0.0352492
404136.jpg,0.06829381,0.6745407,0.19903676,0.058128726
404137.jpg,0.76774865,0.047677994,0.133901,0.05067237
404138.jpg,0.50457305,0.23544574,0.19115722,0.06882402
404139.jpg,0.05988134,0.6754187,0.20913188,0.05556805
404140.jpg,0.18153214,0.56095314,0.19106932,0.06644533
404141.jpg,0.5068442,0.25210622,0.18113154,0.059918016
404142.jpg,0.76723677,0.03487688,0.14052123,0.05736513
404143.jpg,0.5629588,0.18840094,0.18420558,0.064434715
404144.jpg,0.3887243,0.33026102,0.20669688,0.07431779
404145.jpg,0.09585377,0.66682845,0.17563395,0.061683774
404146.jpg,0.04292333,0.64300376,0.17598526,0.13808767
404147.jpg,0.71543074,0.08765148,0.13465632,0.062261414
404148.jpg,0.65307695,0.10173625,0.18521446,0.059972417
404149.jpg,0.0144499345,0.010090351,0.7335494,0.24191026
404150.jpg,0.07558342,0.7243411,0.13912378,0.060951766
404151.jpg,0.4588594,0.24044164,0.22827679,0.07242215
404152.jpg,0.0634797,0.6391786,0.18856736,0.108774364
404153.jpg,0.026719576,0.7243779,0.17387776,0.07502479
404154.jpg,0.7108539,0.07999524,0.15326193,0.05588895
404155.jpg,0.13254394,0.45428666,0.16378187,0.24938749
404156.jpg,0.03155772,0.70627517,0.19019572,0.07197138
404157.jpg,0.15556769,0.5737903,0.21071082,0.059931163
404158.jpg,0.12832837,0.6100059,0.17492592,0.086739846
404159.jpg,0.65637124,0.110191055,0.16847579,0.06496193
404160.jpg,0.06658964,0.7031396,0.16758569,0.06268499
404161.jpg,0.26130292,0.4608163,0.2198494,0.058031354
404162.jpg,0.0067669726,0.06486159,0.83469504,0.093676426
404163.jpg,0.5655511,0.12886481,0.22204995,0.08353412
404164.jpg,0.08838739,0.6720913,0.18541098,0.05411032
404165.jpg,0.12058624,0.6055389,0.20282362,0.07105124
404166.jpg,0.02327489,0.6394125,0.19910507,0.13820754
404167.jpg,0.061682764,0.69596696,0.18330526,0.05904499
404168.jpg,0.75223,0.044032693,0.15262209,0.051115215
404169.jpg,0.069804974,0.71593183,0.14459848,0.069664754
404170.jpg,0.6977132,0.073921554,0.15708043,0.07128481
404171.jpg,0.03468102,0.21812527,0.2530374,0.49415627
404172.jpg,0.05151369,0.65986234,0.20769544,0.0809285
404173.jpg,0.7765341,0.035466537,0.13904811,0.04895128
404174.jpg,0.2256645,0.45609498,0.21220922,0.10603127
404175.jpg,0.1720018,0.5156246,0.1985165,0.11385711
404176.jpg,0.119933896,0.6203069,0.19355267,0.06620658
404177.jpg,0.2502083,0.43802342,0.23590094,0.07586734
404178.jpg,0.042610068,0.55236846,0.24971318,0.15530828
404179.jpg,0.15629321,0.4863057,0.16950913,0.18789192
404180.jpg,0.714114,0.058006883,0.17197151,0.0559075
404181.jpg,0.018053778,0.67038804,0.18714106,0.124417074
404182.jpg,0.0046552466,0.03461491,0.2952829,0.665447
404183.jpg,0.090793036,0.63136953,0.20924036,0.06859713
404184.jpg,0.31542778,0.41720572,0.18170702,0.08565945
404185.jpg,0.3555243,0.3483386,0.2298442,0.06629289
404186.jpg,0.19794942,0.5347626,0.18776649,0.07952148
404187.jpg,0.3543509,0.38534,0.20204878,0.05826034
404188.jpg,0.6557713,0.12680125,0.14796811,0.06945931
404189.jpg,0.38796845,0.31456313,0.21109754,0.08637091
404190.jpg,0.78154445,0.028552914,0.12463822,0.06526442
404191.jpg,0.67431146,0.08187427,0.17565553,0.06815868
404192.jpg,0.71691793,0.04202463,0.1670419,0.07401559
404193.jpg,0.4886104,0.2524749,0.19964242,0.059272278
404194.jpg,0.24756847,0.46193472,0.21338618,0.077110685
404195.jpg,0.5557497,0.18935527,0.18217619,0.07271879
404196.jpg,0.16993554,0.5509791,0.21157062,0.067514785
404197.jpg,0.46721134,0.2884995,0.17905463,0.06523453
404198.jpg,0.15909205,0.0669658,0.5253367,0.24860545
404199.jpg,0.40735033,0.31708774,0.19678782,0.0787741
404200.jpg,0.13650097,0.61986697,0.1832155,0.06041656
404201.jpg,0.13085105,0.60529494,0.21176286,0.052091107
404202.jpg,0.73103404,0.06689537,0.14591777,0.05615282
404203.jpg,0.5949999,0.14689341,0.17428505,0.08382162
404204.jpg,0.29806995,0.4394796,0.18882662,0.07362384
404205.jpg,0.63864565,0.14309129,0.15854925,0.05971378
404206.jpg,0.27944311,0.46055844,0.18976535,0.07023305
404207.jpg,0.77860314,0.029897975,0.13955899,0.051939905
404208.jpg,0.045513246,0.4129653,0.20256352,0.33895794
404209.jpg,0.735995,0.055717867,0.1542315,0.054055627
404210.jpg,0.5012012,0.2477564,0.19227779,0.05876459
404211.jpg,0.74779814,0.039190106,0.1528371,0.060174763
404212.jpg,0.37712684,0.30068883,0.2386785,0.08350582
404213.jpg,0.0347711,0.7271814,0.16881578,0.06923179
404214.jpg,0.035823967,0.76362544,0.15517734,0.04537323
404215.jpg,0.097477466,0.6310963,0.20753336,0.06389282
404216.jpg,0.7155079,0.09369465,0.13073026,0.060067248
404217.jpg,0.12640725,0.62203306,0.19125557,0.060304105
404218.jpg,0.25891483,0.45275256,0.21197945,0.07635321
404219.jpg,0.632158,0.14905757,0.1547967,0.063987754
404220.jpg,0.19691943,0.50586766,0.21258749,0.08462542
404221.jpg,0.25490865,0.4666575,0.19897418,0.079459704
404222.jpg,0.21969326,0.5239501,0.19662865,0.059727978
404223.jpg,0.68567675,0.0766445,0.18396632,0.053712413
404224.jpg,0.32539013,0.3792583,0.20220824,0.09314332
404225.jpg,0.6802843,0.07619258,0.16843367,0.075089425
404226.jpg,0.31282738,0.40432906,0.21729052,0.06555299
404227.jpg,0.68302935,0.07947383,0.17718898,0.060307905
404228.jpg,0.5058219,0.2616,0.17436622,0.058211923
404229.jpg,0.6260936,0.13470441,0.17846747,0.06073451
404230.jpg,0.7176664,0.05444828,0.17041929,0.05746597
404231.jpg,0.11769754,0.5975183,0.18658598,0.098198175
404232.jpg,0.38617083,0.30900016,0.21674156,0.08808746
404233.jpg,0.03886132,0.6469472,0.19903208,0.11515939
404234.jpg,0.23648207,0.48586074,0.20776089,0.06989629
404235.jpg,0.40203127,0.3098921,0.2185045,0.06957213
404236.jpg,0.7603795,0.046901036,0.12490242,0.06781704
404237.jpg,0.38376412,0.31450245,0.20918955,0.09254392
404238.jpg,0.029441962,0.7312626,0.16853996,0.07075546
404239.jpg,0.5823153,0.15155827,0.19745678,0.068669684
404240.jpg,0.74544543,0.050957885,0.14207008,0.06152663
404241.jpg,0.58494717,0.16733189,0.1781007,0.06962026
404242.jpg,0.21568787,0.071007855,0.6756211,0.037683163
404243.jpg,0.15040417,0.5462176,0.22575593,0.0776223
404244.jpg,0.37497315,0.33549726,0.22365226,0.065877326
404245.jpg,0.704076,0.0872012,0.14966539,0.059057448
404246.jpg,0.108804785,0.6199381,0.20644437,0.06481278
404247.jpg,0.6540046,0.116477884,0.148493,0.081024505
404248.jpg,0.050549928,0.73378277,0.17145538,0.044211898
404249.jpg,0.7961307,0.027908444,0.12904048,0.046920273
404250.jpg,0.57575434,0.16508774,0.19156508,0.06759278
404251.jpg,0.38117397,0.33034667,0.22814435,0.060335014
404252.jpg,0.66191614,0.10709548,0.17288129,0.058107067
404253.jpg,0.58560824,0.16328393,0.19397591,0.057131946
404254.jpg,0.67740315,0.11057753,0.15679072,0.05522862
404255.jpg,0.6555759,0.12571745,0.17241453,0.046292175
404256.jpg,0.058167476,0.45379996,0.3162693,0.1717633
404257.jpg,0.47441432,0.286784,0.16720116,0.07160046
404258.jpg,0.09233186,0.6636594,0.18413334,0.05987537
404259.jpg,0.023632035,0.7136137,0.18946026,0.07329399
404260.jpg,0.63676435,0.118377455,0.17416562,0.070692606
404261.jpg,0.7545605,0.031226559,0.15550719,0.058705848
404262.jpg,0.5258376,0.23601113,0.18183756,0.056313723
404263.jpg,0.5716937,0.18100618,0.18001151,0.067288555
404264.jpg,0.05048159,0.68321973,0.17686838,0.089430265
404265.jpg,0.69191504,0.07908869,0.16348536,0.06551097
404266.jpg,0.7814234,0.02186229,0.14948596,0.047228318
404267.jpg,0.05001392,0.6962263,0.17082743,0.082932405
404268.jpg,0.5502737,0.18370442,0.18083239,0.08518946
404269.jpg,0.17561619,0.571011,0.18745333,0.06591948
404270.jpg,0.28538072,0.15266459,0.51334924,0.04860543
404271.jpg,0.014024772,0.12574048,0.11555203,0.7446827
404272.jpg,0.5523512,0.18939207,0.18398367,0.07427308
404273.jpg,0.6624113,0.10881469,0.16924398,0.05953005
404274.jpg,0.08592579,0.54322577,0.21739872,0.15344973
404275.jpg,0.30972743,0.38862458,0.18879236,0.11285565
404276.jpg,0.07184334,0.058658466,0.8398307,0.029667461
404277.jpg,0.3613906,0.1478972,0.43083182,0.059880417
404278.jpg,0.6151157,0.121607184,0.19437586,0.0689012
404279.jpg,0.21382378,0.48810634,0.21373886,0.084331065
404280.jpg,0.0314313,0.71745586,0.15567544,0.09543743
404281.jpg,0.034375217,0.47972226,0.18196613,0.3039364
404282.jpg,0.5496095,0.21084875,0.16004072,0.07950107
404283.jpg,0.41604468,0.21676005,0.31388277,0.053312495
404284.jpg,0.28656158,0.40787068,0.23639284,0.06917494
404285.jpg,0.727911,0.052391816,0.143849,0.07584819
404286.jpg,0.3316476,0.43899015,0.15695947,0.07240272
404287.jpg,0.028657995,0.76993364,0.14876804,0.052640345
404288.jpg,0.05993269,0.6342135,0.21666443,0.08918934
404289.jpg,0.18222646,0.5815374,0.17909797,0.057138156
404290.jpg,0.4659628,0.2579436,0.20870917,0.06738448
404291.jpg,0.04044619,0.76114345,0.1521168,0.04629353
404292.jpg,0.15596917,0.13914323,0.56111825,0.1437694
404293.jpg,0.05456419,0.70398253,0.18917789,0.05227543
404294.jpg,0.2876575,0.42431584,0.21452916,0.07349754
404295.jpg,0.2896916,0.41847363,0.21100795,0.08082683
404296.jpg,0.60830855,0.13478047,0.17817801,0.078732975
404297.jpg,0.0058495416,0.0096303625,0.08586338,0.89865667
404298.jpg,0.08541573,0.6099544,0.19526698,0.1093629
404299.jpg,0.69405174,0.08768269,0.1536043,0.06466132
404300.jpg,0.0401793,0.69616336,0.21447338,0.049183983
404301.jpg,0.12870026,0.63091063,0.18453275,0.055856362
404302.jpg,0.1131506,0.6224895,0.18824013,0.07611974
404303.jpg,0.0061338334,0.009120621,0.06924065,0.91550493
404304.jpg,0.69660586,0.06859393,0.16572566,0.06907451
404305.jpg,0.1496027,0.5751733,0.18266177,0.09256215
404306.jpg,0.6485508,0.1150256,0.17074446,0.0656791
404307.jpg,0.16431959,0.58642703,0.1764335,0.07281981
404308.jpg,0.07752331,0.5691021,0.23883897,0.1145356
404309.jpg,0.10476792,0.65348303,0.18740602,0.05434308
404310.jpg,0.76333207,0.029131837,0.14645563,0.061080452
404311.jpg,0.03574704,0.70404917,0.19503391,0.06516988
404312.jpg,0.40044558,0.16797125,0.33826637,0.093316816
404313.jpg,0.42583537,0.31047025,0.18534999,0.078344345
404314.jpg,0.032587793,0.63912964,0.21036613,0.11791638
404315.jpg,0.6955417,0.07393201,0.16103771,0.06948859
404316.jpg,0.60710716,0.14416167,0.18716557,0.061565608
404317.jpg,0.34193507,0.42231837,0.18269187,0.05305468
404318.jpg,0.6232211,0.150556,0.1650554,0.061167523
404319.jpg,0.35121444,0.3689007,0.21630959,0.06357527
404320.jpg,0.43543783,0.31300977,0.18891712,0.06263534
404321.jpg,0.78974503,0.027413102,0.13223861,0.050603192
404322.jpg,0.7058669,0.09057983,0.1472116,0.05634169
404323.jpg,0.026252441,0.05859877,0.72907704,0.18607181
404324.jpg,0.0054852795,0.008243217,0.5384254,0.44784608
404325.jpg,0.06173709,0.49540696,0.28355882,0.15929715
404327.jpg,0.029000156,0.28609797,0.3517548,0.33314708
404328.jpg,0.11599592,0.6067919,0.20062244,0.07658978
404329.jpg,0.6310512,0.097209714,0.19827247,0.07346663
404330.jpg,0.16285293,0.59580195,0.19236422,0.04898094
404331.jpg,0.07273821,0.679499,0.17089646,0.076866314
404332.jpg,0.46477294,0.26635817,0.19790171,0.07096716
404333.jpg,0.5717454,0.18788344,0.172065,0.06830617
404334.jpg,0.6918969,0.09448912,0.15130387,0.062310115
404335.jpg,0.577559,0.1563869,0.1936651,0.07238899
404336.jpg,0.17484891,0.5342374,0.18243001,0.10848373
404337.jpg,0.6536535,0.11213514,0.18694435,0.047267023
404338.jpg,0.113714136,0.12607181,0.4767982,0.28341582
404339.jpg,0.54308456,0.2155963,0.18664259,0.05467653
404340.jpg,0.07970896,0.6828566,0.17012124,0.06731316
404341.jpg,0.37517938,0.34816208,0.22603446,0.050624043
404342.jpg,0.24644108,0.51425904,0.18291466,0.056385223
404343.jpg,0.11978191,0.6265011,0.18582131,0.06789575
404344.jpg,0.70032525,0.08300548,0.14565097,0.071018286
404345.jpg,0.6402373,0.121311046,0.17127101,0.06718064
404346.jpg,0.72785425,0.053418007,0.15707754,0.061650258
404347.jpg,0.13253893,0.5973031,0.19967902,0.07047901
404348.jpg,0.02413714,0.7444301,0.16650069,0.064931996
404349.jpg,0.016344346,0.14291453,0.7094752,0.13126591
404350.jpg,0.19410734,0.516666,0.2083265,0.08090018
404351.jpg,0.7686724,0.044646848,0.117532454,0.069148324
404352.jpg,0.114946865,0.65047663,0.18612136,0.04845515
404353.jpg,0.07901981,0.6935868,0.15637966,0.07101366
404354.jpg,0.20593183,0.43451157,0.23096956,0.128587
404355.jpg,0.040086832,0.041242044,0.8429664,0.07570476
404356.jpg,0.03309508,0.093838096,0.29310963,0.5799572
404357.jpg,0.07145561,0.62930393,0.19896816,0.1002723
404358.jpg,0.17024998,0.57310826,0.19447972,0.062162083
404359.jpg,0.063792974,0.6825764,0.17848301,0.0751476
404360.jpg,0.5430632,0.23670532,0.16535164,0.054879736
404361.jpg,0.40242943,0.33152887,0.20124562,0.06479613
404362.jpg,0.12662663,0.614355,0.18670022,0.07231817
404363.jpg,0.7715526,0.04844274,0.13408221,0.045922432
404364.jpg,0.6593558,0.12029621,0.15984409,0.060503945
404365.jpg,0.16971487,0.5762363,0.180821,0.0732278
404366.jpg,0.343563,0.391389,0.19545488,0.06959311
404367.jpg,0.51797587,0.24082708,0.17495441,0.066242605
404368.jpg,0.018717261,0.2893419,0.13989173,0.5520491
404369.jpg,0.33035734,0.4158416,0.18220963,0.07159142
404370.jpg,0.03361304,0.73997957,0.17499375,0.051413592
404371.jpg,0.6492539,0.12985004,0.15896238,0.061933648
404372.jpg,0.38902482,0.34008792,0.18978237,0.08110487
404373.jpg,0.6834163,0.08644054,0.16233504,0.06780816
404374.jpg,0.14130378,0.577589,0.19207911,0.08902816
404375.jpg,0.55293924,0.1949569,0.18597247,0.066131346
404376.jpg,0.6123884,0.14893664,0.1670773,0.07159773
404377.jpg,0.6793976,0.05586897,0.1924042,0.07232925
404378.jpg,0.72738487,0.0736108,0.142159,0.056845356
404379.jpg,0.07893471,0.5120767,0.15124907,0.25773957
404380.jpg,0.20806076,0.55641204,0.18254463,0.052982587
404381.jpg,0.032164767,0.2536707,0.16668452,0.54748005
404382.jpg,0.78184485,0.035665844,0.13416816,0.048321158
404383.jpg,0.41083825,0.3136234,0.19843893,0.07709942
404384.jpg,0.23200627,0.474274,0.2308066,0.06291312
404385.jpg,0.061174214,0.61916816,0.24123533,0.07842225
404386.jpg,0.6192145,0.12105241,0.21481298,0.044920176
404387.jpg,0.6679816,0.10916573,0.16111565,0.061736986
404388.jpg,0.1884994,0.54522103,0.1947803,0.07149928
404389.jpg,0.1168014,0.5482101,0.2452159,0.089772575
404390.jpg,0.11804756,0.630607,0.18881176,0.06253365
404391.jpg,0.41363814,0.27144775,0.22473566,0.09017844
404392.jpg,0.63800925,0.13873678,0.16551767,0.057736356
404393.jpg,0.34728813,0.37517563,0.20840032,0.06913591
404394.jpg,0.29627812,0.3989062,0.22799315,0.07682251
404395.jpg,0.7278616,0.073165946,0.142654,0.056318507
404396.jpg,0.72306997,0.048585493,0.1631527,0.06519187
404397.jpg,0.59737414,0.15355824,0.17583354,0.07323412
404398.jpg,0.6970008,0.07096546,0.16291742,0.069116265
404399.jpg,0.102623135,0.6360157,0.2075566,0.053804528
404400.jpg,0.36788025,0.3765678,0.19769098,0.0578609
404401.jpg,0.032858998,0.6818667,0.14280634,0.14246793
404402.jpg,0.77813435,0.04081489,0.13271837,0.048332322
404403.jpg,0.20132041,0.5126789,0.21538325,0.07061736
404404.jpg,0.5112683,0.22435427,0.18669812,0.07767933
404405.jpg,0.12849802,0.6100027,0.20117652,0.060322728
404406.jpg,0.51927215,0.21092705,0.20018701,0.0696138
404407.jpg,0.7336931,0.0773715,0.14898755,0.039947793
404408.jpg,0.03440064,0.47958207,0.18899947,0.2970178
404409.jpg,0.01514295,0.7149069,0.20471944,0.0652307
404410.jpg,0.19696712,0.5542142,0.18031526,0.0685034
404411.jpg,0.15279813,0.61256367,0.17286195,0.06177625
404412.jpg,0.04742783,0.7234366,0.16207445,0.06706112
404413.jpg,0.15033567,0.5819568,0.20233901,0.065368466
404414.jpg,0.058756385,0.6908853,0.17466046,0.07569783
404415.jpg,0.25181672,0.46269402,0.20156987,0.083919406
404416.jpg,0.77752763,0.025005614,0.14966057,0.047806162
404417.jpg,0.6661729,0.09026167,0.16641448,0.0771509
404418.jpg,0.7079719,0.06402526,0.16119301,0.066809855
404419.jpg,0.08737183,0.6639157,0.19276375,0.055948764
404420.jpg,0.60181123,0.13175786,0.18531154,0.081119366
404421.jpg,0.17921913,0.5439183,0.20422803,0.0726346
404422.jpg,0.5260721,0.20651798,0.19380654,0.07360337
404423.jpg,0.5552586,0.20022033,0.16567723,0.07884384
404424.jpg,0.08999187,0.64916325,0.19306184,0.06778306
404425.jpg,0.28175554,0.4607315,0.1866812,0.07083178
404426.jpg,0.6844105,0.07725929,0.176625,0.061705213
404427.jpg,0.5357829,0.19149159,0.17433245,0.09839309
404428.jpg,0.1752115,0.5662415,0.18681677,0.071730234
404429.jpg,0.4793563,0.23372926,0.21018803,0.076726414
404430.jpg,0.4025598,0.3259631,0.20714016,0.06433692
404431.jpg,0.06108362,0.64916843,0.22965181,0.060096156
404432.jpg,0.12619065,0.6266894,0.17812622,0.06899383
404433.jpg,0.48584604,0.22787343,0.20364444,0.08263607
404434.jpg,0.51537865,0.2355078,0.18250918,0.06660434
404435.jpg,0.57018423,0.15646134,0.20683248,0.06652189
404436.jpg,0.50423527,0.25461277,0.1722306,0.06892131
404437.jpg,0.45164487,0.25950846,0.20590787,0.08293883
404438.jpg,0.6252994,0.13796392,0.1688096,0.067927144
404439.jpg,0.02702629,0.7696726,0.1564852,0.04681596
404440.jpg,0.17417711,0.55363995,0.20377915,0.06840378
404441.jpg,0.17508073,0.5522711,0.20404191,0.06860623
404442.jpg,0.11822329,0.6030153,0.21099786,0.067763545
404443.jpg,0.6916092,0.06649983,0.17367215,0.068218835
404444.jpg,0.560631,0.21161129,0.18073308,0.04702471
404445.jpg,0.47312307,0.109294616,0.3403063,0.07727593
404446.jpg,0.11022646,0.5769476,0.19796403,0.11486185
404447.jpg,0.07552713,0.6862192,0.17040487,0.06784883
404448.jpg,0.011757876,0.086362235,0.78036827,0.12151163
404449.jpg,0.13999839,0.6041954,0.19096792,0.064838305
404450.jpg,0.62617344,0.12665845,0.19654052,0.050627586
404451.jpg,0.71108276,0.07579123,0.15399204,0.059133943
404452.jpg,0.18105483,0.5217581,0.22678912,0.07039794
404453.jpg,0.54341,0.17698967,0.20110075,0.07849958
404454.jpg,0.74127483,0.04300606,0.1609133,0.054805737
404455.jpg,0.05876984,0.7356987,0.13583569,0.069695726
404456.jpg,0.46639156,0.27374968,0.20144354,0.05841523
404457.jpg,0.014169711,0.016374277,0.48940954,0.4800465
404458.jpg,0.12671006,0.6006879,0.1801374,0.092464656
404459.jpg,0.34166566,0.39137888,0.1951655,0.07178993
404460.jpg,0.7058067,0.080812335,0.15665606,0.056724954
404461.jpg,0.19591177,0.51240116,0.17101814,0.120668925
404462.jpg,0.09867075,0.59676105,0.18677734,0.117790855
404463.jpg,0.16391227,0.5807109,0.18537216,0.07000471
404464.jpg,0.4755911,0.27049404,0.20035087,0.053563986
404465.jpg,0.63304454,0.15104514,0.15343395,0.062476356
404466.jpg,0.5529053,0.18129976,0.19573541,0.07005947
404467.jpg,0.019272864,0.6325553,0.2034986,0.14467315
404468.jpg,0.3385682,0.37463555,0.21415825,0.072638005
404469.jpg,0.12852462,0.5844168,0.22131598,0.06574262
404471.jpg,0.05926056,0.65898323,0.19411044,0.08764577
404472.jpg,0.42076072,0.29669622,0.20892954,0.07361355
404473.jpg,0.23091929,0.19423056,0.36991298,0.20493717
404474.jpg,0.766553,0.047192883,0.1393209,0.04693322
404475.jpg,0.72737116,0.06426295,0.14738674,0.060979184
404476.jpg,0.66524595,0.13012195,0.1417024,0.06292969
404477.jpg,0.20021541,0.51533943,0.2019447,0.08250039
404478.jpg,0.42463112,0.31807083,0.16905184,0.088246204
404479.jpg,0.6908307,0.10385802,0.14046805,0.0648432
404480.jpg,0.017161952,0.7279639,0.18058014,0.074293934
404481.jpg,0.7685845,0.0531909,0.12613072,0.052093882
404482.jpg,0.481851,0.2011525,0.2134326,0.10356388
404483.jpg,0.24974227,0.5032976,0.17676139,0.070198715
404484.jpg,0.41709137,0.33047667,0.17392401,0.07850795
404485.jpg,0.6598535,0.114600964,0.16231869,0.06322679
404486.jpg,0.5816347,0.18404551,0.16833101,0.0659888
404487.jpg,0.18163832,0.1358936,0.53797454,0.1444935
404488.jpg,0.0062397756,0.015899118,0.23209758,0.7457635
404489.jpg,0.7702484,0.03588286,0.13245441,0.06141432
404490.jpg,0.12359052,0.20041776,0.2193015,0.4566902
404491.jpg,0.67340404,0.08634218,0.17896432,0.061289463
404492.jpg,0.71867186,0.040761735,0.18383706,0.056729306
404493.jpg,0.6234629,0.09333571,0.19376706,0.08943433
404494.jpg,0.80276877,0.0441504,0.1063262,0.04675463
404495.jpg,0.012610595,0.3977103,0.2027452,0.3869339
404496.jpg,0.62160105,0.1423514,0.18606801,0.049979568
404497.jpg,0.1034683,0.6462596,0.19566202,0.054610074
404498.jpg,0.12851779,0.6288902,0.17695312,0.0656389
404499.jpg,0.11826837,0.041050415,0.53580093,0.3048803
404500.jpg,0.51619345,0.22452055,0.18119328,0.07809275
404501.jpg,0.0646125,0.6385046,0.22322297,0.073659934
404502.jpg,0.67591,0.045641135,0.20735724,0.071091585
404503.jpg,0.13978867,0.6280836,0.18239538,0.049732327
404504.jpg,0.14108258,0.06560282,0.4161403,0.3771743
404505.jpg,0.4060042,0.30992842,0.19307852,0.0909889
404506.jpg,0.51878184,0.21429454,0.18759091,0.07933273
404507.jpg,0.09155363,0.055959646,0.45243683,0.40004984
404508.jpg,0.35326132,0.3784528,0.20834641,0.059939474
404509.jpg,0.5486806,0.21614052,0.1514499,0.08372899
404510.jpg,0.12962767,0.57532066,0.23680113,0.05825059
404511.jpg,0.54119945,0.19930416,0.19508238,0.064413965
404512.jpg,0.48904368,0.24313314,0.18789361,0.07992957
404513.jpg,0.33994648,0.37705722,0.20123406,0.08176225
404514.jpg,0.4771111,0.26327112,0.19377129,0.06584648
404515.jpg,0.027781466,0.67541164,0.16374005,0.13306685
404516.jpg,0.702933,0.075712584,0.1628458,0.05850859
404517.jpg,0.032393556,0.6614379,0.20173581,0.1044327
404518.jpg,0.061686486,0.67948484,0.16510908,0.0937196
404519.jpg,0.44446567,0.3020479,0.18849885,0.06498755
404520.jpg,0.0058196024,0.01790809,0.12779145,0.8484809
404521.jpg,0.108953975,0.6368735,0.20268409,0.051488444
404522.jpg,0.3105514,0.40249464,0.21311402,0.073839925
404523.jpg,0.0068405294,0.030792788,0.921827,0.040539656
404524.jpg,0.040387053,0.74397033,0.14973219,0.0659104
404525.jpg,0.36637375,0.33677545,0.22249375,0.074357085
404526.jpg,0.3149321,0.06210613,0.46282062,0.16014116
404527.jpg,0.21529627,0.5224075,0.2052837,0.057012577
404528.jpg,0.6952524,0.073861904,0.1515633,0.07932236
404529.jpg,0.6461801,0.08911493,0.19090728,0.07379766
404530.jpg,0.1308045,0.5812005,0.21303801,0.074957035
404531.jpg,0.0577161,0.5503971,0.15092492,0.2409619
404532.jpg,0.7218232,0.06785452,0.15178691,0.058535367
404533.jpg,0.03400216,0.0988884,0.31182325,0.55528617
404534.jpg,0.7303787,0.06875508,0.1452392,0.055627037
404535.jpg,0.22071002,0.5246659,0.1936116,0.061012525
404536.jpg,0.67230874,0.10958543,0.15088493,0.06722088
404537.jpg,0.26264945,0.4416053,0.20322597,0.09251928
404538.jpg,0.6414651,0.10471665,0.18950717,0.06431105
404539.jpg,0.09813222,0.6466748,0.18376644,0.07142652
404540.jpg,0.30859116,0.42797232,0.19752252,0.06591398
404541.jpg,0.06954611,0.6873227,0.17477517,0.068356015
404542.jpg,0.3483931,0.37301698,0.19615884,0.08243107
404543.jpg,0.5923094,0.16113356,0.18687956,0.059677433
404544.jpg,0.583903,0.15437642,0.19595961,0.065760985
404545.jpg,0.0060018576,0.0030948874,0.98288155,0.008021754
404546.jpg,0.45710862,0.19557767,0.25558797,0.09172573
404547.jpg,0.7833652,0.023239193,0.14459921,0.048796367
404548.jpg,0.11464605,0.019050362,0.73556787,0.13073568
404549.jpg,0.24196756,0.52482295,0.17695136,0.056258157
404550.jpg,0.39776194,0.29588547,0.22416647,0.08218609
404551.jpg,0.7373267,0.046306033,0.1584205,0.057946812
404552.jpg,0.09142277,0.6347,0.18501355,0.08886367
404553.jpg,0.6889,0.1018013,0.15804295,0.051255714
404554.jpg,0.6925662,0.06332782,0.18123037,0.06287558
404555.jpg,0.6752761,0.11673876,0.14762859,0.060356572
404556.jpg,0.042943228,0.7046791,0.19451644,0.05786118
404557.jpg,0.7166521,0.07208676,0.15314919,0.058112014
404558.jpg,0.15138684,0.6021547,0.1856669,0.060791593
404559.jpg,0.043738548,0.690233,0.19341321,0.07261523
404560.jpg,0.040780805,0.518944,0.17242311,0.267852
404561.jpg,0.024200447,0.74307656,0.17584044,0.056882564
404562.jpg,0.108493656,0.6034241,0.20789702,0.08018526
404563.jpg,0.73523957,0.04200056,0.15011148,0.072648376
404564.jpg,0.026217766,0.62103564,0.2354692,0.117277466
404565.jpg,0.108501114,0.61732143,0.1869946,0.0871829
404566.jpg,0.73720354,0.03682117,0.16234209,0.06363322
404567.jpg,0.24188447,0.43732655,0.22923912,0.09154984
404568.jpg,0.11542144,0.62106884,0.20583051,0.057679217
404569.jpg,0.77075297,0.031111246,0.1365208,0.06161499
404570.jpg,0.6465954,0.13133062,0.15734836,0.06472551
404571.jpg,0.41456234,0.33336154,0.1905387,0.06153736
404572.jpg,0.76425415,0.04116372,0.14690061,0.047681484
404573.jpg,0.49024343,0.2566876,0.19430971,0.058759283
404574.jpg,0.44918332,0.2769839,0.19433136,0.07950146
404575.jpg,0.31593272,0.38097456,0.22226268,0.08082999
404576.jpg,0.5830686,0.16031238,0.18026026,0.076358676
404577.jpg,0.73172635,0.045524593,0.15583445,0.066914625
404578.jpg,0.22877067,0.49276686,0.20552087,0.072941616
404579.jpg,0.30392367,0.03766968,0.6184537,0.039952945
404580.jpg,0.69324803,0.07951318,0.17424314,0.052995663
404581.jpg,0.6859749,0.08473479,0.17697023,0.05232014
404582.jpg,0.32065058,0.33398035,0.24907248,0.09629658
404583.jpg,0.13524401,0.5884351,0.16773184,0.10858905
404584.jpg,0.18036135,0.54491025,0.20770065,0.06702773
404585.jpg,0.5867481,0.19171442,0.14587599,0.07566143
404586.jpg,0.07832659,0.691556,0.14815338,0.08196399
404587.jpg,0.47866678,0.23752968,0.20788325,0.07592025
404588.jpg,0.06600826,0.6704509,0.18556623,0.077974595
404589.jpg,0.6653927,0.085825674,0.18216188,0.066619776
404590.jpg,0.22806151,0.4772308,0.19511358,0.09959412
404591.jpg,0.19721216,0.46192184,0.23235588,0.10851013
404592.jpg,0.7540684,0.030285617,0.15620424,0.059441745
404593.jpg,0.056676533,0.020918215,0.85716724,0.06523798
404594.jpg,0.012374729,0.015236356,0.13778839,0.83460045
404595.jpg,0.61283714,0.119706094,0.18379839,0.08365833
404596.jpg,0.1273716,0.23476434,0.41048464,0.22737944
404597.jpg,0.6785005,0.09807422,0.16135837,0.062066942
404598.jpg,0.020353546,0.042819936,0.09419632,0.8426302
404599.jpg,0.012341375,0.28935137,0.2650789,0.43322834
404600.jpg,0.027077312,0.6659794,0.1653299,0.14161338
404601.jpg,0.42914662,0.29894087,0.20306675,0.068845734
404602.jpg,0.6362203,0.10951352,0.19525339,0.059012745
404603.jpg,0.021023095,0.7705527,0.15523638,0.053187817
404604.jpg,0.071487255,0.61270165,0.23149443,0.08431665
404605.jpg,0.7252996,0.04643284,0.1489157,0.079351835
404606.jpg,0.13540894,0.57148427,0.22473164,0.068375126
404607.jpg,0.6986595,0.083173364,0.15912373,0.059043407
404608.jpg,0.7294939,0.06318974,0.15282388,0.054492462
404609.jpg,0.09055389,0.688351,0.15836516,0.06272993
404610.jpg,0.64632994,0.0902768,0.22030424,0.04308899
404611.jpg,0.30865312,0.4372098,0.18329895,0.070838146
404612.jpg,0.6594186,0.14696024,0.13362122,0.05999997
404613.jpg,0.060294393,0.71641636,0.16797729,0.055311937
404614.jpg,0.7648956,0.030150995,0.14878455,0.056168836
404615.jpg,0.022564499,0.7285568,0.18646367,0.062415022
404616.jpg,0.2396537,0.47781625,0.2112736,0.07125639
404617.jpg,0.69655114,0.093548365,0.15476693,0.055133525
404618.jpg,0.1775103,0.55619806,0.19698332,0.06930835
404619.jpg,0.34248158,0.3756535,0.20294668,0.078918256
404620.jpg,0.03304037,0.71205974,0.19240129,0.06249864
404621.jpg,0.01670485,0.61385036,0.20869,0.16075478
404622.jpg,0.09862679,0.09677083,0.78295773,0.021644661
404623.jpg,0.092383824,0.6560262,0.18570538,0.06588467
404624.jpg,0.7191569,0.05466671,0.16603845,0.060137887
404625.jpg,0.022483075,0.73710626,0.16465802,0.07575267
404626.jpg,0.44333985,0.26882794,0.20812102,0.07971117
404627.jpg,0.47543147,0.25724933,0.20359726,0.06372191
404628.jpg,0.02869906,0.7158771,0.17186524,0.08355852
404629.jpg,0.21328674,0.54616755,0.17613375,0.06441202
404630.jpg,0.0992494,0.02967219,0.8074124,0.06366601
404631.jpg,0.05315326,0.13869755,0.74159175,0.0665574
404632.jpg,0.70707506,0.06416486,0.1664597,0.062300403
404633.jpg,0.38032293,0.36714044,0.19933207,0.053204555
404634.jpg,0.10168465,0.1237852,0.6792696,0.09526049
404635.jpg,0.0678437,0.4792477,0.36260167,0.09030691
404636.jpg,0.76260805,0.046550382,0.13160607,0.059235524
404637.jpg,0.51633054,0.20690353,0.21692853,0.059837405
404638.jpg,0.14777388,0.5989525,0.18714404,0.066129655
404639.jpg,0.024720958,0.2001491,0.15501301,0.62011695
404640.jpg,0.5116726,0.20381741,0.20006092,0.084449075
404641.jpg,0.53952736,0.18331467,0.19345339,0.08370458
404642.jpg,0.756186,0.04485166,0.15053417,0.04842821
404643.jpg,0.07916844,0.65652436,0.20856483,0.055742394
404645.jpg,0.026654176,0.76997215,0.14998992,0.053383764
404646.jpg,0.7534507,0.048082497,0.15186763,0.04659912
404647.jpg,0.14743167,0.6124358,0.17801873,0.062113807
404648.jpg,0.028502898,0.026199518,0.6778429,0.26745468
404649.jpg,0.6840405,0.07695197,0.16812408,0.070883445
404650.jpg,0.42784998,0.2946768,0.17360324,0.10386998
404651.jpg,0.7406139,0.045149278,0.14120312,0.07303373
404652.jpg,0.6795223,0.08877232,0.16064496,0.07106047
404653.jpg,0.6214814,0.12177891,0.18827134,0.068468325
404654.jpg,0.016284496,0.0062355814,0.96815366,0.009326273
404655.jpg,0.056044992,0.7072296,0.18410063,0.052624773
404656.jpg,0.6704805,0.079439215,0.17688973,0.0731906
404657.jpg,0.16137324,0.58845013,0.17162435,0.07855227
404658.jpg,0.32847634,0.39879048,0.21830948,0.05442371
404659.jpg,0.10503954,0.6546011,0.18580031,0.05455901
404660.jpg,0.045534268,0.67754,0.19241376,0.08451196
404661.jpg,0.31808558,0.27099308,0.33116812,0.07975321
404662.jpg,0.2203356,0.489985,0.21113884,0.07854058
404663.jpg,0.71787643,0.076752566,0.14624043,0.05913053
404664.jpg,0.3127638,0.44585475,0.18461086,0.05677061
404665.jpg,0.7096834,0.079822145,0.15149139,0.059003104
404666.jpg,0.6506028,0.09865234,0.17703919,0.0737057
404667.jpg,0.11415053,0.6382064,0.17429268,0.07335035
404668.jpg,0.0057289004,0.009849106,0.47142062,0.51300144
404669.jpg,0.58158183,0.16142412,0.19384904,0.06314502
404670.jpg,0.25415537,0.4536663,0.22567122,0.06650714
404671.jpg,0.12827648,0.62701994,0.18675077,0.05795278
404672.jpg,0.07339237,0.70614547,0.15308136,0.06738078
404673.jpg,0.2824643,0.45802477,0.19661766,0.06289319
404674.jpg,0.6965284,0.08175129,0.16136135,0.060358983
404676.jpg,0.0324535,0.73603034,0.16497341,0.066542745
404677.jpg,0.1635813,0.56205654,0.22632025,0.04804197
404678.jpg,0.72136736,0.07119297,0.15113162,0.05630803
404679.jpg,0.016680727,0.64850974,0.19491017,0.1398993
404680.jpg,0.7899272,0.030059949,0.12178773,0.058225136
404681.jpg,0.11581317,0.61867684,0.18212003,0.083389975
404682.jpg,0.22497495,0.47424817,0.20469575,0.09608116
404683.jpg,0.4706135,0.30478284,0.16149406,0.06310958
404684.jpg,0.4753441,0.25264907,0.20058626,0.07142055
404685.jpg,0.6347572,0.11931119,0.17488073,0.07105086
404686.jpg,0.068351306,0.6676548,0.19864292,0.06535096
404687.jpg,0.712265,0.063365646,0.15341713,0.07095217
404688.jpg,0.17053823,0.54047376,0.21513636,0.07385169
404689.jpg,0.060494047,0.7037344,0.18404709,0.051724505
404690.jpg,0.10363719,0.6237499,0.19998114,0.07263177
404691.jpg,0.018423902,0.6870899,0.22820313,0.06628301
404692.jpg,0.20711118,0.49695206,0.2263573,0.06957943
404693.jpg,0.6236922,0.10840539,0.19165106,0.07625135
404694.jpg,0.21365619,0.5087989,0.21331204,0.06423291
404695.jpg,0.7229974,0.06663758,0.1371863,0.07317867
404696.jpg,0.032867078,0.74261624,0.16160583,0.06291086
404697.jpg,0.7525433,0.035400797,0.15286414,0.059191745
404698.jpg,0.08775874,0.6559389,0.18154009,0.07476222
404699.jpg,0.0651723,0.66239494,0.2115134,0.060919385
404700.jpg,0.15112585,0.3612521,0.38923618,0.09838588
404701.jpg,0.55728143,0.1556823,0.22439034,0.06264589
404702.jpg,0.028551603,0.7018566,0.1825068,0.08708495
404703.jpg,0.71303433,0.079451606,0.15547897,0.052035157
404704.jpg,0.4002436,0.2980292,0.21153432,0.090192825
404705.jpg,0.72202283,0.05441962,0.16188397,0.06167355
404706.jpg,0.56628746,0.1763376,0.18669689,0.07067811
404707.jpg,0.5355235,0.18952091,0.2042994,0.07065624
404708.jpg,0.361393,0.3353056,0.2145349,0.088766515
404709.jpg,0.69534206,0.087899916,0.1571424,0.059615683
404710.jpg,0.06745409,0.6315015,0.18290716,0.11813726
404711.jpg,0.11821893,0.6092504,0.2143565,0.05817418
404712.jpg,0.7065857,0.058951944,0.17159605,0.06286631
404713.jpg,0.23259981,0.5036792,0.2006505,0.06307048
404714.jpg,0.005465156,0.010585598,0.8322616,0.1516876
404715.jpg,0.21606727,0.51605767,0.19507515,0.07279987
404716.jpg,0.14378816,0.6121524,0.17127697,0.07278248
404717.jpg,0.2027636,0.5293302,0.17670028,0.0912059
404718.jpg,0.5397577,0.17647128,0.21932016,0.06445079
404719.jpg,0.015945675,0.11845676,0.24043874,0.6251588
404720.jpg,0.61768097,0.02841262,0.31925026,0.034656107
404721.jpg,0.34566036,0.07331262,0.5398726,0.041154344
404722.jpg,0.22596657,0.46337473,0.21691926,0.09373946
404723.jpg,0.008520947,0.04082996,0.18415028,0.7664988
404724.jpg,0.7457699,0.05407593,0.14063038,0.059523765
404725.jpg,0.73681,0.049752116,0.16801763,0.045420233
404726.jpg,0.14777613,0.61019564,0.19005527,0.051972974
404727.jpg,0.6641305,0.059438933,0.2061553,0.07027523
404728.jpg,0.60919404,0.118620366,0.18224145,0.08994415
404729.jpg,0.64309835,0.11227641,0.1813472,0.06327802
404730.jpg,0.32422218,0.3883607,0.22635241,0.06106469
404731.jpg,0.23402977,0.49043277,0.19865857,0.07687892
404732.jpg,0.5573466,0.17189485,0.18334562,0.087412976
404733.jpg,0.04700896,0.74217635,0.1528206,0.05799414
404734.jpg,0.058930337,0.69097155,0.1946791,0.05541901
404735.jpg,0.27931416,0.43512645,0.21262038,0.07293893
404736.jpg,0.76437646,0.049690977,0.1395972,0.04633533
404737.jpg,0.00928427,0.033481672,0.09581765,0.8614164
404738.jpg,0.045621563,0.71238214,0.18068807,0.061308235
404739.jpg,0.10630336,0.6257481,0.19836251,0.069586046
404740.jpg,0.10762268,0.47650012,0.20703095,0.20884627
404741.jpg,0.5115523,0.21536122,0.20456748,0.06851903
404742.jpg,0.37095296,0.39132223,0.17636506,0.061359752
404743.jpg,0.63408846,0.097624145,0.19270225,0.075585134
404744.jpg,0.56018573,0.17908621,0.18186657,0.078861475
404745.jpg,0.117814146,0.58638495,0.22857273,0.06722813
404746.jpg,0.7146985,0.086814225,0.15067437,0.047812983
404747.jpg,0.00553598,0.07741243,0.30106038,0.6159912
404748.jpg,0.01443103,0.28701425,0.1461329,0.55242187
404749.jpg,0.08150787,0.64013237,0.20185725,0.076502465
404750.jpg,0.5280074,0.0802249,0.31708834,0.074679404
404751.jpg,0.11160988,0.6076409,0.2180878,0.06266139
404752.jpg,0.20111988,0.5137491,0.22702241,0.05810861
404753.jpg,0.2741569,0.45068768,0.19707887,0.07807655
404754.jpg,0.04642107,0.6297385,0.25350153,0.070338905
404755.jpg,0.018731754,0.74223757,0.1621582,0.076872505
404756.jpg,0.038981605,0.6490549,0.23035526,0.08160825
404757.jpg,0.008156501,0.03607941,0.17558242,0.78018165
404758.jpg,0.16952825,0.5806671,0.19130413,0.058500443
404759.jpg,0.7588582,0.036776677,0.14667635,0.057688817
404760.jpg,0.41092482,0.26720843,0.23399581,0.087870955
404761.jpg,0.27341852,0.46858636,0.20765972,0.050335407
404762.jpg,0.6111539,0.14889681,0.17385483,0.066094436
404763.jpg,0.706145,0.058704335,0.17282222,0.062328473
404765.jpg,0.08229584,0.67800015,0.14580537,0.09389862
404766.jpg,0.08420179,0.68773293,0.16417752,0.06388774
404767.jpg,0.121624924,0.59231126,0.20856243,0.07750139
404768.jpg,0.005971302,0.012869568,0.07587248,0.9052866
404769.jpg,0.557956,0.15612173,0.2327891,0.05313316
404770.jpg,0.70394367,0.07693281,0.159124,0.059999555
404771.jpg,0.51599413,0.2457229,0.17058976,0.06769324
404772.jpg,0.01590642,0.49826422,0.18164597,0.3041834
404773.jpg,0.11530284,0.6197582,0.21100052,0.053938434
404774.jpg,0.4543042,0.27261585,0.21025437,0.0628256
404775.jpg,0.39417395,0.3145599,0.21008785,0.08117835
404776.jpg,0.24611862,0.46175703,0.21574716,0.07637716
404777.jpg,0.08555263,0.63376695,0.2147219,0.06595847
404778.jpg,0.02063329,0.7448621,0.16482861,0.069675945
404779.jpg,0.2350053,0.47635743,0.20356369,0.08507359
404780.jpg,0.73056644,0.043077722,0.1585168,0.06783906
404781.jpg,0.03944957,0.7307,0.18379796,0.046052407
404782.jpg,0.7469799,0.053052574,0.13909186,0.060875718
404783.jpg,0.5588932,0.21081853,0.16388491,0.06640334
404784.jpg,0.009580586,0.100640684,0.18980221,0.6999765
404785.jpg,0.5016151,0.24113862,0.17951779,0.07772845
404786.jpg,0.5862532,0.15877394,0.18957435,0.06539847
404787.jpg,0.33740816,0.388549,0.20786023,0.06618263
404788.jpg,0.13801669,0.57866555,0.20642734,0.07689046
404789.jpg,0.033125192,0.37870112,0.26109192,0.32708177
404790.jpg,0.44103768,0.2923695,0.19864185,0.06795095
404791.jpg,0.14667948,0.57957,0.17850572,0.09524479
404792.jpg,0.14745423,0.19817455,0.49347416,0.160897
404793.jpg,0.20013757,0.46787465,0.20757294,0.12441483
404794.jpg,0.10839545,0.09822008,0.76592046,0.027463993
404795.jpg,0.7753966,0.055966515,0.12497303,0.043663885
404796.jpg,0.063530795,0.6743102,0.18983738,0.07232165
404797.jpg,0.3680539,0.371617,0.18815105,0.07217806
404798.jpg,0.417183,0.32926106,0.19248134,0.061074644
404799.jpg,0.66010785,0.102760226,0.17606165,0.061070275
404800.jpg,0.7533981,0.06393487,0.12970601,0.05296105
404801.jpg,0.5817147,0.17140205,0.18410075,0.0627825
404802.jpg,0.14252885,0.58283955,0.20607114,0.06856047
404803.jpg,0.31097716,0.39512935,0.22364992,0.07024359
404804.jpg,0.12027523,0.55815846,0.20974596,0.11182036
404805.jpg,0.5546894,0.19286275,0.1791079,0.07333994
404806.jpg,0.77889746,0.03538061,0.14186634,0.043855637
404807.jpg,0.27934983,0.39815247,0.24090083,0.08159687
404808.jpg,0.752309,0.04999506,0.14211851,0.055577416
404809.jpg,0.43551126,0.31400314,0.18052171,0.06996388
404810.jpg,0.2175042,0.4099274,0.29029152,0.08227688
404811.jpg,0.52233607,0.22618914,0.18813717,0.06333762
404812.jpg,0.3789151,0.31794378,0.21543844,0.087702654
404813.jpg,0.38617122,0.34618446,0.19079727,0.07684701
404814.jpg,0.63471144,0.14664975,0.16961254,0.04902627
404815.jpg,0.017750833,0.23710065,0.3682079,0.37694058
404816.jpg,0.66252357,0.09540483,0.18164106,0.0604305
404817.jpg,0.046257842,0.7070324,0.19333607,0.053373743
404818.jpg,0.5507452,0.20949386,0.16386437,0.07589661
404819.jpg,0.48478594,0.17904444,0.2524219,0.083747685
404820.jpg,0.31781247,0.4058752,0.19853252,0.07777983
404821.jpg,0.22931142,0.4224604,0.24417,0.10405823
404822.jpg,0.74929684,0.049076367,0.15033506,0.051291805
404823.jpg,0.36458847,0.38279247,0.18764675,0.06497232
404824.jpg,0.08356921,0.6266733,0.1975279,0.092229575
404825.jpg,0.74035424,0.03600133,0.1598403,0.06380418
404826.jpg,0.7443177,0.031135365,0.16694923,0.05759773
404827.jpg,0.2483082,0.50363356,0.18702362,0.061034624
404828.jpg,0.45643392,0.27321187,0.1917172,0.078636944
404829.jpg,0.027600346,0.742763,0.16516852,0.06446814
404830.jpg,0.111829996,0.544157,0.24994557,0.09406736
404831.jpg,0.11613516,0.60683393,0.20154965,0.07548121
404832.jpg,0.28096628,0.42365062,0.2340234,0.061359677
404833.jpg,0.043207616,0.692173,0.19363362,0.070985794
404834.jpg,0.5769215,0.19520736,0.16893364,0.05893745
404835.jpg,0.06196555,0.6849775,0.19466239,0.058394592
404836.jpg,0.7315442,0.041410718,0.16276361,0.06428151
404837.jpg,0.6994497,0.075968035,0.16499074,0.059591517
404838.jpg,0.25697824,0.44418427,0.21154715,0.08729032
404839.jpg,0.43824223,0.28908366,0.19009306,0.082581066
404840.jpg,0.01664606,0.5749753,0.20649987,0.20187874
404841.jpg,0.18354309,0.5584301,0.1930648,0.06496207
404842.jpg,0.024187816,0.41386804,0.36498752,0.19695665
404843.jpg,0.14997603,0.5834686,0.20020668,0.06634873
404844.jpg,0.051736105,0.48351339,0.35491335,0.109837145
404845.jpg,0.73362535,0.05774085,0.14708298,0.061550867
404846.jpg,0.35688922,0.39769292,0.18867834,0.056739513
404847.jpg,0.083490945,0.656521,0.18131304,0.078674965
404848.jpg,0.13335373,0.57133394,0.22078283,0.07452955
404849.jpg,0.5173108,0.21473597,0.19375746,0.07419574
404850.jpg,0.05570055,0.7180791,0.16402453,0.062195826
404851.jpg,0.7576199,0.041683152,0.15016364,0.050533224
404852.jpg,0.096803404,0.60807127,0.20097663,0.09414872
404853.jpg,0.64749354,0.08459126,0.19250865,0.07540657
404854.jpg,0.10422072,0.66481215,0.16658776,0.0643794
404855.jpg,0.025317186,0.7274907,0.1669407,0.08025137
404856.jpg,0.7698968,0.045017164,0.12533294,0.0597531
404857.jpg,0.5985105,0.14183018,0.20119978,0.058459494
404858.jpg,0.51281434,0.15623553,0.27897814,0.05197196
404859.jpg,0.04118171,0.6955514,0.1826754,0.08059148
404860.jpg,0.20187111,0.35623083,0.22851498,0.21338303
404861.jpg,0.0452778,0.70120025,0.18953072,0.06399125
404862.jpg,0.61490124,0.118752725,0.18331258,0.0830335
404863.jpg,0.2783415,0.09158948,0.3702612,0.2598078
404864.jpg,0.5603047,0.15608312,0.19824338,0.08536879
404865.jpg,0.7466569,0.049587503,0.1390267,0.06472888
404866.jpg,0.63471437,0.10514449,0.20282589,0.05731526
404867.jpg,0.5579443,0.19552052,0.18588285,0.060652327
404868.jpg,0.15524563,0.4817277,0.18930824,0.17371847
404869.jpg,0.70830584,0.048070353,0.1850876,0.058536205
404870.jpg,0.5113753,0.2492205,0.18032356,0.05908062
404871.jpg,0.79415196,0.028078688,0.12852645,0.049242932
404872.jpg,0.6963663,0.12644283,0.11698231,0.060208518
404873.jpg,0.02787462,0.7383933,0.16179113,0.07194101
404874.jpg,0.55793375,0.17850511,0.20014066,0.063420445
404875.jpg,0.17741628,0.5755225,0.18725759,0.059803676
404876.jpg,0.13682598,0.5531354,0.20594229,0.1040963
404877.jpg,0.40001836,0.32875118,0.21989472,0.051335737
404878.jpg,0.63137525,0.1411984,0.17266673,0.054759573
404879.jpg,0.74160004,0.05783857,0.14706951,0.05349189
404880.jpg,0.6880455,0.11139909,0.15149593,0.04905955
404881.jpg,0.667258,0.102904774,0.16265519,0.06718204
404882.jpg,0.2755673,0.45401374,0.20383795,0.06658102
404883.jpg,0.50652283,0.23563842,0.17644368,0.08139506
404884.jpg,0.035748456,0.6035846,0.22749479,0.1331722
404885.jpg,0.5189,0.27434573,0.14566992,0.06108436
404886.jpg,0.18399864,0.53988945,0.1855603,0.090551585
404887.jpg,0.7099519,0.09937323,0.1263386,0.06433624
404888.jpg,0.65107363,0.107309006,0.17243391,0.06918346
404889.jpg,0.13026197,0.5590723,0.22712332,0.08354241
404890.jpg,0.30686194,0.45342278,0.18376553,0.055949736
404891.jpg,0.2477808,0.5115061,0.18294038,0.057772726
404892.jpg,0.1374876,0.4843646,0.22393195,0.15421584
404893.jpg,0.02001667,0.7092843,0.1916792,0.079019845
404894.jpg,0.26322082,0.43913937,0.20628208,0.09135776
404895.jpg,0.54895097,0.18494767,0.20753269,0.058568638
404896.jpg,0.2450722,0.4457097,0.2154005,0.093817614
404897.jpg,0.62388015,0.14401288,0.16483343,0.06727352
404898.jpg,0.006334608,0.035203476,0.5219904,0.4364715
404899.jpg,0.68327266,0.07771455,0.1745122,0.06450054
404900.jpg,0.020100594,0.7326495,0.17628855,0.070961356
404901.jpg,0.041026678,0.7344554,0.16096239,0.06355553
404902.jpg,0.2687575,0.44025266,0.21486725,0.07612261
404903.jpg,0.23098648,0.49805605,0.19553196,0.075425506
404904.jpg,0.041881636,0.6965353,0.19174193,0.06984121
404905.jpg,0.5021945,0.20799656,0.199457,0.09035192
404906.jpg,0.474775,0.2606602,0.20908171,0.055483088
404907.jpg,0.24382675,0.41415706,0.2553997,0.08661646
404908.jpg,0.079254486,0.6584502,0.18627375,0.07602151
404909.jpg,0.7748985,0.039420832,0.13502802,0.050652564
404910.jpg,0.08762661,0.6512646,0.19461845,0.06649029
404911.jpg,0.018879713,0.21998566,0.14097486,0.6201598
404912.jpg,0.36155128,0.37891364,0.19771473,0.061820313
404913.jpg,0.59259564,0.14881323,0.18820536,0.070385784
404914.jpg,0.34454608,0.3964754,0.19857185,0.060406674
404915.jpg,0.6782053,0.06107278,0.1939162,0.06680579
404916.jpg,0.5373551,0.21419162,0.18348174,0.06497157
404917.jpg,0.012279943,0.14379926,0.30566114,0.5382597
404918.jpg,0.6116889,0.15888101,0.17480421,0.05462588
404919.jpg,0.0492055,0.70609266,0.17739868,0.06730311
404920.jpg,0.43974957,0.26830688,0.20603003,0.08591352
404921.jpg,0.07540744,0.680099,0.18692102,0.057572544
404922.jpg,0.032397,0.7249318,0.18273883,0.059932377
404923.jpg,0.069722965,0.6849629,0.1810081,0.06430602
404924.jpg,0.45758185,0.25592276,0.2149115,0.07158389
404925.jpg,0.20726873,0.50899565,0.20733182,0.076403804
404926.jpg,0.15668467,0.6009496,0.17785257,0.06451318
404927.jpg,0.2657142,0.43655977,0.21407221,0.08365381
404928.jpg,0.6990312,0.08719051,0.17565435,0.038123894
404929.jpg,0.5352674,0.21237148,0.19974613,0.05261493
404930.jpg,0.71446556,0.06500183,0.16574699,0.054785606
404931.jpg,0.26114702,0.48771024,0.19853322,0.052609537
404932.jpg,0.04742374,0.17258935,0.597285,0.18270202
404933.jpg,0.3115489,0.41220942,0.20774807,0.06849362
404934.jpg,0.5168566,0.20694904,0.20993762,0.06625673
404935.jpg,0.3651941,0.3661488,0.19572647,0.07293061
404936.jpg,0.025089951,0.017370066,0.895624,0.061915975
404937.jpg,0.5412273,0.20313919,0.18206345,0.07357013
404938.jpg,0.75690883,0.03532688,0.1444286,0.06333565
404939.jpg,0.19779386,0.5367374,0.19945864,0.06601017
404940.jpg,0.43045315,0.30934104,0.19713886,0.06306692
404941.jpg,0.7307283,0.048232395,0.1607208,0.06031847
404942.jpg,0.071674265,0.67741156,0.19703917,0.053875025
404943.jpg,0.058095764,0.71560067,0.18121834,0.04508522
404944.jpg,0.0662114,0.5249992,0.15319434,0.2555951
404945.jpg,0.41774106,0.27747884,0.23140796,0.073372126
404946.jpg,0.108234145,0.6382001,0.18836354,0.0652022
404947.jpg,0.3677187,0.3333961,0.21140099,0.08748421
404948.jpg,0.6445246,0.12256905,0.18139254,0.05151389
404949.jpg,0.41856828,0.31417772,0.18873751,0.07851648
404950.jpg,0.33081663,0.39112842,0.194969,0.083085954
404951.jpg,0.48312426,0.25624257,0.18176107,0.07887211
404952.jpg,0.022372296,0.043843087,0.9172804,0.016504297
404953.jpg,0.32791623,0.38488558,0.22754227,0.059655875
404954.jpg,0.30729812,0.4138877,0.19902287,0.079791315
404955.jpg,0.70616126,0.055274587,0.17338084,0.065183304
404956.jpg,0.14073645,0.5856808,0.1921613,0.08142146
404957.jpg,0.7245291,0.026078949,0.20484646,0.044545505
404958.jpg,0.36966515,0.3746433,0.19726169,0.058429886
404959.jpg,0.24527629,0.22541817,0.39050016,0.1388054
404960.jpg,0.7132947,0.07850781,0.15318108,0.055016432
404961.jpg,0.11270729,0.5667746,0.23923434,0.08128378
404962.jpg,0.05651151,0.13880281,0.7729446,0.03174108
404963.jpg,0.14353754,0.5723806,0.20609458,0.077987246
404964.jpg,0.7491587,0.04449792,0.14702104,0.059322346
404965.jpg,0.72970563,0.0697195,0.15813257,0.042442176
404966.jpg,0.41890487,0.23662412,0.24059981,0.1038712
404967.jpg,0.06507152,0.6942846,0.15972883,0.08091505
404968.jpg,0.281849,0.4705894,0.18834777,0.059213836
404969.jpg,0.027519943,0.6792979,0.23020612,0.062976025
404970.jpg,0.05711633,0.70918983,0.17102723,0.06266657
404971.jpg,0.06247723,0.6497761,0.20415854,0.083588116
404972.jpg,0.019953424,0.42678082,0.19751914,0.35574663
404973.jpg,0.32282043,0.40964806,0.1918816,0.075649925
404974.jpg,0.015334326,0.69068986,0.214287,0.07968881
404975.jpg,0.35996023,0.37017655,0.20673108,0.06313207
404976.jpg,0.7154841,0.047893792,0.16350828,0.07311388
404977.jpg,0.4371662,0.30143827,0.18682241,0.07457306
404978.jpg,0.503563,0.21359599,0.20281415,0.08002689
404979.jpg,0.705012,0.075881645,0.16076475,0.05834159
404980.jpg,0.022326717,0.6712048,0.19264036,0.11382816
404981.jpg,0.5419304,0.18027182,0.2120024,0.0657954
404982.jpg,0.33240518,0.39383164,0.21041216,0.063351005
404983.jpg,0.16144325,0.58122236,0.19416068,0.06317372
404984.jpg,0.6945278,0.08083406,0.16606887,0.058569286
404985.jpg,0.7031947,0.08905359,0.15713964,0.05061203
404986.jpg,0.581369,0.15048005,0.20030145,0.067849524
404987.jpg,0.13398778,0.63156396,0.1611533,0.07329496
404988.jpg,0.22304903,0.48894694,0.21746488,0.07053914
404989.jpg,0.69854116,0.06659936,0.17801599,0.056843456
404990.jpg,0.17105015,0.54391164,0.20649652,0.07854169
404991.jpg,0.10282657,0.6162451,0.19880544,0.0821229
404992.jpg,0.6863739,0.08748346,0.1678095,0.058333214
404993.jpg,0.27196127,0.2789956,0.36716858,0.08187454
404994.jpg,0.68753767,0.09417621,0.1552053,0.06308087
404995.jpg,0.039452452,0.67641574,0.23273905,0.051392723
404996.jpg,0.07449723,0.047148537,0.83787465,0.040479545
404997.jpg,0.2409734,0.507674,0.17734987,0.07400275
404998.jpg,0.017685907,0.60149235,0.19121216,0.1896096
404999.jpg,0.58973175,0.16539031,0.16505821,0.07981969
405000.jpg,0.13507302,0.5786702,0.21433683,0.07191991
405001.jpg,0.1118047,0.6093263,0.21355551,0.065313496
405002.jpg,0.14151783,0.5894982,0.20548517,0.063498765
405003.jpg,0.23764193,0.4954826,0.20483421,0.062041253
405004.jpg,0.16392057,0.5556215,0.18938045,0.09107748
405005.jpg,0.5595658,0.19652843,0.186193,0.057712752
405006.jpg,0.711729,0.0713957,0.16348122,0.053394053
405007.jpg,0.10515813,0.60959166,0.194441,0.09080923
405008.jpg,0.5065381,0.2328497,0.1787303,0.08188186
405009.jpg,0.021183996,0.71971005,0.16740508,0.09170088
405010.jpg,0.73802453,0.02957592,0.16662264,0.06577683
