image,none,infection,ischaemia,both
401000.jpg,0.9146777,0.08424453,0.00072214706,0.00035559037
401001.jpg,0.9699051,0.029447049,0.00043238726,0.00021551865
401002.jpg,0.1650195,0.8216572,0.011090969,0.0022323653
401003.jpg,0.95097893,0.04377419,0.0047882604,0.00045862678
401004.jpg,0.03510265,0.96059847,0.0019582997,0.002340553
401005.jpg,0.24397106,0.09760495,0.6412644,0.017159602
401006.jpg,0.82803184,0.17085965,0.00083958684,0.00026891698
401007.jpg,0.3798946,0.61524385,0.0037962834,0.0010653029
401008.jpg,0.023749195,0.96598977,0.00043284314,0.009828206
401009.jpg,0.8321076,0.16697405,0.00050674385,0.0004116164
401010.jpg,0.74588674,0.2530947,0.000667403,0.00035114598
401011.jpg,0.013353114,0.982477,0.0008277071,0.0033421814
401012.jpg,0.47228828,0.5256535,0.00094454474,0.0011136695
401013.jpg,0.503141,0.49423912,0.0007313776,0.00188854
401014.jpg,0.31032878,0.6867698,0.001493617,0.0014077933
401015.jpg,0.043649215,0.6258915,0.02208566,0.3083736
401016.jpg,0.7421548,0.2548475,0.00222509,0.0007727295
401017.jpg,0.050793614,0.31946823,0.0028106049,0.62692755
401018.jpg,0.5717918,0.28564656,0.06407037,0.07849123
401019.jpg,0.96163887,0.037615724,0.0005749483,0.00017049268
401020.jpg,0.68999213,0.30898646,0.0005036164,0.00051779684
401021.jpg,0.7585533,0.23953296,0.0012670223,0.00064670865
401022.jpg,0.41519937,0.5833575,0.00057509873,0.00086806976
401023.jpg,0.014279693,0.4355941,0.02913403,0.5209921
401024.jpg,0.0127935,0.78583884,0.0021130226,0.19925463
401025.jpg,0.6734964,0.3143692,0.010826041,0.0013083605
401026.jpg,0.0018132121,0.03595699,0.068139754,0.89409
401027.jpg,0.027263246,0.9640457,0.0038006532,0.0048904265
401028.jpg,0.029331101,0.03727737,0.03316197,0.9002295
401029.jpg,0.760223,0.23836845,0.0008663907,0.00054217136
401030.jpg,0.94479245,0.0540079,0.0009081093,0.00029158595
401031.jpg,0.6062197,0.3888484,0.0016136194,0.0033182409
401032.jpg,0.024014363,0.9677698,0.00045550757,0.007760355
401033.jpg,0.04169929,0.9554774,0.0005870243,0.0022362408
401034.jpg,0.0481299,0.9468197,0.0023640345,0.0026864286
401035.jpg,0.39235187,0.032546468,0.574966,0.00013572298
401036.jpg,0.02491417,0.96361345,0.00060097204,0.010871441
401037.jpg,0.57556313,0.42130437,0.0019224783,0.0012099784
401038.jpg,0.94977814,0.04884396,0.001239611,0.0001383142
401039.jpg,0.82449484,0.17404085,0.0010275451,0.00043671354
401040.jpg,0.19618921,0.80160373,0.0009093426,0.0012977845
401041.jpg,0.32511488,0.67228705,0.001076924,0.00152115
401042.jpg,0.4960462,0.50258934,0.00069445046,0.0006700014
401043.jpg,0.9065017,0.09229183,0.0004978025,0.00070863776
401044.jpg,0.7004445,0.2980708,0.0007888214,0.000695812
401045.jpg,0.63172084,0.36398885,0.0013093274,0.0029809445
401046.jpg,0.03207123,0.96548486,0.00076156453,0.0016823189
401047.jpg,0.95809096,0.04119474,0.00057241257,0.00014184251
401048.jpg,0.055728484,0.8275365,0.1020793,0.014655759
401049.jpg,0.98440295,0.014909391,0.00053182064,0.00015577163
401050.jpg,0.3871852,0.60957694,0.0010655333,0.0021723527
401051.jpg,0.028966362,0.9678247,0.0012954475,0.0019135108
401052.jpg,0.910286,0.08845817,0.0009176996,0.00033808415
401053.jpg,0.05436787,0.9411402,0.002036468,0.0024554583
401054.jpg,0.61813194,0.36880097,0.009835485,0.0032315978
401055.jpg,0.33939838,0.6589239,0.0011165274,0.00056117837
401056.jpg,0.16966431,0.814334,0.0013116713,0.014689997
401057.jpg,0.14917101,0.847038,0.0010288648,0.0027621984
401058.jpg,0.89538074,0.10115806,0.0029007352,0.0005604671
401059.jpg,0.9714946,0.02793775,0.00045037223,0.00011726987
401060.jpg,0.24359572,0.7500575,0.0046224142,0.0017243506
401061.jpg,0.2247178,0.7728928,0.0011344048,0.0012550456
401062.jpg,0.79958826,0.1992146,0.00055923685,0.0006378093
401063.jpg,0.94120497,0.05745874,0.00085791526,0.00047844276
401064.jpg,0.61510485,0.38338837,0.00094823516,0.0005585468
401065.jpg,0.013804254,0.9809728,0.0006694943,0.0045533734
401066.jpg,0.40010038,0.5970399,0.0012048292,0.0016548972
401067.jpg,0.07325598,0.9242039,0.0012602931,0.0012798338
401068.jpg,0.87963456,0.118682064,0.0012127376,0.00047067498
401069.jpg,0.9311733,0.06801535,0.0004408157,0.0003704816
401070.jpg,0.93586874,0.062954165,0.00082735746,0.000349715
401071.jpg,0.5236146,0.4745095,0.0010186863,0.00085725385
401072.jpg,0.13450414,0.86226577,0.0011055792,0.0021245403
401073.jpg,0.07038586,0.9253793,0.0027628227,0.0014720494
401074.jpg,0.101976134,0.8921496,0.0026698264,0.003204432
401075.jpg,0.12038178,0.8649185,0.007493174,0.0072064907
401076.jpg,0.95314676,0.045923304,0.0005820708,0.00034790728
401077.jpg,0.38088357,0.6156089,0.0014857493,0.0020218126
401078.jpg,0.0032803284,0.4536616,0.0024714016,0.54058665
401079.jpg,0.5218058,0.47647548,0.0010537533,0.00066490175
401080.jpg,0.0044665285,0.063160606,0.011668016,0.92070484
401081.jpg,0.73788327,0.25964335,0.0019642126,0.0005092476
401082.jpg,0.00075054076,0.0024634274,0.02489044,0.9718955
401083.jpg,0.14125209,0.8551719,0.0010225667,0.002553441
401084.jpg,0.6182124,0.37615228,0.0034632257,0.0021720536
401085.jpg,0.14335506,0.8534572,0.0017177239,0.001470026
401086.jpg,0.2629074,0.7210996,0.01173782,0.004255203
401087.jpg,0.70700365,0.29129043,0.0010551062,0.0006507074
401088.jpg,0.95547944,0.043426096,0.0007336924,0.0003607672
401089.jpg,0.7009763,0.29338625,0.005339544,0.00029789537
401090.jpg,0.016750881,0.4911852,0.16716914,0.32489482
401091.jpg,0.12586136,0.0403121,0.8317146,0.0021120224
401092.jpg,0.76918125,0.22318636,0.005737394,0.001895012
401093.jpg,0.00014131071,0.00068615936,0.12495208,0.87422043
401094.jpg,0.7122484,0.2866465,0.0007370731,0.00036804203
401095.jpg,0.17459172,0.8141363,0.0031956255,0.008076311
401096.jpg,0.13048035,0.8643798,0.0013045153,0.0038352811
401097.jpg,0.04236273,0.9540138,0.0019239954,0.0016994067
401098.jpg,0.8469055,0.15191625,0.00090144045,0.0002767587
401099.jpg,0.34762132,0.6483185,0.0019844547,0.0020757099
401100.jpg,0.018301666,0.9796696,0.0007070834,0.0013216616
401101.jpg,0.7459789,0.25136432,0.0016910391,0.00096571055
401102.jpg,0.5247435,0.42716315,0.041241236,0.0068520843
401103.jpg,0.8659126,0.1328681,0.0008453393,0.0003740081
401104.jpg,0.10132542,0.8941048,0.0007211608,0.0038486782
401105.jpg,0.2883996,0.70900553,0.0016474883,0.0009473719
401106.jpg,0.97420746,0.02508427,0.0005946041,0.00011363872
401107.jpg,0.052014127,0.9337997,0.0010302298,0.013155927
401108.jpg,0.804873,0.19313538,0.0008530437,0.001138608
401109.jpg,0.93917745,0.060081434,0.00057497213,0.00016615483
401110.jpg,0.22795796,0.76780254,0.000738166,0.0035013342
401111.jpg,0.029314363,0.9638727,0.00078463065,0.0060283416
401112.jpg,0.008340332,0.94615865,0.017758489,0.02774253
401113.jpg,0.0010693552,0.002929317,0.49533346,0.5006678
401114.jpg,0.9255844,0.07032339,0.0034515487,0.00064063567
401115.jpg,0.88394004,0.10760122,0.0075888583,0.00086986716
401116.jpg,0.89094335,0.108249426,0.00057293195,0.0002342806
401117.jpg,0.7567096,0.24106377,0.0019090837,0.00031752596
401118.jpg,0.956281,0.04251471,0.0008164633,0.00038778814
401119.jpg,0.41010988,0.58158916,0.0022968706,0.0060040853
401120.jpg,0.06416706,0.93322545,0.0003896938,0.0022177554
401121.jpg,0.9584763,0.04063953,0.00061347376,0.0002706607
401122.jpg,0.9645894,0.03452744,0.00065320823,0.00022994693
401123.jpg,0.443737,0.50285864,0.052311238,0.0010931183
401124.jpg,0.14519201,0.8476505,0.0010741327,0.006083363
401125.jpg,0.23029558,0.7667682,0.0009816922,0.0019545367
401126.jpg,0.35298565,0.6448023,0.0012946174,0.00091743685
401127.jpg,0.06528404,0.9315793,0.00130537,0.0018313207
401128.jpg,0.058471203,0.93828696,0.0009624847,0.0022793524
401129.jpg,0.41731504,0.581326,0.000604197,0.00075472804
401130.jpg,0.9703172,0.028900528,0.00064577814,0.00013649419
401131.jpg,0.9186426,0.08033893,0.0006868213,0.00033163905
401132.jpg,0.18610401,0.81169605,0.0007841315,0.0014157486
401133.jpg,0.08298367,0.9085736,0.005204534,0.0032382302
401134.jpg,0.4541414,0.5435686,0.0011219139,0.0011680623
401135.jpg,0.6687214,0.33006528,0.00060818635,0.00060507987
401136.jpg,0.056307524,0.7395528,0.023754684,0.18038495
401137.jpg,0.9705965,0.028437072,0.0008568534,0.00010956795
401138.jpg,0.2235539,0.77362555,0.0013107704,0.0015097824
401139.jpg,0.81018764,0.18844374,0.00072365516,0.0006448758
401140.jpg,0.29804918,0.6930375,0.0025128275,0.0064005232
401141.jpg,0.30509996,0.6895113,0.0016646972,0.0037240323
401142.jpg,0.9539502,0.045232806,0.0005834634,0.00023351167
401143.jpg,0.05190264,0.9305919,0.0154263,0.002079123
401144.jpg,0.018170364,0.97811323,0.0018196967,0.0018966865
401145.jpg,0.0015324433,0.00011172163,0.9982615,9.432383e-05
401146.jpg,0.54847604,0.4484289,0.00239665,0.00069839304
401147.jpg,0.03039278,0.07205119,0.32249585,0.5750602
401148.jpg,0.9741346,0.025251811,0.00046281455,0.00015076542
401149.jpg,0.7959748,0.20261459,0.00096121966,0.0004494087
401150.jpg,0.6301489,0.36778364,0.001013659,0.0010538215
401151.jpg,0.023836432,0.03553753,0.9385956,0.0020304641
401152.jpg,0.8105239,0.18830271,0.0005675308,0.00060588546
401153.jpg,0.36315224,0.6346391,0.00074382994,0.0014648847
401154.jpg,0.0512484,0.9450989,0.0008938581,0.0027588317
401155.jpg,0.27105686,0.7258379,0.0018976374,0.0012076828
401156.jpg,0.34878218,0.6482354,0.00089419243,0.0020882366
401157.jpg,0.9795091,0.019815,0.0005473325,0.00012858839
401158.jpg,0.83612686,0.16187282,0.0016009525,0.00039932807
401159.jpg,0.11059788,0.88634557,0.0012621972,0.0017943966
401160.jpg,0.42033443,0.57598895,0.0010715398,0.0026050766
401161.jpg,0.03338974,0.9485833,0.0009799098,0.01704713
401162.jpg,0.58384275,0.31107092,0.002139279,0.102947004
401163.jpg,0.046977863,0.9503737,0.0009127467,0.001735628
401164.jpg,0.22199963,0.7726621,0.003600235,0.0017380212
401165.jpg,0.70385915,0.29442576,0.0010697711,0.00064526574
401166.jpg,0.87396055,0.12467965,0.00074732833,0.00061248994
401167.jpg,0.9207287,0.078290276,0.0006818537,0.0002991392
401168.jpg,0.9582987,0.040663313,0.0008220409,0.0002159222
401169.jpg,0.57494694,0.42347074,0.00086117,0.00072108814
401170.jpg,0.015763408,0.26149935,0.6988607,0.023876565
401171.jpg,0.6075228,0.39141414,0.00067967555,0.0003834441
401172.jpg,0.023801856,0.91498893,0.0043132748,0.056895945
401173.jpg,0.65149933,0.3437679,0.0010788693,0.003653804
401174.jpg,0.011079765,0.9862452,0.00059994234,0.0020750593
401175.jpg,0.3510969,0.6452647,0.0016864687,0.0019519535
401176.jpg,0.96955794,0.029985385,0.00032177937,0.00013492792
401177.jpg,0.6290101,0.36829364,0.0020327785,0.00066353864
401178.jpg,0.92923117,0.06987778,0.000561578,0.00032951127
401179.jpg,0.6359697,0.36119023,0.0019844782,0.0008556194
401180.jpg,0.81570226,0.183365,0.0006756053,0.00025710973
401181.jpg,0.949965,0.04952796,0.0003681352,0.00013889316
401182.jpg,0.0007076538,0.00013530673,0.9989999,0.00015707435
401183.jpg,0.1640058,0.8040268,0.027989244,0.003978181
401184.jpg,0.01575837,0.7552941,0.009333291,0.21961422
401185.jpg,0.60849065,0.38712892,0.002576858,0.001803584
401186.jpg,0.9682725,0.031187592,0.00040731044,0.00013257655
401187.jpg,0.21867023,0.7767501,0.003120316,0.0014592878
401188.jpg,0.93148303,0.06711522,0.0011970553,0.00020473033
401189.jpg,0.18323128,0.8132808,0.0011780014,0.0023098753
401190.jpg,0.10793672,0.8871042,0.0010475487,0.0039115082
401191.jpg,0.93880796,0.060459048,0.0005780544,0.00015489518
401192.jpg,0.3447707,0.64389414,0.0057771658,0.005558008
401193.jpg,0.98303324,0.016543418,0.00033541318,8.7951135e-05
401194.jpg,0.5650555,0.43255082,0.001769327,0.00062435935
401195.jpg,0.9717147,0.027850037,0.00032194433,0.00011332762
401196.jpg,0.663896,0.20484893,0.12046968,0.010785407
401197.jpg,0.00036275052,0.000314075,0.988528,0.010795176
401198.jpg,0.2214709,0.7757597,0.0018130527,0.0009562998
401199.jpg,0.8655451,0.10625895,0.026230698,0.0019652613
401200.jpg,0.10053533,0.8902213,0.007630153,0.0016132593
401201.jpg,0.9670696,0.03230166,0.0004963241,0.00013239928
401202.jpg,0.29996288,0.6961649,0.0018976367,0.0019745782
401203.jpg,0.9651206,0.034124315,0.00050988724,0.00024513536
401204.jpg,0.92591614,0.06789177,0.005733242,0.0004588735
401205.jpg,0.18709,0.8104841,0.00088213803,0.0015436932
401206.jpg,0.008805814,0.38527524,0.58583754,0.020081438
401207.jpg,0.55630064,0.43871322,0.003719724,0.0012664167
401208.jpg,0.39418364,0.6017489,0.0020193509,0.0020481704
401209.jpg,0.53308386,0.4649701,0.0012019458,0.00074410526
401210.jpg,0.41532484,0.58191824,0.0013712846,0.0013855764
401211.jpg,0.114517026,0.8764562,0.0052969498,0.0037298158
401212.jpg,0.012395437,0.829251,0.000555925,0.15779763
401213.jpg,0.00044818167,0.0007561764,0.22378097,0.77501464
401214.jpg,0.5724011,0.4252671,0.0015875675,0.0007442444
401215.jpg,0.3212768,0.6751571,0.00087310723,0.0026929409
401216.jpg,0.94136494,0.057269275,0.0010283968,0.000337399
401217.jpg,0.6596486,0.2960273,0.0020475269,0.042276595
401218.jpg,0.91876334,0.07783929,0.0028031187,0.0005942168
401219.jpg,0.9810973,0.018181324,0.0006011554,0.00012025435
401220.jpg,0.27005732,0.72694254,0.0013086813,0.0016914764
401221.jpg,0.14577381,0.8426048,0.010022279,0.0015991436
401222.jpg,0.008900356,0.2645513,0.1862886,0.5402598
401223.jpg,0.8859356,0.112699054,0.00088787294,0.00047748373
401224.jpg,0.8804467,0.11878099,0.00045364536,0.00031873325
401225.jpg,0.7645802,0.23341918,0.0013168704,0.00068383856
401226.jpg,9.650816e-05,0.000550302,0.00016866384,0.99918455
401227.jpg,0.09326589,0.8990364,0.003181997,0.004515696
401228.jpg,0.90695935,0.09012688,0.0025601536,0.0003536255
401229.jpg,0.008571139,0.9829998,0.0012107145,0.0072183623
401230.jpg,0.6246409,0.37379408,0.00085082214,0.0007142766
401231.jpg,0.13044055,0.8653508,0.0030087729,0.0011998914
401232.jpg,0.93441707,0.064907454,0.00040864924,0.00026673093
401233.jpg,0.10446415,0.8928304,0.0008064906,0.0018990027
401234.jpg,0.7993038,0.19590616,0.0041449093,0.0006450142
401235.jpg,0.9138372,0.08312065,0.0027156156,0.00032655298
401236.jpg,0.9624942,0.03616686,0.0010646923,0.00027426804
401237.jpg,0.7498545,0.24252285,0.0038645696,0.003758089
401238.jpg,0.022500297,0.6273846,0.12253732,0.22757779
401239.jpg,0.13266088,0.0076833125,0.85955024,0.000105550804
401240.jpg,0.2527425,0.736341,0.0034190004,0.0074974955
401241.jpg,0.9787938,0.020636925,0.00045799674,0.000111350186
401242.jpg,0.9691043,0.030422466,0.0003498059,0.00012345843
401243.jpg,0.41355863,0.5818867,0.0017065187,0.0028481523
401244.jpg,0.97631186,0.022666618,0.00089703576,0.00012454625
401245.jpg,0.16960096,0.8288979,0.00047498746,0.0010261688
401246.jpg,0.46587262,0.5317882,0.00065438665,0.0016848044
401247.jpg,0.9867239,0.012707817,0.00044764508,0.000120663804
401248.jpg,0.00504991,0.0004450674,0.9944587,4.639583e-05
401249.jpg,0.0033821147,0.23586182,0.17435403,0.586402
401250.jpg,0.88985795,0.10671755,0.0028441364,0.00058040157
401251.jpg,0.15220293,0.8375184,0.0024854697,0.007793311
401252.jpg,0.9214805,0.07686675,0.0010152032,0.0006375098
401253.jpg,0.4621892,0.53527254,0.0010514309,0.001486802
401254.jpg,0.93985885,0.059408944,0.00055258407,0.00017965335
401255.jpg,0.7282153,0.26820078,0.0018506908,0.0017332592
401256.jpg,0.14819811,0.84766674,0.0012983775,0.0028367944
401257.jpg,0.19665448,0.80052704,0.0012052502,0.001613242
401258.jpg,0.9672959,0.032029893,0.0005424412,0.00013174594
401259.jpg,0.96019965,0.038948547,0.0006700862,0.0001816904
401260.jpg,0.90115,0.09733391,0.0012480937,0.00026799348
401261.jpg,0.054074515,0.9400355,0.0012151845,0.0046748514
401262.jpg,0.9489611,0.04979648,0.0010722704,0.0001701797
401263.jpg,0.04367104,0.025593355,0.8235118,0.10722379
401264.jpg,0.79906154,0.19957572,0.0010349744,0.00032783486
401265.jpg,0.012848648,0.9830615,0.00071047596,0.0033793375
401266.jpg,0.80414444,0.19452496,0.0009658886,0.00036466718
401267.jpg,0.8300858,0.16860457,0.0008965125,0.00041308228
401268.jpg,0.027406054,0.9651823,0.003664037,0.0037476746
401269.jpg,0.96887845,0.030426005,0.0005877363,0.00010780243
401270.jpg,0.053561922,0.94163847,0.0012714517,0.0035281752
401271.jpg,0.70926553,0.28924906,0.0008200022,0.0006654035
401272.jpg,0.94973224,0.049119864,0.00079048687,0.0003574087
401273.jpg,0.037844077,0.9583078,0.0010087952,0.0028392796
401274.jpg,0.85886484,0.13819309,0.00259057,0.00035145096
401275.jpg,0.4452496,0.55143327,0.0016113167,0.0017057881
401276.jpg,0.97860575,0.020900644,0.00037113918,0.00012249642
401277.jpg,0.20163815,0.79515,0.0011955943,0.0020162857
401278.jpg,0.5429679,0.45389047,0.0020594853,0.0010821299
401279.jpg,0.16427635,0.83370286,0.00056437735,0.0014564064
401280.jpg,0.5320009,0.466437,0.0010804731,0.0004816386
401281.jpg,0.92029804,0.07855623,0.0008996373,0.000246088
401282.jpg,0.81500846,0.056358833,0.12717666,0.0014560086
401283.jpg,0.98517984,0.014215503,0.00050709024,9.7600045e-05
401284.jpg,0.86305946,0.13291898,0.0035255682,0.00049599295
401285.jpg,0.2432754,0.7351019,0.016200876,0.005421799
401286.jpg,0.9767888,0.022692492,0.0003584261,0.00016026673
401287.jpg,0.84489703,0.15290971,0.0018811324,0.00031209286
401288.jpg,0.000578029,0.002213343,0.006814757,0.9903939
401289.jpg,0.91022617,0.08799493,0.0011292772,0.00064958475
401290.jpg,0.34269735,0.65407866,0.0014894822,0.0017345477
401291.jpg,0.14912699,0.8480244,0.0009928254,0.001855703
401292.jpg,0.5067691,0.48813424,0.0025040489,0.002592661
401293.jpg,0.009242144,0.8416199,0.006091884,0.14304608
401294.jpg,0.66586536,0.3316622,0.0010595802,0.0014128542
401295.jpg,0.709027,0.28917763,0.0012095273,0.00058585685
401296.jpg,0.5996188,0.10254949,0.29743007,0.00040163356
401297.jpg,0.6961201,0.30206385,0.0013761095,0.00043993528
401298.jpg,0.01748375,0.97182465,0.0010719617,0.009619695
401299.jpg,0.04073399,0.9549144,0.0013406327,0.0030108897
401300.jpg,0.8656648,0.1319465,0.0016322489,0.0007564838
401301.jpg,0.039701365,0.9547766,0.0005965192,0.0049255397
401302.jpg,0.2354974,0.762111,0.0015776753,0.0008138816
401303.jpg,0.056230526,0.9373412,0.0010918196,0.0053364374
401304.jpg,0.07602958,0.9213359,0.0005433647,0.002091187
401305.jpg,0.17970054,0.4440024,0.37183258,0.0044645406
401306.jpg,0.97451466,0.024815999,0.0005264178,0.0001429456
401307.jpg,0.97238874,0.026982555,0.0005319133,9.6715004e-05
401308.jpg,0.5792684,0.4196496,0.0006884048,0.0003935443
401309.jpg,0.729999,0.26745057,0.0014448096,0.0011056016
401310.jpg,0.95418173,0.045247268,0.00039947414,0.00017155021
401311.jpg,0.53162974,0.46716782,0.0007833393,0.0004190729
401312.jpg,0.021486962,0.97486085,0.0005611456,0.003091093
401313.jpg,0.073920496,0.9238482,0.0008208291,0.0014104322
401314.jpg,0.53887844,0.45879495,0.0014232099,0.00090337143
401315.jpg,0.5395133,0.45941815,0.00066500274,0.00040348948
401316.jpg,0.7157459,0.28073403,0.0015977994,0.0019222706
401317.jpg,0.9834767,0.016173078,0.00025364535,9.6525626e-05
401318.jpg,0.955259,0.043692645,0.0008974285,0.00015092833
401319.jpg,0.07040398,0.8139935,0.00596812,0.10963436
401320.jpg,0.39606512,0.59784085,0.002051943,0.004042078
401321.jpg,0.9769158,0.022520876,0.00045057063,0.00011281661
401322.jpg,0.94894856,0.05046322,0.00035658397,0.00023162244
401323.jpg,0.15733969,0.83974457,0.0016703667,0.0012453822
401324.jpg,0.8169184,0.17985173,0.0026386455,0.00059131463
401325.jpg,0.9474084,0.051620524,0.00069300085,0.00027815741
401326.jpg,0.9563263,0.042859703,0.00066941744,0.00014451517
401327.jpg,0.97375846,0.025491687,0.00064942444,0.00010044946
401328.jpg,0.08280822,0.9121662,0.0018290436,0.0031965321
401329.jpg,0.42273065,0.57419676,0.0015284456,0.0015441553
401330.jpg,0.9138856,0.08453041,0.0010706143,0.00051340065
401331.jpg,0.0012282864,0.014253258,0.020800453,0.963718
401332.jpg,0.6258025,0.3716751,0.0017914224,0.0007310305
401333.jpg,0.9623073,0.03685936,0.00059214,0.0002412086
401334.jpg,0.07713103,0.9175108,0.003544654,0.0018134358
401335.jpg,0.7487485,0.24947222,0.0009700223,0.0008093558
401336.jpg,0.16420208,0.8312828,0.001267359,0.0032477744
401337.jpg,0.5944546,0.40449393,0.000729955,0.00032160897
401338.jpg,0.6644097,0.33311775,0.0016679574,0.00080463337
401339.jpg,0.81257534,0.038145535,0.14843667,0.0008425061
401340.jpg,0.71786886,0.28081998,0.00078431336,0.0005268622
401341.jpg,0.00015207933,0.0019457331,0.018593451,0.97930866
401342.jpg,0.48677787,0.51189405,0.00058698666,0.00074110366
401343.jpg,0.9712343,0.028160812,0.00047538965,0.00012944365
401344.jpg,0.84248036,0.15502338,0.0012725292,0.0012237298
401345.jpg,0.3961792,0.27397808,0.3141007,0.015741957
401346.jpg,0.9544981,0.044897836,0.00047988025,0.00012417599
401348.jpg,0.09644934,0.90142137,0.0006395158,0.0014897996
401349.jpg,0.26631752,0.7294004,0.0027701359,0.0015118942
401350.jpg,0.93146247,0.06700922,0.0011620122,0.00036629685
401351.jpg,0.8928134,0.106309175,0.0005725789,0.00030484368
401352.jpg,0.39099857,0.6065694,0.0011552653,0.0012767921
401353.jpg,0.13639246,0.8582292,0.0034620296,0.0019162763
401354.jpg,0.6950123,0.30293405,0.00062617427,0.0014275362
401355.jpg,0.10448871,0.8815336,0.001182319,0.012795337
401356.jpg,0.008014064,0.14488213,0.6273989,0.21970497
401357.jpg,0.7728992,0.22454727,0.0017657764,0.000787751
401358.jpg,0.09407383,0.7471879,0.15048814,0.008250082
401359.jpg,0.037050303,0.9598334,0.0005809706,0.0025353392
401360.jpg,0.13797855,0.85919285,0.0010425017,0.0017861187
401361.jpg,0.3217425,0.6736245,0.0030130662,0.0016198829
401362.jpg,0.43858242,0.2002583,0.36059055,0.0005688336
401363.jpg,0.53069186,0.46811116,0.00054985663,0.0006471275
401364.jpg,0.0015140882,0.14699806,0.006950596,0.84453726
401365.jpg,0.1807739,0.8161656,0.0015269791,0.0015335223
401366.jpg,0.00063054136,0.00039478505,0.99879855,0.00017617887
401367.jpg,0.10624564,0.8788109,0.013743612,0.0011998619
401368.jpg,0.96851856,0.02938729,0.0019516563,0.00014249998
401369.jpg,0.09323486,0.902072,0.00049861806,0.004194479
401370.jpg,0.9651229,0.034426145,0.00032359912,0.00012743888
401371.jpg,0.57839316,0.41889414,0.0020423955,0.00067027315
401372.jpg,0.017428579,0.9458192,0.003496464,0.033255767
401373.jpg,0.81799364,0.17912598,0.0021446114,0.00073570776
401374.jpg,0.036914032,0.9598987,0.0015115066,0.0016757216
401375.jpg,0.26240247,0.7179899,0.0067540333,0.012853554
401376.jpg,0.9648924,0.03451148,0.00049297727,0.00010312345
401377.jpg,0.8279095,0.17021112,0.0010798717,0.0007994684
401378.jpg,0.013941991,0.9798811,0.00091055856,0.005266274
401379.jpg,0.56731176,0.4303389,0.0010192362,0.001330086
401380.jpg,0.7418185,0.25666443,0.0007116441,0.00080534694
401381.jpg,0.98194593,0.01752396,0.0004300914,0.0001000021
401382.jpg,0.08176545,0.915811,0.00061145803,0.0018120805
401383.jpg,0.2006232,0.7962618,0.00090738223,0.0022076897
401384.jpg,0.9731321,0.026329214,0.00041174362,0.00012696163
401385.jpg,0.1788742,0.8176176,0.0016857153,0.0018225651
401386.jpg,0.16155373,0.83427113,0.00071589655,0.0034592487
401387.jpg,0.40692687,0.58996385,0.0016758094,0.0014335489
401388.jpg,0.733885,0.2641498,0.00090708816,0.001058082
401389.jpg,0.7884633,0.20770514,0.0030729575,0.0007586162
401390.jpg,0.000283849,0.009510958,0.00028980526,0.9899154
401391.jpg,0.72882634,0.26836553,0.0010804631,0.0017276034
401392.jpg,0.95630294,0.042526424,0.0009807012,0.00018993787
401393.jpg,0.85323286,0.1425099,0.0038249593,0.00043232902
401394.jpg,0.33676645,0.6525882,0.0094874175,0.0011579801
401395.jpg,0.017822528,0.5664892,0.2004121,0.21527618
401396.jpg,0.9691368,0.03023688,0.0004239018,0.00020243447
401397.jpg,0.0021411676,0.0049885614,0.52374303,0.4691272
401398.jpg,0.2545385,0.05662019,0.6858005,0.0030408402
401399.jpg,0.079452164,0.91735953,0.0009123646,0.0022759482
401400.jpg,0.4498953,0.54701334,0.001400813,0.001690549
401401.jpg,0.12563172,0.8713338,0.0015932309,0.0014412989
401402.jpg,0.17156948,0.016120447,0.6831393,0.12917075
401403.jpg,0.040019482,0.9424055,0.0029943662,0.014580595
401404.jpg,0.5113875,0.4869306,0.0010942701,0.00058760826
401405.jpg,0.81428576,0.18454643,0.0007635457,0.00040434243
401406.jpg,0.035882805,0.95578593,0.000924388,0.0074068424
401407.jpg,0.96741015,0.02983258,0.002328112,0.00042914375
401408.jpg,0.26124826,0.7349715,0.001046532,0.002733645
401409.jpg,0.68946123,0.30882046,0.0012751342,0.00044322773
401410.jpg,0.016203305,0.94300777,0.0053462535,0.03544268
401411.jpg,0.2345172,0.7596685,0.0034855476,0.0023287374
401412.jpg,0.5113459,0.48659563,0.0010823094,0.0009761383
401413.jpg,0.19759922,0.79748565,0.0012637629,0.0036514
401414.jpg,0.04128404,0.933214,0.0061265863,0.019375302
401415.jpg,0.011263042,0.9843475,0.00052377133,0.0038657032
401416.jpg,0.07873074,0.7140741,0.15091887,0.05627637
401417.jpg,0.7497892,0.24633066,0.0021552788,0.0017249114
401418.jpg,0.968611,0.030733615,0.00036955546,0.00028584004
401419.jpg,0.49572924,0.49897388,0.0005881235,0.0047087576
401420.jpg,0.22036104,0.7441602,0.008981683,0.026497109
401421.jpg,0.97151345,0.02791042,0.00043543323,0.0001407492
401422.jpg,0.572904,0.42405486,0.0008026951,0.0022383959
401423.jpg,0.8810553,0.11736131,0.0011900552,0.0003933486
401424.jpg,0.041988354,0.9551499,0.0007223929,0.0021393562
401425.jpg,0.009704852,0.5763173,0.23515534,0.17882253
401426.jpg,0.22727607,0.26929033,0.17610253,0.327331
401427.jpg,0.019451877,0.93957406,0.001085083,0.039888907
401428.jpg,0.0072337226,0.6893158,0.0011663077,0.3022842
401429.jpg,0.8861394,0.112789094,0.0006624849,0.00040895244
401430.jpg,0.7238423,0.13403265,0.14162962,0.00049550255
401431.jpg,0.008273656,0.9551537,0.00049827556,0.03607439
401432.jpg,0.3460766,0.64661026,0.004068592,0.0032445677
401433.jpg,0.05746517,0.34489885,0.1610498,0.43658614
401434.jpg,0.14723347,0.72929955,0.063251235,0.0602157
401435.jpg,0.0009496219,0.0012949047,0.22362767,0.7741277
401436.jpg,0.42123976,0.57733434,0.0007128517,0.000713038
401437.jpg,0.97859097,0.020910552,0.00035502258,0.00014343356
401438.jpg,0.98400515,0.015618473,0.00029510594,8.1336526e-05
401439.jpg,0.054510932,0.9312494,0.00044025152,0.01379944
401440.jpg,0.17373426,0.82163316,0.0013270959,0.003305451
401441.jpg,0.95370865,0.045505133,0.00064419326,0.00014209365
401442.jpg,0.87638634,0.1227962,0.00062786485,0.00018962404
401443.jpg,0.6781628,0.32071632,0.00050097343,0.0006199233
401444.jpg,0.88887805,0.10904414,0.0006322562,0.0014455296
401445.jpg,0.6029449,0.3917428,0.00400939,0.0013029146
401446.jpg,0.83064246,0.16079038,0.0074570435,0.0011100998
401447.jpg,0.88048285,0.11751931,0.0016353898,0.0003624529
401448.jpg,0.628544,0.36993146,0.0009980312,0.00052653014
401449.jpg,0.9194863,0.078933775,0.0012211708,0.00035876362
401450.jpg,0.0012600821,0.022081433,0.0004888301,0.97616965
401451.jpg,0.03475115,0.95929354,0.00073030405,0.0052250344
401452.jpg,0.27156532,0.72575086,0.00092988764,0.0017539104
401453.jpg,0.1048883,0.5439717,0.020997435,0.3301426
401454.jpg,0.54456073,0.08165315,0.30758676,0.06619937
401455.jpg,0.6064404,0.38830814,0.0020878105,0.003163635
401456.jpg,0.95399946,0.045104954,0.00061487436,0.0002807258
401457.jpg,0.34910178,0.64867944,0.0005458243,0.0016729278
401458.jpg,0.64036864,0.35714278,0.0012535788,0.0012349564
401459.jpg,0.08592125,0.90355545,0.0031650085,0.0073582693
401460.jpg,0.4727882,0.5248929,0.0015421904,0.0007766869
401461.jpg,0.8858934,0.11248854,0.0012291191,0.00038890215
401462.jpg,0.017580515,0.97142285,0.0012442083,0.0097524235
401463.jpg,0.098596595,0.8911438,0.005867449,0.004392114
401464.jpg,0.63862175,0.35992184,0.0007656236,0.00069087296
401465.jpg,0.28216732,0.71393305,0.0012171665,0.0026823964
401466.jpg,0.5125539,0.48468962,0.00091239176,0.0018441053
401467.jpg,0.023722256,0.001057435,0.97516567,5.4625216e-05
401468.jpg,0.042654257,0.6594006,0.17411451,0.12383067
401469.jpg,0.22608556,0.76893044,0.0025938412,0.0023902094
401470.jpg,0.74318045,0.25573584,0.0006982085,0.00038554845
401471.jpg,0.0109476745,0.97341114,0.006367959,0.009273194
401472.jpg,0.9823887,0.016975151,0.0005172047,0.0001189908
401473.jpg,0.71140355,0.28724024,0.0006265287,0.00072966603
401474.jpg,0.83071774,0.15626694,0.011352369,0.0016628901
401475.jpg,0.9230451,0.07570754,0.00084047724,0.00040694908
401476.jpg,0.019840492,0.6115493,0.010280003,0.35833016
401477.jpg,0.55465406,0.4425572,0.0016957318,0.001093059
401478.jpg,0.27398083,0.24673323,0.38131472,0.09797122
401479.jpg,0.7755351,0.22364873,0.000592507,0.0002236609
401480.jpg,0.87412053,0.124630034,0.0010191407,0.00023035351
401481.jpg,0.34382066,0.5953564,0.056691784,0.004131144
401482.jpg,0.92085457,0.07824005,0.0007024007,0.000202964
401483.jpg,0.9508095,0.0484121,0.0006228083,0.00015558487
401484.jpg,0.012494295,0.9818011,0.000480419,0.005224204
401485.jpg,0.012475483,0.9687248,0.0011074167,0.01769231
401486.jpg,0.17796852,0.8166175,0.000886149,0.0045278207
401487.jpg,0.016590726,0.97970885,0.00079159,0.0029089123
401488.jpg,0.40889797,0.58945686,0.0008575918,0.0007875252
401489.jpg,0.04438318,0.9526251,0.00070429785,0.0022873802
401490.jpg,0.33592883,0.6615253,0.0009872083,0.001558659
401491.jpg,0.20485051,0.12235119,0.42464733,0.248151
401492.jpg,0.5434949,0.24762116,0.20658697,0.0022969272
401493.jpg,0.0058212015,0.042268116,0.60844725,0.34346345
401494.jpg,0.54598576,0.45209154,0.00081518927,0.0011075106
401495.jpg,0.10456636,0.8887684,0.0036735062,0.0029917893
401496.jpg,0.90645456,0.09166318,0.00056437246,0.0013179105
401497.jpg,0.8879991,0.11085252,0.000650707,0.00049765606
401498.jpg,0.042663425,0.9550972,0.00062195386,0.0016173781
401499.jpg,0.98103356,0.018497849,0.00035476626,0.00011385336
401500.jpg,0.007185016,0.5589952,0.0011717814,0.43264803
401501.jpg,0.46665362,0.53083575,0.0013248547,0.0011858036
401502.jpg,0.35333928,0.64332706,0.0012869871,0.0020466454
401503.jpg,0.42803106,0.5682054,0.0008685435,0.0028950218
401504.jpg,0.35030326,0.6448037,0.0035854578,0.001307616
401505.jpg,0.0439845,0.9531398,0.00042464657,0.0024510166
401506.jpg,0.9308653,0.06808392,0.0006567203,0.00039404232
401507.jpg,0.061660793,0.9341235,0.0012602139,0.0029555059
401508.jpg,0.45622766,0.53186625,0.010083013,0.0018231114
401509.jpg,0.649211,0.3491892,0.0009565204,0.0006433155
401510.jpg,0.22479378,0.7724115,0.0011381769,0.0016566335
401511.jpg,0.13484626,0.86296004,0.0006504564,0.0015432196
401512.jpg,0.6528905,0.33771706,0.0025334063,0.006859012
401513.jpg,0.9869192,0.012613736,0.00037668087,9.038552e-05
401514.jpg,0.04378927,0.023497721,0.9010244,0.031688664
401515.jpg,0.5643666,0.4327234,0.0019387216,0.00097126205
401516.jpg,0.0024256194,0.040206343,0.1508148,0.8065532
401517.jpg,0.9835703,0.015979677,0.00034306056,0.00010698437
401518.jpg,0.11887083,0.8447978,0.015653254,0.020678174
401519.jpg,0.8252921,0.1726774,0.0010659463,0.00096452306
401520.jpg,0.17520362,0.8120265,0.0022750304,0.010494878
401521.jpg,0.5296452,0.46694478,0.002019315,0.0013907218
401522.jpg,0.09703713,0.8795089,0.015647361,0.0078066452
401523.jpg,0.030822886,0.9619568,0.0012488939,0.0059713926
401524.jpg,0.8326544,0.16516721,0.0011562145,0.0010221676
401525.jpg,0.08365586,0.909391,0.003945721,0.0030074965
401526.jpg,0.1233877,0.872791,0.001698664,0.002122639
401527.jpg,0.20130289,0.79610723,0.0011442219,0.0014456966
401528.jpg,0.00023763103,0.0016087918,0.0003894657,0.9977641
401529.jpg,0.44122902,0.5510699,0.00413895,0.0035621105
401530.jpg,0.40036952,0.59452456,0.003594906,0.0015110775
401531.jpg,0.24479508,0.7523535,0.000713895,0.0021374926
401532.jpg,0.075182915,0.9224259,0.0005929525,0.0017982036
401533.jpg,0.9651103,0.03437901,0.00035209945,0.00015856975
401534.jpg,0.8002245,0.19522429,0.0036817675,0.00086947944
401535.jpg,0.9029353,0.09552729,0.0012075478,0.00032975958
401536.jpg,0.7706891,0.22720838,0.0014395443,0.0006630192
401537.jpg,0.069341116,0.8003173,0.009855852,0.120485745
401538.jpg,0.09745801,0.8996537,0.0015180297,0.001370274
401539.jpg,0.36369,0.6334655,0.001710299,0.0011342234
401540.jpg,0.044312913,0.95324636,0.0011219037,0.0013188045
401541.jpg,0.15071015,0.84444904,0.002015068,0.0028257777
401542.jpg,0.21574163,0.7828598,0.0007089839,0.0006895485
401543.jpg,0.97389287,0.025327474,0.0006352419,0.00014445813
401544.jpg,0.13928649,0.85485363,0.0006400413,0.0052198074
401545.jpg,0.052795693,0.24921411,0.695033,0.0029572665
401546.jpg,0.9620047,0.037304264,0.0005128323,0.00017814121
401547.jpg,0.56703633,0.43025932,0.0009383455,0.0017660507
401548.jpg,0.58553034,0.41224614,0.0007777728,0.0014457525
401549.jpg,0.38268045,0.61515003,0.001030325,0.0011391357
401550.jpg,0.20438367,0.04681033,0.520813,0.22799301
401551.jpg,0.0030779068,0.10327101,0.24871008,0.64494103
401552.jpg,0.39088616,0.6054565,0.0023064294,0.0013509641
401553.jpg,0.87317055,0.12565248,0.0006481539,0.00052882294
401554.jpg,0.04091227,0.9556342,0.001296285,0.0021572458
401555.jpg,0.6782575,0.3195028,0.000994444,0.0012452072
401556.jpg,0.39318553,0.6030806,0.0018784394,0.0018554227
401557.jpg,0.9781386,0.021072337,0.0006056815,0.00018334079
401558.jpg,0.10520493,0.8759487,0.0031914348,0.015654866
401559.jpg,0.07259465,0.27205637,0.0075305267,0.6478185
401560.jpg,0.3000311,0.6977041,0.0005930418,0.0016718082
401561.jpg,0.4308783,0.56744695,0.0006922575,0.0009825386
401562.jpg,0.015323362,0.98057413,0.0006846124,0.0034178325
401563.jpg,0.03080155,0.96611613,0.0010720693,0.002010299
401564.jpg,0.67706937,0.32152,0.0008376427,0.00057302864
401565.jpg,0.05900188,0.93733793,0.0016379235,0.0020222375
401566.jpg,0.051110145,0.94596815,0.00076867134,0.002152951
401567.jpg,0.066893384,0.4488258,0.05994918,0.42433167
401568.jpg,0.04852886,0.9491344,0.0007748569,0.0015618388
401569.jpg,0.6194525,0.37897837,0.001085483,0.00048365784
401570.jpg,0.9587669,0.04070684,0.00038062048,0.00014565587
401571.jpg,0.4009935,0.57330626,0.024097743,0.0016024631
401572.jpg,0.7904911,0.2064149,0.0021734403,0.0009205004
401573.jpg,0.67993927,0.3161113,0.0031272748,0.00082223496
401574.jpg,0.5964623,0.29436114,0.10706701,0.002109551
401575.jpg,0.00090801594,0.0018299721,0.07136641,0.92589563
401576.jpg,0.2649862,0.73208827,0.0019120936,0.0010134799
401577.jpg,0.6667058,0.33156618,0.0012194529,0.0005086419
401578.jpg,0.15396337,0.8404545,0.00046530712,0.0051168227
401579.jpg,0.5947993,0.37883112,0.01969407,0.006675508
401580.jpg,0.8497744,0.1435854,0.0061421674,0.0004979896
401581.jpg,0.8800032,0.118721366,0.00062398176,0.00065142504
401582.jpg,0.16248189,0.83333236,0.0015077838,0.0026779633
401583.jpg,0.006805697,0.9293224,0.0011812451,0.0626907
401584.jpg,0.34607187,0.65109235,0.0018048547,0.0010308687
401585.jpg,0.93870085,0.060602408,0.0005420311,0.00015471053
401586.jpg,0.77314883,0.22063196,0.0043915748,0.0018276209
401587.jpg,0.7176094,0.2800111,0.0016125342,0.0007669353
401588.jpg,0.057756033,0.9377237,0.00043293406,0.004087338
401589.jpg,0.09317544,0.90261894,0.0017732609,0.0024323547
401590.jpg,0.6045554,0.39321423,0.0012963783,0.0009339259
401591.jpg,0.1950837,0.8005673,0.0019312451,0.002417735
401592.jpg,0.109441616,0.88351226,0.0018515837,0.005194533
401593.jpg,0.8913798,0.10764333,0.00072982046,0.00024712502
401594.jpg,0.8995695,0.09948658,0.0006470165,0.00029690246
401595.jpg,0.7230077,0.2747557,0.0010917154,0.001144928
401596.jpg,0.96673447,0.030576542,0.0025925457,9.644553e-05
401597.jpg,0.24363042,0.75336486,0.0006776852,0.002326999
401598.jpg,0.9716199,0.027629249,0.0006426738,0.00010808345
401599.jpg,0.826577,0.16594647,0.00547084,0.0020055932
401600.jpg,0.9800605,0.019501084,0.00030110162,0.00013731312
401601.jpg,0.39088187,0.6032053,0.0042725853,0.0016402582
401602.jpg,0.0217956,0.9769363,0.0002602406,0.0010078781
401603.jpg,0.019387858,0.9784863,0.00055447384,0.0015713675
401604.jpg,0.96687216,0.032465037,0.00041323726,0.00024957515
401605.jpg,0.9755192,0.023917364,0.0004551965,0.00010815789
401606.jpg,0.67153686,0.3262433,0.00092627597,0.0012935573
401607.jpg,0.01030844,0.9839506,0.0021243943,0.0036165335
401608.jpg,0.29196867,0.69890624,0.0008851483,0.008239866
401609.jpg,0.9780031,0.0207641,0.0010764255,0.0001563563
401610.jpg,0.11903293,0.87912273,0.0008721329,0.0009721189
401611.jpg,0.19286184,0.21414585,0.38390946,0.20908286
401612.jpg,0.961123,0.03817478,0.00048817627,0.00021402701
401613.jpg,0.23225172,0.7656527,0.000729855,0.0013657314
401614.jpg,0.46186265,0.5365581,0.00072994136,0.0008494091
401615.jpg,0.9691999,0.030019553,0.00067584385,0.00010472859
401616.jpg,0.975781,0.023608057,0.00049046974,0.00012044589
401617.jpg,0.032593075,0.96373034,0.0011121337,0.0025643636
401618.jpg,0.53978586,0.43675283,0.0036353723,0.019825917
401619.jpg,0.71840745,0.2791613,0.00088200346,0.0015492468
401620.jpg,0.2257359,0.7708351,0.0018920094,0.0015369387
401621.jpg,0.0002764885,0.0076351776,0.0004909698,0.99159735
401622.jpg,0.76176953,0.23612408,0.0013827946,0.00072362943
401623.jpg,0.1841291,0.81361574,0.00068113924,0.0015740297
401624.jpg,0.42301288,0.12396852,0.45246208,0.0005565019
401625.jpg,0.11417884,0.87173826,0.003031006,0.011051942
401626.jpg,0.2596946,0.7368536,0.0013569556,0.002094792
401627.jpg,0.81664246,0.18164736,0.0013849363,0.00032518932
401628.jpg,0.33884963,0.6587648,0.0014813292,0.0009043136
401629.jpg,0.36810374,0.6195332,0.010925308,0.0014377944
401630.jpg,0.21851265,0.7693034,0.0016232328,0.010560765
401631.jpg,0.98159355,0.017740922,0.00055014796,0.00011543776
401632.jpg,0.024235955,0.8028868,0.007457193,0.16542006
401633.jpg,0.521517,0.43838403,0.008419493,0.031679604
401634.jpg,0.13701324,0.84902877,0.0009295054,0.013028479
401635.jpg,0.03402254,0.96335214,0.00072288787,0.0019024737
401636.jpg,0.0023966515,0.3966447,0.00078107486,0.6001775
401637.jpg,0.49351206,0.5049099,0.00086893234,0.0007090879
401638.jpg,0.054847684,0.9110814,0.020466411,0.013604534
401639.jpg,0.12619191,0.41813824,0.37750837,0.078161485
401640.jpg,0.9499685,0.048627805,0.0011905073,0.0002131639
401641.jpg,0.89774853,0.100779474,0.0012944109,0.00017756515
401642.jpg,0.91973776,0.07905377,0.0006079267,0.00060058944
401643.jpg,0.094972886,0.90164113,0.0012260387,0.0021599478
401644.jpg,0.014523114,0.25523826,0.003156741,0.72708195
401645.jpg,0.05319147,0.94368696,0.00072997325,0.0023916138
401646.jpg,0.027114846,0.96986026,0.0006726356,0.0023523318
401647.jpg,0.95417434,0.04522414,0.00039441139,0.0002071554
401648.jpg,0.12058088,0.87460786,0.001916456,0.0028947864
401649.jpg,0.00013738676,0.0015340023,0.00033970806,0.99798894
401650.jpg,0.95090324,0.048575748,0.00039739124,0.00012362533
401651.jpg,0.039525285,0.7905507,0.16677988,0.0031441285
401652.jpg,0.42861232,0.56616277,0.0011765539,0.0040483656
401653.jpg,0.971767,0.027768075,0.00031817044,0.000146743
401654.jpg,0.34738842,0.648393,0.0025548975,0.0016636973
401655.jpg,0.6271772,0.37033272,0.00091021875,0.0015799063
401656.jpg,0.3757362,0.6215532,0.0017538291,0.00095681165
401657.jpg,0.12555784,0.4795494,0.39219943,0.0026933488
401658.jpg,0.9857216,0.013703781,0.00042906567,0.00014556898
401659.jpg,0.33991948,0.6561687,0.0018726139,0.0020391976
401660.jpg,0.4556581,0.4762675,0.058234245,0.009840199
401661.jpg,0.97706574,0.02223856,0.00057917973,0.00011656012
401662.jpg,0.2759089,0.31315362,0.3927844,0.01815309
401663.jpg,0.5874149,0.40935823,0.002399623,0.00082723657
401664.jpg,0.026171861,0.09897604,0.5496854,0.3251667
401665.jpg,0.9784096,0.019924201,0.0015793064,8.687973e-05
401666.jpg,0.13531695,0.8621587,0.0009310697,0.0015933135
401667.jpg,0.14537856,0.2972877,0.5547542,0.002579532
401668.jpg,0.9693392,0.029151872,0.0013540108,0.00015484307
401669.jpg,0.002219077,0.04220657,0.6118776,0.34369668
401670.jpg,0.76785594,0.22784,0.002825195,0.0014788373
401671.jpg,0.06430828,0.93234295,0.0006183851,0.0027304236
401672.jpg,0.8544399,0.14330025,0.0014091209,0.0008507437
401673.jpg,0.9637744,0.034401808,0.001634552,0.00018921417
401674.jpg,0.13148117,0.8664195,0.0009796406,0.0011197653
401675.jpg,0.12103834,0.87522143,0.0015996635,0.0021405474
401676.jpg,0.983058,0.016315782,0.0005123694,0.00011388874
401677.jpg,0.97828907,0.021089321,0.00041296924,0.0002086516
401678.jpg,0.9715325,0.027374933,0.0008871045,0.00020552073
401679.jpg,0.42891708,0.56493527,0.0010202116,0.0051274477
401680.jpg,0.11495676,0.88312966,0.00090213463,0.001011429
401681.jpg,0.062047005,0.93102837,0.0036720422,0.0032525668
401682.jpg,0.7954008,0.20298307,0.00082495884,0.0007911883
401683.jpg,0.90893745,0.09004393,0.00083306915,0.00018556765
401684.jpg,0.67181367,0.32666773,0.0010704814,0.00044815743
401685.jpg,0.0630425,0.93320256,0.0019199703,0.0018349271
401686.jpg,0.68440634,0.31295124,0.0012892518,0.0013531068
401687.jpg,0.8568235,0.13964103,0.0031235628,0.00041187866
401688.jpg,0.96694106,0.032322753,0.0005241078,0.0002121514
401689.jpg,0.0019815026,0.022216938,0.5600851,0.41571644
401690.jpg,0.51442575,0.48347798,0.0011510773,0.00094517646
401691.jpg,0.2947678,0.70300573,0.00076319097,0.0014632909
401692.jpg,0.07537812,0.28817537,0.30812034,0.32832617
401693.jpg,0.02529261,0.9700279,0.0015238683,0.0031556443
401694.jpg,0.10567147,0.8914283,0.000701209,0.0021990354
401695.jpg,0.34278956,0.6554348,0.0008260263,0.0009496444
401696.jpg,0.75834674,0.23966579,0.0015152325,0.0004723304
401697.jpg,0.70631045,0.2648141,0.02759207,0.0012834391
401698.jpg,0.9659236,0.03322756,0.00048127715,0.0003674936
401699.jpg,0.055138174,0.9411359,0.000877544,0.002848371
401700.jpg,0.9200134,0.07868697,0.0010390122,0.00026064794
401701.jpg,0.94174546,0.05679905,0.0012334612,0.0002220687
401702.jpg,0.97639793,0.022932732,0.00048409076,0.00018524217
401703.jpg,0.013178009,0.3745011,0.0028933466,0.6094275
401704.jpg,0.965162,0.034376446,0.00032589198,0.00013570888
401705.jpg,0.35908023,0.6380051,0.0018413597,0.0010732694
401706.jpg,0.6697498,0.32866678,0.00080750557,0.00077590573
401707.jpg,0.3486743,0.6494075,0.0011699584,0.0007482553
401708.jpg,0.116738,0.5008886,0.3465078,0.035865646
401709.jpg,0.11826394,0.8770368,0.00086959545,0.0038296508
401710.jpg,0.061877508,0.5512569,0.22864735,0.15821823
401711.jpg,0.7937715,0.19920422,0.005626425,0.001397845
401712.jpg,0.08879602,0.90595585,0.003237941,0.0020101834
401713.jpg,0.24424112,0.75244683,0.0022011527,0.0011109014
401714.jpg,0.89147013,0.049654037,0.058291797,0.0005840874
401715.jpg,0.9135337,0.085509695,0.0006284884,0.00032811705
401716.jpg,0.9467161,0.05212583,0.0006256755,0.0005322684
401717.jpg,0.9209661,0.07812607,0.00062071736,0.00028714028
401718.jpg,0.913116,0.08200469,0.0040974114,0.00078194635
401719.jpg,0.44391462,0.5523524,0.0023277747,0.0014051922
401720.jpg,0.56718135,0.43035614,0.00079751323,0.0016649371
401721.jpg,0.0034015893,0.050926406,0.4584892,0.48718283
401722.jpg,0.013365828,0.9824329,0.0005144637,0.003686836
401723.jpg,0.16563271,0.83141947,0.0010045698,0.0019432079
401724.jpg,0.2552013,0.74135953,0.000845662,0.0025934905
401725.jpg,0.84576434,0.15320614,0.0005424929,0.0004870897
401726.jpg,0.021880345,0.62378925,0.09100991,0.26332048
401727.jpg,0.03485289,0.60826564,0.15610683,0.20077462
401728.jpg,0.8984337,0.10064175,0.00071467244,0.00020987743
401729.jpg,0.09716255,0.89566153,0.0010612184,0.006114759
401730.jpg,0.2489562,0.7476702,0.0023150302,0.0010585912
401731.jpg,0.15893008,0.83752126,0.0015354287,0.0020133113
401732.jpg,0.46316943,0.53404903,0.0015353272,0.0012462043
401733.jpg,0.0765282,0.9216199,0.0008989768,0.0009529817
401734.jpg,0.6557074,0.3409792,0.0021935047,0.0011199262
401735.jpg,0.9772931,0.022175932,0.00038491716,0.00014604941
401736.jpg,0.1661894,0.7514371,0.06389539,0.018478055
401737.jpg,0.40286902,0.41799518,0.013174265,0.16596155
401738.jpg,0.7639103,0.2311458,0.0025517135,0.0023921886
401739.jpg,0.9557515,0.04350392,0.00061904563,0.00012556915
401740.jpg,0.19413233,0.8024163,0.0016092424,0.0018421058
401741.jpg,0.48995695,0.5078308,0.00094466953,0.001267571
401742.jpg,0.039790154,0.9432635,0.0011077137,0.015838658
401743.jpg,0.3927747,0.60358536,0.002367091,0.0012728787
401744.jpg,0.6379816,0.35992455,0.0013879441,0.0007059253
401745.jpg,0.92129916,0.07774185,0.0006827798,0.0002763074
401746.jpg,0.4568042,0.54002315,0.0008094958,0.0023631905
401747.jpg,0.01050683,0.97854906,0.0009986091,0.009945485
401748.jpg,0.9134113,0.085455276,0.00075613643,0.00037728055
401749.jpg,0.13779508,0.5353674,0.27791917,0.04891837
401750.jpg,0.5325579,0.4659853,0.00091899367,0.00053779804
401751.jpg,0.051176995,0.9307367,0.0014698278,0.01661647
401752.jpg,0.017442066,0.9325516,0.042485446,0.0075208102
401753.jpg,0.41764235,0.57892704,0.0015991557,0.001831496
401754.jpg,0.96351796,0.035877388,0.00048597777,0.00011862398
401755.jpg,0.78668314,0.21159445,0.0009907506,0.00073160726
401756.jpg,0.021698385,0.9755244,0.00054346427,0.0022336773
401757.jpg,0.9272488,0.07168412,0.00074932567,0.00031776432
401758.jpg,0.11833849,0.43446982,0.007873411,0.43931827
401759.jpg,0.44741118,0.55045265,0.0009887029,0.001147454
401760.jpg,0.088426776,0.90233487,0.0024699096,0.0067684352
401761.jpg,0.0328522,0.96338636,0.00035605338,0.0034053363
401762.jpg,0.6755391,0.32184136,0.0020376819,0.0005818641
401763.jpg,0.20394404,0.25071463,0.38976014,0.15558116
401764.jpg,0.44222534,0.55075115,0.0006019841,0.0064215413
401765.jpg,0.95935154,0.03951828,0.0008185824,0.00031162146
401766.jpg,0.5664581,0.37396774,0.058676198,0.0008979449
401767.jpg,0.29958057,0.31731233,0.3807539,0.0023532102
401768.jpg,0.05071163,0.9447005,0.0005787011,0.004009126
401769.jpg,0.055449158,0.9332412,0.00821377,0.0030958774
401770.jpg,0.92856246,0.07016121,0.001044082,0.00023225322
401771.jpg,0.027411276,0.6213444,0.22976355,0.12148076
401772.jpg,0.5595014,0.43827805,0.001443671,0.00077692233
401773.jpg,0.03256464,0.9602085,0.0010083889,0.0062184124
401774.jpg,0.28882337,0.70948964,0.0007616339,0.00092531444
401775.jpg,0.09480173,0.88937825,0.004468256,0.011351824
401776.jpg,0.93845826,0.060847614,0.00036852574,0.00032554395
401777.jpg,0.9162726,0.0825049,0.00086242944,0.00036005897
401778.jpg,0.85486585,0.14404686,0.00055804866,0.00052923907
401779.jpg,0.13325737,0.86464834,0.000782313,0.0013119238
401780.jpg,0.44112423,0.551403,0.0068192165,0.00065356464
401781.jpg,0.5427558,0.454461,0.0014258731,0.0013573606
401782.jpg,0.96390206,0.03542517,0.0005424789,0.00013025854
401783.jpg,0.023878401,0.892241,0.06687967,0.017000876
401784.jpg,0.62476295,0.36960277,0.002461238,0.003173072
401785.jpg,0.1775916,0.8194394,0.0015683615,0.0014006725
401786.jpg,0.9700759,0.029163433,0.00059791707,0.00016270041
401787.jpg,0.96942115,0.029838689,0.0005664983,0.00017369138
401788.jpg,0.9585803,0.040747106,0.0004201963,0.00025240576
401789.jpg,0.95913666,0.0400129,0.00066732435,0.00018315791
401790.jpg,0.074410826,0.9232642,0.0008693584,0.001455587
401791.jpg,0.7728789,0.2257415,0.00074873905,0.0006308626
401792.jpg,0.2295286,0.11506484,0.09226858,0.563138
401793.jpg,0.029661706,0.39214882,0.0058726906,0.57231677
401794.jpg,0.8643363,0.13440199,0.00081546785,0.00044615395
401795.jpg,0.2863249,0.012566659,0.6914908,0.00961767
401796.jpg,0.9726093,0.026771532,0.0004824529,0.00013674436
401797.jpg,0.7637107,0.23479249,0.0010079755,0.0004888414
401798.jpg,0.7158041,0.27924138,0.0019993766,0.0029551934
401799.jpg,0.3031001,0.6898077,0.0010201192,0.0060720234
401800.jpg,0.42336848,0.57523966,0.0005845015,0.0008073156
401801.jpg,0.46116066,0.53645796,0.0011315099,0.0012498912
401802.jpg,0.69990855,0.29857785,0.0009346679,0.00057896174
401803.jpg,0.96777266,0.030331934,0.0017938487,0.00010159439
401804.jpg,0.30430207,0.6916252,0.001711165,0.002361511
401805.jpg,0.9662059,0.031833503,0.0016921911,0.00026839433
401806.jpg,0.3403516,0.6566944,0.0014648774,0.0014891088
401807.jpg,0.1594242,0.833642,0.0008806494,0.006053096
401808.jpg,0.05639414,0.94023865,0.0014984366,0.0018688106
401809.jpg,0.61270744,0.38438642,0.0014216431,0.0014844863
401810.jpg,0.33511904,0.66249937,0.0013521746,0.0010294442
401811.jpg,0.97852093,0.02055161,0.00064195204,0.00028549123
401812.jpg,0.1306351,0.5981615,0.15997106,0.11123234
401813.jpg,0.038739514,0.95881337,0.0004462426,0.0020008737
401814.jpg,0.9840881,0.015377912,0.00042118967,0.00011289103
401815.jpg,0.13728733,0.7715896,0.017048387,0.07407468
401816.jpg,0.6045689,0.39108288,0.0033604838,0.0009877195
401817.jpg,0.33288845,0.66386056,0.0013129733,0.0019380221
401818.jpg,0.95487005,0.04436308,0.00063307467,0.00013382046
401819.jpg,8.8124536e-05,0.0006104339,0.00015896627,0.99914247
401820.jpg,0.6421749,0.35597757,0.0013802453,0.0004672111
401821.jpg,0.84439534,0.15458159,0.00065497943,0.00036807312
401822.jpg,0.47390375,0.518097,0.003375055,0.0046242387
401823.jpg,0.0011206791,0.0010033784,0.87558246,0.12229351
401824.jpg,0.18448949,0.81349784,0.0010070506,0.0010056084
401825.jpg,0.44856223,0.5495998,0.00082205166,0.0010158677
401826.jpg,0.97574455,0.0234195,0.0006386421,0.00019727457
401827.jpg,0.7810375,0.21738188,0.0007053069,0.0008753414
401828.jpg,0.0018604171,0.00083210994,0.6477017,0.34960577
401829.jpg,0.17604305,0.8150467,0.0029446026,0.00596557
401830.jpg,0.83272594,0.043205213,0.123835884,0.00023296352
401831.jpg,0.07030442,0.9259787,0.0008892529,0.0028275503
401832.jpg,0.31471372,0.66741425,0.006001552,0.011870469
401833.jpg,0.2268189,0.77052546,0.0013587954,0.001296848
401834.jpg,0.23289998,0.76467675,0.0013280815,0.0010951686
401835.jpg,0.93214387,0.066782914,0.0009141801,0.00015909054
401836.jpg,0.19385044,0.8020448,0.0011271809,0.00297762
401837.jpg,0.38539484,0.6118307,0.0009884072,0.0017859567
401838.jpg,0.87099504,0.12748124,0.00075590255,0.0007677851
401839.jpg,0.97271323,0.026251325,0.000856393,0.00017904646
401840.jpg,0.6799037,0.3186947,0.0011003251,0.00030132165
401841.jpg,0.017810725,0.97844934,0.0006628518,0.0030771021
401842.jpg,0.47079483,0.52667737,0.0009604271,0.0015674004
401843.jpg,0.96593684,0.03360691,0.00029553846,0.00016065268
401844.jpg,0.28423473,0.7127299,0.001960677,0.0010747289
401845.jpg,0.9730158,0.025713673,0.00084797473,0.00042250403
401846.jpg,0.80733776,0.19155852,0.00068465533,0.00041902266
401847.jpg,0.9570032,0.042394694,0.0003726926,0.00022946268
401848.jpg,0.48728418,0.50451225,0.0015563584,0.006647287
401849.jpg,0.038216755,0.95306486,0.00054540974,0.008173011
401850.jpg,0.034066264,0.88262486,0.078628816,0.0046800897
401851.jpg,0.60745406,0.38881123,0.002960367,0.00077433744
401852.jpg,0.1610391,0.49095592,0.34691796,0.0010869975
401853.jpg,0.31904554,0.67496294,0.004575039,0.0014165374
401854.jpg,0.4986671,0.4993728,0.0013539395,0.00060619594
401855.jpg,0.7933417,0.20407403,0.0013206803,0.001263555
401856.jpg,0.038131416,0.95100087,0.000547336,0.010320429
401857.jpg,0.6853344,0.31314012,0.0009612225,0.0005643202
401858.jpg,0.0549016,0.93349236,0.0007412743,0.010864768
401859.jpg,0.13061824,0.8622181,0.0053880033,0.0017757355
401860.jpg,0.042719122,0.9539025,0.0014766079,0.0019018153
401861.jpg,0.89105415,0.10733565,0.0008672371,0.00074294786
401862.jpg,0.031853214,0.9449037,0.0004976474,0.02274543
401863.jpg,0.93191594,0.066877134,0.00093431637,0.00027262224
401864.jpg,0.40891126,0.588224,0.001436286,0.0014284087
401865.jpg,0.7857563,0.21183233,0.001179975,0.0012314388
401866.jpg,0.5458903,0.45143732,0.0019383593,0.00073402823
401867.jpg,0.97069293,0.028719248,0.00047018248,0.00011756894
401868.jpg,0.08647996,0.8619663,0.0029388887,0.04861487
401869.jpg,0.18388052,0.81256676,0.0011040587,0.0024486498
401870.jpg,0.97918826,0.020058898,0.0006632071,8.958485e-05
401871.jpg,0.1711563,0.827161,0.00069520186,0.0009875017
401872.jpg,0.92848235,0.068826415,0.0023362923,0.00035493964
401873.jpg,0.97403497,0.024972731,0.0008309896,0.00016133428
401874.jpg,0.78395563,0.21290453,0.001826034,0.0013137391
401875.jpg,0.01946246,0.9758336,0.00048804947,0.0042159557
401876.jpg,0.016155152,0.9767348,0.00045776638,0.006652335
401877.jpg,0.1589619,0.83882886,0.0007196379,0.0014895838
401878.jpg,0.27041426,0.15911812,0.1712858,0.39918184
401879.jpg,0.43889785,0.5598341,0.0005121163,0.0007559349
401880.jpg,0.78642327,0.21034272,0.0020894438,0.0011445712
401881.jpg,0.713779,0.2847928,0.0007896521,0.0006384738
401882.jpg,0.46072844,0.53553456,0.0013765745,0.0023603921
401883.jpg,0.49500778,0.5029514,0.0014596867,0.0005810891
401884.jpg,0.9751373,0.024268562,0.00043776855,0.00015633705
401885.jpg,0.0073676407,0.96195555,0.00042437643,0.030252432
401886.jpg,0.49151668,0.50548023,0.0012775472,0.0017255824
401887.jpg,0.011733405,0.98309463,0.00070013624,0.004471892
401888.jpg,0.04451624,0.95096356,0.00053475046,0.0039854404
401889.jpg,0.0016520084,0.00087808585,0.881316,0.11615381
401890.jpg,0.9837332,0.015662754,0.00051802845,8.6049295e-05
401891.jpg,0.7239049,0.26437786,0.00888583,0.0028314039
401892.jpg,0.56741285,0.42997137,0.0018577377,0.0007580267
401893.jpg,0.73690057,0.25982174,0.0028136105,0.00046408377
401894.jpg,0.12292092,0.8744615,0.00088943634,0.001728159
401895.jpg,0.24907805,0.74140316,0.004810886,0.00470789
401896.jpg,0.33771917,0.6594306,0.0014890394,0.0013611991
401897.jpg,0.033040937,0.16227123,0.8028426,0.0018452816
401898.jpg,0.05301741,0.92592794,0.0021042044,0.018950446
401899.jpg,0.30360997,0.6937373,0.0011934099,0.0014592413
401900.jpg,0.064367436,0.9283083,0.0043035885,0.0030206013
401901.jpg,0.36219224,0.63328457,0.0013060039,0.0032172438
401902.jpg,0.7306499,0.26738968,0.0012070229,0.00075342454
401903.jpg,0.014031835,0.97599584,0.00048160204,0.009490666
401904.jpg,0.21616559,0.76885575,0.013222244,0.0017564389
401905.jpg,0.015169275,0.98034924,0.0009283168,0.0035531607
401906.jpg,0.955046,0.042312246,0.002284751,0.00035696826
401907.jpg,0.13819627,0.85711956,0.0032338703,0.0014503263
401908.jpg,0.45110497,0.44645,0.09280934,0.009635659
401909.jpg,0.1748299,0.8169465,0.0005936692,0.007629913
401910.jpg,0.17624335,0.8207245,0.0008882359,0.002143977
401911.jpg,0.9655039,0.03392069,0.00041117365,0.00016428802
401912.jpg,0.1451292,0.8460352,0.0029329043,0.005902724
401913.jpg,0.40506852,0.5905674,0.00117297,0.003191152
401914.jpg,0.016983986,0.42759404,0.0018566967,0.5535653
401915.jpg,0.043990616,0.94670504,0.00094342773,0.008360966
401916.jpg,0.8238581,0.17443351,0.0012516315,0.00045674454
401917.jpg,0.8507454,0.1482469,0.00067000696,0.00033770362
401918.jpg,0.022459531,0.9526741,0.011359136,0.013507309
401919.jpg,0.97262526,0.026758805,0.0004776358,0.00013826923
401920.jpg,0.9266861,0.07231447,0.0007853307,0.00021408206
401921.jpg,0.050100043,0.59182936,0.0017303354,0.35634032
401922.jpg,0.22209994,0.743994,0.012109526,0.02179649
401923.jpg,0.78291386,0.20732069,0.007917257,0.0018481765
401924.jpg,0.8785701,0.12039187,0.00057653006,0.0004615013
401925.jpg,0.20401275,0.79383963,0.0005898066,0.001557835
401926.jpg,0.23882127,0.7539217,0.003713853,0.0035432682
401927.jpg,0.89184207,0.10678795,0.0011315817,0.00023838649
401928.jpg,0.011002097,0.9785626,0.00053802837,0.009897302
401929.jpg,0.94604343,0.052671503,0.00097249105,0.0003126002
401930.jpg,0.18430656,0.8133459,0.0011147704,0.001232802
401931.jpg,0.602458,0.3957204,0.0012066573,0.0006149653
401932.jpg,0.32222262,0.6758,0.00090703607,0.0010703037
401933.jpg,0.11731371,0.32271934,0.43557486,0.12439207
401934.jpg,0.54809445,0.45001817,0.0008843406,0.0010030271
401935.jpg,0.19912744,0.7989662,0.0008361605,0.001070244
401936.jpg,0.02257269,0.9744653,0.00047294752,0.002489064
401937.jpg,0.4169397,0.57287294,0.0071592857,0.0030281208
401938.jpg,0.058582958,0.6059822,0.0018190792,0.3336158
401939.jpg,0.014935024,0.9797179,0.0008883872,0.004458669
401940.jpg,0.900225,0.09903101,0.0004551787,0.0002888328
401941.jpg,0.9561159,0.042869408,0.0008739559,0.00014077222
401942.jpg,0.6076316,0.38628936,0.002195583,0.0038834177
401943.jpg,0.9246301,0.07263928,0.0024608145,0.00026979944
401944.jpg,0.17580563,0.28495044,0.5379384,0.001305472
401945.jpg,0.10947272,0.8869018,0.0016728264,0.0019527167
401946.jpg,0.61955315,0.37867674,0.00064497505,0.0011251238
401947.jpg,0.9668808,0.032555692,0.000419513,0.0001440159
401948.jpg,0.01202149,0.312337,0.17369325,0.50194824
401949.jpg,0.11533537,0.88146806,0.0012057807,0.0019907923
401950.jpg,0.6285352,0.36971697,0.0010643406,0.0006835836
401951.jpg,0.5780134,0.4204779,0.000963067,0.0005455814
401952.jpg,0.5739021,0.06423867,0.35871544,0.0031438877
401953.jpg,0.9677333,0.031797927,0.0003208967,0.00014787959
401954.jpg,0.057840746,0.93931586,0.0009321235,0.0019112654
401955.jpg,0.06498632,0.93124694,0.0006869109,0.0030798027
401956.jpg,0.27332377,0.7222352,0.0008750414,0.0035659394
401957.jpg,0.18198462,0.81282777,0.0036052575,0.001582299
401958.jpg,0.9504096,0.048767418,0.00062402594,0.00019898689
401959.jpg,0.96324176,0.035010498,0.0014953841,0.00025235623
401960.jpg,0.35653853,0.6408643,0.00089910143,0.0016980423
401961.jpg,0.30162835,0.6749468,0.008775389,0.014649424
401962.jpg,0.7233774,0.2747589,0.0014381608,0.00042546133
401963.jpg,0.88316375,0.115656324,0.00070056046,0.00047931387
401964.jpg,0.96775883,0.03127967,0.0007954047,0.00016617787
401965.jpg,0.6822097,0.316128,0.0010303548,0.00063200115
401966.jpg,0.92542356,0.07312554,0.0012197586,0.00023113845
401967.jpg,0.16554059,0.8298021,0.0016197317,0.0030376127
401968.jpg,0.02576103,0.96818393,0.0010400381,0.005014999
401969.jpg,0.12974806,0.81856996,0.048976284,0.0027056925
401970.jpg,0.9358463,0.06333512,0.0005430865,0.000275461
401971.jpg,0.96130925,0.0377606,0.0007828123,0.00014727424
401972.jpg,0.9508967,0.048462052,0.00052761385,0.000113673545
401973.jpg,0.11377051,0.87021667,0.0035539467,0.012458795
401974.jpg,0.6290775,0.36895314,0.0012811371,0.0006882337
401975.jpg,0.9527666,0.043443415,0.003610796,0.00017922132
401976.jpg,0.9700687,0.028256781,0.0015024439,0.00017210457
401977.jpg,0.8757744,0.123068236,0.00087965233,0.0002777288
401978.jpg,0.92672855,0.071995825,0.0008888599,0.0003867396
401979.jpg,0.9101641,0.08847106,0.0011797558,0.0001850997
401981.jpg,0.2213105,0.7706795,0.0013710506,0.006639022
401982.jpg,0.012360241,0.9851524,0.00084181986,0.001645598
401983.jpg,0.67439955,0.32362366,0.0012684842,0.00070829643
401984.jpg,0.71080333,0.28792432,0.0008305935,0.00044175753
401985.jpg,0.39906988,0.59942,0.0010509285,0.00045919177
401986.jpg,0.4829017,0.50087136,0.0033295408,0.0128973955
401987.jpg,0.01499597,0.31041813,0.0014087538,0.6731772
401988.jpg,0.016426593,0.44235095,0.2082758,0.33294672
401989.jpg,0.033252265,0.95349836,0.00370339,0.009545951
401990.jpg,0.9687894,0.030582532,0.0005250787,0.00010301336
401991.jpg,0.008408015,0.7382944,0.0043432293,0.24895425
401992.jpg,0.2538735,0.7437194,0.0010333732,0.0013736772
401993.jpg,0.08887746,0.9087252,0.0007202711,0.0016771238
401994.jpg,0.2663412,0.73095495,0.0018696046,0.0008342143
401995.jpg,0.28065014,0.7123935,0.0020720663,0.004884245
401996.jpg,0.98113173,0.01839977,0.0003678732,0.000100630044
401997.jpg,0.38681754,0.6116602,0.0006578959,0.00086439744
401998.jpg,0.9637218,0.0347891,0.0013354928,0.00015362182
401999.jpg,0.30739567,0.68857497,0.0021344505,0.001894989
402000.jpg,0.4826642,0.51532686,0.0011346232,0.00087434537
402001.jpg,0.13212328,0.8649203,0.0005309824,0.0024254979
402002.jpg,0.18303077,0.8138605,0.0017523883,0.0013563138
402003.jpg,0.9700325,0.029110087,0.0006686503,0.00018870692
402004.jpg,0.032935996,0.95931226,0.0006984595,0.0070533045
402005.jpg,0.10455281,0.7359188,0.0017748284,0.15775357
402006.jpg,0.25487176,0.70878977,0.00093629764,0.035402186
402007.jpg,0.9757815,0.023440653,0.0006798406,9.801434e-05
402008.jpg,0.23989499,0.7535439,0.003670507,0.0028905629
402009.jpg,0.006380199,0.98701626,0.0011061536,0.005497376
402010.jpg,0.9542115,0.04517507,0.00045928653,0.00015418058
402011.jpg,0.38366595,0.6143771,0.0008234675,0.001133452
402012.jpg,0.66914755,0.32942808,0.0008331618,0.00059116835
402013.jpg,0.28179306,0.71560854,0.0010106968,0.0015877398
402014.jpg,0.77876043,0.21400607,0.006611761,0.0006216823
402015.jpg,0.18876763,0.807837,0.0013716003,0.0020237665
402016.jpg,0.89945245,0.09908253,0.0010789089,0.0003860794
402017.jpg,0.8829515,0.115946114,0.00073579076,0.00036659968
402018.jpg,0.12115747,0.86223763,0.0012213201,0.01538363
402019.jpg,0.97629786,0.023237744,0.00036123893,0.000103153674
402020.jpg,0.20317738,0.7767296,0.019053008,0.0010400148
402021.jpg,0.85609704,0.14203447,0.0011482341,0.00072022836
402022.jpg,0.15802439,0.83724004,0.0033068073,0.0014287435
402023.jpg,0.08567003,0.6119216,0.012628402,0.28977993
402024.jpg,0.0452366,0.9456088,0.0008614109,0.008293209
402025.jpg,0.9885552,0.010719679,0.0006443837,8.079335e-05
402026.jpg,0.98087484,0.018630914,0.00037566642,0.00011856344
402027.jpg,0.95440054,0.045100797,0.00034450274,0.0001541437
402028.jpg,0.4625393,0.5343378,0.001498524,0.0016242793
402029.jpg,0.9666801,0.032521877,0.00063658546,0.00016138764
402030.jpg,0.91033274,0.08837789,0.00095317187,0.00033615413
402031.jpg,0.088811435,0.90710664,0.0008466532,0.0032352998
402032.jpg,0.4929504,0.5038235,0.001310966,0.0019151556
402033.jpg,0.9793978,0.019160205,0.0013145505,0.00012754406
402034.jpg,0.15974623,0.83500105,0.003327281,0.0019254343
402035.jpg,0.011871596,0.9835302,0.0005917828,0.0040064547
402036.jpg,0.97993755,0.01919688,0.0007079014,0.00015771373
402037.jpg,0.92092913,0.07774388,0.0010740174,0.00025303886
402038.jpg,0.00015107189,0.00053006987,0.0031965645,0.9961222
402039.jpg,0.16490251,0.8323231,0.00089912704,0.0018752856
402040.jpg,0.4879783,0.50387937,0.006140159,0.0020021237
402041.jpg,0.12557076,0.8719165,0.00065970415,0.0018530492
402042.jpg,0.9589829,0.040292665,0.0005069839,0.00021746138
402043.jpg,0.81758064,0.1808234,0.0012373807,0.00035856283
402044.jpg,0.678919,0.31894055,0.0016766734,0.00046381578
402045.jpg,0.16252372,0.83339113,0.00096119795,0.0031239886
402046.jpg,0.9131983,0.085817695,0.0007229301,0.0002610823
402047.jpg,0.916812,0.06513646,0.016895121,0.001156404
402048.jpg,0.44202766,0.55434114,0.000923713,0.0027075447
402049.jpg,0.83821136,0.16041307,0.0009197619,0.00045585097
402050.jpg,0.2483028,0.7393988,0.0027501646,0.009548304
402051.jpg,0.059430707,0.9337713,0.00041824603,0.0063796886
402052.jpg,0.9306476,0.06818459,0.00093598943,0.00023183005
402053.jpg,0.42607352,0.5714522,0.0017169615,0.00075728557
402054.jpg,0.4036661,0.59452075,0.0009929426,0.0008202426
402055.jpg,0.7436512,0.2547938,0.00091531064,0.00063966407
402056.jpg,0.01577179,0.95704585,0.0008951553,0.026287219
402057.jpg,0.2366302,0.7608742,0.0007988801,0.0016967253
402058.jpg,0.93416905,0.064675614,0.00076625665,0.0003890826
402059.jpg,0.6749843,0.27954665,0.04472659,0.00074244227
402060.jpg,0.062287197,0.0007039776,0.9369152,9.3582166e-05
402061.jpg,0.043849755,0.8778451,0.0021044584,0.0762007
402062.jpg,0.063540734,0.9307613,0.0004093155,0.0052887253
402063.jpg,0.95158744,0.047814805,0.000433123,0.00016464533
402064.jpg,0.738528,0.2571483,0.0019981787,0.0023255113
402065.jpg,0.015395798,0.9777548,0.0009880867,0.005861388
402066.jpg,0.9289991,0.070047304,0.0005419841,0.00041163675
402067.jpg,0.0651109,0.6625511,0.04383328,0.22850466
402068.jpg,0.046518356,0.94741917,0.0008646967,0.005197784
402069.jpg,0.44727984,0.5498783,0.0007939227,0.0020479287
402070.jpg,0.92121667,0.07600249,0.0017190833,0.001061797
402071.jpg,0.08609233,0.8554771,0.054744083,0.0036865163
402072.jpg,0.7124424,0.28390476,0.0014132623,0.0022395428
402073.jpg,0.60750765,0.39052987,0.0013319151,0.00063059636
402074.jpg,0.70273685,0.2609036,0.032392565,0.0039669704
402075.jpg,0.55508757,0.185158,0.25909936,0.0006550325
402076.jpg,0.97925633,0.020121021,0.00051783543,0.0001047959
402077.jpg,0.35658643,0.6398687,0.0012725258,0.0022724401
402078.jpg,0.9560022,0.04295141,0.00088890945,0.00015751414
402079.jpg,0.049509805,0.75204533,0.12966798,0.0687769
402080.jpg,0.9826428,0.01681407,0.00044137725,0.000101678364
402081.jpg,0.8585708,0.13949901,0.0014047405,0.0005254313
402082.jpg,0.28210858,0.7047097,0.0036944132,0.00948735
402083.jpg,0.01742785,0.9423496,0.003048663,0.037173904
402084.jpg,0.20112634,0.79554653,0.0009912794,0.0023357924
402085.jpg,0.32041836,0.67608786,0.0026268056,0.0008670427
402086.jpg,0.73371416,0.26325995,0.001726503,0.0012993781
402087.jpg,0.97377604,0.025729919,0.00038074105,0.00011331098
402088.jpg,0.90122825,0.097534455,0.0007869021,0.00045041947
402089.jpg,0.2961954,0.7013414,0.00063967163,0.0018235533
402090.jpg,0.46812013,0.5300724,0.0008863344,0.00092115876
402091.jpg,0.948628,0.05040106,0.00060886034,0.0003619967
402092.jpg,0.95185685,0.04742482,0.0005584002,0.00015993914
402093.jpg,0.9385,0.060350418,0.00090168725,0.000247872
402094.jpg,0.20139702,0.7955834,0.0017397698,0.0012797527
402095.jpg,0.62414426,0.37400785,0.0014027794,0.00044513275
402096.jpg,0.5587039,0.43911573,0.00084873947,0.0013315747
402097.jpg,0.069378845,0.92806894,0.0008856438,0.001666577
402098.jpg,0.82128733,0.17720686,0.00122343,0.000282387
402099.jpg,0.6774005,0.31826577,0.0034848012,0.0008488561
402100.jpg,0.051046032,0.31724617,0.022318,0.60938984
402101.jpg,0.53934103,0.45923162,0.0008457184,0.00058161357
402102.jpg,0.11983339,0.8671425,0.0012649102,0.011759229
402103.jpg,0.07851278,0.9189796,0.00047134238,0.0020363377
402104.jpg,0.573915,0.42354226,0.0013392436,0.0012035161
402105.jpg,0.9762535,0.023108413,0.0005359299,0.000102150814
402106.jpg,0.4974513,0.500378,0.0013233321,0.0008473252
402107.jpg,0.24950986,0.74435407,0.00096176704,0.0051743053
402108.jpg,0.7089696,0.28949496,0.0010087253,0.0005267875
402109.jpg,0.40430573,0.59332395,0.0010128758,0.0013574241
402110.jpg,0.96116704,0.038113203,0.00057790795,0.00014192348
402111.jpg,0.111659236,0.88244295,0.0034688085,0.0024290793
402112.jpg,0.0065969247,0.31576005,0.6336294,0.044013605
402113.jpg,0.20684938,0.21830346,0.57325584,0.001591331
402114.jpg,0.71613044,0.2817962,0.001421301,0.0006520863
402115.jpg,0.9417453,0.057375118,0.0006389232,0.00024066165
402116.jpg,0.96353817,0.03583834,0.00040802974,0.00021544028
402117.jpg,0.9437719,0.05551168,0.0005665118,0.00014987508
402118.jpg,0.002968287,0.15599881,0.001581524,0.8394514
402119.jpg,0.19437523,0.80342835,0.00070672325,0.0014897473
402120.jpg,0.8659892,0.1328885,0.0006540492,0.000468245
402121.jpg,0.0030049626,0.08834303,0.0006681743,0.90798384
402122.jpg,0.17590193,0.8211105,0.00088484056,0.0021026975
402123.jpg,0.16060472,0.8276072,0.002254443,0.009533684
402124.jpg,0.98407,0.015326962,0.0005202098,8.281679e-05
402125.jpg,0.56600064,0.43008837,0.0031255719,0.00078542595
402126.jpg,0.271953,0.5167194,0.20515178,0.006175844
402128.jpg,0.9541647,0.044716354,0.00088794297,0.00023102369
402129.jpg,0.06428305,0.62550145,0.0007476853,0.3094678
402130.jpg,0.18266265,0.81072897,0.0020869693,0.00452143
402131.jpg,0.044601515,0.9522438,0.0012882695,0.0018664752
402132.jpg,0.8284618,0.16968884,0.0013588681,0.00049048057
402133.jpg,0.9498105,0.0495268,0.0004642764,0.00019836224
402134.jpg,0.6684439,0.3294738,0.001018749,0.0010635136
402135.jpg,0.9800902,0.019439673,0.00031491954,0.00015516266
402136.jpg,0.0070036557,0.3823576,0.003527984,0.60711074
402137.jpg,0.8290623,0.16841537,0.002021901,0.0005004394
402138.jpg,0.033582196,0.91228986,0.007893372,0.046234604
402139.jpg,0.30994204,0.6846028,0.0027489187,0.0027062402
402140.jpg,0.32889584,0.6546218,0.01126608,0.0052162968
402141.jpg,0.10731113,0.8899606,0.0009454183,0.0017828086
402142.jpg,0.3098313,0.6881167,0.0011389052,0.00091309147
402143.jpg,0.8191242,0.17697974,0.0030045712,0.00089146383
402144.jpg,0.91480064,0.08428208,0.0005695442,0.00034773548
402145.jpg,0.09021276,0.8582404,0.047073577,0.0044731363
402146.jpg,0.3062701,0.69096327,0.0014729806,0.0012936919
402147.jpg,0.05302513,0.93405455,0.0019168259,0.011003532
402148.jpg,0.2751733,0.720476,0.002444171,0.0019066151
402149.jpg,0.93012094,0.068494655,0.0011658687,0.00021855895
402150.jpg,0.89611214,0.10251073,0.0006115545,0.00076555443
402151.jpg,0.570288,0.42865595,0.00051399873,0.0005419993
402152.jpg,0.6515233,0.3473028,0.00062280823,0.0005511271
402153.jpg,0.010910608,0.98523253,0.0008157917,0.0030411084
402154.jpg,0.017581156,0.97024876,0.00045266483,0.011717404
402155.jpg,0.00083586917,0.0026266596,0.0037060983,0.9928314
402156.jpg,0.37202826,0.5263039,0.09569624,0.005971599
402157.jpg,0.0062883035,0.98827964,0.0007761771,0.0046558795
402158.jpg,0.95609504,0.043171126,0.00057255296,0.00016125872
402159.jpg,0.3840624,0.6123163,0.0017058376,0.0019153934
402160.jpg,0.37327302,0.6243773,0.0010794955,0.0012702028
402161.jpg,0.41854045,0.57210356,0.0068219877,0.0025339413
402162.jpg,0.13745636,0.7793043,0.060092926,0.023146441
402163.jpg,0.07097878,0.92218083,0.0020400442,0.0048004193
402164.jpg,0.10448843,0.88303274,0.0008396416,0.011639178
402165.jpg,0.5302761,0.4671581,0.0018596696,0.00070607645
402166.jpg,0.9315844,0.050190244,0.018024059,0.00020128714
402167.jpg,0.057317186,0.9389327,0.000577334,0.0031726721
402168.jpg,0.3320271,0.66644615,0.00095718465,0.00056952494
402169.jpg,0.65173185,0.34646365,0.0012158598,0.0005886346
402170.jpg,0.017875886,0.97892237,0.0005961313,0.0026056238
402171.jpg,0.89044666,0.108421884,0.00066755834,0.0004638935
402172.jpg,0.51040727,0.48798895,0.0008670763,0.00073666987
402173.jpg,0.9851133,0.01427447,0.0004604836,0.00015180772
402174.jpg,0.928361,0.06658734,0.0048798565,0.00017179699
402175.jpg,0.010347903,0.48972258,0.15071325,0.3492163
402176.jpg,0.003935252,0.5734398,0.0011856722,0.42143932
402177.jpg,0.1940927,0.8035245,0.0011583738,0.0012244303
402178.jpg,0.9036856,0.095393024,0.0006100678,0.000311261
402179.jpg,0.060480963,0.009848622,0.8473454,0.08232499
402180.jpg,0.019737424,0.9747656,0.0009704712,0.0045264396
402181.jpg,0.94168276,0.05772828,0.00038254634,0.00020641925
402182.jpg,0.86943024,0.12512769,0.0049831145,0.00045898955
402183.jpg,0.9398033,0.057289977,0.0022908188,0.0006159069
402184.jpg,0.039741572,0.95515966,0.0007128028,0.004385946
402185.jpg,0.9741501,0.025440184,0.00030090465,0.00010877815
402186.jpg,0.4467288,0.5510287,0.0010975882,0.0011449357
402187.jpg,0.00015968776,0.0042738356,0.00075040787,0.99481606
402188.jpg,0.5603565,0.43431258,0.0037716588,0.0015592562
402189.jpg,0.69068503,0.30053422,0.0064468044,0.002333977
402190.jpg,0.14954951,0.84254616,0.0005672911,0.007336999
402191.jpg,0.14650834,0.85080034,0.0009893248,0.0017020792
402192.jpg,0.39627814,0.60203964,0.001009302,0.00067294185
402193.jpg,0.9894853,0.009780547,0.00065604475,7.804308e-05
402194.jpg,0.19775516,0.800028,0.0012212248,0.0009955954
402195.jpg,0.39377823,0.6019812,0.0013749237,0.002865543
402196.jpg,0.45325136,0.5419641,0.0037920482,0.0009924709
402197.jpg,0.01368731,0.9800008,0.0017540478,0.0045577507
402198.jpg,0.36600634,0.6291136,0.0035820326,0.0012980186
402199.jpg,0.9425443,0.056714237,0.0005314091,0.00021000842
402200.jpg,0.98057604,0.018925512,0.00039753676,0.00010094068
402201.jpg,0.34961757,0.6411361,0.0031246208,0.006121715
402202.jpg,0.16415505,0.83455545,0.00041289022,0.0008766009
402203.jpg,0.97268295,0.026764646,0.0004083897,0.00014401019
402204.jpg,0.9066071,0.09228889,0.00072256505,0.0003814681
402205.jpg,0.7948539,0.20272744,0.0017255846,0.0006930474
402206.jpg,0.62931174,0.36672807,0.0017158268,0.00224443
402207.jpg,0.024293551,0.868941,0.07786029,0.02890511
402208.jpg,0.17290644,0.73918056,0.0021149006,0.08579812
402209.jpg,0.14162211,0.85485977,0.0024101646,0.0011080118
402210.jpg,0.6454578,0.35242698,0.00092088786,0.0011944082
402211.jpg,0.9627703,0.036650125,0.00040187198,0.00017772522
402212.jpg,0.863223,0.13510428,0.0010719849,0.00060075795
402213.jpg,0.9503803,0.04886456,0.0005838039,0.0001713228
402214.jpg,0.5272072,0.47084567,0.0010841185,0.0008630352
402215.jpg,0.2587453,0.7371041,0.0021786503,0.001971924
402216.jpg,0.018446794,0.9654174,0.00820944,0.007926435
402217.jpg,0.1907599,0.8070412,0.001544071,0.00065473915
402218.jpg,0.00048522055,0.0041577155,0.080176696,0.9151804
402219.jpg,0.36950913,0.62804985,0.0010200177,0.0014210241
402220.jpg,0.043675173,0.36025575,0.001410683,0.59465843
402221.jpg,0.9634197,0.03556766,0.00083379744,0.00017889653
402222.jpg,0.007028732,0.017097684,0.046464298,0.9294093
402223.jpg,0.69946533,0.2977842,0.0009563289,0.0017941518
402224.jpg,0.633402,0.36336648,0.001469282,0.0017622745
402225.jpg,0.08179951,0.90371084,0.0027226517,0.011766958
402226.jpg,0.63135386,0.3656784,0.00083842437,0.0021293452
402227.jpg,0.04188025,0.95520633,0.0012000479,0.0017133392
402228.jpg,0.41471878,0.13455825,0.4498702,0.000852813
402229.jpg,0.3269154,0.67033356,0.0009873224,0.0017637629
402230.jpg,0.35777995,0.6391154,0.0021503647,0.0009543106
402231.jpg,0.1881933,0.011616251,0.7982256,0.001964857
402232.jpg,0.4668676,0.53170186,0.0009819944,0.0004484885
402233.jpg,0.7244728,0.27149686,0.0026299888,0.0014002953
402234.jpg,0.09917128,0.897615,0.0015641246,0.0016495116
402235.jpg,0.0004998546,0.0016993735,0.05407523,0.9437255
402236.jpg,0.110512674,0.88538,0.0007143055,0.0033929863
402237.jpg,0.95795137,0.041428577,0.00049319945,0.00012680337
402238.jpg,0.9471858,0.051829588,0.00063894293,0.0003455845
402239.jpg,0.0034073256,0.003525692,0.88135666,0.11171034
402240.jpg,0.8804133,0.11790217,0.00072952855,0.000955017
402241.jpg,0.7122569,0.2856605,0.0011263834,0.0009562319
402242.jpg,0.4177926,0.5775463,0.00328625,0.0013748453
402243.jpg,0.015764384,0.9798932,0.0005609766,0.0037814404
402244.jpg,0.7511398,0.24292661,0.004858976,0.0010745709
402245.jpg,0.039889615,0.86138755,0.029920535,0.06880224
402246.jpg,0.28911254,0.70489544,0.0020938728,0.0038982101
402247.jpg,0.9677523,0.0316659,0.0003935862,0.00018817361
402248.jpg,0.19943768,0.30954972,0.48864356,0.0023690634
402249.jpg,0.27405587,0.72358274,0.0014226552,0.00093864393
402250.jpg,0.4879967,0.5106922,0.00050088414,0.00081025745
402251.jpg,0.86359435,0.13339053,0.0025781791,0.00043686794
402252.jpg,0.7905519,0.20689566,0.0013743549,0.0011780949
402253.jpg,0.7508502,0.24279724,0.0050621363,0.0012904102
402254.jpg,0.2578123,0.7392824,0.0019176425,0.0009875465
402255.jpg,0.98372054,0.015284572,0.00085166615,0.0001431813
402256.jpg,0.024922425,0.95913726,0.00052401517,0.015416339
402257.jpg,0.021607256,0.46560645,0.104037784,0.4087485
402258.jpg,0.51232654,0.48167205,0.0035471602,0.0024542594
402259.jpg,0.15251185,0.104209684,0.004863978,0.73841447
402260.jpg,0.45364437,0.54403394,0.0016493736,0.0006723322
402261.jpg,0.04505983,0.9517705,0.00054220465,0.0026274975
402262.jpg,0.93834025,0.060471367,0.0008114089,0.0003769953
402263.jpg,0.10652148,0.8881894,0.0013760217,0.0039130715
402264.jpg,0.06290356,0.92908406,0.0026361793,0.0053761937
402265.jpg,0.82976884,0.16938847,0.0005002151,0.0003425333
402266.jpg,0.00035205693,0.004037095,0.105353095,0.8902578
402267.jpg,0.78926086,0.2069091,0.003167414,0.0006626444
402268.jpg,0.069225855,0.9196977,0.008460101,0.0026163764
402269.jpg,0.31624612,0.6806331,0.0010438625,0.0020768808
402270.jpg,0.62118363,0.37630916,0.0008817083,0.0016254814
402271.jpg,0.48149666,0.5145219,0.0018274342,0.0021539452
402272.jpg,0.9834013,0.016122079,0.0003852703,9.132586e-05
402273.jpg,0.8851337,0.11384034,0.00054446445,0.00048155614
402274.jpg,0.02005333,0.9703346,0.000725378,0.0088867005
402275.jpg,0.058558334,0.9382345,0.00065130886,0.0025558618
402276.jpg,0.07781544,0.9170273,0.002311344,0.002845899
402277.jpg,0.4008416,0.59667176,0.0009424577,0.0015442744
402278.jpg,0.5479262,0.45095667,0.0007525392,0.00036459512
402279.jpg,0.19276458,0.8048234,0.0009955139,0.0014165106
402280.jpg,0.950026,0.048729528,0.00095811073,0.00028639493
402281.jpg,0.92536575,0.07299871,0.0012787511,0.00035681637
402282.jpg,0.9801448,0.019504111,0.00026375626,8.731079e-05
402283.jpg,0.3362899,0.6618352,0.000985539,0.00088934164
402284.jpg,0.8902275,0.10808965,0.0013823039,0.00030053957
402285.jpg,0.7669487,0.23113067,0.0013930472,0.0005275369
402286.jpg,0.031826492,0.14998631,0.14425322,0.673934
402287.jpg,0.121133804,0.8736208,0.0021518304,0.0030935013
402288.jpg,0.7295578,0.2684598,0.0010891916,0.0008931747
402289.jpg,0.06617508,0.93087405,0.0006119882,0.0023389028
402290.jpg,0.26235238,0.7350394,0.001123693,0.0014845271
402291.jpg,0.98552674,0.0138739,0.00046276874,0.00013663433
402292.jpg,0.6722823,0.3253338,0.0011890475,0.0011948297
402293.jpg,0.9380495,0.060132813,0.0015440361,0.0002736066
402294.jpg,0.9039104,0.09507198,0.00077358884,0.00024399662
402295.jpg,0.41026917,0.587455,0.0010981864,0.0011776164
402296.jpg,0.284505,0.7124035,0.0018212894,0.0012703271
402297.jpg,0.28158882,0.714761,0.0014489613,0.0022012154
402298.jpg,0.46673295,0.15934965,0.36615846,0.0077589806
402299.jpg,0.27021077,0.7261529,0.0013696105,0.002266773
402300.jpg,0.090210475,0.05344625,0.68439144,0.17195189
402301.jpg,0.15072721,0.84286547,0.0023342941,0.004073011
402302.jpg,0.64455324,0.3531996,0.0012441688,0.0010030515
402303.jpg,0.6227683,0.37578145,0.00081646984,0.0006338251
402304.jpg,0.09410018,0.59090304,0.21455242,0.10044432
402305.jpg,0.40708235,0.5875366,0.0014857316,0.0038952695
402306.jpg,0.40587094,0.5924589,0.0011536045,0.00051656895
402307.jpg,0.016341519,0.98013455,0.0009985168,0.002525432
402308.jpg,0.4877303,0.50968486,0.0013431414,0.0012416476
402309.jpg,0.040509198,0.92662376,0.0036020568,0.029264973
402310.jpg,0.98311204,0.016369758,0.000428066,9.01785e-05
402311.jpg,0.45155016,0.54233867,0.0017729746,0.0043381727
402312.jpg,0.16494106,0.75202066,0.00073811674,0.08230015
402313.jpg,0.6924314,0.30578852,0.0013425356,0.0004375379
402314.jpg,0.016526781,0.89894223,0.0030815483,0.08144943
402315.jpg,0.93490726,0.06447984,0.00042161313,0.0001912649
402316.jpg,0.068951584,0.9290216,0.0012068615,0.0008199564
402317.jpg,0.93233746,0.06697946,0.0005514009,0.00013170125
402318.jpg,0.9173662,0.08172444,0.00048858643,0.00042071947
402319.jpg,0.94107634,0.057967994,0.000802359,0.00015326375
402320.jpg,0.774559,0.22442138,0.0006723542,0.0003472243
402321.jpg,0.55691963,0.44135725,0.0006064134,0.0011167101
402322.jpg,0.24919464,0.747719,0.00046616828,0.002620209
402323.jpg,0.32995668,0.66803616,0.0011358429,0.00087136886
402324.jpg,0.12682447,0.8377268,0.006576736,0.028872123
402325.jpg,0.016722083,0.6397609,0.041524682,0.30199227
402326.jpg,0.9070167,0.09225774,0.0004462035,0.00027939797
402327.jpg,0.06681889,0.93087596,0.0005909806,0.0017142751
402328.jpg,0.7889635,0.20937742,0.0010999577,0.0005591767
402329.jpg,0.53370196,0.46156004,0.0013056862,0.0034323137
402330.jpg,0.027936334,0.7483597,0.0032032514,0.22050077
402331.jpg,0.00017479357,4.1085932e-05,0.9996682,0.00011591134
402332.jpg,0.9660487,0.033070542,0.00071918726,0.00016161433
402333.jpg,0.28716436,0.7073993,0.0025908991,0.0028454699
402334.jpg,0.55419964,0.44253254,0.0008452546,0.002422583
402335.jpg,0.10400688,0.89291924,0.0005979226,0.0024759714
402336.jpg,0.9797836,0.019664556,0.00045910376,9.2774375e-05
402337.jpg,0.7071288,0.29163516,0.00070255226,0.0005334813
402338.jpg,0.09598393,0.90205073,0.0010332486,0.0009321246
402339.jpg,0.31197393,0.6710827,0.01074914,0.0061942753
402340.jpg,0.98919797,0.010081682,0.0006465385,7.3826865e-05
402341.jpg,0.73710054,0.26157185,0.0008374083,0.00049024395
402342.jpg,0.9006398,0.09837282,0.00046138116,0.0005260213
402343.jpg,0.65319365,0.3439494,0.001786587,0.0010703801
402344.jpg,0.20271485,0.79450315,0.0007254637,0.0020565395
402345.jpg,0.9383082,0.060651362,0.0007402778,0.00030024917
402346.jpg,0.004526231,0.39283577,0.40251294,0.20012504
402347.jpg,0.9092522,0.089178495,0.0011849406,0.00038433672
402348.jpg,0.8568949,0.1415193,0.0011716579,0.00041414806
402349.jpg,0.027192911,0.97115564,0.00041277046,0.0012386568
402350.jpg,0.024934836,0.09858992,0.60643846,0.27003673
402351.jpg,0.07103428,0.9142092,0.0046376763,0.010118832
402352.jpg,0.08821803,0.90021974,0.0090183355,0.0025438273
402353.jpg,0.4915459,0.50654215,0.0012146721,0.00069730944
402354.jpg,0.9648166,0.034425516,0.00051943987,0.00023850006
402355.jpg,0.9458546,0.052811712,0.0010686001,0.0002650967
402356.jpg,0.94912267,0.050186615,0.0004397457,0.00025095683
402357.jpg,0.013233063,0.9769683,0.0004605203,0.009338218
402358.jpg,0.11514551,0.0030763096,0.88166875,0.00010942424
402359.jpg,0.012709866,0.22532387,0.48080507,0.2811612
402360.jpg,0.19392307,0.80288893,0.0017158162,0.0014721742
402361.jpg,0.83056116,0.16818114,0.00082402333,0.00043368756
402362.jpg,0.95261556,0.04648474,0.0007099211,0.00018977343
402363.jpg,0.043430194,0.43710724,0.3014582,0.2180043
402364.jpg,0.9734096,0.026064895,0.0003405929,0.00018486402
402365.jpg,0.7101905,0.2870296,0.0019288558,0.0008511117
402366.jpg,0.057693962,0.53524536,0.16203769,0.24502303
402367.jpg,0.92363507,0.073481016,0.0023487918,0.00053510495
402368.jpg,0.077049196,0.91789573,0.0016454837,0.0034095806
402369.jpg,0.9814833,0.017672613,0.0007464046,9.7652104e-05
402370.jpg,0.85750103,0.14154796,0.0005535795,0.00039743888
402371.jpg,0.8841068,0.113646366,0.0016794287,0.00056732236
402372.jpg,0.054366842,0.9421997,0.0018932965,0.001540169
402373.jpg,0.049520712,0.7388999,0.0023345018,0.20924489
402374.jpg,0.96795297,0.030675128,0.001161625,0.00021033076
402375.jpg,0.887525,0.111066066,0.00091540645,0.0004935769
402376.jpg,0.1766125,0.77180713,0.04247567,0.009104748
402377.jpg,0.9537248,0.044227455,0.0017593098,0.0002884615
402378.jpg,0.031605836,0.96616703,0.00036892842,0.0018581832
402379.jpg,0.39855167,0.5980595,0.0020970043,0.0012919069
402380.jpg,0.31026998,0.6860394,0.0023834927,0.0013071508
402381.jpg,0.34151998,0.6533627,0.0019580538,0.0031592709
402382.jpg,0.8988021,0.10024843,0.00061378366,0.00033566824
402383.jpg,0.9553451,0.043735173,0.0006596401,0.0002600917
402384.jpg,0.036955703,0.9585363,0.0009879661,0.00352004
402385.jpg,0.03273847,0.959795,0.0023902974,0.005076275
402386.jpg,0.43827716,0.5573745,0.0029871895,0.0013611702
402387.jpg,0.22871064,0.7674615,0.0013552752,0.0024726468
402388.jpg,0.98085207,0.018545412,0.00045368038,0.00014883785
402389.jpg,0.95435596,0.044855595,0.00048327795,0.0003052177
402390.jpg,0.8083609,0.18904953,0.001252531,0.0013370303
402391.jpg,0.9847148,0.014777214,0.0004103811,9.763224e-05
402392.jpg,0.13760479,0.85353947,0.0018419164,0.0070138085
402393.jpg,0.015386969,0.08778902,0.03274494,0.86407906
402394.jpg,0.95683783,0.042064786,0.00083745195,0.00025989584
402395.jpg,0.7366442,0.26053086,0.00097649737,0.0018484155
402396.jpg,0.19853978,0.7989175,0.0013620494,0.001180724
402397.jpg,0.13070014,0.86595654,0.0016056146,0.0017377295
402398.jpg,0.94446635,0.054737482,0.00047953907,0.00031664924
402399.jpg,0.95017934,0.04634889,0.003316227,0.00015551456
402400.jpg,0.08493065,0.2126503,0.32174328,0.38067576
402401.jpg,0.568859,0.42889404,0.0011332176,0.0011137692
402402.jpg,0.013929023,0.050324738,0.11877393,0.81697226
402403.jpg,0.9265385,0.06793739,0.0049000005,0.000624087
402404.jpg,0.017080287,0.9786939,0.0014690533,0.002756781
402405.jpg,0.7841346,0.20948966,0.0052974294,0.0010782493
402406.jpg,0.030967815,0.7509341,0.0023837446,0.21571428
402407.jpg,0.7206548,0.27773148,0.0010727937,0.00054094236
402408.jpg,0.60624343,0.3917726,0.0007810776,0.0012028986
402409.jpg,0.94488055,0.054337338,0.0006265675,0.00015550632
402410.jpg,0.16400303,0.8330454,0.0013878212,0.001563678
402411.jpg,0.7850676,0.2139107,0.0004740041,0.0005477152
402412.jpg,0.4438908,0.5546507,0.0008594923,0.00059901696
402413.jpg,0.5000041,0.497041,0.0011459008,0.0018089904
402414.jpg,0.32703647,0.6706221,0.00092880166,0.0014126018
402415.jpg,0.6370907,0.36127946,0.0010302637,0.00059961836
402416.jpg,0.286687,0.71052885,0.0011142894,0.001669947
402417.jpg,0.338902,0.65326613,0.005465364,0.002366464
402418.jpg,0.93299717,0.0663135,0.00043652728,0.00025281915
402419.jpg,0.9640035,0.035255693,0.00043524467,0.00030553437
402420.jpg,0.009505926,0.9864455,0.0007386322,0.0033099623
402421.jpg,0.34365526,0.62472135,0.030516086,0.0011073258
402422.jpg,0.95085764,0.04829189,0.00054892874,0.00030152805
402423.jpg,0.8529677,0.14510675,0.0014891651,0.00043641217
402424.jpg,0.6273603,0.37129912,0.0006948227,0.00064579165
402425.jpg,0.15719587,0.8400989,0.0008350678,0.0018701339
402426.jpg,0.31364614,0.6824331,0.001864234,0.002056428
402427.jpg,0.03311727,0.86292696,0.06811347,0.03584231
402428.jpg,0.13811575,0.8598879,0.0008534474,0.0011428561
402429.jpg,0.91526604,0.08358514,0.0009052122,0.00024364861
402430.jpg,0.3374939,0.5473282,0.1121991,0.0029788197
402431.jpg,0.92561436,0.07322973,0.0008106981,0.00034517303
402432.jpg,0.004749591,0.9876466,0.0004263904,0.007177411
402433.jpg,0.9210498,0.07789391,0.0008541068,0.00020230049
402434.jpg,0.57871646,0.4189221,0.0011914299,0.0011699988
402435.jpg,0.47664332,0.52174926,0.00096504105,0.00064242264
402436.jpg,0.88072973,0.051385805,0.067490995,0.00039343955
402437.jpg,0.38878798,0.60929507,0.0008170845,0.001099836
402438.jpg,0.52714056,0.47087392,0.00071721367,0.0012683603
402439.jpg,0.96679205,0.03259269,0.00047392084,0.00014134611
402440.jpg,0.61753774,0.37830675,0.0016348455,0.0025206155
402441.jpg,0.097325586,0.8998203,0.00094784243,0.0019062614
402442.jpg,0.89836484,0.10068638,0.00058337365,0.00036537487
402443.jpg,0.26933318,0.72615385,0.0020366895,0.0024762433
402444.jpg,0.04687925,0.94738585,0.0006195837,0.0051152757
402445.jpg,0.9726574,0.026604205,0.00061104586,0.00012742683
402446.jpg,0.71899575,0.27936924,0.00088815956,0.0007468949
402447.jpg,0.59246534,0.40564212,0.00090120407,0.0009914017
402448.jpg,0.28400326,0.7115986,0.002171526,0.002226647
402449.jpg,0.96325254,0.036265302,0.00037304533,0.00010914152
402450.jpg,0.9417746,0.057519656,0.0004842102,0.00022158142
402451.jpg,0.053019505,0.37899604,0.5654792,0.0025052235
402452.jpg,0.3171073,0.67722625,0.002444447,0.0032221265
402453.jpg,0.8695248,0.12868822,0.001430936,0.00035605
402454.jpg,0.0010514953,0.0002650872,0.99659985,0.002083584
402455.jpg,0.95692754,0.037770644,0.005099121,0.00020269654
402456.jpg,0.90037626,0.098201804,0.0010329498,0.0003890477
402457.jpg,0.48244563,0.5136513,0.0021630765,0.0017400027
402458.jpg,0.10292232,0.89533716,0.00089513435,0.0008453583
402459.jpg,0.67865866,0.31948808,0.0007883289,0.0010649448
402460.jpg,0.077275656,0.9178278,0.0012835627,0.0036129702
402461.jpg,0.7038064,0.29339495,0.0018868301,0.00091178896
402462.jpg,0.7570135,0.24135089,0.0011220057,0.0005136396
402463.jpg,0.02790297,0.954047,0.00057979306,0.017470216
402465.jpg,0.13586552,0.8150837,0.008977816,0.040072955
402466.jpg,0.018198634,0.978188,0.0005010695,0.0031123094
402467.jpg,0.5660245,0.43220913,0.0009366784,0.00082970894
402468.jpg,0.037544444,0.96038467,0.0004989396,0.0015719006
402469.jpg,0.9830441,0.01644917,0.0003933243,0.00011340327
402470.jpg,0.059353467,0.9390792,0.000511954,0.0010553347
402471.jpg,0.36704955,0.63086146,0.0009942874,0.001094692
402472.jpg,0.00018681784,0.00094497605,0.004595825,0.9942723
402473.jpg,0.31048152,0.68560225,0.001686046,0.0022301937
402474.jpg,0.00021513605,0.0009679526,0.2703313,0.7284856
402475.jpg,0.021739239,0.96801305,0.0004954398,0.009752288
402476.jpg,0.27990904,0.71551806,0.002011948,0.0025609622
402477.jpg,0.51420116,0.4794978,0.0045374897,0.0017635277
402478.jpg,0.35153902,0.6467778,0.0010407526,0.00064237724
402479.jpg,0.95548433,0.043953627,0.00036593873,0.0001961006
402480.jpg,0.58939546,0.40948704,0.0005339915,0.00058348797
402481.jpg,0.07880635,0.91878563,0.0009041377,0.0015038612
402482.jpg,0.06516937,0.9266007,0.0020320937,0.0061978176
402483.jpg,0.23919995,0.75766534,0.0008375154,0.002297166
402484.jpg,0.016507512,0.9728624,0.0022269723,0.008403081
402485.jpg,0.052247327,0.9412467,0.0022391973,0.0042668255
402486.jpg,0.04242034,0.9512861,0.0009088963,0.005384678
402487.jpg,0.030158615,0.9644439,0.0023796575,0.0030177825
402488.jpg,0.5284218,0.46773687,0.0027558033,0.0010854943
402489.jpg,0.5149786,0.13199878,0.34395626,0.009066406
402490.jpg,0.95755297,0.041680146,0.0006071264,0.00015973639
402491.jpg,0.0115780225,0.16557507,0.36358377,0.45926318
402492.jpg,0.96153635,0.03798205,0.00036543826,0.000116165065
402493.jpg,0.17846827,0.8187844,0.0017031791,0.0010441393
402494.jpg,0.014367759,0.95975,0.0007808034,0.025101436
402495.jpg,0.09930757,0.081543066,0.771589,0.04756045
402496.jpg,0.13920407,0.8567551,0.001427054,0.002613712
402497.jpg,0.83205014,0.16642804,0.0009399878,0.00058176665
402498.jpg,0.5131443,0.4848902,0.0008206153,0.0011449341
402499.jpg,0.31552482,0.68276834,0.0006913968,0.0010154167
402500.jpg,0.56941867,0.4283924,0.0015499186,0.00063904695
402501.jpg,0.6576627,0.33981666,0.0009679546,0.0015527109
402502.jpg,0.46490526,0.52934396,0.0020253488,0.0037254237
402503.jpg,0.0856893,0.88537383,0.0018938662,0.02704301
402504.jpg,0.94561225,0.053785276,0.0003972974,0.00020517642
402505.jpg,0.96130306,0.03759365,0.0009624008,0.00014078662
402506.jpg,0.8988976,0.100176714,0.00066381297,0.0002618915
402507.jpg,0.64010996,0.35280493,0.0062038843,0.00088121585
402508.jpg,0.07725235,0.4805348,0.4350698,0.0071430947
402509.jpg,0.00028230916,0.0008272541,0.029518714,0.96937174
402510.jpg,0.07727039,0.91674376,0.002341878,0.0036439735
402511.jpg,0.80683345,0.109438576,0.083400875,0.0003271373
402512.jpg,0.2557182,0.74311405,0.0004884656,0.00067921076
402513.jpg,0.005785098,0.9875638,0.0006735781,0.0059774895
402514.jpg,0.6336509,0.030855015,0.33529055,0.0002035208
402515.jpg,0.95949394,0.03991054,0.00044981972,0.00014565418
402516.jpg,0.75954634,0.23805964,0.0012423232,0.0011516531
402517.jpg,0.78621846,0.21208836,0.0011292269,0.0005639615
402518.jpg,0.78482246,0.21359493,0.0008382094,0.0007444318
402519.jpg,0.926987,0.07213465,0.0006653059,0.00021305343
402520.jpg,0.17966616,0.8183883,0.00078930036,0.0011562061
402521.jpg,0.00053290353,0.002013174,0.04341146,0.95404243
402522.jpg,0.13611948,0.8589692,0.0022275755,0.0026837334
402523.jpg,0.17860521,0.7094876,0.10611671,0.005790451
402524.jpg,0.98569125,0.0137894815,0.00043652582,8.275177e-05
402525.jpg,0.9578535,0.04151982,0.00047449247,0.00015220292
402526.jpg,0.38095284,0.61613005,0.0010283482,0.0018887745
402527.jpg,0.55350107,0.4442598,0.0014126672,0.0008265089
402528.jpg,0.050360207,0.9386249,0.0011002757,0.009914582
402529.jpg,0.57483923,0.42337656,0.00068746327,0.0010967329
402530.jpg,0.89321417,0.105751574,0.00072043046,0.00031388167
402531.jpg,0.3136929,0.6839306,0.0011458844,0.0012307252
402532.jpg,0.88730526,0.1113987,0.0008661978,0.0004298652
402533.jpg,0.8879399,0.11116696,0.0006036052,0.00028959123
402534.jpg,0.099015154,0.8985099,0.00076989527,0.001705032
402535.jpg,0.14561348,0.7839594,0.0017455622,0.06868157
402536.jpg,0.93485147,0.06418616,0.0007052704,0.0002571313
402537.jpg,0.007495589,0.34593305,0.6332006,0.01337085
402538.jpg,0.65976626,0.33280456,0.006736346,0.0006928023
402539.jpg,0.712902,0.28448376,0.0019401215,0.00067415816
402540.jpg,0.4414614,0.55617636,0.0013543852,0.0010078492
402541.jpg,0.975666,0.023742884,0.00046631313,0.00012482851
402542.jpg,0.8608475,0.1378113,0.0008782483,0.0004629705
402543.jpg,0.91891795,0.079927936,0.000897424,0.00025668554
402544.jpg,0.90685004,0.09200928,0.0006855933,0.00045515923
402545.jpg,0.9609079,0.03856145,0.00039938223,0.00013131734
402546.jpg,0.50006413,0.49635503,0.0013167054,0.0022641802
402547.jpg,0.815517,0.18234408,0.0016838879,0.00045503583
402548.jpg,0.5652663,0.4326203,0.0007420028,0.0013713998
402549.jpg,0.00052691356,0.0008646256,0.20849697,0.79011154
402550.jpg,0.15762848,0.839987,0.0013390351,0.0010454975
402551.jpg,0.3578826,0.6387086,0.0019839301,0.0014248694
402552.jpg,0.7553398,0.24335773,0.0008839811,0.0004184964
402553.jpg,0.018380826,0.97730666,0.0007878563,0.003524581
402554.jpg,0.17246182,0.82491994,0.0013418322,0.001276406
402555.jpg,0.8735395,0.12494422,0.0010404313,0.00047577775
402556.jpg,0.9584792,0.040926952,0.0003651233,0.00022864365
402557.jpg,0.15795545,0.8091466,0.018790929,0.0141070215
402558.jpg,0.041101582,0.95466775,0.0015320386,0.002698655
402559.jpg,0.9802556,0.01918785,0.0004570256,9.955183e-05
402560.jpg,0.12601115,0.8705452,0.00086099404,0.0025826192
402561.jpg,0.00016426526,0.0031377366,0.002736926,0.99396104
402562.jpg,0.35317007,0.64123994,0.0018772087,0.0037127405
402563.jpg,0.9788415,0.020524796,0.0005279164,0.00010583096
402564.jpg,0.4502994,0.54561424,0.0028491172,0.00123721
402565.jpg,0.08916813,0.732537,0.08061511,0.097679816
402566.jpg,0.3076198,0.13879345,0.55314636,0.00044037905
402567.jpg,0.6920417,0.18392189,0.12322856,0.0008078469
402568.jpg,0.96566963,0.033382844,0.00060977263,0.00033770534
402569.jpg,0.83094025,0.16807614,0.0005640011,0.00041961554
402570.jpg,0.6801489,0.3145264,0.0027476305,0.002577029
402571.jpg,0.02855411,0.96607083,0.0029431032,0.0024319354
402572.jpg,0.9837038,0.015693648,0.0004935043,0.00010911989
402573.jpg,0.9133587,0.084801756,0.0015586177,0.00028090883
402574.jpg,0.014474355,0.9748971,0.0012250813,0.009403418
402575.jpg,0.61111504,0.38503787,0.002104418,0.0017426492
402576.jpg,0.6144724,0.38449678,0.00057876203,0.00045213962
402577.jpg,0.10687474,0.64566153,0.048211306,0.19925247
402578.jpg,0.9835805,0.015797328,0.0005067758,0.00011544215
402579.jpg,0.6339576,0.36419964,0.0013333309,0.00050946313
402580.jpg,0.7671693,0.2305948,0.0016565827,0.0005792923
402581.jpg,0.58516616,0.39390206,0.016651165,0.0042806244
402582.jpg,0.14313631,0.8294323,0.016952502,0.010478851
402583.jpg,0.013541694,0.9833924,0.000486066,0.002579792
402584.jpg,0.7020197,0.29549232,0.0019372975,0.00055076455
402585.jpg,0.581446,0.41542038,0.0017956533,0.0013379814
402586.jpg,0.16586477,0.8008477,0.0010956755,0.03219188
402587.jpg,0.032301735,0.9640719,0.0026855364,0.00094078603
402588.jpg,0.046083122,0.95116353,0.0004501006,0.0023032443
402589.jpg,0.43264922,0.56354845,0.0011766198,0.0026257199
402590.jpg,0.16732349,0.8292739,0.0007747005,0.002627969
402591.jpg,0.5193538,0.47694567,0.002367825,0.0013327325
402592.jpg,0.9805464,0.018730264,0.0006044437,0.00011891798
402593.jpg,0.7985118,0.20005839,0.00095597,0.000473831
402594.jpg,0.09259981,0.90340656,0.0018884214,0.0021052223
402595.jpg,0.8246193,0.17380787,0.0009625365,0.00061025866
402596.jpg,0.04681614,0.9513273,0.0005547057,0.0013018344
402597.jpg,0.010741177,0.00081673736,0.9883158,0.00012625802
402598.jpg,0.50318754,0.49045387,0.0011385365,0.0052200933
402599.jpg,0.050858658,0.94306976,0.001509063,0.0045625134
402600.jpg,0.71262497,0.28519174,0.0017902544,0.00039310675
402601.jpg,0.04871847,0.55066746,0.006074605,0.39453945
402602.jpg,0.6351967,0.35385934,0.010124075,0.00081984646
402603.jpg,0.24822496,0.7503417,0.00050663686,0.00092659175
402604.jpg,0.90538913,0.09302807,0.0009472342,0.00063553295
402605.jpg,0.028939381,0.96417665,0.0037696008,0.0031143224
402606.jpg,0.83271855,0.16547634,0.0013506553,0.0004545236
402607.jpg,0.11703519,0.88008255,0.0007532596,0.0021289906
402608.jpg,0.06609268,0.9266475,0.0008599263,0.0063999393
402609.jpg,0.8479789,0.15104707,0.00062847213,0.00034551838
402610.jpg,0.9300291,0.06880913,0.0009799899,0.00018182739
402611.jpg,0.8996086,0.09756581,0.002418047,0.00040748375
402612.jpg,0.00037946514,0.00096567813,0.47136793,0.527287
402613.jpg,0.9175113,0.08143928,0.00079911837,0.00025032207
402614.jpg,0.008470965,0.9884813,0.0006303067,0.0024173895
402615.jpg,0.95058376,0.04631493,0.0025563575,0.00054495473
402616.jpg,0.95710015,0.041868836,0.0007310128,0.00029999463
402617.jpg,0.11070317,0.8728562,0.00852267,0.007917981
402618.jpg,0.010735582,0.5790821,0.0065072794,0.40367505
402619.jpg,0.068821244,0.9281888,0.00040862305,0.002581341
402620.jpg,0.19042544,0.8075444,0.0011985064,0.0008316512
402621.jpg,0.20311433,0.7450231,0.0022300908,0.049632493
402622.jpg,0.123277634,0.86265,0.00086381304,0.013208569
402623.jpg,0.94602865,0.052845787,0.00087766786,0.00024793833
402624.jpg,0.84277457,0.15579736,0.0009410143,0.00048708686
402625.jpg,0.4699646,0.52807546,0.0008537366,0.0011062304
402626.jpg,0.97693974,0.022476768,0.00046428645,0.00011917073
402627.jpg,0.54395235,0.45172557,0.0014899642,0.0028321042
402628.jpg,0.035094228,0.92134494,0.002620599,0.04094024
402629.jpg,0.07650368,0.90516466,0.014876276,0.0034553583
402630.jpg,0.28526124,0.2405078,0.47366473,0.00056621036
402631.jpg,0.07577134,0.6630602,0.24512477,0.0160437
402632.jpg,0.8008404,0.19797908,0.00071780715,0.00046277264
402633.jpg,0.62017566,0.37660518,0.0021714314,0.0010476772
402634.jpg,0.30792353,0.68880516,0.00198862,0.00128269
402635.jpg,0.31022167,0.6838448,0.0044653933,0.0014681151
402636.jpg,0.40155602,0.5954228,0.0013227407,0.0016984384
402637.jpg,0.14057718,0.85559636,0.00057092216,0.0032555144
402638.jpg,0.5699529,0.4276959,0.0013676345,0.0009835166
402639.jpg,0.04016426,0.95153016,0.00069505494,0.0076105683
402640.jpg,0.38340926,0.6145222,0.0010203904,0.0010481937
402641.jpg,0.83269763,0.1660829,0.00077519723,0.00044428473
402642.jpg,0.62719566,0.3709614,0.0010525418,0.00079043605
402643.jpg,0.17640007,0.81910247,0.00076718203,0.0037303783
402644.jpg,0.08528078,0.9109195,0.000947647,0.0028520355
402645.jpg,0.9546235,0.04469821,0.00044502065,0.00023323973
402646.jpg,0.06266423,0.91186625,0.011933241,0.013536226
402647.jpg,0.03731516,0.1810907,0.06992068,0.7116735
402648.jpg,0.7557618,0.23426192,0.007398844,0.002577532
402649.jpg,0.1631379,0.8292568,0.0015346849,0.0060706306
402650.jpg,0.3901372,0.6039391,0.0036730387,0.0022506558
402651.jpg,0.9755048,0.023902053,0.00042305104,0.00017008132
402652.jpg,0.27498773,0.18519591,0.1280904,0.41172597
402653.jpg,0.9065232,0.09239206,0.00073664915,0.00034800204
402654.jpg,0.019637488,0.9727413,0.00050150295,0.00711971
402655.jpg,0.6561639,0.33274174,0.003717522,0.007376881
402656.jpg,0.0066170245,0.9895625,0.0010390882,0.0027814473
402657.jpg,0.17252357,0.8225996,0.0015589033,0.0033179438
402658.jpg,0.20892435,0.7043736,0.085304715,0.0013973626
402659.jpg,0.5309372,0.4657557,0.0018790473,0.0014280365
402660.jpg,0.8375345,0.1593952,0.0012970007,0.0017732638
402661.jpg,0.005387614,0.00057721906,0.99371463,0.00032060212
402662.jpg,0.70175123,0.29717758,0.0007240696,0.0003471
402663.jpg,0.964276,0.03515735,0.00040731672,0.00015938864
402664.jpg,0.7014746,0.29697263,0.0011428781,0.0004099368
402665.jpg,0.8556809,0.14232601,0.00095240696,0.0010406892
402666.jpg,0.98380286,0.015247858,0.000813318,0.00013592241
402667.jpg,0.9650597,0.034141015,0.0006825014,0.00011679705
402668.jpg,0.5872076,0.41027284,0.0011027999,0.0014167429
402669.jpg,0.12657565,0.86525494,0.0060531367,0.0021162748
402670.jpg,0.3034282,0.6923809,0.002174509,0.002016373
402671.jpg,0.96996284,0.028854242,0.001046428,0.00013651182
402672.jpg,0.44208947,0.55472857,0.0019177966,0.0012641546
402673.jpg,0.8255515,0.1729989,0.0007526222,0.00069695694
402674.jpg,0.58507353,0.3926197,0.019637933,0.0026688988
402675.jpg,0.2889399,0.70702857,0.0019900564,0.0020414826
402676.jpg,0.97340244,0.026065193,0.00037619355,0.00015621683
402677.jpg,0.27123106,0.7254657,0.0009453965,0.0023578545
402678.jpg,0.86525506,0.13303722,0.0011654422,0.00054224994
402679.jpg,0.0514171,0.9456644,0.0011662939,0.0017521759
402680.jpg,0.012017414,0.9770684,0.00088825525,0.010025964
402681.jpg,0.018632375,0.9726866,0.0024984947,0.006182452
402682.jpg,0.20123728,0.79348105,0.0018385028,0.003443166
402683.jpg,0.96668196,0.03278104,0.00041362885,0.00012336412
402684.jpg,0.39070463,0.6059397,0.0014046239,0.0019510225
402685.jpg,0.029648075,0.78223747,0.0007284503,0.18738602
402686.jpg,0.6604281,0.33809838,0.00078531104,0.0006882022
402687.jpg,0.019084044,0.9767932,0.0006420232,0.003480752
402688.jpg,0.8596658,0.13901828,0.0007073741,0.00060853903
402689.jpg,0.057242323,0.94067544,0.000630941,0.0014513362
402690.jpg,0.7473462,0.24906106,0.0023601751,0.0012325415
402691.jpg,0.18472707,0.81240386,0.0011340476,0.0017351307
402692.jpg,0.20348966,0.7947858,0.000667024,0.0010574396
402693.jpg,0.88383085,0.114907004,0.00090031204,0.0003618728
402694.jpg,0.7726457,0.22566156,0.0011384519,0.0005542138
402695.jpg,0.039500248,0.55826306,0.0050225784,0.39721414
402696.jpg,0.8745198,0.1241956,0.0009703604,0.00031423484
402697.jpg,0.19417958,0.7392953,0.05835813,0.008166992
402698.jpg,0.57911485,0.41058317,0.009155003,0.0011469278
402699.jpg,0.589442,0.40825978,0.0016050149,0.0006932034
402700.jpg,0.9495134,0.049861167,0.00046893267,0.00015655044
402701.jpg,0.317855,0.67362285,0.0025769323,0.0059452653
402702.jpg,0.49649835,0.27172077,0.14181654,0.08996433
402703.jpg,0.9336874,0.06562172,0.00047660692,0.00021435256
402704.jpg,0.65567297,0.34280303,0.0008638748,0.00066012604
402705.jpg,0.09399865,0.89964485,0.0010511546,0.0053053517
402706.jpg,0.2995775,0.69765,0.0013337746,0.0014386837
402707.jpg,0.15768726,0.3431984,0.10829275,0.39082158
402708.jpg,0.014424767,0.9795672,0.00084311824,0.005164959
402709.jpg,0.35706255,0.6407351,0.0012703687,0.00093205646
402710.jpg,0.8681476,0.13069282,0.0008293395,0.00033024905
402711.jpg,0.061880153,0.13268858,0.5306354,0.27479586
402712.jpg,0.9188821,0.07943206,0.0012316272,0.00045428346
402713.jpg,0.8374388,0.16062267,0.001477185,0.00046128884
402714.jpg,0.4570875,0.5404511,0.0014126091,0.0010487469
402715.jpg,0.9691579,0.02999493,0.0006712984,0.0001758873
402716.jpg,0.95554656,0.043852165,0.00037849476,0.00022283068
402717.jpg,0.8050053,0.19334616,0.0013333512,0.00031517507
402718.jpg,0.027689345,0.961971,0.0011137767,0.0092258705
402719.jpg,0.17855383,0.8148474,0.002107226,0.004491525
402720.jpg,0.8849593,0.11384966,0.0009422459,0.0002487933
402721.jpg,0.041200068,0.9561425,0.00066054566,0.0019968874
402722.jpg,0.00026074515,0.0013869987,0.082030155,0.91632205
402723.jpg,0.26358426,0.7257808,0.00721371,0.003421256
402724.jpg,0.55772185,0.43879202,0.0023806856,0.0011054424
402725.jpg,0.5461983,0.45252332,0.00058328564,0.00069511525
402726.jpg,0.96397907,0.035181966,0.000604511,0.00023438007
402727.jpg,0.6439946,0.16681117,0.18809126,0.0011029706
402728.jpg,0.54080844,0.45670402,0.00078983145,0.0016977107
402729.jpg,0.23447363,0.76173526,0.0028139825,0.0009770939
402730.jpg,0.5665993,0.4319842,0.00078550284,0.0006309886
402731.jpg,0.78188545,0.21709275,0.00067475764,0.00034704493
402732.jpg,0.027451618,0.29652628,0.25568426,0.42033783
402733.jpg,0.88847166,0.10997179,0.0011137987,0.00044266917
402734.jpg,0.92583203,0.07288992,0.0010407319,0.00023732004
402735.jpg,0.34021497,0.10495808,0.5220395,0.032787517
402736.jpg,0.34886083,0.3259282,0.31453934,0.01067163
402737.jpg,0.01117067,0.9800034,0.0023059265,0.006519941
402738.jpg,0.92628676,0.07266528,0.0008228033,0.00022512849
402739.jpg,0.39073482,0.6069798,0.0010459365,0.0012394557
402740.jpg,0.8953616,0.102901615,0.0009510804,0.0007857419
402741.jpg,9.237955e-05,0.000563136,0.0004635281,0.99888104
402742.jpg,0.47069272,0.52605456,0.0024153339,0.0008374198
402743.jpg,0.71818346,0.27913198,0.0012912507,0.0013933448
402744.jpg,0.9471059,0.051469136,0.0009935993,0.00043137977
402745.jpg,0.049978912,0.94639,0.0015544303,0.0020766633
402746.jpg,0.303669,0.6940954,0.0008394989,0.0013960764
402747.jpg,0.3017483,0.6965025,0.0007451121,0.0010040718
402748.jpg,0.15537024,0.14787416,0.6945049,0.0022506763
402749.jpg,0.978456,0.020815212,0.0006208596,0.000107895845
402750.jpg,0.08618108,0.9112137,0.0012217594,0.0013834558
402751.jpg,0.22590935,0.7640678,0.008395006,0.0016278224
402752.jpg,0.18513997,0.812182,0.0009074661,0.0017705072
402753.jpg,0.719951,0.2778071,0.0016603923,0.00058154785
402754.jpg,0.9492896,0.049108673,0.0013130908,0.0002885665
402755.jpg,0.13366683,0.8604691,0.0015591406,0.004304964
402756.jpg,0.049513385,0.9418874,0.0007472404,0.007851926
402757.jpg,0.2981728,0.6983022,0.0015419475,0.001983043
402758.jpg,0.5014455,0.49103287,0.002602929,0.004918737
402759.jpg,0.112717725,0.8421292,0.03836291,0.0067901867
402760.jpg,0.0013541225,0.021922702,0.0030158225,0.9737074
402761.jpg,0.26016638,0.73675203,0.001170633,0.0019110017
402762.jpg,0.111877285,0.8850787,0.0009872544,0.002056685
402763.jpg,0.60023886,0.397856,0.0011222081,0.00078292034
402764.jpg,0.12443771,0.86787915,0.0046796347,0.0030035072
402765.jpg,0.5801031,0.41787043,0.0013470837,0.0006794503
402766.jpg,0.42806196,0.5667203,0.0037305348,0.0014872341
402767.jpg,0.034748,0.12611197,0.71611995,0.12302008
402768.jpg,0.20592755,0.792511,0.0006993416,0.0008621414
402769.jpg,0.55605435,0.44103286,0.0016760492,0.0012367404
402770.jpg,0.23061095,0.76558924,0.0018622737,0.0019375525
402771.jpg,0.068286605,0.023052387,0.90835744,0.00030355656
402772.jpg,0.21561964,0.7798601,0.0026927532,0.001827464
402773.jpg,0.18634771,0.7325222,0.07564957,0.0054805465
402774.jpg,0.95006114,0.045762483,0.0038240738,0.00035233703
402775.jpg,0.7814243,0.21637177,0.0017823012,0.00042164527
402776.jpg,0.95532775,0.043778405,0.0006662624,0.00022758433
402777.jpg,0.08403352,0.8995681,0.002094696,0.014303688
402778.jpg,0.34180394,0.65527385,0.001569436,0.0013527656
402779.jpg,0.14023614,0.85767525,0.0008984954,0.0011901105
402780.jpg,0.9685044,0.030991578,0.00040032074,0.00010367619
402781.jpg,0.5182738,0.47948992,0.001065463,0.001170871
402782.jpg,0.034352843,0.9630832,0.0011296747,0.0014342923
402783.jpg,0.84358305,0.104447454,0.05146106,0.0005085145
402784.jpg,0.06344586,0.7839889,0.0035279992,0.1490373
402785.jpg,0.6287158,0.36994866,0.0007546432,0.0005809128
402786.jpg,0.058544982,0.7832952,0.1304713,0.027688516
402787.jpg,0.37293303,0.62508893,0.00090274034,0.001075284
402788.jpg,0.5611251,0.436867,0.0014350506,0.0005728243
402789.jpg,0.96671194,0.032611612,0.00053768646,0.00013883978
402790.jpg,0.38058707,0.593056,0.025486981,0.00086989626
402791.jpg,0.8914946,0.107236445,0.0010246262,0.0002443267
402792.jpg,0.016286483,0.69855565,0.2019958,0.08316215
402793.jpg,0.97410583,0.02533502,0.00043084682,0.00012827806
402794.jpg,0.53593826,0.4614754,0.0014360029,0.0011503417
402795.jpg,0.9644291,0.034969162,0.00044658803,0.0001551701
402796.jpg,0.7488615,0.24903637,0.0010091512,0.0010930087
402797.jpg,0.19805978,0.7949238,0.0011517449,0.0058646575
402798.jpg,0.9656126,0.033869773,0.0003340321,0.00018362598
402799.jpg,0.97538394,0.024092974,0.00036380393,0.00015926303
402800.jpg,0.9841335,0.015448973,0.0003136383,0.00010392862
402801.jpg,0.68304425,0.3160695,0.0004535742,0.00043261828
402802.jpg,0.86817473,0.13053791,0.0010065631,0.00028081765
402803.jpg,0.8803749,0.11699749,0.0021796306,0.00044800804
402804.jpg,0.82361573,0.1748355,0.0011816219,0.000367093
402805.jpg,0.20868443,0.7821526,0.001964315,0.0071986844
402806.jpg,0.015186031,0.70655346,0.00070000085,0.27756044
402807.jpg,0.12919834,0.86694455,0.0010842434,0.002772854
402808.jpg,0.07656533,0.90063936,0.0023059025,0.020489443
402809.jpg,0.17626524,0.8092565,0.0064756195,0.008002617
402810.jpg,0.063674405,0.62993616,0.00115612,0.3052334
402811.jpg,0.9687309,0.030320553,0.000761831,0.00018671613
402812.jpg,0.17077035,0.8267867,0.0008310435,0.0016119325
402813.jpg,0.56965566,0.4259294,0.00076074665,0.003654253
402814.jpg,0.00019347412,0.00076527876,0.35254696,0.6464942
402815.jpg,0.8832452,0.11538744,0.0010018677,0.00036542898
402816.jpg,0.93574667,0.063366555,0.0006267298,0.00026002587
402817.jpg,0.14602907,0.8474675,0.0016714693,0.0048319055
402818.jpg,0.052731697,0.9411571,0.0014838716,0.0046273493
402819.jpg,0.4328116,0.56482095,0.0010314338,0.0013360763
402820.jpg,0.5785199,0.41858783,0.0017654224,0.0011268603
402821.jpg,0.43545592,0.56139034,0.0020941747,0.0010595635
402822.jpg,0.027899757,0.9636617,0.00061633514,0.007822234
402823.jpg,0.678406,0.3195077,0.0015347617,0.0005515039
402824.jpg,0.026602173,0.9714656,0.0007023788,0.0012298654
402825.jpg,0.7889851,0.2095081,0.0011729894,0.0003338467
402826.jpg,0.00014664834,0.0008422791,0.0042395806,0.99477154
402827.jpg,0.86007714,0.13876314,0.0006076644,0.000552105
402828.jpg,0.72876734,0.2606453,0.008983687,0.0016037109
402829.jpg,0.5186067,0.4685668,0.0026706543,0.010155869
402830.jpg,0.39210722,0.60586774,0.00065311725,0.001371943
402831.jpg,0.7843421,0.21359877,0.0010396284,0.0010194626
402832.jpg,0.2112097,0.78622323,0.0005977508,0.0019692832
402833.jpg,0.976291,0.022831338,0.00065681693,0.00022079852
402834.jpg,0.64648336,0.3462079,0.0033622903,0.003946524
402835.jpg,0.12241677,0.5977198,0.054164942,0.22569853
402836.jpg,0.96875715,0.030541444,0.00052617537,0.00017523063
402837.jpg,0.9222581,0.07668588,0.00080209813,0.00025398948
402838.jpg,0.0009862824,0.09170631,0.0018235404,0.9054839
402839.jpg,0.9846805,0.014795284,0.00042035079,0.000103871746
402840.jpg,0.06350461,0.9329131,0.00089743966,0.0026848447
402841.jpg,0.34295106,0.6524842,0.002586481,0.0019782886
402842.jpg,0.9722767,0.027130017,0.00046048037,0.00013283156
402843.jpg,0.56925064,0.42893445,0.00063967257,0.0011752535
402844.jpg,0.71595424,0.23360743,0.049713645,0.0007247002
402845.jpg,0.15104617,0.844042,0.0013262316,0.0035855789
402846.jpg,0.8513468,0.14488798,0.0028835193,0.00088166026
402847.jpg,0.53080493,0.46332046,0.0021273715,0.0037472313
402848.jpg,0.00041528765,0.0001402572,0.988909,0.010535435
402849.jpg,0.9109066,0.08809332,0.0007120806,0.00028797722
402850.jpg,0.014159828,0.7645805,0.017727105,0.20353253
402851.jpg,0.026527464,0.96894103,0.0007512397,0.0037802362
402852.jpg,0.34104958,0.6567712,0.0008946636,0.00128454
402853.jpg,0.63950115,0.35785583,0.00107787,0.0015651481
402854.jpg,0.012810126,0.9783201,0.0024707185,0.0063990243
402855.jpg,0.075238846,0.87299985,0.046226885,0.005534487
402856.jpg,0.80236435,0.19611435,0.0010393054,0.00048200434
402857.jpg,0.6071951,0.38920918,0.0025384629,0.0010572737
402858.jpg,0.19781144,0.7984497,0.0025321988,0.001206624
402859.jpg,0.58834386,0.41067305,0.0005804948,0.00040264512
402860.jpg,0.62212515,0.3731005,0.0014110953,0.003363219
402861.jpg,0.87898254,0.11900624,0.0016313158,0.00037985956
402862.jpg,0.92780644,0.07122188,0.00066053384,0.0003110911
402863.jpg,0.3294251,0.66764426,0.0014868142,0.0014438384
402864.jpg,0.96935433,0.030159554,0.00038158518,0.00010455106
402865.jpg,0.9684038,0.031105304,0.00036530022,0.0001255218
402866.jpg,0.895902,0.10232524,0.0008231506,0.00094967155
402867.jpg,0.05575042,0.9281981,0.0060703843,0.009981054
402868.jpg,0.9225735,0.07645776,0.00063078065,0.00033796625
402869.jpg,0.44817305,0.54633975,0.0041089524,0.0013782205
402870.jpg,0.52988243,0.46821204,0.0008116675,0.001093911
402871.jpg,0.9351259,0.063925244,0.00078200176,0.00016686361
402872.jpg,0.017216781,0.9781306,0.0004805006,0.004172113
402873.jpg,0.96196175,0.03681095,0.0010414637,0.00018579238
402874.jpg,0.016651735,0.67995435,0.11212569,0.19126822
402875.jpg,0.9532121,0.04604168,0.00044546914,0.000300792
402876.jpg,0.19490652,0.7977019,0.0017080874,0.00568351
402877.jpg,0.004290186,0.00013459266,0.9955333,4.18877e-05
402878.jpg,0.038958866,0.95904344,0.00079047494,0.0012072125
402879.jpg,0.23182492,0.76295763,0.0010973405,0.004120057
402880.jpg,0.000687462,0.0013337705,0.9945314,0.0034473303
402881.jpg,0.950113,0.0490125,0.0006607264,0.00021380458
402882.jpg,0.5241173,0.47237754,0.0023956592,0.0011095335
402883.jpg,0.9429502,0.055889636,0.0009922801,0.00016794573
402884.jpg,0.08732009,0.9066925,0.0013374378,0.0046499255
402885.jpg,0.26444903,0.73345417,0.0007747128,0.0013221018
402886.jpg,0.05937889,0.8877471,0.00499729,0.047876734
402887.jpg,0.10251311,0.14186095,0.005489891,0.7501361
402888.jpg,0.37168398,0.62511235,0.0022838023,0.00091982726
402889.jpg,0.89671534,0.10206008,0.0010440568,0.00018050116
402890.jpg,0.3361434,0.6600984,0.0020160486,0.0017421595
402891.jpg,0.94049877,0.058718044,0.0005803684,0.00020286809
402892.jpg,0.013316152,0.9818093,0.00077165564,0.0041028713
402893.jpg,0.3674583,0.627685,0.0019936168,0.002863101
402894.jpg,0.011419891,0.96401733,0.00083314255,0.02372966
402895.jpg,0.2073874,0.7907941,0.000595473,0.0012230814
402896.jpg,0.9701931,0.029039497,0.00065338315,0.000114117574
402897.jpg,0.028701633,0.9684213,0.0009602905,0.0019168649
402898.jpg,0.95747805,0.04187837,0.0004363018,0.00020722713
402899.jpg,0.96392316,0.034353364,0.0014679224,0.00025554575
402900.jpg,0.0054570357,0.21062893,0.029577015,0.7543371
402901.jpg,0.9539798,0.04538427,0.00046286554,0.00017306331
402902.jpg,0.43459073,0.56161207,0.0022978,0.001499371
402903.jpg,0.053205732,0.944823,0.0008915928,0.0010796562
402904.jpg,0.85234874,0.14661197,0.00064889685,0.0003904208
402905.jpg,0.39049208,0.57902306,0.0028034176,0.02768149
402906.jpg,0.5842023,0.41466954,0.00065582903,0.00047235386
402907.jpg,0.023718424,0.972428,0.0005882368,0.003265286
402908.jpg,0.9796608,0.019661374,0.0005080273,0.00016973609
402909.jpg,0.36125073,0.6357209,0.0009174673,0.0021108973
402910.jpg,0.121427245,0.87408227,0.0016390415,0.0028514804
402911.jpg,0.9714611,0.027890185,0.00051316083,0.00013556652
402912.jpg,0.5519618,0.44652474,0.00082539226,0.00068811653
402913.jpg,0.3914752,0.59673685,0.008264152,0.0035238517
402914.jpg,0.5835969,0.41515318,0.0007779451,0.00047192478
402915.jpg,0.013908486,0.9774165,0.0017297339,0.006945299
402916.jpg,0.68780166,0.28291717,0.014563204,0.014717919
402917.jpg,0.59509856,0.38565063,0.013438023,0.0058127535
402918.jpg,0.6821464,0.3162799,0.0009314933,0.00064225117
402919.jpg,0.95793253,0.04137751,0.0005241684,0.0001657476
402920.jpg,0.5777862,0.42088568,0.00061835535,0.00070973
402921.jpg,0.6594132,0.33061346,0.00916222,0.0008110893
402922.jpg,0.015579127,0.973388,0.0015184236,0.009514394
402923.jpg,0.11281625,0.88373274,0.00081379776,0.0026372068
402924.jpg,0.96340823,0.03498955,0.0013099174,0.0002923074
402925.jpg,0.10677243,0.8903639,0.0005923539,0.0022713752
402926.jpg,0.108975954,0.8878924,0.00068391947,0.0024477832
402927.jpg,0.7145898,0.28368878,0.0012261225,0.0004953369
402928.jpg,0.3569382,0.6414249,0.0010035023,0.000633427
402929.jpg,0.8851598,0.11323088,0.0013121936,0.00029719924
402930.jpg,0.20528592,0.77689934,0.00920978,0.008604934
402931.jpg,0.75852233,0.24039678,0.0007416836,0.00033921344
402932.jpg,0.35309657,0.4633092,0.17815374,0.0054405495
402933.jpg,0.49448058,0.49508777,0.008417018,0.0020145818
402934.jpg,0.9721399,0.026447719,0.0011570101,0.00025538143
402935.jpg,0.012259898,0.9509411,0.0008411137,0.035957847
402936.jpg,0.07721524,0.9200956,0.0009169868,0.0017720988
402937.jpg,0.7161773,0.28199258,0.0014203828,0.0004097943
402938.jpg,0.9652732,0.034119185,0.00045532873,0.00015230368
402939.jpg,0.027415931,0.96976584,0.0014786512,0.0013395561
402940.jpg,0.33371863,0.66363543,0.0016712829,0.00097471057
402941.jpg,0.060613792,0.9311872,0.0023304338,0.0058685453
402942.jpg,0.97817975,0.021087607,0.00064068736,9.193338e-05
402943.jpg,0.882894,0.11600151,0.0007392844,0.0003652733
402944.jpg,0.5500007,0.4477251,0.0010955046,0.001178693
402945.jpg,8.706435e-05,0.00054456387,0.00017777826,0.9991906
402946.jpg,0.5598314,0.43548298,0.0021525428,0.0025330686
402947.jpg,0.22945778,0.76758814,0.00085541233,0.0020987142
402948.jpg,0.35957775,0.63545614,0.0033303865,0.0016357483
402949.jpg,0.040002763,0.95774597,0.0006442207,0.0016070834
402950.jpg,0.04543014,0.57114154,0.00077934796,0.38264903
402951.jpg,0.21209504,0.16879368,0.61865693,0.00045437136
402952.jpg,0.013890619,0.98109317,0.002397751,0.0026184774
402953.jpg,0.21368198,0.7823517,0.0005927139,0.0033736404
402954.jpg,0.89450186,0.104783535,0.00040990053,0.00030474795
402955.jpg,0.026014991,0.96501416,0.004676427,0.0042945016
402956.jpg,0.008404164,0.9698596,0.0011626846,0.020573566
402957.jpg,0.019431984,0.97747356,0.00035475605,0.0027396784
402958.jpg,0.9119112,0.087043025,0.0005625377,0.00048326064
402959.jpg,0.90071964,0.09167177,0.0067870854,0.000821456
402960.jpg,0.34378675,0.65379286,0.0013679516,0.0010524429
402961.jpg,0.0006874741,0.0006203317,0.99607515,0.002617031
402962.jpg,0.9779516,0.021623217,0.000287278,0.00013788274
402963.jpg,0.96285623,0.0344764,0.0024172647,0.00025017117
402964.jpg,0.26330337,0.73453474,0.0008048231,0.0013570512
402965.jpg,0.9114706,0.08749646,0.0007657102,0.00026730314
402966.jpg,0.04558761,0.9434162,0.0031594073,0.007836763
402967.jpg,0.00020637889,8.739834e-05,0.99806684,0.0016394152
402968.jpg,0.00032072313,0.0009274085,0.2956632,0.7030887
402969.jpg,0.013684644,0.00073242304,0.9854843,9.860307e-05
402970.jpg,0.38682118,0.60976225,0.0014690919,0.001947469
402971.jpg,0.56100607,0.1258053,0.31283745,0.0003511759
402972.jpg,0.42783228,0.2978492,0.2732167,0.0011018021
402973.jpg,0.11629786,0.87480783,0.0009064346,0.00798789
402974.jpg,0.00930241,0.19241677,0.0016677934,0.79661304
402975.jpg,0.7692264,0.21885364,0.011223753,0.0006962523
402976.jpg,0.010018635,0.6826542,0.00068093376,0.30664623
402977.jpg,0.3151791,0.6784317,0.0012500371,0.005139181
402978.jpg,0.041309033,0.94375634,0.008208278,0.0067263343
402979.jpg,0.56248844,0.4345666,0.001896734,0.0010482932
402980.jpg,0.42811123,0.5698164,0.0012069825,0.00086536544
402981.jpg,0.28540504,0.70704603,0.00085326686,0.006695705
402982.jpg,0.66286075,0.33557892,0.00049283233,0.0010675075
402983.jpg,0.006738952,0.41936386,0.0031676835,0.5707295
402984.jpg,0.009447438,0.9875471,0.0005839456,0.0024215025
402985.jpg,0.9521015,0.047135312,0.0005536125,0.00020956817
402986.jpg,0.5617254,0.43561354,0.0019997389,0.0006613617
402987.jpg,0.9537485,0.045608897,0.00042923968,0.00021336536
402988.jpg,0.97533363,0.02419229,0.0003362283,0.00013782964
402989.jpg,0.21832961,0.77977866,0.0010205435,0.0008712337
402990.jpg,0.044124287,0.077614434,0.47753826,0.400723
402991.jpg,0.91545993,0.083402745,0.0006932655,0.00044400475
402992.jpg,0.8805952,0.11796137,0.0008941461,0.00054930383
402993.jpg,0.021925693,0.9763966,0.00034299341,0.0013346361
402994.jpg,0.9360649,0.06299908,0.0005474455,0.0003885946
402995.jpg,0.9694371,0.029982693,0.00034892047,0.0002312372
402996.jpg,0.1710431,0.82160944,0.0026897544,0.0046577477
402997.jpg,0.7843561,0.21395737,0.0009158643,0.00077065296
402998.jpg,0.6206134,0.37706733,0.0017294958,0.00058976276
402999.jpg,0.068621196,0.3757353,0.12287727,0.43276623
403000.jpg,0.008849448,0.87673205,0.0010918931,0.11332664
403001.jpg,0.10613746,0.88987255,0.0011632604,0.0028267223
403002.jpg,0.017941728,0.96571875,0.004732643,0.0116068395
403003.jpg,0.0044298097,0.0002825535,0.9952524,3.529357e-05
403004.jpg,0.7157309,0.28005636,0.0024749397,0.001737838
403005.jpg,0.8114882,0.18745907,0.0007492791,0.0003033874
403006.jpg,0.9545911,0.044529486,0.0006870892,0.00019233422
403007.jpg,0.98282385,0.016469136,0.0005545327,0.00015252393
403008.jpg,0.98029566,0.018199518,0.0013777049,0.00012711968
403009.jpg,0.24450521,0.7493062,0.0012157228,0.004972856
403010.jpg,0.015560734,0.9813855,0.0005748158,0.0024789157
403011.jpg,0.80419254,0.19369638,0.0017233418,0.00038775752
403012.jpg,0.56462646,0.43385234,0.0007827115,0.00073845923
403013.jpg,0.042968333,0.91256046,0.018730937,0.025740266
403014.jpg,0.015743276,0.9746894,0.00057173154,0.008995592
403015.jpg,0.61311907,0.38553667,0.00062168756,0.0007226291
403016.jpg,0.97527903,0.024166599,0.00042366478,0.00013070776
403017.jpg,0.0044409167,0.42570162,0.006396154,0.5634613
403018.jpg,0.45289472,0.5424727,0.00197228,0.0026602447
403019.jpg,0.985044,0.01447602,0.0003723515,0.0001075663
403020.jpg,0.957179,0.04173374,0.0008332548,0.000254026
403021.jpg,0.15854406,0.83820945,0.0012408998,0.0020055715
403022.jpg,0.2662239,0.7272975,0.0038658965,0.0026126765
403023.jpg,0.28699675,0.7110226,0.00090083666,0.001079817
403024.jpg,0.47749063,0.5191758,0.0022282826,0.0011052632
403025.jpg,0.057721946,0.93211436,0.005969042,0.004194655
403026.jpg,0.066959925,0.6938837,0.12889788,0.11025843
403027.jpg,0.1866719,0.8111951,0.00074325205,0.0013897875
403028.jpg,0.016026942,0.9687039,0.005598296,0.009670886
403029.jpg,0.5679937,0.4292201,0.00080140884,0.0019847702
403030.jpg,0.5181486,0.4792088,0.0017046137,0.00093804573
403031.jpg,0.97796303,0.021033578,0.0007679286,0.00023540777
403032.jpg,0.018599436,0.9714081,0.0021091069,0.007883299
403033.jpg,0.13457638,0.8570916,0.0014816225,0.006850414
403034.jpg,0.42236313,0.5373058,0.03516415,0.005166993
403035.jpg,0.00027417176,0.016044436,0.00027293208,0.98340845
403036.jpg,0.93214303,0.06656879,0.0009086612,0.00037939733
403037.jpg,0.9834172,0.016044283,0.00043931635,9.9177276e-05
403038.jpg,0.90000945,0.098977186,0.00067833037,0.0003350158
403039.jpg,0.7130487,0.28471613,0.0011203561,0.0011148322
403040.jpg,0.3494712,0.6464873,0.0010597262,0.0029818176
403041.jpg,0.60085374,0.12377413,0.21525049,0.060121596
403042.jpg,0.9384408,0.055385325,0.0057036416,0.00047026775
403043.jpg,0.21631075,0.78133774,0.0015103518,0.00084116234
403044.jpg,0.3271626,0.67081004,0.0006360774,0.0013913191
403045.jpg,0.47811046,0.5201469,0.0011314143,0.00061119994
403046.jpg,0.2904503,0.7042342,0.00086030987,0.0044551524
403047.jpg,0.015141423,0.27476692,0.021619564,0.6884721
403048.jpg,0.018276544,0.9778362,0.000526124,0.0033610745
403049.jpg,0.54172033,0.4567041,0.0009416687,0.00063395913
403050.jpg,0.82261413,0.17400594,0.0026992448,0.00068062893
403051.jpg,0.6504491,0.32177123,0.027022965,0.00075672497
403052.jpg,0.013215274,0.9793919,0.0017675962,0.0056251655
403053.jpg,0.598899,0.39966175,0.00047170641,0.0009675326
403054.jpg,0.016516408,0.9782346,0.00072020805,0.0045288377
403055.jpg,0.06132972,0.9326637,0.0021860453,0.0038205583
403056.jpg,0.14473708,0.8534766,0.0006212757,0.0011650779
403057.jpg,0.4284996,0.56989574,0.00079576735,0.0008088944
403058.jpg,0.059870064,0.33388957,0.0027300187,0.6035103
403059.jpg,0.2770352,0.71670216,0.0006402763,0.0056223446
403060.jpg,0.076055884,0.9206824,0.0010928157,0.002168897
403061.jpg,0.55259013,0.4430995,0.0017008056,0.0026096248
403062.jpg,0.12294933,0.74017376,0.007155455,0.1297215
403063.jpg,0.041658327,0.9534375,0.00091452105,0.0039896024
403064.jpg,0.15132867,0.71025324,0.0061582928,0.1322598
403065.jpg,0.0032963085,0.060050756,0.7437822,0.19287074
403066.jpg,0.12973177,0.86768943,0.0009698745,0.0016088533
403067.jpg,0.02339684,0.9700865,0.0029006752,0.0036160238
403068.jpg,0.072360076,0.92287356,0.0008266368,0.003939748
403069.jpg,0.563109,0.4347336,0.0015960159,0.00056136673
403070.jpg,0.77709484,0.22150202,0.0009266613,0.00047648512
403071.jpg,0.3786668,0.18135525,0.100115806,0.33986214
403072.jpg,0.14973961,0.8487877,0.00037899535,0.0010936776
403073.jpg,0.23125638,0.5132001,0.25406954,0.001473996
403074.jpg,0.050906572,0.78886324,0.10706523,0.053164933
403075.jpg,0.9448683,0.054497335,0.00040881135,0.0002254782
403076.jpg,0.6976604,0.09711191,0.20364653,0.0015811622
403077.jpg,0.69144464,0.30725643,0.000899639,0.00039925042
403078.jpg,0.35535744,0.6412702,0.0015931822,0.0017791396
403079.jpg,0.8288271,0.1703565,0.0004412493,0.00037523988
403080.jpg,0.03170004,0.849874,0.0059953616,0.1124306
403081.jpg,0.8869374,0.11184373,0.00067164906,0.00054725556
403082.jpg,0.75157857,0.246814,0.0012732632,0.0003342489
403083.jpg,0.019892134,0.97544765,0.0006351728,0.00402501
403084.jpg,0.74003583,0.25655898,0.0024090838,0.000996043
403085.jpg,0.32643524,0.6718324,0.000797094,0.00093528675
403086.jpg,0.960371,0.03907498,0.00041282477,0.00014125371
403087.jpg,0.72458965,0.2736313,0.001196097,0.00058287056
403088.jpg,0.12968503,0.86626893,0.0014211693,0.0026247539
403089.jpg,0.053254884,0.7356925,0.0021816457,0.20887093
403090.jpg,0.93915874,0.060161725,0.00040911103,0.00027033107
403091.jpg,0.122421086,0.8658247,0.0006739157,0.01108032
403092.jpg,0.052093808,0.9396768,0.0005764533,0.007652839
403093.jpg,0.964525,0.034623086,0.00059766596,0.00025424614
403094.jpg,0.26489487,0.033539448,0.70097655,0.0005891481
403095.jpg,0.28279063,0.7134598,0.0016362696,0.0021132051
403096.jpg,0.0075198296,0.93765855,0.00051317574,0.05430842
403097.jpg,0.60367733,0.39440736,0.00062204624,0.0012932009
403098.jpg,0.53890854,0.45752588,0.0019612506,0.0016042697
403099.jpg,0.7840901,0.21387787,0.0016382836,0.0003936994
403100.jpg,0.21838896,0.75527096,0.017589254,0.008750786
403101.jpg,0.025164,0.9725421,0.00091523613,0.00137862
403102.jpg,0.22330856,0.7648461,0.004901403,0.0069439467
403103.jpg,0.24297118,0.7540619,0.001336991,0.0016300032
403104.jpg,0.8725535,0.12627055,0.0008670138,0.00030887962
403105.jpg,0.22632058,0.7702603,0.0012319189,0.0021872793
403106.jpg,0.82434034,0.17434299,0.000973134,0.0003435338
403107.jpg,0.54069734,0.4564495,0.0016083493,0.0012448318
403108.jpg,0.9470995,0.052011043,0.0006209348,0.00026846415
403109.jpg,0.43721902,0.56070036,0.001313351,0.0007672315
403110.jpg,0.05181469,0.937356,0.0066892453,0.0041400683
403111.jpg,0.90023685,0.0974164,0.0021002276,0.00024653695
403112.jpg,0.6016249,0.39659762,0.0009085548,0.0008688735
403113.jpg,0.98488337,0.014278377,0.0007071235,0.0001310907
403114.jpg,0.031114345,0.96639043,0.0005837558,0.0019114077
403115.jpg,0.4735737,0.52089137,0.0030825029,0.0024523449
403116.jpg,0.000229793,0.0001885468,0.99672943,0.0028522285
403117.jpg,0.03633517,0.85085183,0.012298769,0.100514226
403118.jpg,0.9755585,0.023578873,0.0006675448,0.0001950526
403119.jpg,0.7662391,0.23080422,0.0021996542,0.0007569583
403120.jpg,0.9355778,0.06324387,0.0006541289,0.0005242242
403121.jpg,0.49172303,0.50040686,0.0068092733,0.0010608602
403122.jpg,0.94728345,0.05138847,0.0010942483,0.00023387188
403123.jpg,0.20633404,0.79075074,0.0018961886,0.0010190317
403124.jpg,0.29613653,0.24197678,0.2996206,0.16226617
403125.jpg,0.7845435,0.21354048,0.0010882464,0.0008277158
403126.jpg,0.34403825,0.6535729,0.0012521958,0.0011366076
403127.jpg,0.65268636,0.34490132,0.0017739743,0.0006383732
403128.jpg,0.48117414,0.51553434,0.001971343,0.0013201794
403129.jpg,0.9842412,0.015297142,0.0003309703,0.00013076242
403130.jpg,0.095739625,0.89864796,0.0025741349,0.0030382585
403131.jpg,0.12823088,0.8670721,0.0031558324,0.0015412032
403132.jpg,0.05085905,0.9395428,0.00077665184,0.008821514
403133.jpg,0.94621724,0.052654564,0.00085256976,0.00027567035
403134.jpg,0.13712695,0.84685796,0.0015672786,0.014447822
403135.jpg,0.033800323,0.9636834,0.00060515775,0.0019110473
403136.jpg,0.88305646,0.11611015,0.000577701,0.00025563253
403137.jpg,0.9761782,0.023266776,0.00043864257,0.00011635121
403138.jpg,0.87201214,0.12672625,0.00086715264,0.00039439285
403139.jpg,0.24154754,0.7559734,0.0014849119,0.000994103
403140.jpg,0.7260465,0.2720495,0.0010855013,0.00081854657
403141.jpg,0.90943307,0.087756015,0.0026040485,0.00020680139
403142.jpg,0.89321256,0.10571971,0.00071325054,0.00035454993
403143.jpg,0.26373956,0.3478428,0.34183237,0.046585266
403144.jpg,0.6971114,0.29914936,0.003004346,0.0007348903
403145.jpg,0.020916626,0.91922027,0.0004556653,0.059407454
403146.jpg,0.69299054,0.3060176,0.00045679658,0.0005350315
403147.jpg,0.4875634,0.50629956,0.0005778613,0.0055591813
403148.jpg,0.06346059,0.9332848,0.0010812521,0.0021732955
403149.jpg,0.88291883,0.1154755,0.0012703934,0.00033524734
403150.jpg,0.21738602,0.7791894,0.0012918542,0.0021327368
403151.jpg,0.24963616,0.74761313,0.0011928497,0.0015578634
403152.jpg,0.9540911,0.041290566,0.0044612,0.00015717643
403153.jpg,0.972282,0.026577001,0.0010035471,0.00013746263
403154.jpg,0.9678866,0.031334814,0.0006573976,0.00012118513
403155.jpg,0.68532807,0.31189808,0.0012012279,0.0015726077
403156.jpg,0.9786852,0.020838028,0.00038019763,9.662117e-05
403157.jpg,0.1892178,0.8084564,0.0005327827,0.0017929281
403158.jpg,0.096146286,0.9011138,0.00082483556,0.0019150857
403159.jpg,0.33407655,0.66261435,0.0023950853,0.0009139583
403160.jpg,0.047294404,0.7948508,0.0008030534,0.15705164
403161.jpg,0.9644695,0.034753542,0.00064329314,0.00013367855
403162.jpg,0.98447657,0.014848289,0.0005842791,9.090009e-05
403163.jpg,0.08918473,0.9036724,0.0046881656,0.002454702
403164.jpg,0.037555855,0.95821196,0.00053122337,0.0037009676
403165.jpg,0.61946774,0.37793064,0.0012491258,0.0013525365
403166.jpg,0.05730185,0.9385522,0.0005996273,0.0035463546
403167.jpg,0.53087574,0.46769595,0.0009473629,0.00048092566
403168.jpg,0.00022831652,4.253894e-05,0.999608,0.000121224126
403169.jpg,0.94792813,0.051474888,0.0004005942,0.00019638706
403170.jpg,0.35413504,0.1646149,0.095667064,0.385583
403171.jpg,0.1595343,0.82321787,0.011574619,0.005673237
403172.jpg,0.6680846,0.33064917,0.0004744765,0.00079174666
403173.jpg,0.4837691,0.51445466,0.00089991133,0.00087630376
403174.jpg,0.0003518023,0.0024156875,0.00036527994,0.9968672
403175.jpg,0.031320676,0.65636766,0.007931468,0.30438024
403176.jpg,0.73060894,0.15655762,0.111374736,0.0014587702
403177.jpg,0.97867465,0.020720728,0.00047334275,0.00013129077
403178.jpg,0.07049073,0.92590094,0.00093867717,0.0026696548
403179.jpg,0.8246133,0.17399664,0.0009131993,0.00047694534
403180.jpg,0.54744405,0.44668412,0.003368291,0.0025035222
403181.jpg,0.052966315,0.9450385,0.0005403849,0.0014547637
403182.jpg,0.33020458,0.66651833,0.001130931,0.002146149
403183.jpg,0.84813905,0.15041511,0.00083469367,0.0006111245
403184.jpg,0.03486788,0.027070401,0.9247756,0.013286039
403185.jpg,0.8245702,0.1735558,0.0013243357,0.00054967805
403186.jpg,0.43178904,0.56605774,0.00055450614,0.0015986994
403187.jpg,0.012574378,0.90018654,0.0029315017,0.08430758
403188.jpg,0.014744786,0.9755277,0.00054114015,0.0091864215
403189.jpg,0.12621933,0.870889,0.00071805605,0.002173578
403190.jpg,0.7950072,0.20089227,0.0017897425,0.0023107936
403191.jpg,0.9542075,0.044936556,0.0006603417,0.00019562642
403192.jpg,0.92154485,0.07737528,0.0005863963,0.0004933932
403193.jpg,0.9834738,0.016012877,0.0004346652,7.873894e-05
403194.jpg,0.868866,0.13003197,0.00071048463,0.000391472
403195.jpg,0.8404307,0.1557713,0.0034252226,0.0003728003
403196.jpg,0.08548563,0.16546077,0.06844451,0.68060905
403197.jpg,0.41668573,0.5803304,0.0007884595,0.0021954745
403198.jpg,0.49622807,0.5011771,0.0010294701,0.0015654325
403199.jpg,0.22318763,0.77334255,0.00087080407,0.0025990326
403200.jpg,0.32356626,0.6556109,0.012354228,0.00846858
403201.jpg,0.14574237,0.8512149,0.0010947282,0.0019479943
403202.jpg,0.9801976,0.019074118,0.00060629245,0.00012198559
403203.jpg,0.106208414,0.89091444,0.0010196915,0.0018573989
403204.jpg,0.9778026,0.02166278,0.00043389003,0.00010075993
403205.jpg,0.52730346,0.37222433,0.08323792,0.017234271
403206.jpg,0.94483024,0.054362074,0.00048240428,0.0003252598
403207.jpg,0.10823677,0.8878153,0.00086554716,0.0030824207
403208.jpg,0.5598262,0.4386277,0.0009037745,0.00064232276
403209.jpg,0.9841741,0.015374628,0.00033175026,0.00011953717
403210.jpg,0.9676563,0.03165387,0.00048783366,0.00020202063
403211.jpg,0.8665626,0.13078049,0.0012359321,0.0014209504
403212.jpg,0.53418094,0.46438265,0.0009995893,0.0004367869
403213.jpg,0.66415876,0.33299038,0.0012712438,0.0015796009
403215.jpg,0.93471646,0.06449208,0.00056088663,0.00023058134
403216.jpg,0.1342252,0.8633103,0.0013407781,0.0011237176
403217.jpg,0.04023481,0.935798,0.0015506136,0.022416571
403218.jpg,0.4454739,0.5529429,0.00088159676,0.0007016319
403219.jpg,0.011349316,0.9842079,0.00057766266,0.0038650322
403220.jpg,0.95716935,0.041862827,0.0006604818,0.00030732542
403221.jpg,0.617206,0.3802257,0.0016777281,0.0008906007
403222.jpg,0.34023368,0.6519054,0.0013048899,0.0065560415
403223.jpg,0.010176402,0.6067133,0.001343568,0.3817667
403224.jpg,0.025487838,0.7584278,0.0039914795,0.21209295
403225.jpg,0.888525,0.11070491,0.00055909937,0.0002110298
403226.jpg,0.059325427,0.28698286,0.3006271,0.35306463
403227.jpg,0.44776335,0.5508248,0.0005497905,0.0008619991
403228.jpg,0.96561456,0.03343142,0.0007540582,0.00019997587
403229.jpg,0.016564557,0.9798973,0.00052885147,0.0030092702
403230.jpg,0.10262722,0.89238566,0.003331083,0.0016560843
403231.jpg,0.7612657,0.23638272,0.00169884,0.00065276655
403232.jpg,0.28783727,0.7070356,0.0010949487,0.0040321616
403233.jpg,0.8915145,0.10768795,0.0005822336,0.00021545206
403234.jpg,0.5694459,0.18075764,0.023359196,0.22643723
403235.jpg,0.7990219,0.19968419,0.0009265272,0.00036746892
403236.jpg,0.6209979,0.37594962,0.0019364111,0.0011160434
403237.jpg,0.55376095,0.44453073,0.001026371,0.0006819153
403238.jpg,0.05794412,0.9400479,0.00034439194,0.0016635623
403239.jpg,0.046763215,0.9508562,0.0010876693,0.0012928921
403240.jpg,0.98258257,0.016876454,0.00041176414,0.00012926715
403241.jpg,0.0769496,0.9196246,0.0007263858,0.0026994117
403242.jpg,0.9634188,0.035686966,0.00060405623,0.00029015495
403243.jpg,0.92705464,0.07098691,0.0017176444,0.00024082356
403244.jpg,0.037786275,0.96014196,0.0006035303,0.001468225
403245.jpg,0.9703577,0.02886338,0.0006012723,0.00017759803
403246.jpg,0.015760876,0.97133595,0.003995465,0.008907733
403247.jpg,0.02692081,0.9511432,0.0007762784,0.02115976
403248.jpg,0.24695094,0.7493553,0.0014851756,0.0022085551
403249.jpg,0.0075431312,0.9773386,0.0014940933,0.01362418
403250.jpg,0.025416797,0.7313581,0.0016781045,0.24154694
403251.jpg,0.40006766,0.5975243,0.001140617,0.0012674021
403252.jpg,0.87808484,0.12109023,0.0004704668,0.00035447464
403253.jpg,0.5072182,0.49088493,0.0006838339,0.0012130301
403254.jpg,0.95854336,0.04045292,0.00052537996,0.00047829398
403255.jpg,0.9670784,0.031779367,0.0009172477,0.0002250606
403256.jpg,0.92481256,0.07426251,0.000683466,0.00024148771
403257.jpg,0.7251623,0.2713525,0.002809609,0.0006755204
403258.jpg,0.759087,0.23608756,0.0023847725,0.002440636
403259.jpg,0.16932255,0.8290482,0.0009289079,0.0007003161
403260.jpg,0.40537742,0.59153706,0.0020600872,0.0010254282
403261.jpg,0.88519245,0.113649406,0.0006170327,0.0005411361
403262.jpg,0.9784362,0.02058239,0.0008680783,0.00011335424
403263.jpg,0.9335408,0.06572834,0.00053657347,0.0001942432
403264.jpg,0.96171284,0.037072506,0.00077116553,0.0004434723
403265.jpg,0.056937028,0.1517945,0.35435262,0.43691587
403266.jpg,0.1750406,0.8150053,0.005762068,0.004192094
403267.jpg,0.71454376,0.28325844,0.0014713667,0.00072646997
403268.jpg,0.86702913,0.13175797,0.00082127686,0.0003916654
403269.jpg,0.0053956266,0.103653826,0.00039086948,0.8905597
403270.jpg,0.04807918,0.9434311,0.0045771333,0.003912589
403271.jpg,0.057354826,0.07978274,0.6200897,0.24277277
403272.jpg,0.9644225,0.034306575,0.0011392188,0.000131664
403273.jpg,0.8934088,0.10541239,0.0006062246,0.0005725881
403274.jpg,0.79724854,0.18766312,0.012929832,0.0021585212
403275.jpg,0.98502356,0.014529307,0.0003551679,9.198487e-05
403276.jpg,0.06214731,0.9347914,0.000928879,0.0021323774
403277.jpg,0.7005079,0.29790923,0.0011213553,0.00046150645
403278.jpg,0.015135494,0.9737713,0.0006135571,0.010479665
403279.jpg,0.97828245,0.02117736,0.00039356994,0.00014658393
403280.jpg,0.51956624,0.47831783,0.0016373061,0.0004786638
403281.jpg,0.0011906641,0.0040638554,0.012638905,0.9821066
403282.jpg,0.813416,0.1849361,0.0010166754,0.00063121895
403283.jpg,0.9696684,0.029022476,0.0011457166,0.00016350257
403284.jpg,0.33168784,0.66571766,0.0012610523,0.001333417
403285.jpg,0.9007599,0.098003685,0.00084691605,0.00038955748
403286.jpg,0.9817731,0.017782832,0.00033628976,0.000107844164
403287.jpg,0.4894718,0.5092668,0.00064661435,0.00061476644
403288.jpg,0.9708641,0.028179402,0.00072873634,0.00022769875
403289.jpg,0.9565614,0.04274116,0.00056329166,0.00013414912
403290.jpg,0.025847306,0.43723616,0.10797546,0.42894104
403291.jpg,0.03925219,0.9584524,0.000692188,0.0016031944
403292.jpg,0.004642701,0.6480649,0.0006962656,0.34659612
403293.jpg,0.9271795,0.071021594,0.0013820041,0.0004168267
403294.jpg,0.03992727,0.9530616,0.00080163265,0.0062095798
403295.jpg,0.78480273,0.2138979,0.0006562159,0.00064313505
403296.jpg,0.3526655,0.14477889,0.27655944,0.22599618
403297.jpg,0.3130493,0.20794852,0.11432105,0.36468112
403298.jpg,0.19523783,0.7997679,0.003036932,0.0019572948
403299.jpg,0.8450566,0.15354477,0.0010498725,0.00034876578
403300.jpg,0.96614474,0.032766934,0.00091796037,0.00017036207
403301.jpg,0.51322895,0.47826028,0.005937261,0.0025735202
403302.jpg,0.011992169,0.19112718,0.21769105,0.5791896
403303.jpg,0.84053916,0.1581922,0.0008954296,0.00037323055
403304.jpg,0.13647099,0.8378832,0.004046054,0.02159985
403306.jpg,0.9603897,0.039080158,0.00034795192,0.00018219958
403307.jpg,0.058398068,0.9383568,0.001037749,0.002207388
403309.jpg,0.93503803,0.06364387,0.0008757639,0.0004422927
403310.jpg,0.34341994,0.65383583,0.0018267605,0.0009174305
403311.jpg,0.005033605,0.5569005,0.0130282985,0.42503762
403312.jpg,0.17617297,0.8157657,0.0017978847,0.0062634163
403313.jpg,0.89391756,0.10489751,0.0009215174,0.00026336926
403314.jpg,0.7525112,0.23598397,0.006390843,0.0051140487
403315.jpg,0.014316618,0.9775979,0.000533153,0.0075522806
403316.jpg,0.085196085,0.44010484,0.4701672,0.00453183
403317.jpg,0.22963192,0.7127042,0.0012394697,0.056424443
403318.jpg,0.1919194,0.7726522,0.020435276,0.014993033
403319.jpg,0.9360215,0.06306888,0.00075932144,0.00015025465
403320.jpg,0.048998643,0.75564414,0.0012486437,0.19410847
403321.jpg,0.9730684,0.026422793,0.00039790713,0.00011087758
403322.jpg,0.81472707,0.06573955,0.11885118,0.000682242
403323.jpg,0.036381613,0.9525612,0.0055917557,0.005465397
403324.jpg,0.35200718,0.6443593,0.001866572,0.0017669088
403325.jpg,0.9664933,0.03299334,0.00034895152,0.00016442376
403326.jpg,0.03672484,0.92050546,0.033493806,0.009275853
403327.jpg,0.23328705,0.6810476,0.0010561638,0.08460915
403328.jpg,0.103702664,0.8935375,0.00031886736,0.0024409841
403329.jpg,0.3017869,0.69482666,0.0008500125,0.0025364046
403330.jpg,0.86886245,0.12988959,0.0008338254,0.00041410653
403331.jpg,0.04021408,0.83590907,0.12077781,0.003099095
403332.jpg,0.09924679,0.8989288,0.00045290787,0.0013715044
403333.jpg,0.9156526,0.08358151,0.00048079508,0.00028518974
403334.jpg,0.12707192,0.859515,0.00967764,0.0037353213
403335.jpg,0.7148445,0.2828065,0.0014918456,0.0008571337
403336.jpg,0.73533696,0.26267305,0.00157484,0.0004151607
403337.jpg,0.010527383,0.39115223,0.15070476,0.44761562
403338.jpg,0.6526398,0.34469566,0.0019101137,0.00075445976
403339.jpg,0.21720688,0.7799625,0.0013175524,0.0015130971
403340.jpg,0.9626236,0.03672771,0.0004968087,0.00015192716
403341.jpg,0.0090886,0.98354095,0.0011460102,0.0062244534
403342.jpg,0.9575332,0.041144874,0.0010141524,0.00030774422
403343.jpg,0.08359752,0.9136928,0.0016958722,0.0010138238
403344.jpg,0.77426744,0.16865338,0.05605194,0.0010272384
403345.jpg,0.34013295,0.6574215,0.0010510605,0.0013944342
403346.jpg,0.07871974,0.65964884,0.010238968,0.25139245
403347.jpg,0.6623616,0.33543834,0.0016887496,0.00051127473
403348.jpg,0.62767875,0.36939397,0.0011700015,0.0017572435
403349.jpg,0.15786405,0.12882149,0.38828802,0.32502648
403350.jpg,0.9566049,0.042733874,0.00048459586,0.00017664504
403351.jpg,0.09300014,0.89053625,0.0013049878,0.015158624
403352.jpg,0.2754983,0.7224335,0.0008765771,0.0011916539
403353.jpg,0.0007064493,8.785841e-05,0.9990985,0.00010726071
403354.jpg,0.01339101,0.98424125,0.00072914286,0.0016385871
403355.jpg,0.97609204,0.023374468,0.00036360254,0.00016987318
403356.jpg,0.9232469,0.07395594,0.0022592333,0.0005379089
403357.jpg,0.8830034,0.11602479,0.0004987558,0.00047301583
403358.jpg,0.35171306,0.6427093,0.0015420746,0.0040355837
403359.jpg,0.048132706,0.9474272,0.0024009633,0.0020391745
403360.jpg,0.17538339,0.81992096,0.0018738097,0.002821881
403361.jpg,0.9612956,0.038089078,0.00045547143,0.000159841
403362.jpg,0.81663346,0.18181603,0.00064273796,0.0009078072
403363.jpg,0.06997619,0.9224426,0.0021467744,0.005434465
403364.jpg,0.09643642,0.9002824,0.0010063156,0.002274876
403365.jpg,0.08139077,0.91513556,0.0014639831,0.002009689
403366.jpg,0.98170286,0.017618183,0.0005472314,0.00013167706
403367.jpg,0.000356894,0.00044153506,0.9132665,0.085935034
403368.jpg,0.035011563,0.9589343,0.0016610197,0.00439305
403369.jpg,0.6585968,0.3351992,0.0015118922,0.00469207
403370.jpg,0.039227393,0.95728964,0.0016397536,0.0018432777
403371.jpg,0.7953964,0.20015393,0.0031889656,0.0012606563
403372.jpg,0.96969026,0.029285485,0.0008999072,0.00012441621
403373.jpg,0.740761,0.25312883,0.0032132668,0.0028969233
403374.jpg,0.010619669,0.0030347893,0.9853647,0.0009808753
403375.jpg,0.30852807,0.6898654,0.0006951108,0.00091132056
403376.jpg,0.92089206,0.0780488,0.0006787558,0.00038030682
403377.jpg,0.5946949,0.40231654,0.0015641385,0.0014244401
403378.jpg,0.7678245,0.22876818,0.0022453212,0.0011620676
403379.jpg,0.031846806,0.95818,0.0049421745,0.0050310246
403380.jpg,0.07363441,0.6429956,0.15973452,0.12363547
403381.jpg,0.9641824,0.034782574,0.0008102383,0.00022476178
403382.jpg,0.3960003,0.6025477,0.00063503644,0.00081693864
403383.jpg,0.901728,0.097179145,0.00072312215,0.00036974836
403384.jpg,0.017795736,0.32614195,0.14041477,0.51564753
403385.jpg,0.5435252,0.4525135,0.0031478636,0.00081340084
403386.jpg,0.49160042,0.50701195,0.00069283484,0.00069484813
403387.jpg,0.79880875,0.19898887,0.0012864907,0.0009158775
403388.jpg,0.14015435,0.857615,0.000655521,0.0015751697
403389.jpg,0.9201746,0.0783227,0.0011698612,0.00033280163
403390.jpg,0.4035472,0.5944235,0.0009563835,0.0010729022
403391.jpg,0.038560886,0.95920247,0.0008386189,0.0013980157
403392.jpg,0.62614244,0.37157091,0.0011369883,0.0011497015
403393.jpg,0.8264136,0.17193042,0.0012771073,0.00037896782
403394.jpg,0.0066031464,0.9832778,0.00045812526,0.009660909
403395.jpg,0.43368617,0.55321527,0.0024356882,0.010662895
403396.jpg,0.973169,0.026229823,0.00046253018,0.00013867245
403397.jpg,0.22255532,0.7748099,0.0015799958,0.0010547607
403398.jpg,0.6636352,0.3343699,0.0012678345,0.0007271401
403399.jpg,0.018951371,0.9766836,0.00063026714,0.0037347514
403400.jpg,0.29545942,0.69329214,0.0078231525,0.003425256
403401.jpg,0.8000736,0.19844139,0.00089539826,0.00058965024
403402.jpg,0.041942727,0.9510352,0.004892244,0.0021299059
403403.jpg,0.47285405,0.49565816,0.017983178,0.013504624
403404.jpg,0.10845482,0.880308,0.0009480549,0.0102891205
403405.jpg,0.97962373,0.019863687,0.00040039443,0.000112174246
403406.jpg,0.048247386,0.94954395,0.0005043112,0.0017043408
403407.jpg,0.11097294,0.8816457,0.0013413263,0.0060399845
403408.jpg,0.039370216,0.9553481,0.00062164856,0.0046600434
403409.jpg,0.3246714,0.663765,0.010701236,0.0008623638
403410.jpg,0.12893793,0.14227797,0.4776856,0.2510985
403411.jpg,0.5565402,0.43168905,0.008034027,0.0037367549
403412.jpg,0.6845879,0.3129305,0.0018798575,0.000601735
403413.jpg,0.1680665,0.8258021,0.00460403,0.0015273722
403414.jpg,0.7697088,0.22772269,0.0018096361,0.0007588948
403415.jpg,0.75844425,0.23964746,0.0011933756,0.0007149414
403416.jpg,0.07166316,0.9219012,0.00096644205,0.0054692104
403417.jpg,0.8985712,0.09977865,0.0010074837,0.00064277987
403418.jpg,0.7637706,0.23450899,0.0011558094,0.0005646174
403419.jpg,0.28928712,0.10188647,0.60832703,0.00049938884
403420.jpg,0.5997745,0.39705536,0.0015821209,0.0015880292
403421.jpg,0.42500207,0.5725639,0.0011299349,0.0013041003
403422.jpg,0.93350583,0.06560022,0.0005994168,0.00029451307
403423.jpg,0.9669792,0.03251678,0.0004079078,9.610887e-05
403424.jpg,0.0711611,0.92222166,0.0051749637,0.0014423728
403425.jpg,0.20204379,0.110328995,0.6866965,0.00093072164
403426.jpg,0.119790845,0.87591416,0.0022593157,0.0020356795
403427.jpg,0.9375513,0.061249416,0.00092084496,0.0002783586
403428.jpg,0.8454893,0.1535857,0.0005263751,0.00039854532
403429.jpg,0.010941368,0.30431873,0.19964547,0.4850944
403430.jpg,0.06673305,0.92878944,0.0006475805,0.003829932
403431.jpg,0.45632944,0.5414842,0.0010609069,0.001125533
403432.jpg,0.9701907,0.02906678,0.00063720957,0.00010533151
403433.jpg,0.014415714,0.98193216,0.00065001275,0.0030021535
403434.jpg,0.50194645,0.49618685,0.0012489217,0.0006177868
403435.jpg,0.58578944,0.41150156,0.001433081,0.0012758928
403436.jpg,0.7433793,0.25468716,0.0008288091,0.0011047809
403437.jpg,0.26144016,0.69946843,0.001493185,0.037598204
403438.jpg,0.9499531,0.048270017,0.0014420971,0.00033482467
403439.jpg,0.9839248,0.015429425,0.00048939296,0.00015634505
403440.jpg,0.24638836,0.7499833,0.0012829212,0.0023453808
403442.jpg,0.014364432,0.36424756,0.001121804,0.6202662
403443.jpg,0.9382791,0.060873557,0.0004428313,0.00040452238
403444.jpg,0.07253191,0.9245775,0.0010584289,0.0018321882
403445.jpg,0.828865,0.16877554,0.0015620565,0.00079746946
403446.jpg,0.011212665,0.9805086,0.00090638926,0.007372266
403447.jpg,0.27062973,0.7236833,0.0037263585,0.0019606699
403448.jpg,0.16061817,0.832944,0.0034307626,0.003007096
403449.jpg,0.6032961,0.39448115,0.00095644826,0.0012662968
403450.jpg,0.56433105,0.43211022,0.0017436352,0.0018150765
403451.jpg,0.53967667,0.45729983,0.0016593616,0.0013640918
403452.jpg,0.106089436,0.88982815,0.0024865654,0.0015958227
403453.jpg,0.26292986,0.7348466,0.0012534703,0.0009700723
403454.jpg,0.5300682,0.4652418,0.0011705806,0.0035194147
403455.jpg,0.68395543,0.3138674,0.0016591822,0.00051793386
403456.jpg,0.58249325,0.41492757,0.0010363259,0.0015428324
403457.jpg,0.0732281,0.56681716,0.20674682,0.15320791
403458.jpg,0.91205335,0.086998135,0.00058489403,0.0003636138
403459.jpg,0.00036375746,0.0012159636,0.42000833,0.578412
403460.jpg,0.91833425,0.052835476,0.024622066,0.004208214
403461.jpg,0.2666327,0.72878474,0.0011361603,0.003446386
403462.jpg,0.35928464,0.63115865,0.00831882,0.0012378619
403463.jpg,0.020560492,0.9675781,0.000998593,0.010862854
403464.jpg,0.15866871,0.83840626,0.0012610661,0.0016639102
403465.jpg,0.6014674,0.39747393,0.00061322015,0.00044548642
403466.jpg,0.11043451,0.8778021,0.002394248,0.009369164
403467.jpg,0.017361892,0.76522326,0.0043057147,0.21310912
403468.jpg,0.26566213,0.70159537,0.0028982218,0.029844219
403469.jpg,0.41373944,0.58053964,0.002551741,0.0031691452
403470.jpg,0.9198707,0.078078955,0.0013819671,0.00066838606
403471.jpg,0.939305,0.0591092,0.0013195485,0.00026632575
403472.jpg,0.36295286,0.6323452,0.002706589,0.001995327
403473.jpg,0.07876059,0.91593105,0.00082426675,0.0044840956
403474.jpg,0.026753284,0.85990685,0.0036923364,0.109647475
403475.jpg,0.42322543,0.5748505,0.0011006548,0.00082339766
403476.jpg,0.9207945,0.07804313,0.00084956567,0.00031281592
403477.jpg,0.034854833,0.9622964,0.00063633913,0.0022124199
403478.jpg,0.033291366,0.7975368,0.15839286,0.010779013
403479.jpg,0.59519076,0.4024789,0.0015280312,0.00080237637
403480.jpg,0.4607645,0.53709024,0.0014335172,0.0007117856
403481.jpg,0.29030848,0.705189,0.0020594157,0.002443131
403482.jpg,0.00033184513,0.0015110046,0.00040295,0.99775416
403483.jpg,0.85543424,0.14333567,0.0008208183,0.00040921685
403484.jpg,0.9449158,0.054132167,0.0007944017,0.00015767939
403485.jpg,0.4056361,0.59143066,0.0018291571,0.0011040161
403486.jpg,0.014030949,0.14717604,0.011732792,0.8270602
403487.jpg,0.9730935,0.026317574,0.00045075125,0.00013816165
403488.jpg,0.9800089,0.019486034,0.00035984465,0.00014518814
403489.jpg,0.86020184,0.13849394,0.00089568394,0.0004085996
403490.jpg,0.90641737,0.09237444,0.0006371046,0.00057108124
403491.jpg,0.09746444,0.90026855,0.0013272051,0.0009398211
403492.jpg,0.5618162,0.43373343,0.0019142726,0.0025360282
403493.jpg,0.07446668,0.92259294,0.0014359619,0.0015044473
403494.jpg,0.08242854,0.89959925,0.00078955357,0.017182633
403495.jpg,0.6984873,0.29731914,0.0020548634,0.002138735
403496.jpg,0.86050063,0.13702331,0.0019228588,0.0005531337
403497.jpg,0.5881634,0.40822718,0.0012248703,0.002384621
403498.jpg,0.30077907,0.6968634,0.0011914397,0.0011660728
403499.jpg,0.6072586,0.39076176,0.0014845469,0.0004950925
403500.jpg,0.52295786,0.46542692,0.0033418995,0.008273295
403501.jpg,0.6942401,0.30416587,0.00083001953,0.00076402165
403502.jpg,0.31562686,0.6824448,0.0008781052,0.0010502636
403503.jpg,0.4486753,0.54689455,0.0016818447,0.0027482596
403504.jpg,0.34919652,0.64941126,0.0005706265,0.000821612
403505.jpg,0.31101584,0.68702406,0.0011291959,0.00083092536
403506.jpg,0.6287883,0.36897835,0.00090156746,0.0013317732
403507.jpg,0.022218542,0.9707095,0.0027674346,0.0043045008
403508.jpg,0.7040661,0.2924796,0.0013252264,0.0021290327
403509.jpg,0.9823492,0.01703489,0.0005022221,0.00011367357
403510.jpg,0.75448227,0.24403666,0.0011507542,0.0003302426
403511.jpg,0.015319027,0.9655009,0.0008689712,0.018311111
403512.jpg,0.36626935,0.63115865,0.0011614324,0.0014105398
403513.jpg,0.011814915,0.98470277,0.0006399882,0.002842263
403514.jpg,0.0016048147,0.0005394334,0.5613022,0.4365536
403515.jpg,0.6518665,0.33879462,0.0071602124,0.0021786368
403516.jpg,0.74855304,0.24988341,0.0012265227,0.00033706173
403517.jpg,0.98176885,0.017715927,0.00041192226,0.00010329663
403518.jpg,0.5927467,0.4019471,0.002748544,0.0025576993
403519.jpg,0.016850026,0.97573566,0.0018131736,0.0056011216
403520.jpg,0.5931096,0.40455,0.0013530189,0.0009873789
403521.jpg,0.0076906034,0.3840945,0.0015505883,0.60666424
403522.jpg,0.31954962,0.19508499,0.46237195,0.022993458
403523.jpg,0.9632342,0.03608175,0.0005338539,0.00015020065
403524.jpg,0.0138864145,0.010048311,0.71039087,0.26567438
403525.jpg,0.106028415,0.890006,0.0011469419,0.0028186596
403526.jpg,0.14251798,0.854064,0.0012683092,0.0021497817
403527.jpg,0.07029881,0.83954734,0.009322987,0.0808309
403528.jpg,0.09633549,0.9011243,0.0003013355,0.0022389041
403529.jpg,0.030706322,0.53464705,0.28981122,0.1448354
403530.jpg,0.92569304,0.07327241,0.00070867664,0.00032586488
403531.jpg,0.40236625,0.59626704,0.0006428268,0.0007238844
403532.jpg,0.010607288,0.87802887,0.0005245025,0.11083936
403533.jpg,0.055609867,0.94057846,0.0019801147,0.0018315107
403534.jpg,0.1740755,0.81353045,0.009515305,0.002878777
403536.jpg,0.50596446,0.49174973,0.0011500308,0.0011357918
403537.jpg,0.94248587,0.056797463,0.00040704504,0.00030964217
403538.jpg,0.50920993,0.48852602,0.0011310986,0.0011328977
403539.jpg,0.98256135,0.016819512,0.00051830773,0.000100853715
403540.jpg,0.08329045,0.91250443,0.0016925582,0.0025125688
403541.jpg,0.3952814,0.6019501,0.0011229297,0.0016455674
403542.jpg,0.3728639,0.6176636,0.007030374,0.002442094
403543.jpg,0.9833789,0.0158841,0.0005973237,0.000139714
403544.jpg,0.21501327,0.7811766,0.0015072665,0.0023028469
403545.jpg,0.39746714,0.5947425,0.0028358568,0.0049544903
403546.jpg,0.039043177,0.9579552,0.0007409462,0.0022607003
403547.jpg,0.34582353,0.6482057,0.0012205058,0.0047502783
403548.jpg,0.26167586,0.7355545,0.0012526582,0.0015168547
403549.jpg,0.01612772,0.963913,0.0024909535,0.017468313
403550.jpg,0.052119184,0.9416928,0.001112791,0.0050751315
403551.jpg,0.451444,0.54636425,0.0012571319,0.0009345784
403552.jpg,0.9510564,0.047516882,0.0011082442,0.00031846887
403553.jpg,0.8779097,0.1204904,0.0008378385,0.00076204195
403554.jpg,0.049451757,0.9003272,0.0031753595,0.04704578
403555.jpg,0.81946117,0.17688799,0.002776567,0.00087421155
403556.jpg,0.16323201,0.8322293,0.0009991386,0.0035394672
403557.jpg,0.18178129,0.8158955,0.0011944709,0.0011288152
403558.jpg,0.5510009,0.44721282,0.000772763,0.001013489
403559.jpg,0.40639392,0.59203786,0.0006824793,0.0008857442
403560.jpg,0.9810228,0.018406978,0.0004448366,0.00012542633
403561.jpg,0.9485414,0.050379913,0.0007766615,0.00030203705
403562.jpg,0.0005843348,0.23589934,0.009129095,0.7543872
403563.jpg,0.037305,0.9588749,0.00068316335,0.0031369503
403564.jpg,0.11128676,0.88223773,0.0014725394,0.0050029294
403565.jpg,0.026653545,0.9709756,0.00033081288,0.0020401583
403566.jpg,0.01889897,0.9769535,0.00042769228,0.003719895
403567.jpg,0.89218235,0.10670235,0.0008232717,0.00029205196
403568.jpg,0.008147986,0.9800878,0.0052757915,0.006488374
403569.jpg,0.022130243,0.9745123,0.0005507148,0.0028068216
403570.jpg,0.15675841,0.3448768,0.49651286,0.0018519
403571.jpg,0.075488575,0.92188233,0.0006594526,0.0019696453
403572.jpg,0.04705569,0.94932777,0.0010300494,0.0025865252
403573.jpg,0.77418715,0.22175294,0.0029038694,0.0011559849
403574.jpg,0.94220763,0.05718394,0.00047170886,0.00013669506
403575.jpg,0.94157124,0.056850392,0.0013865419,0.00019191187
403576.jpg,0.015547735,0.9751976,0.0034993505,0.0057553337
403577.jpg,0.23536761,0.7546892,0.006694142,0.0032490294
403578.jpg,0.3697137,0.628268,0.0010857928,0.00093253126
403579.jpg,0.0074774926,0.9888606,0.00090340734,0.002758475
403580.jpg,0.9798185,0.014654559,0.005294353,0.00023260656
403581.jpg,0.6383685,0.36049286,0.0005252937,0.00061337143
403582.jpg,0.49841306,0.4969853,0.0027516077,0.0018500658
403583.jpg,0.95932513,0.0398984,0.00058985525,0.00018652524
403584.jpg,0.5729857,0.42169547,0.004673159,0.0006456202
403585.jpg,0.9111393,0.08810445,0.00045595228,0.0003002311
403586.jpg,0.03856427,0.92809993,0.0020599773,0.03127577
403587.jpg,0.9218948,0.07730099,0.0005525925,0.0002516534
403588.jpg,0.9222488,0.0759559,0.0015609553,0.00023438409
403589.jpg,0.33387685,0.6638042,0.0012786293,0.001040286
403590.jpg,0.66112524,0.3376794,0.00050980784,0.0006855482
403591.jpg,0.22569115,0.76964647,0.001296049,0.003366294
403592.jpg,0.05243371,0.9400377,0.0016774745,0.005851075
403593.jpg,0.9477956,0.0510601,0.0008897001,0.00025451073
403594.jpg,0.9789877,0.020472456,0.00045777383,8.206517e-05
403595.jpg,0.05331037,0.94229144,0.0019089183,0.0024892727
403596.jpg,0.8550079,0.14415722,0.00044841066,0.00038648676
403597.jpg,0.34680024,0.64466363,0.004392142,0.0041439785
403598.jpg,0.94270843,0.05653121,0.0005467984,0.00021358235
403599.jpg,0.98353237,0.015924865,0.00042389295,0.000118892756
403600.jpg,0.93643063,0.06289427,0.0004143855,0.0002606566
403601.jpg,0.017385056,0.9767694,0.00040320112,0.005442364
403603.jpg,0.00070974376,5.324555e-05,0.9991582,7.887023e-05
403604.jpg,0.0034749464,0.0028206685,0.45692673,0.5367777
403605.jpg,0.761882,0.2367606,0.000981816,0.00037557294
403606.jpg,0.0019985624,0.20561437,0.590852,0.20153505
403607.jpg,0.078262724,0.91970736,0.00054663577,0.0014832964
403608.jpg,0.052360132,0.74932534,0.049593717,0.14872079
403609.jpg,0.9592163,0.040277157,0.0003922274,0.000114386006
403610.jpg,0.13717158,0.66326696,0.0016867573,0.19787467
403611.jpg,0.30182293,0.6888444,0.0061273766,0.0032052917
403612.jpg,0.04758772,0.9494588,0.0005646738,0.0023888575
403613.jpg,0.12653996,0.8684525,0.0010400754,0.003967442
403614.jpg,0.80824476,0.18901117,0.0013896084,0.0013544862
403615.jpg,0.587152,0.102335714,0.29813087,0.012381398
403616.jpg,0.056390654,0.93817765,0.0019856466,0.0034460807
403617.jpg,0.5960289,0.4022255,0.0009788187,0.0007668058
403618.jpg,0.9832333,0.016230773,0.00041466532,0.000121259334
403619.jpg,0.07698112,0.7978446,0.0074165654,0.11775774
403620.jpg,0.54014635,0.45110288,0.007833982,0.0009167525
403621.jpg,0.9712627,0.027984539,0.0005742219,0.00017857105
403622.jpg,0.9447188,0.054108586,0.00084188656,0.00033078727
403623.jpg,0.87944174,0.119137645,0.0010505096,0.00037004022
403624.jpg,0.30504167,0.692301,0.0010865489,0.0015708931
403625.jpg,0.94683903,0.052467983,0.00055807154,0.00013491542
403626.jpg,0.018638162,0.8534343,0.07090878,0.057018664
403627.jpg,0.53132147,0.061676923,0.406198,0.0008036254
403628.jpg,0.98013085,0.019103205,0.00063429965,0.00013165556
403629.jpg,0.86936456,0.12718244,0.0028818788,0.00057106145
403630.jpg,0.90854216,0.08541451,0.0009385477,0.0051047793
403631.jpg,0.9597506,0.039319407,0.00078590726,0.000144126
403632.jpg,0.09269018,0.82086116,0.003910328,0.0825383
403633.jpg,0.89864063,0.10036092,0.0007239229,0.00027453143
403634.jpg,0.91720754,0.08150377,0.0008152915,0.00047340142
403635.jpg,0.97791624,0.021053813,0.0007085804,0.000321408
403636.jpg,0.7272455,0.26738998,0.002180936,0.003183558
403637.jpg,0.081673704,0.12303335,0.6603172,0.13497578
403638.jpg,0.96732026,0.03200801,0.000503121,0.00016856358
403639.jpg,0.94205683,0.056869548,0.0005313231,0.0005423471
403640.jpg,0.08321622,0.9114874,0.004243294,0.0010530963
403641.jpg,0.9443631,0.05474612,0.00067048304,0.0002202259
403642.jpg,0.01691778,0.9781599,0.00072164537,0.0042006313
403643.jpg,0.7395032,0.25905117,0.00086925155,0.0005763009
403644.jpg,0.79123753,0.20715044,0.0010726346,0.0005394704
403645.jpg,0.4721017,0.5236086,0.00085372507,0.0034360334
403646.jpg,0.888226,0.1108552,0.00043684503,0.00048197038
403647.jpg,0.9081783,0.08886099,0.0024202683,0.00054038386
403648.jpg,0.20654178,0.7903793,0.0015311032,0.0015478147
403649.jpg,0.6491011,0.34690836,0.0031744523,0.0008160787
403650.jpg,0.3201499,0.6759555,0.0011220975,0.0027724903
403651.jpg,0.038613956,0.95854783,0.0012174775,0.0016206931
403652.jpg,0.64651823,0.34953788,0.0019194009,0.0020245155
403653.jpg,0.075746745,0.57561177,0.1625015,0.18613996
403654.jpg,0.33826032,0.6577913,0.0011947318,0.0027536228
403655.jpg,0.93138885,0.06772531,0.0005520125,0.00033380743
403656.jpg,0.7838781,0.21444464,0.001017027,0.00066025584
403657.jpg,0.48744297,0.5099918,0.00094209093,0.0016231501
403658.jpg,0.032864094,0.8787563,0.025512388,0.06286723
403659.jpg,0.23942368,0.756238,0.0017816294,0.0025567163
403660.jpg,0.9565856,0.042541046,0.0005913521,0.00028199074
403661.jpg,0.00021086032,3.7985985e-05,0.99701023,0.0027408993
403662.jpg,0.88211536,0.11695943,0.0004322169,0.00049304124
403663.jpg,0.2877688,0.70920974,0.00083738536,0.0021840532
403664.jpg,0.06683107,0.92609835,0.0027401305,0.0043304227
403665.jpg,0.21943642,0.7770998,0.0013182629,0.0021455875
403666.jpg,0.96416444,0.03529261,0.0003964162,0.0001466027
403667.jpg,0.97072387,0.02874235,0.00040109703,0.00013265944
403668.jpg,0.15925176,0.79901785,0.0005706465,0.041159738
403669.jpg,0.43091178,0.5675928,0.00079900626,0.0006964036
403670.jpg,0.921843,0.0769204,0.0009711701,0.0002654843
403671.jpg,0.76685286,0.23166072,0.00090408063,0.0005823902
403672.jpg,0.020607444,0.9719672,0.0010134107,0.006411983
403673.jpg,0.6165007,0.38200608,0.0009760098,0.00051721703
403674.jpg,0.7881846,0.20997262,0.0012574584,0.00058532873
403675.jpg,0.03281248,0.9647474,0.000830926,0.0016091433
403676.jpg,0.6930375,0.27007422,0.036248367,0.0006399441
403677.jpg,0.98200417,0.01753102,0.0003549566,0.000109877765
403678.jpg,0.25451902,0.74161345,0.0010928991,0.002774555
403679.jpg,0.2578859,0.7357319,0.0022800996,0.004102135
403680.jpg,0.008783103,0.26090845,0.0010444954,0.72926396
403681.jpg,0.0330791,0.7383197,0.003859013,0.22474216
403682.jpg,0.33858585,0.65041727,0.0058673453,0.0051295394
403683.jpg,0.9859087,0.0135781495,0.00042966087,8.353094e-05
403684.jpg,0.06393682,0.9339106,0.0008516369,0.0013009788
403685.jpg,0.5749379,0.42234468,0.0019053938,0.00081208517
403686.jpg,0.031712204,0.9362316,0.009886972,0.022169173
403687.jpg,0.9576729,0.041156027,0.0010022522,0.00016879961
403688.jpg,0.96527594,0.03391282,0.0006361417,0.00017512053
403689.jpg,0.003651688,0.16008012,0.009474325,0.8267939
403690.jpg,0.023170834,0.4365077,0.16724284,0.37307867
403691.jpg,0.027514553,0.9610211,0.0011212145,0.0103431605
403692.jpg,0.32529423,0.67288893,0.0007922323,0.001024573
403693.jpg,0.57200444,0.42597356,0.0008602464,0.0011617094
403694.jpg,0.25451335,0.7419663,0.0020702549,0.0014500581
403695.jpg,0.9787605,0.020575995,0.0005575615,0.00010596233
403696.jpg,0.040524848,0.9296276,0.001852355,0.027995206
403697.jpg,0.1448723,0.17895758,0.6734185,0.0027515788
403698.jpg,0.0010637544,0.0010663586,0.94734925,0.05052067
403699.jpg,0.5906619,0.40806106,0.000725225,0.000551813
403700.jpg,0.8810796,0.117555104,0.0010169294,0.00034838784
403701.jpg,0.32497248,0.6468774,0.025391081,0.0027590292
403702.jpg,0.6129523,0.38398755,0.0020562538,0.0010038972
403703.jpg,0.8746503,0.1242558,0.00057278137,0.00052117114
403704.jpg,0.6645491,0.33304453,0.00091996224,0.0014863946
403705.jpg,0.9474168,0.051649988,0.00075265294,0.0001805412
403706.jpg,0.53314096,0.46243954,0.0036908258,0.0007286894
403707.jpg,0.026738985,0.95714575,0.0068440777,0.009271175
403708.jpg,0.16641648,0.8305815,0.0009003933,0.0021016009
403709.jpg,0.2837797,0.71292907,0.001361221,0.0019300462
403710.jpg,0.68860453,0.29509485,0.012735664,0.0035649966
403711.jpg,0.7685477,0.23037745,0.00062999624,0.0004448326
403712.jpg,0.046313312,0.0005418637,0.9530876,5.7236608e-05
403713.jpg,0.4300438,0.56571895,0.0009002877,0.0033369546
403714.jpg,0.68361306,0.314183,0.0013742287,0.0008297612
403715.jpg,0.0017278371,0.09025379,0.04755326,0.8604651
403716.jpg,0.89720064,0.101182856,0.0007013986,0.0009150738
403717.jpg,0.07650798,0.9209767,0.0006718267,0.0018435167
403718.jpg,0.064012885,0.9282374,0.00041570966,0.007334069
403719.jpg,0.004525905,0.06259583,0.8269291,0.10594911
403720.jpg,0.018036796,0.9751856,0.0011523534,0.0056252796
403721.jpg,0.72248,0.27581194,0.0008363496,0.0008717419
403722.jpg,0.2624249,0.7291532,0.003650402,0.0047714845
403723.jpg,0.03952819,0.7986267,0.0010493607,0.16079566
403724.jpg,0.9542931,0.04236257,0.0030700553,0.00027427127
403725.jpg,0.9803989,0.018793086,0.0006169052,0.00019103668
403726.jpg,0.6123788,0.3863653,0.0006552694,0.0006006609
403727.jpg,0.00083051313,0.00017080874,0.99896735,3.1268162e-05
403728.jpg,0.98279,0.016680034,0.0004119059,0.000118085976
403729.jpg,0.3818052,0.6119919,0.004893984,0.0013088741
403730.jpg,0.71331334,0.28334486,0.0012384655,0.0021033038
403731.jpg,0.012828355,0.97910625,0.00085389195,0.0072114444
403732.jpg,0.022572162,0.7494433,0.019164793,0.20881975
403733.jpg,0.89599276,0.10317548,0.0005676589,0.0002641094
403734.jpg,0.6708555,0.32636553,0.0012579133,0.0015210187
403735.jpg,0.007212067,0.14517345,0.0010779015,0.8465366
403736.jpg,0.61706334,0.38121644,0.0010723498,0.00064782915
403737.jpg,0.30715266,0.69056016,0.000806494,0.001480641
403738.jpg,0.72269064,0.27351153,0.0011338053,0.0026639581
403739.jpg,0.82211685,0.1750877,0.0021802818,0.00061518064
403740.jpg,0.11829082,0.7044387,0.0046197944,0.17265065
403741.jpg,0.31790516,0.68004876,0.0010278336,0.0010182568
403742.jpg,0.50382566,0.49418274,0.00086955976,0.001122011
403743.jpg,0.18934102,0.80617243,0.0008926305,0.0035938846
403744.jpg,0.032272454,0.9645726,0.00065200246,0.0025029553
403745.jpg,0.26967046,0.71462256,0.004491525,0.011215444
403746.jpg,0.5892878,0.40826714,0.0017962836,0.00064877025
403747.jpg,0.9826835,0.016656496,0.00053901103,0.000121001176
403748.jpg,0.7292153,0.26812044,0.0019692553,0.0006950449
403749.jpg,0.46912494,0.5253609,0.003789343,0.001724826
403750.jpg,0.54445714,0.4520391,0.0017948188,0.0017089547
403751.jpg,0.48079464,0.5160851,0.0019482855,0.0011720103
403752.jpg,0.8432956,0.15527357,0.001039199,0.00039165202
403753.jpg,0.9395352,0.050287317,0.008650442,0.0015270443
403754.jpg,0.07521786,0.9149163,0.0007217342,0.009144123
403755.jpg,0.9092309,0.08964727,0.00064533454,0.00047643474
403756.jpg,0.17110272,0.8265719,0.0007812613,0.0015441831
403757.jpg,0.14046957,0.8559923,0.0013930262,0.002145137
403758.jpg,0.00026764502,0.00216378,0.0005508978,0.9970177
403759.jpg,0.9584174,0.04077624,0.00054582715,0.00026053961
403760.jpg,0.0051072747,0.30583826,0.27238286,0.4166716
403761.jpg,0.09990231,0.8951805,0.0028397378,0.00207746
403762.jpg,0.9472453,0.051630836,0.0007168006,0.00040705735
403763.jpg,0.9800148,0.019391915,0.00044531233,0.00014796662
403764.jpg,0.20590569,0.79080635,0.0010213412,0.002266615
403765.jpg,0.3645744,0.6327054,0.0012402359,0.0014800153
403766.jpg,0.9753905,0.023752665,0.0007585757,9.8215096e-05
403767.jpg,0.8267239,0.17168474,0.00105622,0.00053512736
403768.jpg,0.12601587,0.86780804,0.0012111376,0.0049649663
403769.jpg,0.00038444306,0.002250166,0.01899092,0.9783745
403770.jpg,0.9319191,0.06676743,0.0011463924,0.00016714197
403771.jpg,0.7854343,0.21283859,0.00080339675,0.00092368777
403772.jpg,0.017357072,0.00248432,0.9800095,0.00014914124
403773.jpg,0.06276172,0.00255529,0.9345706,0.00011240878
403774.jpg,0.3500544,0.12999366,0.5196872,0.0002646641
403775.jpg,0.97694445,0.022447817,0.00049695105,0.00011084551
403776.jpg,0.9715634,0.027837947,0.00044898537,0.00014968509
403777.jpg,0.98064905,0.018841434,0.00038309288,0.00012640294
403778.jpg,0.1583547,0.8370838,0.0007285972,0.0038328588
403779.jpg,0.013162382,0.282488,0.21291852,0.49143115
403780.jpg,0.39277205,0.60577136,0.0007003895,0.00075621
403781.jpg,0.9562418,0.04316346,0.00039629158,0.0001984192
403782.jpg,0.97661465,0.022611298,0.0006033808,0.00017067074
403783.jpg,0.18396914,0.81417465,0.00084188784,0.001014375
403784.jpg,0.022788068,0.96667296,0.00097263214,0.009566288
403785.jpg,0.62892026,0.36888412,0.0014105464,0.00078513887
403786.jpg,0.32426134,0.673784,0.001261532,0.0006930746
403787.jpg,0.57391953,0.42436376,0.00093454245,0.00078216236
403788.jpg,0.16061984,0.82725424,0.0061923782,0.005933531
403789.jpg,0.9748215,0.024622293,0.00044640098,0.000109811655
403790.jpg,0.9698854,0.029507136,0.00047783693,0.00012962609
403791.jpg,0.96082133,0.03843027,0.0005536429,0.00019472465
403792.jpg,0.00020920327,0.0020165888,0.056437958,0.9413362
403793.jpg,0.3953164,0.6031119,0.0007004899,0.0008711377
403794.jpg,0.37917432,0.6168067,0.0025593662,0.0014596813
403795.jpg,0.96863794,0.030222865,0.0009951965,0.00014399872
403796.jpg,0.025133288,0.9695203,0.0017891579,0.0035572285
403797.jpg,0.27382502,0.71717614,0.007009327,0.001989568
403798.jpg,0.6452174,0.29046503,0.06396236,0.00035520192
403799.jpg,0.93828315,0.060881272,0.00058959686,0.00024606846
403800.jpg,0.29782537,0.69104856,0.0018712237,0.009254881
403801.jpg,0.7224619,0.2701219,0.006943136,0.00047308448
403802.jpg,0.7653982,0.23215015,0.0017388792,0.0007128222
403803.jpg,0.05844122,0.93917495,0.00081664353,0.0015671296
403804.jpg,0.34277952,0.23769425,0.06517291,0.3543533
403805.jpg,0.06720095,0.90839154,0.00081789267,0.023589559
403806.jpg,0.97367877,0.025758987,0.00042885347,0.00013341794
403807.jpg,0.5798833,0.41348502,0.0034402914,0.0031914685
403808.jpg,0.95003635,0.048767533,0.0005039351,0.0006921625
403809.jpg,0.25621042,0.7271893,0.013323563,0.0032767213
403810.jpg,0.012473778,0.9832557,0.0012560991,0.003014395
403811.jpg,0.7398558,0.25899947,0.0008257628,0.0003189333
403812.jpg,0.8271766,0.1712486,0.0008785006,0.00069633516
403813.jpg,0.33842623,0.6544245,0.0017818636,0.0053674714
403814.jpg,0.6768548,0.32208386,0.0005920856,0.0004693344
403815.jpg,0.95788807,0.041507617,0.00041512528,0.00018927593
403816.jpg,0.04687922,0.94954187,0.0013734392,0.0022054578
403817.jpg,0.31998983,0.39210674,0.16428357,0.123619825
403818.jpg,0.034008447,0.7779579,0.040074114,0.14795952
403819.jpg,0.1712238,0.8155702,0.0025889268,0.010617077
403820.jpg,0.06753936,0.9079893,0.020324739,0.004146503
403821.jpg,0.7559738,0.2414545,0.0017948359,0.00077678496
403822.jpg,0.9807852,0.018725341,0.00039176582,9.769303e-05
403823.jpg,0.9759639,0.023150675,0.0005573672,0.00032801367
403824.jpg,0.095226176,0.38068047,0.52240115,0.0016921699
403825.jpg,0.61412215,0.38427234,0.0009040246,0.0007015201
403826.jpg,0.5286407,0.46070668,0.0032582788,0.0073943916
403827.jpg,0.46857563,0.52872705,0.0011404636,0.0015568339
403828.jpg,0.70624423,0.2910161,0.0015960255,0.0011436772
403829.jpg,0.4107958,0.5865906,0.0007439829,0.00186965
403830.jpg,0.8189922,0.17745394,0.0007048789,0.0028489132
403831.jpg,0.11641715,0.8764,0.0037400331,0.003442867
403832.jpg,0.95941895,0.039936747,0.00043044487,0.00021383952
403833.jpg,0.053811263,0.9416768,0.0016376287,0.002874288
403834.jpg,0.9609949,0.038423177,0.00045644667,0.00012552492
403835.jpg,0.014681759,0.2524579,0.007404598,0.72545576
403836.jpg,0.7022527,0.29522035,0.00090931094,0.0016176291
403837.jpg,0.12568276,0.7961626,0.0020931,0.07606154
403838.jpg,0.061766088,0.9273,0.0022442702,0.008689663
403839.jpg,0.3640441,0.63333416,0.0014456031,0.0011761613
403840.jpg,0.27545682,0.7198526,0.0018959489,0.002794683
403841.jpg,0.95473546,0.04377355,0.0011864438,0.00030461664
403842.jpg,0.24424595,0.72341686,0.02664066,0.005696481
403843.jpg,0.017536752,0.84511596,0.10127959,0.03606766
403844.jpg,0.48791337,0.50989205,0.0010897479,0.0011048655
403845.jpg,0.05075108,0.9449069,0.002153929,0.002188144
403846.jpg,0.010775334,0.22487052,0.24801888,0.51633525
403847.jpg,0.6945254,0.24256997,0.06221661,0.0006880583
403848.jpg,0.23793645,0.755898,0.00047209385,0.00569335
403849.jpg,0.8619352,0.13660464,0.000840916,0.0006191688
403850.jpg,0.31420887,0.6836064,0.0011397063,0.001044988
403851.jpg,0.6487255,0.34928063,0.0009660765,0.0010277821
403852.jpg,0.64025456,0.3572502,0.0017567097,0.00073847617
403853.jpg,0.29436854,0.7034542,0.0006270871,0.00155021
403854.jpg,0.96476245,0.03469076,0.00038899537,0.00015776859
403855.jpg,0.849077,0.14945193,0.0011373886,0.00033374468
403856.jpg,0.8563759,0.14264649,0.00061224186,0.0003653602
403857.jpg,0.9821746,0.017233573,0.00047809584,0.00011380569
403858.jpg,0.15481263,0.8415894,0.0010253662,0.0025726247
403859.jpg,0.9770594,0.022287698,0.0005155336,0.00013731366
403860.jpg,0.59437615,0.40402162,0.00094824465,0.000653957
403861.jpg,0.28198722,0.7135473,0.0015275629,0.0029379225
403862.jpg,0.0013015427,0.00050518167,0.579119,0.41907418
403863.jpg,0.16952927,0.80378294,0.023808345,0.002879481
403864.jpg,0.9563411,0.041378945,0.0020422125,0.00023769373
403866.jpg,0.42618027,0.21963036,0.3472966,0.0068927705
403867.jpg,0.017898628,0.7713666,0.16318773,0.047547102
403868.jpg,0.9760607,0.023376087,0.0004357712,0.000127455
403869.jpg,0.4269251,0.5702557,0.0016537448,0.001165443
403870.jpg,0.057955265,0.79216474,0.0024023822,0.14747763
403871.jpg,0.45980343,0.5368652,0.0008288939,0.0025025508
403872.jpg,0.907669,0.08935273,0.0025586248,0.0004196394
403873.jpg,0.14500219,0.84877944,0.004624941,0.0015934585
403874.jpg,0.04303087,0.95094174,0.003507506,0.0025198655
403875.jpg,0.97253686,0.026669642,0.0006701642,0.00012330215
403876.jpg,0.8485873,0.15036571,0.00064575503,0.0004012758
403877.jpg,0.11750298,0.8797175,0.0010170966,0.0017623985
403878.jpg,0.8736043,0.12520628,0.00058057794,0.0006087741
403879.jpg,0.08000419,0.30572996,0.20005192,0.41421387
403880.jpg,0.93464726,0.06445684,0.00057940726,0.00031652921
403881.jpg,0.05002044,0.945646,0.00091260514,0.0034209655
403882.jpg,0.02360767,0.96385413,0.0036770867,0.008861131
403883.jpg,0.9260784,0.072961845,0.0006538722,0.00030592657
403884.jpg,0.62913734,0.31153032,0.045127194,0.014205169
403885.jpg,0.93027896,0.06879213,0.00077084935,0.00015813792
403886.jpg,0.100374706,0.78354925,0.0058970326,0.110179044
403887.jpg,0.9438944,0.055192932,0.0006647165,0.0002479866
403888.jpg,0.008492311,0.98086447,0.001221954,0.009421293
403889.jpg,0.93218106,0.06686487,0.0006880627,0.00026602077
403891.jpg,0.42852816,0.5691249,0.0016444759,0.0007025123
403892.jpg,0.17392255,0.8171108,0.00310014,0.0058665355
403893.jpg,0.86253375,0.13556324,0.0014531532,0.00044982645
403894.jpg,0.967406,0.032108434,0.00037557306,0.000109969056
403895.jpg,0.1292283,0.33773422,0.46571672,0.06732076
403896.jpg,0.30300388,0.6169045,0.042275663,0.037815996
403897.jpg,0.9293065,0.06958855,0.000868594,0.0002363788
403898.jpg,0.533922,0.46226946,0.001188379,0.0026201524
403899.jpg,0.9721207,0.027222881,0.0005005177,0.00015594829
403900.jpg,0.9610796,0.037509594,0.0011106031,0.00030025688
403901.jpg,0.10477524,0.8929968,0.00047644318,0.0017514924
403902.jpg,0.026828632,0.93526846,0.028640369,0.009262535
403903.jpg,0.92100173,0.0774085,0.0009524186,0.0006373444
403904.jpg,0.97532696,0.024103215,0.00038563748,0.00018423352
403905.jpg,0.6014445,0.39598274,0.0016609029,0.00091190054
403906.jpg,0.008365572,0.9881093,0.0009138553,0.0026113503
403907.jpg,0.095234476,0.56494576,0.32396558,0.015854148
403908.jpg,0.5782357,0.41296983,0.0053692036,0.0034252268
403909.jpg,0.22703958,0.77132434,0.0005239145,0.0011122383
403910.jpg,0.5524685,0.44604668,0.0006578997,0.0008269754
403911.jpg,0.94193125,0.05550489,0.0021286064,0.00043531109
403912.jpg,0.8441975,0.15492444,0.00040325927,0.00047475495
403913.jpg,0.33254382,0.65450764,0.0023369936,0.0106115835
403914.jpg,0.14430255,0.85264134,0.00067670195,0.0023794184
403915.jpg,0.88223577,0.11623714,0.001131772,0.00039532126
403916.jpg,0.9745779,0.024833431,0.0004153334,0.00017335192
403917.jpg,0.27067658,0.72674054,0.00048198298,0.002101
403918.jpg,0.52991444,0.3022994,0.10115286,0.06663332
403919.jpg,0.049505904,0.9247673,0.00050106214,0.025225664
403920.jpg,0.41104326,0.58622247,0.0019104515,0.000823892
403921.jpg,0.62572837,0.37236524,0.00065635255,0.0012499958
403922.jpg,0.3812076,0.61288655,0.0017430364,0.004162828
403923.jpg,0.86842185,0.13042432,0.00064441195,0.0005093882
403924.jpg,0.36700818,0.63112134,0.00074308645,0.0011274203
403925.jpg,0.00048672824,0.0015451919,0.3622391,0.635729
403926.jpg,0.3237385,0.67378473,0.00085144397,0.001625359
403927.jpg,0.27700236,0.69935125,0.011202867,0.012443478
403928.jpg,0.84668136,0.15226127,0.00072086696,0.0003365341
403929.jpg,0.44946742,0.5475996,0.0010025484,0.0019304688
403930.jpg,0.0009767021,0.00082256034,0.97882026,0.019380523
403931.jpg,0.4684688,0.528855,0.0007944933,0.0018816952
403932.jpg,0.95952624,0.039478824,0.0008418993,0.00015301647
403933.jpg,0.8263392,0.17241955,0.0006550089,0.00058628904
403934.jpg,0.43766713,0.55357426,0.007321775,0.0014368865
403935.jpg,0.85923404,0.13902546,0.001224924,0.00051557255
403936.jpg,0.007113381,0.9530988,0.0043840967,0.035403766
403937.jpg,0.97381777,0.02526874,0.0007100816,0.00020347639
403938.jpg,0.029621312,0.96514016,0.0006740194,0.0045644804
403939.jpg,0.0720545,0.006756315,0.92099315,0.00019594816
403940.jpg,0.09761118,0.90069085,0.00042172862,0.0012761725
403941.jpg,0.23019709,0.7676218,0.000983637,0.0011974223
403942.jpg,0.9038202,0.09345325,0.0024319666,0.00029460588
403943.jpg,0.9216466,0.07712927,0.000937801,0.00028629895
403944.jpg,0.9699364,0.029501757,0.00043247806,0.00012941827
403945.jpg,0.07933224,0.91790336,0.0013795082,0.0013848584
403946.jpg,0.58915955,0.4086447,0.001147739,0.0010480231
403947.jpg,0.005690217,0.123820186,0.16649932,0.7039903
403948.jpg,0.9401557,0.058833707,0.0007215459,0.00028909228
403949.jpg,0.26199284,0.71750647,0.013250633,0.0072500478
403950.jpg,0.97149426,0.027617512,0.00061795214,0.00027024702
403951.jpg,0.21189423,0.78607804,0.00086585333,0.0011618547
403952.jpg,0.014529977,0.06964587,0.3532444,0.5625798
403953.jpg,0.22240078,0.7739431,0.0009897739,0.002666371
403954.jpg,0.018237477,0.17402251,0.28051972,0.5272203
403955.jpg,0.063212775,0.934063,0.0013825106,0.0013416801
403956.jpg,0.170179,0.82524365,0.0010433932,0.0035340062
403957.jpg,0.37180328,0.6250536,0.0020143886,0.0011287272
403958.jpg,0.043166887,0.38156867,0.36393037,0.21133406
403959.jpg,0.05005644,0.9223747,0.0021366952,0.025432141
403960.jpg,0.8677459,0.13122492,0.00055783085,0.00047130778
403961.jpg,0.86639094,0.13267474,0.0006499109,0.00028437705
403962.jpg,0.9600765,0.038988564,0.00066340336,0.00027153012
403963.jpg,0.24928446,0.6460673,0.0951247,0.009523536
403964.jpg,0.010526765,0.72950894,0.008999105,0.25096515
403965.jpg,0.39442495,0.6002212,0.0029493999,0.0024043883
403966.jpg,0.9684355,0.031001836,0.00045594038,0.00010667132
403967.jpg,0.8454962,0.1536755,0.0004993575,0.0003289797
403968.jpg,0.00016374992,0.0014108279,0.0004733221,0.99795216
403969.jpg,0.37873197,0.6196552,0.00095443777,0.0006584584
403970.jpg,0.24516428,0.3551182,0.37765536,0.022062192
403971.jpg,0.5328478,0.45835158,0.008028962,0.000771618
403972.jpg,0.9846342,0.014891959,0.00037269885,0.00010102763
403973.jpg,0.96513194,0.03401075,0.00060142734,0.0002558899
403974.jpg,0.60433537,0.38695088,0.0014529788,0.007260718
403975.jpg,0.9466093,0.05261066,0.0005891213,0.00019091931
403976.jpg,0.12394407,0.8723746,0.0014186228,0.0022626978
403977.jpg,0.9758894,0.023568032,0.00037747808,0.00016506754
403978.jpg,0.32035968,0.67662627,0.0016327823,0.0013812026
403979.jpg,0.024240166,0.9728563,0.00036150342,0.002542017
403980.jpg,0.52339077,0.47496405,0.000683219,0.0009619261
403981.jpg,0.35508433,0.64190614,0.0013823785,0.0016271352
403982.jpg,0.26218256,0.73416734,0.00085647375,0.0027935996
403983.jpg,0.33287138,0.65973914,0.0015682899,0.0058211884
403984.jpg,0.2838799,0.7096071,0.004561901,0.0019510904
403985.jpg,0.11333864,0.8842006,0.0004714455,0.0019892969
403986.jpg,0.85658526,0.13988078,0.0027478563,0.0007861096
403987.jpg,0.7798845,0.21565457,0.0033831575,0.0010778144
403988.jpg,0.0537629,0.92060184,0.00053103553,0.025104253
403989.jpg,0.9745879,0.024868028,0.00039584367,0.00014821604
403990.jpg,0.5452964,0.45247543,0.0013140993,0.0009140959
403991.jpg,0.6395082,0.35882273,0.0008387453,0.0008303832
403992.jpg,0.6821599,0.23242502,0.08486235,0.00055269717
403993.jpg,0.2284829,0.7646144,0.0015373685,0.00536528
403994.jpg,0.45231903,0.54531294,0.00068609766,0.0016818959
403995.jpg,0.021645188,0.96014005,0.0028126456,0.015402112
403996.jpg,0.26149192,0.7308898,0.0029547128,0.0046635973
403997.jpg,0.62383354,0.37392917,0.0015487989,0.00068845996
403998.jpg,0.5642827,0.4338827,0.000841755,0.0009927867
403999.jpg,0.89328384,0.105419636,0.0009591196,0.00033735423
404000.jpg,0.2933848,0.70302314,0.0019141462,0.0016779496
404001.jpg,0.18095,0.8144596,0.001406558,0.0031838247
404002.jpg,0.984929,0.014559697,0.0003982313,0.00011305746
404003.jpg,0.9596791,0.0391982,0.0009014555,0.00022122647
404004.jpg,0.020802986,0.9738583,0.002255598,0.0030831331
404005.jpg,0.31554756,0.67694634,0.001473018,0.0060330904
404006.jpg,0.3431277,0.6029001,0.013992296,0.03997993
404007.jpg,0.27361554,0.72475404,0.0006058247,0.001024648
404008.jpg,0.031673133,0.9607007,0.0011999152,0.006426266
404009.jpg,0.65323925,0.3421619,0.0020315896,0.0025672824
404010.jpg,0.0072139404,0.054902542,0.37105885,0.5668246
404011.jpg,0.87999487,0.117854536,0.0011453266,0.0010052758
404012.jpg,0.6796351,0.3175486,0.0021449917,0.0006713119
404013.jpg,0.53836983,0.4583454,0.002004894,0.0012798315
404014.jpg,0.15230238,0.83026624,0.012146298,0.0052851154
404015.jpg,0.97512954,0.02437639,0.00037146508,0.00012260868
404016.jpg,0.1974939,0.40898988,0.38832912,0.0051871454
404017.jpg,0.73912066,0.2582895,0.0014020628,0.0011877842
404018.jpg,0.3515738,0.3071591,0.33272868,0.0085384175
404019.jpg,0.9599552,0.03934864,0.00056602183,0.0001300815
404020.jpg,0.14308497,0.8418935,0.003190425,0.011831059
404021.jpg,0.13855666,0.85744935,0.0010546242,0.0029392906
404022.jpg,0.16351973,0.5856874,0.24670918,0.004083677
404023.jpg,0.18011737,0.8153415,0.0015011635,0.0030400127
404024.jpg,0.02679538,0.9669986,0.0023449892,0.0038610483
404025.jpg,0.015564837,0.53939277,0.013359416,0.43168294
404026.jpg,0.22521299,0.7717967,0.0011461223,0.0018441741
404027.jpg,0.96341705,0.03609465,0.00034482835,0.00014344217
404028.jpg,0.063262515,0.9283223,0.00063369196,0.0077815126
404029.jpg,0.5769939,0.4177316,0.0027686448,0.0025058559
404030.jpg,0.90312934,0.095867924,0.0006728032,0.00032993103
404031.jpg,0.027002012,0.44342718,0.08828029,0.4412905
404032.jpg,0.69430286,0.30227515,0.0012237205,0.002198248
404033.jpg,0.08471868,0.91189575,0.002292962,0.0010925947
404034.jpg,0.17236733,0.82245535,0.00146871,0.0037086501
404035.jpg,0.30803037,0.6893284,0.0011015983,0.0015396331
404036.jpg,0.9691021,0.030272149,0.00047319007,0.00015252225
404037.jpg,0.027773371,0.9687695,0.0011888924,0.0022682175
404038.jpg,0.9602828,0.039044093,0.0005410877,0.00013200409
404039.jpg,0.90107316,0.097686954,0.00075993856,0.00047993008
404040.jpg,0.098936535,0.89691323,0.0006687948,0.0034814563
404041.jpg,0.36348596,0.63406295,0.0011144263,0.0013366839
404042.jpg,0.9825372,0.016770666,0.00060563604,8.654476e-05
404043.jpg,0.98012906,0.019330094,0.00045647836,8.435396e-05
404044.jpg,0.7016292,0.2954119,0.0020133602,0.00094545895
404045.jpg,0.3479637,0.6481064,0.002624422,0.0013055038
404046.jpg,0.95536184,0.043973114,0.00047398137,0.00019111096
404047.jpg,0.97856903,0.020190334,0.0011052034,0.000135397
404048.jpg,0.2590849,0.7384203,0.0006623875,0.0018324262
404049.jpg,0.96514076,0.034125865,0.0005438909,0.00018949299
404050.jpg,0.39082834,0.592793,0.0026824677,0.013696217
404051.jpg,0.9473751,0.05191475,0.00042138636,0.00028866067
404052.jpg,0.80953455,0.1884806,0.0014310033,0.00055377075
404053.jpg,0.36059347,0.6356766,0.0017214295,0.0020084335
404054.jpg,0.72211236,0.27624357,0.0012888262,0.00035528038
404055.jpg,0.3614849,0.6330897,0.0037477093,0.0016776413
404056.jpg,0.039202422,0.28000638,0.3668805,0.31391075
404057.jpg,0.75563794,0.2396165,0.0032406521,0.001504966
404058.jpg,0.49244106,0.5018468,0.004855442,0.00085666054
404059.jpg,0.56696635,0.43036318,0.0013790382,0.001291383
404060.jpg,0.00039464352,0.00015057262,0.9810336,0.018421164
404061.jpg,0.1540799,0.83083105,0.0028008914,0.012288202
404062.jpg,0.9586069,0.04045927,0.00065198896,0.0002819118
404063.jpg,0.5930969,0.3948226,0.0017134914,0.010367
404064.jpg,0.017177736,0.7359867,0.006196491,0.24063905
404065.jpg,0.3553748,0.64250606,0.0010153478,0.0011038111
404066.jpg,0.84542245,0.15232807,0.0017758757,0.0004736404
404067.jpg,0.8247843,0.17378616,0.0009952864,0.00043423023
404068.jpg,0.21969698,0.75398445,0.0094389105,0.016879622
404069.jpg,0.95121366,0.04802258,0.00049879035,0.0002649959
404070.jpg,0.7745696,0.22365654,0.0012344373,0.00053941715
404071.jpg,0.9521963,0.047148302,0.0004903744,0.00016501761
404072.jpg,0.82616657,0.17222637,0.0010317209,0.00057539047
404073.jpg,0.66970515,0.32521555,0.003629501,0.0014498308
404074.jpg,0.014220265,0.97561216,0.0016259215,0.008541617
404075.jpg,0.39347067,0.6049858,0.000884819,0.0006587278
404076.jpg,0.9702967,0.028816542,0.0006839792,0.00020274345
404077.jpg,0.9469288,0.050999567,0.0016010049,0.00047067684
404078.jpg,0.0016730321,0.353272,0.0019723235,0.6430826
404079.jpg,0.89820933,0.10010097,0.00139999,0.00028971862
404080.jpg,0.123247504,0.8185806,0.0036968726,0.05447501
404081.jpg,0.7590816,0.22516465,0.012026422,0.0037272933
404082.jpg,0.58993846,0.4049084,0.0046096803,0.00054342934
404083.jpg,0.18484797,0.80539894,0.0024218373,0.007331224
404084.jpg,0.9811627,0.018287793,0.0003855462,0.0001639743
404085.jpg,0.16053088,0.83633566,0.0012153779,0.0019180508
404086.jpg,0.9472246,0.05196232,0.0005336317,0.00027940058
404087.jpg,0.31684434,0.68145496,0.0008819735,0.0008187776
404088.jpg,0.49798784,0.49933016,0.0007023528,0.0019796458
404089.jpg,0.9674553,0.03135841,0.0010330376,0.00015331844
404090.jpg,0.044445604,0.94479686,0.0046766535,0.0060808077
404091.jpg,0.8971029,0.10192346,0.0006206068,0.00035299678
404092.jpg,0.97936803,0.020134758,0.00037647082,0.000120709614
404093.jpg,0.64341474,0.3505939,0.0041687177,0.0018226613
404094.jpg,0.97424555,0.024926446,0.0007074962,0.00012054219
404095.jpg,0.1312427,0.45716134,0.050301358,0.3612946
404096.jpg,0.7162836,0.2786803,0.0014537089,0.003582348
404097.jpg,0.049504053,0.9477946,0.0011971426,0.0015041434
404098.jpg,0.0899404,0.9074163,0.00082972186,0.0018136342
404099.jpg,0.16310005,0.8086803,0.0026998047,0.025519872
404100.jpg,0.03738587,0.958616,0.00087962457,0.0031185327
404101.jpg,0.06593823,0.93120193,0.0016050149,0.0012548446
404102.jpg,0.95357484,0.04560562,0.00048242378,0.00033713973
404103.jpg,0.07988434,0.915265,0.0011368458,0.0037137263
404104.jpg,0.9032698,0.09570361,0.00086393725,0.00016261514
404105.jpg,0.4566598,0.5399666,0.0011653457,0.0022082601
404106.jpg,0.39802852,0.5859669,0.015210785,0.00079376396
404107.jpg,0.7675441,0.23103996,0.000828101,0.0005878371
404108.jpg,0.98084897,0.01838933,0.0006351862,0.00012647774
404109.jpg,0.042772394,0.9550056,0.0006205327,0.0016015082
404110.jpg,0.42271748,0.29551536,0.28032172,0.0014454654
404111.jpg,0.1724326,0.22865753,0.5934209,0.0054889345
404112.jpg,0.2163772,0.7783416,0.001146224,0.004134974
404113.jpg,0.72419566,0.2736815,0.0013856649,0.00073724287
404114.jpg,0.7278347,0.27087298,0.0007438779,0.0005484085
404115.jpg,0.13382109,0.8635793,0.00093620573,0.0016634393
404116.jpg,0.97234744,0.02649387,0.0010172755,0.00014148255
404117.jpg,0.47376916,0.52287567,0.0013920489,0.0019631495
404118.jpg,0.106364965,0.8849346,0.0010022289,0.0076981597
404119.jpg,0.66986084,0.32564035,0.0025943008,0.0019045292
404120.jpg,0.00087676104,0.0022416455,0.5192036,0.47767797
404121.jpg,0.9698405,0.029593518,0.00034461613,0.00022134068
404122.jpg,0.95659596,0.04277888,0.00050142995,0.00012370117
404123.jpg,0.921642,0.07764187,0.00051053386,0.00020562687
404124.jpg,0.09574139,0.90148926,0.0014817581,0.0012875559
404125.jpg,0.83015615,0.16805983,0.0011976635,0.0005864191
404126.jpg,0.5284815,0.4694312,0.001050442,0.0010368511
404127.jpg,0.10320493,0.8911597,0.0015292517,0.004106096
404128.jpg,0.20756948,0.7898776,0.0012171686,0.0013358094
404129.jpg,0.29117894,0.70659065,0.0005770631,0.0016533764
404130.jpg,0.21156698,0.7361019,0.02731663,0.025014373
404131.jpg,0.06860081,0.8828406,0.039840713,0.008717876
404132.jpg,0.9274254,0.07145491,0.0007836015,0.000336081
404133.jpg,0.8730275,0.12554821,0.0007315299,0.000692788
404134.jpg,0.9079819,0.09133788,0.00047384508,0.00020632635
404135.jpg,0.39029002,0.25293747,0.3560076,0.00076490134
404136.jpg,0.033331063,0.9620669,0.0023005446,0.0023014906
404137.jpg,0.95908576,0.03996208,0.0007911401,0.00016098637
404138.jpg,0.87173,0.12672289,0.0013191813,0.00022789634
404139.jpg,0.025189033,0.96819526,0.0018491672,0.0047664302
404140.jpg,0.36725697,0.6306682,0.00096627785,0.0011085632
404141.jpg,0.37555507,0.6216793,0.0017394213,0.0010261626
404142.jpg,0.97768205,0.021851862,0.00033806238,0.00012798897
404143.jpg,0.8164025,0.18180168,0.001289969,0.00050586043
404144.jpg,0.120337784,0.8043911,0.007871686,0.067399435
404145.jpg,0.46500397,0.5297394,0.0017080818,0.0035485718
404146.jpg,0.025749534,0.9426179,0.0006586159,0.030973962
404147.jpg,0.8513441,0.1474319,0.0006666185,0.0005573202
404148.jpg,0.9588395,0.040266663,0.0006748244,0.00021899649
404149.jpg,0.006667374,0.0017963502,0.77574897,0.21578728
404150.jpg,0.049951825,0.9460055,0.00056991,0.0034727454
404151.jpg,0.113075115,0.8837035,0.0018893004,0.0013321372
404152.jpg,0.11158961,0.8848047,0.0018917318,0.0017139226
404153.jpg,0.013236285,0.979516,0.0008231027,0.006424604
404154.jpg,0.7747999,0.22165142,0.0016194275,0.0019292844
404155.jpg,0.02356785,0.9189355,0.00059299293,0.056903694
404156.jpg,0.012460779,0.9753577,0.0019399828,0.010241501
404157.jpg,0.43409207,0.5612567,0.00088663754,0.003764604
404158.jpg,0.22648369,0.7717452,0.0007830817,0.0009880209
404159.jpg,0.5931377,0.4034091,0.0013189609,0.0021341993
404160.jpg,0.08034531,0.71092445,0.037370507,0.17135973
404161.jpg,0.84220046,0.15705992,0.00053903233,0.00020056979
404162.jpg,0.00023406585,0.0001665897,0.9983635,0.0012358694
404163.jpg,0.77719116,0.22187404,0.0005218428,0.00041300536
404164.jpg,0.06825354,0.67771906,0.03572869,0.21829881
404165.jpg,0.37318382,0.6239756,0.001641036,0.0011995404
404166.jpg,0.004001681,0.35614744,0.006974705,0.63287616
404167.jpg,0.01144549,0.9576283,0.00077796075,0.030148238
404168.jpg,0.98068875,0.01875026,0.00045908018,0.00010202484
404169.jpg,0.19484693,0.79418486,0.00086345576,0.010104817
404170.jpg,0.87495995,0.12268925,0.0019682772,0.00038250422
404171.jpg,0.010980246,0.29355702,0.00092203595,0.6945407
404172.jpg,0.026664322,0.9642954,0.00063349825,0.0084067695
404173.jpg,0.9813571,0.01811443,0.00042327974,0.00010517063
404174.jpg,0.77907103,0.21858995,0.0014166887,0.00092239474
404175.jpg,0.07615509,0.9145832,0.00733264,0.0019289957
404176.jpg,0.6576776,0.34092963,0.00056409906,0.0008287107
404177.jpg,0.093539655,0.89875156,0.0033506108,0.004358158
404178.jpg,0.14096035,0.8279515,0.020257888,0.010830279
404179.jpg,0.41950417,0.57787067,0.0008581195,0.0017670108
404180.jpg,0.9774925,0.02171498,0.00066048565,0.00013210725
404181.jpg,0.04266648,0.8417185,0.008151586,0.10746348
404182.jpg,0.012254651,0.2402836,0.2694817,0.47798005
404183.jpg,0.017530886,0.97376376,0.0005572853,0.008148014
404184.jpg,0.7628606,0.23536737,0.0005951275,0.0011769222
404185.jpg,0.24174769,0.7538398,0.0016968701,0.0027156489
404186.jpg,0.30952707,0.68783325,0.0013472204,0.001292504
404187.jpg,0.1703072,0.82253796,0.0042213243,0.002933489
404188.jpg,0.96010953,0.03845659,0.0010861976,0.0003476632
404189.jpg,0.1540892,0.84127235,0.0009124656,0.0037259422
404190.jpg,0.97627705,0.023197949,0.00036667206,0.00015831077
404191.jpg,0.96143216,0.03804009,0.0003584431,0.0001693386
404192.jpg,0.9650201,0.034361586,0.00044431558,0.00017401388
404193.jpg,0.8743577,0.12455497,0.00072526257,0.00036204225
404194.jpg,0.6093929,0.3881398,0.0010255458,0.0014417766
404195.jpg,0.6965165,0.29947975,0.0034471808,0.0005565122
404196.jpg,0.35779583,0.635494,0.0049196566,0.0017904993
404197.jpg,0.6313018,0.36610103,0.0008148492,0.001782348
404198.jpg,0.21327622,0.13252161,0.30147484,0.35272732
404199.jpg,0.79788226,0.20070344,0.0007608629,0.00065346574
404200.jpg,0.12445598,0.87253743,0.001188767,0.0018178286
404201.jpg,0.120323144,0.87749845,0.0009762044,0.0012021875
404202.jpg,0.86109835,0.13759238,0.0006929661,0.0006162988
404203.jpg,0.78810453,0.21083806,0.0004996234,0.00055774726
404204.jpg,0.05247573,0.8580742,0.07604752,0.013402593
404205.jpg,0.9182474,0.080271654,0.0011151616,0.00036585843
404206.jpg,0.5139874,0.48123375,0.0017014326,0.0030773908
404207.jpg,0.8871086,0.11154296,0.0009917588,0.00035656407
404208.jpg,0.013980568,0.17962416,0.015724106,0.79067117
404209.jpg,0.8945031,0.10450756,0.0007739857,0.00021529286
404210.jpg,0.50184995,0.4954513,0.0012719358,0.0014268312
404211.jpg,0.95906806,0.040389527,0.0004230428,0.000119351
404212.jpg,0.14805584,0.8411018,0.0040531894,0.0067891837
404213.jpg,0.06268775,0.9322331,0.0030547522,0.0020244543
404214.jpg,0.02700155,0.97062176,0.00089991256,0.0014768428
404215.jpg,0.6448672,0.35211754,0.0022488192,0.0007665201
404216.jpg,0.9237931,0.075460084,0.0005216606,0.00022515767
404217.jpg,0.23156555,0.764798,0.0024582904,0.0011781246
404218.jpg,0.64041877,0.35686573,0.000832624,0.0018828427
404219.jpg,0.616746,0.37534133,0.0059768907,0.001935724
404220.jpg,0.16022398,0.83740205,0.00073339767,0.0016406421
404221.jpg,0.32302406,0.6717333,0.0023409293,0.002901736
404222.jpg,0.04810081,0.94837123,0.0017150909,0.0018128077
404223.jpg,0.92832404,0.070405304,0.0010693185,0.00020134244
404224.jpg,0.78089124,0.21664377,0.001884326,0.0005806571
404225.jpg,0.96112555,0.038230877,0.0005162279,0.00012728818
404226.jpg,0.71677333,0.28037664,0.0015348945,0.0013150523
404227.jpg,0.95358056,0.045470376,0.0006715324,0.00027756882
404228.jpg,0.6947014,0.30171037,0.0026304678,0.000957846
404229.jpg,0.94164973,0.057391733,0.0006319902,0.00032646328
404230.jpg,0.981942,0.017398244,0.00054009113,0.00011967635
404231.jpg,0.14761318,0.84639186,0.0040984894,0.0018965295
404232.jpg,0.7183976,0.27970687,0.00087933196,0.0010161168
404233.jpg,0.055191055,0.93747693,0.004710318,0.002621664
404234.jpg,0.052762676,0.9415892,0.0011484218,0.0044997735
404235.jpg,0.14716661,0.8488631,0.0011550991,0.0028151583
404236.jpg,0.9628074,0.036654364,0.0004242015,0.00011404025
404237.jpg,0.5852646,0.40789434,0.0021276763,0.004713364
404238.jpg,0.15590757,0.7140765,0.023773156,0.10624274
404239.jpg,0.076482736,0.8808348,0.0017699722,0.04091249
404240.jpg,0.95147324,0.047948092,0.00043513507,0.00014348186
404241.jpg,0.90333384,0.09541126,0.0008653979,0.000389542
404242.jpg,0.16788392,0.05521193,0.7760427,0.0008614744
404243.jpg,0.12150683,0.8723786,0.0011093391,0.0050052474
404244.jpg,0.4751514,0.52075595,0.002324539,0.0017680413
404245.jpg,0.3515663,0.6460791,0.0016156383,0.00073886215
404246.jpg,0.014283312,0.9810195,0.0005904305,0.004106669
404247.jpg,0.92033863,0.07856567,0.00085908844,0.00023657852
404248.jpg,0.06438284,0.93326694,0.00078813965,0.001562076
404249.jpg,0.9049061,0.0940403,0.0006184226,0.00043522302
404250.jpg,0.6726451,0.3262243,0.00041652503,0.000714096
404251.jpg,0.53730613,0.45067015,0.009227348,0.0027963652
404252.jpg,0.7258275,0.27134374,0.0017739908,0.001054765
404253.jpg,0.32683814,0.6708531,0.0012816495,0.0010271436
404254.jpg,0.55286664,0.44126454,0.001976065,0.003892767
404255.jpg,0.52482027,0.46871176,0.005666636,0.00080130453
404256.jpg,0.021333292,0.672185,0.17076723,0.13571446
404257.jpg,0.33291498,0.66573244,0.0005630429,0.0007894743
404258.jpg,0.039526332,0.9488819,0.00067379605,0.010917895
404259.jpg,0.0065460033,0.9324746,0.007369866,0.05360948
404260.jpg,0.7950129,0.20151423,0.0027087415,0.0007642012
404261.jpg,0.96399075,0.034641195,0.0012070757,0.00016091025
404262.jpg,0.68287635,0.31451192,0.0018772626,0.00073442626
404263.jpg,0.5953991,0.40237236,0.0012095828,0.0010189825
404264.jpg,0.027424663,0.9636505,0.0005468479,0.008377909
404265.jpg,0.9247808,0.07402011,0.000553074,0.0006460231
404266.jpg,0.97569656,0.023202151,0.00090942805,0.0001918315
404267.jpg,0.02764164,0.9635167,0.00062430295,0.008217357
404268.jpg,0.7388837,0.2582586,0.0019616664,0.0008959915
404269.jpg,0.17496282,0.8216472,0.0013419595,0.0020479606
404270.jpg,0.15305416,0.30361632,0.54204535,0.0012841391
404271.jpg,0.0022084923,0.29384312,0.0011576123,0.7027908
404272.jpg,0.58629435,0.41202998,0.0009403401,0.00073537556
404273.jpg,0.6783006,0.3145347,0.005489753,0.0016749301
404274.jpg,0.011898537,0.73097014,0.000681852,0.25644943
404275.jpg,0.363271,0.6318392,0.0014210414,0.0034687053
404276.jpg,0.16321369,0.012342616,0.82401156,0.0004321323
404277.jpg,0.5994325,0.38948336,0.010316124,0.00076790416
404278.jpg,0.95020366,0.04815301,0.0013897832,0.00025358004
404279.jpg,0.21826334,0.7793617,0.0008602873,0.0015145754
404280.jpg,0.037182786,0.7170431,0.048427064,0.19734704
404281.jpg,0.19938447,0.75166124,0.028305009,0.020649314
404282.jpg,0.7093844,0.2885134,0.0011603414,0.0009418454
404283.jpg,0.3789983,0.18186487,0.43845132,0.00068546616
404284.jpg,0.8346254,0.16405271,0.000948698,0.00037314979
404285.jpg,0.9214587,0.077493824,0.0006984778,0.00034899576
404286.jpg,0.6622112,0.33623183,0.0008784186,0.0006786299
404287.jpg,0.026818022,0.9714977,0.00034813222,0.0013362161
404288.jpg,0.016256653,0.9774205,0.00084584934,0.0054770275
404289.jpg,0.7343378,0.26406357,0.00083855516,0.0007600702
404290.jpg,0.61667943,0.37899718,0.0018958747,0.0024275023
404291.jpg,0.03576125,0.96143526,0.00071290607,0.0020906536
404292.jpg,0.20754229,0.12002946,0.6697383,0.0026899807
404293.jpg,0.26285437,0.73542595,0.00074332696,0.0009762843
404294.jpg,0.30900246,0.68845683,0.0009977288,0.0015428738
404295.jpg,0.46436223,0.5332625,0.0011803106,0.0011949459
404296.jpg,0.9603944,0.039059866,0.0003679297,0.00017784878
404297.jpg,0.0030545127,0.07773541,0.0030257537,0.91618437
404298.jpg,0.2045059,0.78434783,0.00678804,0.0043581943
404299.jpg,0.9574346,0.0414954,0.0009062059,0.00016384128
404300.jpg,0.023726052,0.9702413,0.00039984472,0.0056328014
404301.jpg,0.5113242,0.48595333,0.0020345591,0.00068793684
404302.jpg,0.41715053,0.57786924,0.0028658507,0.0021143144
404303.jpg,0.00022420271,0.0016626739,0.0009142083,0.9971989
404304.jpg,0.9602795,0.039279435,0.00028295734,0.00015807511
404305.jpg,0.031082952,0.7597516,0.0005689983,0.20859642
404306.jpg,0.9557302,0.043537047,0.000528464,0.00020429364
404307.jpg,0.021915814,0.9743991,0.0006470285,0.0030380401
404308.jpg,0.015799839,0.16163768,0.54097766,0.28158477
404309.jpg,0.28922,0.7045099,0.003471995,0.0027980823
404310.jpg,0.9704209,0.028941317,0.0004849684,0.0001528251
404311.jpg,0.014713153,0.9809868,0.0009200345,0.0033801438
404312.jpg,0.3436838,0.11797088,0.53792995,0.00041539245
404313.jpg,0.3493061,0.6465995,0.0023338243,0.00176062
404314.jpg,0.0059267543,0.30294266,0.6687905,0.022340091
404315.jpg,0.97119504,0.028036557,0.00055204704,0.000216291
404316.jpg,0.95384455,0.04538551,0.0005711909,0.00019874447
404317.jpg,0.5654277,0.4317422,0.0020531917,0.0007768819
404318.jpg,0.28831545,0.709641,0.00128407,0.00075950596
404319.jpg,0.5485735,0.44721058,0.0017842987,0.0024315992
404320.jpg,0.8596917,0.13635516,0.0035326267,0.00042048897
404321.jpg,0.97120434,0.02812168,0.0005372116,0.00013677136
404322.jpg,0.94718915,0.051523086,0.0010332618,0.00025445604
404323.jpg,0.008766884,0.0052220114,0.7444482,0.24156296
404324.jpg,0.00047916893,0.0008158728,0.39872447,0.5999805
404325.jpg,0.19983304,0.7136895,0.05546796,0.031009538
404327.jpg,0.02740384,0.15050785,0.79227734,0.029810982
404328.jpg,0.040084176,0.95672363,0.0015815018,0.0016107258
404329.jpg,0.9207301,0.07825927,0.00071438117,0.00029624076
404330.jpg,0.22077024,0.7767299,0.0010984424,0.0014013959
404331.jpg,0.035681456,0.9563363,0.0006727477,0.0073094894
404332.jpg,0.7008613,0.2972131,0.001245206,0.00068039517
404333.jpg,0.6260875,0.28563017,0.08785776,0.00042457678
404334.jpg,0.9550352,0.043812234,0.00084590045,0.0003065813
404335.jpg,0.22793822,0.6728227,0.07669818,0.022540906
404336.jpg,0.04125214,0.9024303,0.00088012597,0.05543743
404337.jpg,0.95889544,0.04006353,0.0007558698,0.00028511576
404338.jpg,0.08238255,0.4098524,0.31380227,0.19396277
404339.jpg,0.6128236,0.3852879,0.0011944274,0.00069405447
404340.jpg,0.2102768,0.7863777,0.0017530782,0.0015924409
404341.jpg,0.053248215,0.9379665,0.0053364406,0.0034488898
404342.jpg,0.22804551,0.77022487,0.0010322165,0.00069734995
404343.jpg,0.07559607,0.9221671,0.0009215246,0.0013152821
404344.jpg,0.8162436,0.18223274,0.00067806937,0.00084553723
404345.jpg,0.868259,0.12928866,0.0021514867,0.000300798
404346.jpg,0.30131474,0.6910369,0.004605297,0.0030431366
404347.jpg,0.15078475,0.8470238,0.00083353795,0.0013579153
404348.jpg,0.01553373,0.9799606,0.000681588,0.0038241483
404349.jpg,0.016309902,0.9512053,0.016789896,0.01569488
404350.jpg,0.08798703,0.90929383,0.0010281756,0.0016909562
404351.jpg,0.9714665,0.028020574,0.0004051406,0.00010780928
404352.jpg,0.23320027,0.7636431,0.0009802104,0.002176468
404353.jpg,0.3414149,0.65504974,0.0013912129,0.002144112
404354.jpg,0.5250892,0.46838108,0.004484615,0.0020450654
404355.jpg,0.33581385,0.064632215,0.5848411,0.014712859
404356.jpg,0.06589403,0.032634135,0.59765667,0.30381513
404357.jpg,0.084891014,0.8967056,0.0007083654,0.01769497
404358.jpg,0.042859524,0.93912524,0.00047875496,0.017536463
404359.jpg,0.033694338,0.9624448,0.00038525063,0.0034756616
404360.jpg,0.7743085,0.224051,0.0012197332,0.00042074802
404361.jpg,0.6073315,0.119778216,0.27164894,0.0012412994
404362.jpg,0.45852184,0.53806263,0.0019678678,0.0014477079
404363.jpg,0.97556895,0.02387815,0.00039200473,0.0001608742
404364.jpg,0.37137166,0.62381494,0.0018870585,0.002926315
404365.jpg,0.5149557,0.48208943,0.0012033534,0.0017514838
404366.jpg,0.8711097,0.12788105,0.0005114774,0.00049767277
404367.jpg,0.40939704,0.5888667,0.0010074176,0.00072881725
404368.jpg,0.014134693,0.477607,0.06870813,0.4395502
404369.jpg,0.31323048,0.68285364,0.0026857222,0.0012301547
404370.jpg,0.015416649,0.9804978,0.000837004,0.0032486012
404371.jpg,0.7633503,0.22907186,0.006298598,0.0012792504
404372.jpg,0.4264308,0.5702109,0.0016583657,0.0017000041
404373.jpg,0.98387605,0.01573013,0.00031057512,8.320075e-05
404374.jpg,0.29387936,0.7023975,0.000986645,0.0027364742
404375.jpg,0.94436246,0.054012865,0.0013103267,0.00031433982
404376.jpg,0.9676113,0.031782754,0.0004814974,0.00012445985
404377.jpg,0.95795107,0.041522413,0.00037538877,0.00015107925
404378.jpg,0.9130807,0.08611118,0.00044229432,0.00036582348
404379.jpg,0.13074718,0.7565029,0.0009832544,0.111766525
404380.jpg,0.032063875,0.95947677,0.0010689887,0.0073903487
404381.jpg,0.093986906,0.14140722,0.380241,0.38436484
404382.jpg,0.9104743,0.08872491,0.00054272526,0.00025801762
404383.jpg,0.43741116,0.5597514,0.001127621,0.0017098378
404384.jpg,0.32903454,0.65505534,0.014854175,0.0010559798
404385.jpg,0.29337493,0.6412303,0.054141715,0.0112531185
404386.jpg,0.9605203,0.036942236,0.0023991375,0.00013821611
404387.jpg,0.7862055,0.21290511,0.00042714505,0.00046225733
404388.jpg,0.7723775,0.22609676,0.00091517204,0.0006106293
404389.jpg,0.044832204,0.8378226,0.07364468,0.043700594
404390.jpg,0.15488856,0.8417497,0.0011298278,0.0022318575
404391.jpg,0.6268435,0.37162033,0.00091178966,0.00062436826
404392.jpg,0.72044736,0.27808514,0.0009662321,0.00050125667
404393.jpg,0.47830108,0.5171352,0.0031366267,0.0014270764
404394.jpg,0.07881614,0.91846794,0.000728702,0.0019872028
404395.jpg,0.718396,0.27839142,0.0012562257,0.001956355
404396.jpg,0.57285446,0.42500508,0.0011680778,0.00097246334
404397.jpg,0.7240858,0.27382073,0.001263655,0.0008298368
404398.jpg,0.9722533,0.027138514,0.00043699305,0.00017112278
404399.jpg,0.05431968,0.93942374,0.0025965958,0.0036599424
404400.jpg,0.24264377,0.7549998,0.001269618,0.0010868377
404401.jpg,0.21484731,0.7818801,0.0007818635,0.0024908383
404402.jpg,0.9026861,0.0963245,0.0006220022,0.00036733315
404403.jpg,0.41301408,0.5854998,0.00076685037,0.0007192422
404404.jpg,0.8730922,0.12579887,0.00079340715,0.00031561524
404405.jpg,0.1545086,0.8418003,0.0024515388,0.0012395474
404406.jpg,0.9395465,0.059059247,0.000869277,0.0005250177
404407.jpg,0.84781915,0.15006268,0.0015099397,0.0006082509
404408.jpg,0.013408743,0.9458447,0.0016738866,0.039072655
404409.jpg,0.013970576,0.9691441,0.0012475118,0.015637776
404410.jpg,0.35197774,0.6461353,0.0006233311,0.0012636387
404411.jpg,0.106382005,0.89091015,0.000808441,0.0018993892
404412.jpg,0.031585217,0.96630543,0.00046300204,0.0016463151
404413.jpg,0.29459614,0.7013839,0.0014070749,0.0026128357
404414.jpg,0.12795138,0.6698428,0.029065369,0.17314042
404415.jpg,0.7077556,0.28878292,0.0010337062,0.0024277421
404416.jpg,0.96572185,0.033138122,0.00088869914,0.00025133655
404417.jpg,0.95301515,0.04634818,0.00047452448,0.00016206322
404418.jpg,0.97092897,0.028020784,0.00090784306,0.00014240298
404419.jpg,0.5033576,0.48580894,0.0075253043,0.0033082094
404420.jpg,0.9046426,0.09472131,0.00042582644,0.00021029379
404421.jpg,0.67578226,0.3221545,0.0014916348,0.00057156093
404422.jpg,0.78462356,0.21356596,0.0010781246,0.0007323772
404423.jpg,0.93017626,0.06871899,0.00077980506,0.00032490122
404424.jpg,0.13597526,0.85851365,0.0010692136,0.004441832
404425.jpg,0.09499393,0.8974573,0.004146032,0.00340279
404426.jpg,0.94656914,0.05250518,0.0007654596,0.00016020519
404427.jpg,0.90336984,0.09510153,0.0010662363,0.00046241892
404428.jpg,0.14506017,0.845283,0.0062409695,0.0034159292
404429.jpg,0.39840946,0.08333939,0.51596403,0.002287137
404430.jpg,0.6618247,0.33574414,0.0018091794,0.0006219278
404431.jpg,0.024132797,0.964235,0.0024605927,0.0091716265
404432.jpg,0.21762986,0.77968985,0.0011695975,0.0015106327
404433.jpg,0.29166535,0.7041702,0.0018014204,0.00236297
404434.jpg,0.30825818,0.6891587,0.00087013334,0.001713033
404435.jpg,0.611448,0.365312,0.002942255,0.020297758
404436.jpg,0.96291924,0.036455937,0.00048473696,0.00014010562
404437.jpg,0.97023994,0.029169882,0.0004446004,0.00014551969
404438.jpg,0.95295125,0.046084654,0.0008095212,0.00015459937
404439.jpg,0.029062094,0.9679963,0.0009713134,0.0019703282
404440.jpg,0.5687268,0.42905116,0.00077198935,0.0014501269
404441.jpg,0.37462497,0.6230293,0.0008817919,0.0014639292
404442.jpg,0.09339125,0.9008358,0.0028129655,0.0029598789
404443.jpg,0.9303953,0.06854402,0.00081945927,0.00024127382
404444.jpg,0.5103646,0.47943094,0.009174836,0.0010295801
404445.jpg,0.7101051,0.150263,0.0037223902,0.13590951
404446.jpg,0.009042436,0.60738933,0.0013091589,0.38225904
404447.jpg,0.044979688,0.9487855,0.00091044354,0.0053243283
404448.jpg,0.014634986,0.88741875,0.016554955,0.08139128
404449.jpg,0.077462636,0.9164478,0.0014151445,0.0046744216
404450.jpg,0.87181836,0.12663656,0.0012687641,0.00027629736
404451.jpg,0.78071326,0.2179385,0.00096689566,0.00038138372
404452.jpg,0.53445363,0.4592341,0.0049845017,0.0013278449
404453.jpg,0.725167,0.26504493,0.009234984,0.00055315095
404454.jpg,0.9804469,0.019097561,0.0003087148,0.00014682123
404455.jpg,0.035165954,0.9610452,0.0007667492,0.0030220735
404456.jpg,0.47485676,0.5221435,0.0021736585,0.0008260794
404457.jpg,0.2793461,0.045087676,0.025568614,0.64999753
404458.jpg,0.41088042,0.58525485,0.0018590018,0.0020057214
404459.jpg,0.44517437,0.55119276,0.0019324782,0.001700405
404460.jpg,0.90280366,0.09583793,0.0010258447,0.00033255387
404461.jpg,0.62288296,0.3743894,0.00081572327,0.0019119031
404462.jpg,0.45306435,0.5456179,0.00055084826,0.00076691667
404463.jpg,0.45167813,0.54667616,0.00075560814,0.0008901137
404464.jpg,0.5062917,0.49106887,0.0019478481,0.00069158827
404465.jpg,0.8582302,0.13998975,0.0011622607,0.0006177913
404466.jpg,0.2088588,0.7837735,0.0043440056,0.0030237008
404467.jpg,0.010847474,0.71003723,0.0049549215,0.2741604
404468.jpg,0.8346915,0.16453254,0.00048574325,0.00029017412
404469.jpg,0.20755978,0.7881647,0.00071266876,0.0035628574
404471.jpg,0.039096054,0.955211,0.0007337047,0.004959222
404472.jpg,0.6355917,0.36166072,0.0018909974,0.0008566608
404473.jpg,0.4995141,0.32949516,0.16126974,0.009720983
404474.jpg,0.97879076,0.020626722,0.0004482063,0.00013433232
404475.jpg,0.95808095,0.04062611,0.001139549,0.0001534361
404476.jpg,0.8750121,0.12408176,0.00064248353,0.0002636508
404477.jpg,0.19915123,0.79800147,0.0008273861,0.0020199083
404478.jpg,0.785461,0.21294872,0.00084050855,0.0007497275
404479.jpg,0.96084577,0.037761975,0.001070743,0.00032145416
404480.jpg,0.005523238,0.9866975,0.0005053812,0.0072738896
404481.jpg,0.96199733,0.036888704,0.0007619011,0.00035198836
404482.jpg,0.88827205,0.110132396,0.001101154,0.0004944149
404483.jpg,0.4076325,0.58941996,0.0018834692,0.0010640955
404484.jpg,0.30491698,0.692718,0.0014863912,0.00087864464
404485.jpg,0.9567185,0.04254843,0.00054231443,0.00019074716
404486.jpg,0.72707623,0.27123913,0.00087523134,0.00080938125
404487.jpg,0.11577598,0.21866035,0.5548383,0.11072537
404488.jpg,0.0045430884,0.048201937,0.60110277,0.34615222
404489.jpg,0.9531102,0.046063583,0.0004841668,0.0003420702
404490.jpg,0.32455882,0.069845565,0.10130713,0.5042885
404491.jpg,0.7675573,0.23029856,0.0016873707,0.00045683517
404492.jpg,0.7400598,0.2570213,0.0013841031,0.0015348941
404493.jpg,0.6952097,0.30317906,0.0010082034,0.0006030203
404494.jpg,0.7801606,0.21809737,0.0007246421,0.0010173935
404495.jpg,0.00721659,0.3189321,0.31049147,0.3633599
404496.jpg,0.9441933,0.054484453,0.0011099096,0.00021234895
404497.jpg,0.22087617,0.77588993,0.00094952015,0.0022843194
404498.jpg,0.41963172,0.5771672,0.0021530485,0.0010480452
404499.jpg,0.9346688,0.056641687,0.0073115714,0.0013779941
404500.jpg,0.47416952,0.5211622,0.0025595368,0.002108671
404501.jpg,0.12488974,0.8402602,0.03321175,0.0016383255
404502.jpg,0.79252815,0.20194884,0.004844228,0.00067870226
404503.jpg,0.40749273,0.589982,0.0015217112,0.0010036736
404504.jpg,0.14118618,0.19429763,0.23000528,0.43451083
404505.jpg,0.49689782,0.49774086,0.0039625326,0.0013987841
404506.jpg,0.96618825,0.033313975,0.00031844794,0.00017935915
404507.jpg,0.19021153,0.15019785,0.14581198,0.51377857
404508.jpg,0.62412375,0.37386155,0.0011298351,0.00088491867
404509.jpg,0.9618533,0.037344184,0.00061411643,0.00018828998
404510.jpg,0.03155835,0.9614063,0.0039469074,0.0030884575
404511.jpg,0.66769046,0.3306963,0.0008534738,0.0007597704
404512.jpg,0.9673808,0.032108143,0.00037752368,0.00013346192
404513.jpg,0.5375851,0.45930365,0.0012783939,0.0018329131
404514.jpg,0.78237295,0.21583275,0.0011510242,0.00064334477
404515.jpg,0.01352642,0.98211455,0.00055397366,0.0038050443
404516.jpg,0.94427484,0.054506455,0.0007960952,0.00042261774
404517.jpg,0.0952665,0.89570594,0.005216122,0.0038114304
404518.jpg,0.016346147,0.9675791,0.00041946574,0.015655229
404519.jpg,0.16085355,0.8265233,0.0052335854,0.0073895263
404520.jpg,0.0015881747,0.011443228,0.04305023,0.9439184
404521.jpg,0.12098899,0.8768091,0.0011065899,0.0010952239
404522.jpg,0.38106713,0.61517966,0.0019475423,0.0018056537
404523.jpg,0.14134642,0.17522384,0.68076223,0.0026675498
404524.jpg,0.067958266,0.92942816,0.00050898996,0.0021045294
404525.jpg,0.078572415,0.9149952,0.00096494734,0.005467366
404526.jpg,0.89239913,0.10465282,0.0024383634,0.00050965516
404527.jpg,0.52503586,0.47370443,0.0006232204,0.00063650566
404528.jpg,0.9457477,0.052595764,0.0013641665,0.00029235586
404529.jpg,0.877088,0.121810585,0.0006600081,0.00044138325
404530.jpg,0.11117961,0.88696337,0.0005479429,0.0013090782
404531.jpg,0.004223363,0.270865,0.004798473,0.7201132
404532.jpg,0.976607,0.022832593,0.00041424445,0.000146224
404533.jpg,0.16427195,0.14902629,0.06883692,0.6178648
404534.jpg,0.903368,0.09540675,0.00052070856,0.0007045762
404535.jpg,0.30836847,0.6893551,0.0010281104,0.0012484364
404536.jpg,0.949395,0.049601804,0.0008605222,0.00014266586
404537.jpg,0.07029453,0.926385,0.0009908503,0.00232965
404538.jpg,0.8750904,0.1235225,0.0008692422,0.00051785976
404539.jpg,0.028766042,0.9679943,0.0017069093,0.0015327762
404540.jpg,0.18378218,0.44837523,0.33003914,0.037803467
404541.jpg,0.22614364,0.77178305,0.0006916751,0.0013817125
404542.jpg,0.1771454,0.8135231,0.002246119,0.007085357
404543.jpg,0.6911709,0.30691206,0.0011228784,0.0007942075
404544.jpg,0.745231,0.24953842,0.002825451,0.0024052
404545.jpg,0.0002576059,4.1181764e-05,0.99947304,0.00022821443
404546.jpg,0.69633824,0.29951456,0.0014740642,0.0026730783
404547.jpg,0.9484636,0.049412597,0.0018252999,0.00029844942
404548.jpg,0.4609717,0.12548839,0.41146195,0.002077977
404549.jpg,0.51917815,0.47758436,0.0022532064,0.0009842529
404550.jpg,0.843568,0.15559785,0.00048967154,0.0003444396
404551.jpg,0.975894,0.023504628,0.00051286054,8.8478664e-05
404552.jpg,0.37403643,0.6198377,0.0023749247,0.003750962
404553.jpg,0.822413,0.17629535,0.00086451246,0.00042709595
404554.jpg,0.9771223,0.022344068,0.00037885387,0.00015473123
404555.jpg,0.9523709,0.046863973,0.0005388349,0.00022632854
404556.jpg,0.07756471,0.91874623,0.0010653443,0.0026236966
404557.jpg,0.8228235,0.17578475,0.0008528223,0.0005389214
404558.jpg,0.28999922,0.7057497,0.0032173109,0.0010337563
404559.jpg,0.018483527,0.75640243,0.004728394,0.22038569
404560.jpg,0.038856294,0.82545304,0.0023067698,0.13338389
404561.jpg,0.024879798,0.97193074,0.00033954496,0.002849907
404562.jpg,0.17384619,0.82157564,0.0030370962,0.0015410017
404563.jpg,0.98164123,0.017946413,0.0003049923,0.00010734404
404564.jpg,0.014925052,0.80730754,0.0025518055,0.17521559
404565.jpg,0.25696567,0.7397385,0.0015074384,0.0017883527
404566.jpg,0.9658379,0.033318236,0.00066665636,0.00017723988
404567.jpg,0.94241124,0.05660962,0.0004882838,0.00049079274
404568.jpg,0.3147827,0.6834454,0.00074134785,0.0010305968
404569.jpg,0.9780448,0.02136691,0.00047848118,0.00010981099
404570.jpg,0.8870805,0.11189887,0.00066977163,0.00035083166
404571.jpg,0.6265996,0.37173188,0.00087972893,0.00078880484
404572.jpg,0.9676616,0.03171794,0.00047568136,0.0001447564
404573.jpg,0.762007,0.23087466,0.0065940507,0.00052429695
404574.jpg,0.28968474,0.70745593,0.00143235,0.0014268854
404575.jpg,0.5628001,0.43543497,0.00096533267,0.0007995533
404576.jpg,0.9471436,0.05183065,0.00080392585,0.0002218439
404577.jpg,0.58513135,0.33459508,0.0014708204,0.07880272
404578.jpg,0.6185453,0.37982878,0.0012384482,0.00038748828
404579.jpg,0.54486626,0.054868434,0.3712556,0.029009713
404580.jpg,0.80469465,0.1930782,0.0014090076,0.0008181715
404581.jpg,0.5523267,0.440272,0.0017646413,0.0056366827
404582.jpg,0.45942035,0.4250431,0.053747725,0.061788786
404583.jpg,0.061407376,0.917275,0.0016402751,0.019677332
404584.jpg,0.24042046,0.75675726,0.0016112846,0.0012109916
404585.jpg,0.79048014,0.20779884,0.0013982969,0.000322776
404586.jpg,0.2852402,0.704547,0.0008965312,0.009316285
404587.jpg,0.6894739,0.30885074,0.0009118083,0.0007635201
404588.jpg,0.03147818,0.96273,0.00047113048,0.0053206873
404589.jpg,0.9589636,0.04003215,0.0007012637,0.00030302032
404590.jpg,0.21831505,0.7729104,0.0008577763,0.007916715
404591.jpg,0.3130324,0.24287389,0.04315835,0.4009354
404592.jpg,0.975735,0.02344012,0.00060095644,0.0002238691
404593.jpg,0.0016421685,0.00022016074,0.9979908,0.00014691865
404594.jpg,0.002715798,0.0006763598,0.5322883,0.46431956
404595.jpg,0.96179396,0.03745161,0.0005569702,0.0001974238
404596.jpg,0.7328281,0.25168616,0.0079217525,0.0075640096
404597.jpg,0.58789915,0.40685907,0.0045974734,0.0006442812
404598.jpg,0.00017376046,0.00051790406,0.011796042,0.9875123
404599.jpg,0.0042569325,0.24161796,0.021051528,0.73307353
404600.jpg,0.010021791,0.9847037,0.00057496066,0.0046995743
404601.jpg,0.78187466,0.21686816,0.0007540108,0.0005031373
404602.jpg,0.8254009,0.16099606,0.011371861,0.0022311278
404603.jpg,0.08085535,0.90928894,0.0065809283,0.0032748182
404604.jpg,0.022860855,0.6518964,0.08791857,0.23732413
404605.jpg,0.9775149,0.02196004,0.00039704572,0.0001279328
404606.jpg,0.059377205,0.9373734,0.001727242,0.0015222108
404607.jpg,0.87264824,0.12617862,0.0007765915,0.00039652537
404608.jpg,0.9797301,0.019810649,0.00033543826,0.00012369872
404609.jpg,0.39238405,0.6049121,0.0015726868,0.0011311813
404610.jpg,0.8416383,0.15438804,0.00342923,0.00054443005
404611.jpg,0.59470254,0.40313312,0.0009759784,0.0011883896
404612.jpg,0.85905164,0.13977878,0.00082645327,0.0003431506
404613.jpg,0.20541342,0.75884765,0.0069014262,0.028837495
404614.jpg,0.9853771,0.0141128255,0.0004036534,0.000106459076
404615.jpg,0.0048984974,0.61490613,0.0009929206,0.37920249
404616.jpg,0.12374077,0.8722002,0.0009926995,0.0030663984
404617.jpg,0.6917437,0.30343837,0.0039758966,0.00084201567
404618.jpg,0.31653294,0.6791261,0.003339,0.0010019559
404619.jpg,0.96226484,0.037185397,0.00037018675,0.00017960633
404620.jpg,0.009701129,0.92869097,0.0005499471,0.061057955
404621.jpg,0.012293112,0.9831838,0.0007313662,0.003791778
404622.jpg,0.10388125,0.0023028012,0.8937087,0.000107270294
404623.jpg,0.19485585,0.8029878,0.00036015664,0.0017962162
404624.jpg,0.97087663,0.02845733,0.0005601051,0.00010598063
404625.jpg,0.01217145,0.94207215,0.005915848,0.039840527
404626.jpg,0.92398196,0.07487475,0.0008155985,0.00032764068
404627.jpg,0.38915265,0.60375017,0.004869005,0.002228205
404628.jpg,0.1654758,0.82732034,0.001079101,0.0061247316
404629.jpg,0.31957284,0.6610834,0.0024735865,0.016870202
404630.jpg,0.006120442,0.019485286,0.87960166,0.09479267
404631.jpg,0.0032630952,0.045020055,0.8606312,0.09108565
404632.jpg,0.9626778,0.03662014,0.00059339893,0.000108708955
404633.jpg,0.45206332,0.54327005,0.00118041,0.0034862168
404634.jpg,0.6310993,0.23279814,0.10436063,0.031741906
404635.jpg,0.19622235,0.79863745,0.003715369,0.0014247912
404636.jpg,0.9320708,0.06721059,0.0004897803,0.00022880764
404637.jpg,0.60033655,0.39592203,0.003036702,0.0007047345
404638.jpg,0.24147631,0.75477606,0.0016267565,0.0021209044
404639.jpg,0.00029451682,0.008843099,0.00027144706,0.990591
404640.jpg,0.96554637,0.033833962,0.00044274481,0.00017700682
404641.jpg,0.8152358,0.18326898,0.0008803685,0.00061491167
404642.jpg,0.7806282,0.21484093,0.0029452622,0.0015856012
404643.jpg,0.19202894,0.8064975,0.00073103496,0.00074250414
404645.jpg,0.06044948,0.93114203,0.002636493,0.0057720393
404646.jpg,0.928148,0.070944645,0.00064681884,0.0002605937
404647.jpg,0.54045606,0.4567217,0.0010127597,0.001809462
404648.jpg,0.3115351,0.012806793,0.64399636,0.03166173
404649.jpg,0.97119886,0.027908118,0.0005545344,0.00033856314
404650.jpg,0.57493216,0.41457418,0.005769642,0.004723964
404651.jpg,0.75787836,0.24114262,0.0006284874,0.0003504682
404652.jpg,0.8635251,0.13532798,0.0006495315,0.00049736135
404653.jpg,0.92823154,0.06651885,0.0049132314,0.0003364009
404654.jpg,0.00017723996,2.5223659e-05,0.9993481,0.0004495049
404655.jpg,0.64553493,0.35346386,0.0007028643,0.00029835143
404656.jpg,0.9831106,0.01648683,0.00031409887,8.853195e-05
404657.jpg,0.65027004,0.34859046,0.00063168764,0.00050775503
404658.jpg,0.064935215,0.9216688,0.009471475,0.0039244876
404659.jpg,0.14741834,0.84832674,0.0012665029,0.002988417
404660.jpg,0.018623,0.97111607,0.0005821334,0.009678763
404661.jpg,0.5205607,0.19924568,0.2779299,0.0022637853
404662.jpg,0.07570774,0.9216086,0.0008016249,0.0018819789
404663.jpg,0.34110817,0.65432805,0.0019444848,0.002619352
404664.jpg,0.35493264,0.6416026,0.0023037058,0.0011611615
404665.jpg,0.9587061,0.04060078,0.0005241151,0.00016904094
404666.jpg,0.91775656,0.081030436,0.00081532804,0.00039769767
404667.jpg,0.1290425,0.86685115,0.0008033829,0.0033029777
404668.jpg,0.0014487328,0.0019351788,0.2663884,0.7302277
404669.jpg,0.50612396,0.4923563,0.0009712434,0.00054843695
404670.jpg,0.06672816,0.9280391,0.0007362256,0.004496582
404671.jpg,0.3521428,0.6457407,0.000717638,0.0013988409
404672.jpg,0.2888246,0.7078795,0.0011894441,0.0021064465
404673.jpg,0.12126514,0.8770377,0.0007313466,0.00096577866
404674.jpg,0.7125209,0.28462395,0.0010817784,0.0017733574
404676.jpg,0.022923678,0.97494954,0.0003678587,0.0017589548
404677.jpg,0.09246137,0.90222377,0.001899483,0.003415403
404678.jpg,0.9195921,0.0786963,0.0013659486,0.00034570214
404679.jpg,0.0028383506,0.341471,0.41158417,0.24410652
404680.jpg,0.9759024,0.023592884,0.0003398132,0.00016485863
404681.jpg,0.010178841,0.97902036,0.0009257433,0.009874998
404682.jpg,0.6541855,0.34336603,0.0013015888,0.0011468654
404683.jpg,0.8596867,0.13935593,0.00068150536,0.00027587937
404684.jpg,0.17818479,0.8161499,0.002048764,0.0036166522
404685.jpg,0.65891653,0.33707142,0.002451164,0.0015608757
404686.jpg,0.48025647,0.51559216,0.0015220601,0.0026292864
404687.jpg,0.94832736,0.05082496,0.00068794726,0.00015977988
404688.jpg,0.48787424,0.50985193,0.0015665083,0.00070735783
404689.jpg,0.06371474,0.93470603,0.00055674126,0.0010224037
404690.jpg,0.028886804,0.96569365,0.00049846264,0.0049210535
404691.jpg,0.012577438,0.0985209,0.86097115,0.027930489
404692.jpg,0.10250392,0.8943922,0.0015451518,0.0015587783
404693.jpg,0.5890693,0.40915647,0.0010813375,0.0006928646
404694.jpg,0.85307866,0.14533553,0.0012975341,0.0002882242
404695.jpg,0.9845584,0.015064344,0.00027952774,9.767132e-05
404696.jpg,0.014700119,0.9835859,0.000312319,0.0014016479
404697.jpg,0.9848087,0.014554925,0.00053202733,0.000104344654
404698.jpg,0.14096566,0.85402113,0.0018918915,0.0031212913
404699.jpg,0.08677137,0.7673864,0.12929747,0.016544808
404700.jpg,0.02819112,0.7193864,0.039945662,0.21247685
404701.jpg,0.7691589,0.22710197,0.0032831982,0.00045593557
404702.jpg,0.01115562,0.9839728,0.0005230233,0.004348554
404703.jpg,0.6794467,0.31837502,0.0017072046,0.00047103743
404704.jpg,0.3755782,0.62174207,0.00081829214,0.0018614394
404705.jpg,0.97070646,0.028601527,0.0005215903,0.00017044641
404706.jpg,0.6633734,0.33394966,0.0019091144,0.00076780404
404707.jpg,0.8201296,0.17762502,0.0018028119,0.00044269077
404708.jpg,0.6646686,0.33301747,0.0016974126,0.000616527
404709.jpg,0.89841586,0.10065419,0.00045271518,0.00047726682
404710.jpg,0.08273557,0.91288304,0.00070807134,0.0036733402
404711.jpg,0.19508408,0.802851,0.0011553273,0.0009096441
404712.jpg,0.9279825,0.07102219,0.00079943804,0.00019591501
404713.jpg,0.57866555,0.41981646,0.00072600803,0.00079194613
404714.jpg,0.00046241248,0.0005229243,0.7882852,0.21072954
404715.jpg,0.5202083,0.47675347,0.0014814544,0.0015568291
404716.jpg,0.7304938,0.26742435,0.001175695,0.00090619083
404717.jpg,0.41273245,0.5834385,0.0020113199,0.0018177346
404718.jpg,0.7511654,0.24531488,0.0030126972,0.00050699804
404719.jpg,0.0027032478,0.005627656,0.6731191,0.31854996
404720.jpg,0.9445346,0.016750094,0.03806376,0.000651487
404721.jpg,0.40134367,0.060154796,0.53752285,0.000978673
404722.jpg,0.1756285,0.8204644,0.0014571518,0.0024499495
404723.jpg,0.064224266,0.21295708,0.0888426,0.63397604
404724.jpg,0.91665506,0.08237879,0.000677574,0.00028858782
404725.jpg,0.8576679,0.14125358,0.00084252766,0.00023599317
404726.jpg,0.19047298,0.8079954,0.0006549602,0.0008766747
404727.jpg,0.9578187,0.04161579,0.00041005714,0.00015544119
404728.jpg,0.95661134,0.042683173,0.0004881732,0.00021734346
404729.jpg,0.9612213,0.037853703,0.00079103763,0.00013402182
404730.jpg,0.35108617,0.61048055,0.037367366,0.001065876
404731.jpg,0.80573326,0.19249116,0.0012764259,0.0004991759
404732.jpg,0.92470855,0.0745637,0.0003937294,0.00033404477
404733.jpg,0.07163815,0.92368597,0.00070617883,0.00396975
404734.jpg,0.04002555,0.9554332,0.0033668615,0.0011744277
404735.jpg,0.6133655,0.38393173,0.002192451,0.0005103014
404736.jpg,0.9713984,0.028012246,0.00044133098,0.00014799296
404737.jpg,0.002993962,0.14343454,0.0024662914,0.8511052
404738.jpg,0.024299735,0.9726117,0.0007427439,0.0023457578
404739.jpg,0.59954005,0.3989459,0.0008842459,0.0006297647
404740.jpg,0.008831267,0.6160645,0.001081929,0.37402236
404741.jpg,0.93874043,0.060343992,0.0005403916,0.00037525318
404742.jpg,0.321648,0.6746812,0.0016060602,0.0020647992
404743.jpg,0.91318256,0.08545798,0.0009661624,0.00039331088
404744.jpg,0.8538191,0.1441387,0.00092591485,0.0011163533
404745.jpg,0.27806696,0.7159775,0.0035110025,0.0024445008
404746.jpg,0.76478046,0.23291582,0.0011597775,0.0011439797
404747.jpg,0.015706351,0.21822391,0.26213962,0.50393015
404748.jpg,0.0028872378,0.51398355,0.001011202,0.48211792
404749.jpg,0.10749981,0.873115,0.0010564915,0.018328685
404750.jpg,0.9383058,0.056189492,0.005367895,0.0001368175
404751.jpg,0.22366805,0.77374524,0.001469035,0.0011176924
404752.jpg,0.6564209,0.34192201,0.0011828878,0.0004742249
404753.jpg,0.32427135,0.67173624,0.0014326827,0.0025597154
404754.jpg,0.631222,0.35509086,0.010719146,0.0029679656
404755.jpg,0.019222546,0.9775842,0.00043431288,0.0027589584
404756.jpg,0.1988576,0.73270416,0.067481734,0.000956479
404757.jpg,0.009725366,0.046312433,0.07009004,0.8738722
404758.jpg,0.14671381,0.84770775,0.0008083741,0.0047700712
404759.jpg,0.97622436,0.023324603,0.0003185034,0.00013252457
404760.jpg,0.90462905,0.094397224,0.00061292556,0.00036081334
404761.jpg,0.454527,0.5421796,0.0010378035,0.002255615
404762.jpg,0.7003732,0.29598984,0.003038589,0.000598481
404763.jpg,0.9544026,0.044784237,0.0006846895,0.00012849517
404765.jpg,0.096164346,0.89806366,0.0009887493,0.0047831833
404766.jpg,0.3632625,0.63414,0.0015357541,0.0010617077
404767.jpg,0.2727003,0.72435266,0.0014903735,0.0014566208
404768.jpg,0.101396285,0.06305586,0.06597071,0.7695772
404769.jpg,0.72986484,0.26788056,0.0016865721,0.00056802394
404770.jpg,0.8824563,0.115732074,0.0015079301,0.00030363933
404771.jpg,0.7057045,0.29072052,0.0018002625,0.0017746777
404772.jpg,0.010539576,0.83045363,0.017054057,0.14195271
404773.jpg,0.05457322,0.93918514,0.0023658436,0.0038758472
404774.jpg,0.56609327,0.42518306,0.0055454257,0.0031782056
404775.jpg,0.18603873,0.7070122,0.10440862,0.002540485
404776.jpg,0.46919653,0.5283376,0.0011623342,0.0013035665
404777.jpg,0.110001504,0.88009197,0.0016098036,0.008296725
404778.jpg,0.019185336,0.97416085,0.0014476556,0.0052062343
404779.jpg,0.69875413,0.29945004,0.0011670819,0.0006287289
404780.jpg,0.9622438,0.036443003,0.0009776806,0.0003355093
404781.jpg,0.026841393,0.9667384,0.001868655,0.0045515397
404782.jpg,0.9756141,0.023856789,0.00035934677,0.00016976388
404783.jpg,0.74769753,0.25123075,0.00058682583,0.00048489522
404784.jpg,0.031064337,0.4848781,0.14631629,0.33774126
404785.jpg,0.91687363,0.08216483,0.0007701187,0.0001913334
404786.jpg,0.90449256,0.09378543,0.0014405478,0.00028151053
404787.jpg,0.3102983,0.66652685,0.021986313,0.0011885673
404788.jpg,0.07603735,0.92090887,0.001366639,0.001687158
404789.jpg,0.22538303,0.12058992,0.13269375,0.5213333
404790.jpg,0.124466114,0.86735374,0.0021840592,0.005996051
404791.jpg,0.26777518,0.72994375,0.0007777018,0.0015033443
404792.jpg,0.023937732,0.08321278,0.88864803,0.0042015025
404793.jpg,0.41140178,0.5832798,0.0014270935,0.0038913377
404794.jpg,0.23305045,0.0040669935,0.76275134,0.00013120215
404795.jpg,0.9537094,0.045199733,0.00079184707,0.0002989704
404796.jpg,0.04470552,0.9373596,0.015416454,0.0025184874
404797.jpg,0.26787823,0.7250716,0.003256126,0.0037940226
404798.jpg,0.34325805,0.652411,0.0026021171,0.0017288603
404799.jpg,0.94501,0.05435693,0.00050814665,0.00012492308
404800.jpg,0.95164174,0.047637135,0.00044285427,0.00027824152
404801.jpg,0.78874445,0.20888217,0.0017202721,0.00065306784
404802.jpg,0.23225236,0.761837,0.00114021,0.004770486
404803.jpg,0.21826263,0.77909184,0.00063628535,0.0020092428
404804.jpg,0.26022163,0.69264704,0.019858908,0.027272416
404805.jpg,0.80642384,0.19172437,0.0014137387,0.0004380442
404806.jpg,0.9764126,0.022751594,0.0007149433,0.00012087265
404807.jpg,0.81112456,0.1868316,0.0010453508,0.0009985003
404808.jpg,0.9655581,0.03379066,0.0005327017,0.000118517455
404809.jpg,0.43026623,0.56331325,0.0028686186,0.0035519192
404810.jpg,0.9402673,0.05493621,0.004242483,0.00055394246
404811.jpg,0.257304,0.73376566,0.00662826,0.0023020457
404812.jpg,0.65599394,0.3405522,0.0018575712,0.0015962875
404813.jpg,0.9643352,0.03513543,0.00036451957,0.00016482227
404814.jpg,0.84536463,0.15245542,0.0015859669,0.0005939372
404815.jpg,0.00089505693,0.01214229,0.055657405,0.9313052
404816.jpg,0.8446658,0.14652035,0.007794228,0.0010195748
404817.jpg,0.037695084,0.95215106,0.0049672653,0.005186567
404818.jpg,0.9703703,0.028789341,0.0005897993,0.00025063328
404819.jpg,0.67152244,0.32127693,0.0032357175,0.003964864
404820.jpg,0.9526913,0.046793267,0.00033895826,0.00017643372
404821.jpg,0.19278859,0.7927161,0.01283393,0.0016613696
404822.jpg,0.93654567,0.06262445,0.0006442937,0.0001855141
404823.jpg,0.46212387,0.5329923,0.0030276778,0.0018561565
404824.jpg,0.67088455,0.32682052,0.0012346229,0.001060301
404825.jpg,0.935486,0.06333888,0.0008626962,0.00031243425
404826.jpg,0.9776714,0.021796959,0.00044720017,8.444032e-05
404827.jpg,0.5295015,0.46897855,0.0004895819,0.0010303156
404828.jpg,0.9607226,0.038624674,0.0004695979,0.00018309052
404829.jpg,0.07294265,0.9240129,0.0007354049,0.00230904
404830.jpg,0.35958043,0.5371413,0.098493695,0.004784521
404831.jpg,0.14545643,0.8523176,0.00055990386,0.001666081
404832.jpg,0.81501025,0.18225868,0.0022912319,0.00043982864
404833.jpg,0.0340558,0.76094264,0.0057379478,0.19926362
404834.jpg,0.9136648,0.08439053,0.0010483154,0.00089635554
404835.jpg,0.025669927,0.96931714,0.00070022064,0.004312748
404836.jpg,0.59450126,0.4032613,0.0012983788,0.00093905797
404837.jpg,0.8028774,0.19473803,0.0019144233,0.00047017875
404838.jpg,0.49723923,0.49736568,0.0017502261,0.0036448836
404839.jpg,0.5636975,0.4307352,0.0010950534,0.0044722245
404840.jpg,0.010973935,0.98257446,0.002621479,0.0038301393
404841.jpg,0.08782359,0.9100487,0.0006070418,0.0015206599
404842.jpg,0.008818493,0.61134166,0.027420102,0.35241973
404843.jpg,0.18240695,0.81517744,0.001309615,0.0011059736
404844.jpg,0.06984204,0.5483001,0.054765847,0.32709202
404845.jpg,0.95829076,0.041084632,0.00048137808,0.00014330559
404846.jpg,0.594215,0.40425718,0.0007726073,0.00075530657
404847.jpg,0.3246468,0.662621,0.0015440177,0.011188225
404848.jpg,0.23431571,0.7635159,0.0008455597,0.0013228636
404849.jpg,0.90333956,0.09565317,0.00058303005,0.0004242547
404850.jpg,0.024536135,0.97109157,0.00090387923,0.0034683496
404851.jpg,0.85265636,0.14602558,0.0009037026,0.00041435612
404852.jpg,0.4085362,0.5836418,0.0027754754,0.005046509
404853.jpg,0.9662535,0.033134174,0.00044796828,0.00016437261
404854.jpg,0.44839022,0.54817957,0.0024860874,0.0009441218
404855.jpg,0.017627083,0.9464124,0.00043487328,0.03552561
404856.jpg,0.97203344,0.027160143,0.00065042375,0.00015607517
404857.jpg,0.8800223,0.117882244,0.0016989456,0.00039653745
404858.jpg,0.9161822,0.08254427,0.0009942779,0.0002793081
404859.jpg,0.03467362,0.96242696,0.0007707212,0.002128681
404860.jpg,0.010746978,0.50454044,0.027159229,0.4575534
404861.jpg,0.021448975,0.9756906,0.0011150695,0.0017453119
404862.jpg,0.8755004,0.12330135,0.0007596402,0.00043863687
404863.jpg,0.38164425,0.16909383,0.10572774,0.34353423
404864.jpg,0.9170993,0.081656866,0.0008585259,0.00038525948
404865.jpg,0.8974673,0.101783015,0.00052134955,0.0002283835
404866.jpg,0.9320913,0.06531501,0.0022810532,0.00031258093
404867.jpg,0.83359164,0.16418278,0.0017690357,0.0004565708
404868.jpg,0.3500534,0.551306,0.09356216,0.005078417
404869.jpg,0.8327956,0.1651085,0.001516424,0.0005794708
404870.jpg,0.7790057,0.21838379,0.001972076,0.00063844334
404871.jpg,0.98285943,0.016603576,0.00041182278,0.0001252304
404872.jpg,0.97300434,0.026429154,0.00037284163,0.00019366709
404873.jpg,0.013084344,0.9816251,0.00052120857,0.004769357
404874.jpg,0.5834481,0.41350016,0.0007570602,0.0022946463
404875.jpg,0.22428882,0.7730567,0.0017391167,0.0009153723
404876.jpg,0.12524116,0.8686984,0.0019456758,0.004114756
404877.jpg,0.31585857,0.6780839,0.004857261,0.0012002623
404878.jpg,0.7977343,0.20116621,0.00071912847,0.00038034903
404879.jpg,0.76690036,0.23081903,0.0018763723,0.00040422278
404880.jpg,0.69109946,0.3051605,0.002550453,0.0011895957
404881.jpg,0.94591326,0.053272177,0.0004403746,0.00037421403
404882.jpg,0.68610615,0.3123858,0.0010050171,0.0005030516
404883.jpg,0.8073485,0.19127609,0.0009339039,0.00044147656
404884.jpg,0.04119392,0.530098,0.39674303,0.03196503
404885.jpg,0.8901325,0.1086992,0.0007053648,0.0004629394
404886.jpg,0.1983649,0.7990448,0.0009636159,0.001626795
404887.jpg,0.83380955,0.16492613,0.00091559504,0.00034876284
404888.jpg,0.60871714,0.22560042,0.16532798,0.00035442552
404889.jpg,0.23929136,0.7577841,0.0005151648,0.002409369
404890.jpg,0.3554593,0.64227945,0.0010203272,0.0012409317
404891.jpg,0.30885294,0.6380847,0.0023340129,0.05072831
404892.jpg,0.015805392,0.4806579,0.07354739,0.42998934
404893.jpg,0.116901636,0.8798296,0.0014290161,0.0018398113
404894.jpg,0.46668032,0.52974397,0.001289501,0.0022862058
404895.jpg,0.58857125,0.40594292,0.0044097845,0.0010760742
404896.jpg,0.06346727,0.90825653,0.0017078285,0.026568418
404897.jpg,0.89838165,0.1004919,0.0006888644,0.00043759993
404898.jpg,0.14880064,0.32101953,0.034277175,0.49590266
404899.jpg,0.97033215,0.027628442,0.0019222442,0.00011720686
404900.jpg,0.03392327,0.9634436,0.00075520406,0.0018779152
404901.jpg,0.028327769,0.96470827,0.00091689377,0.0060470966
404902.jpg,0.54264134,0.45269552,0.0019462351,0.0027168738
404903.jpg,0.030123308,0.96770245,0.00063062186,0.0015436172
404904.jpg,0.047550287,0.947992,0.0008223667,0.0036353497
404905.jpg,0.9538713,0.04535943,0.00051566464,0.00025354122
404906.jpg,0.6153834,0.38130474,0.0015909602,0.0017209296
404907.jpg,0.16878307,0.7634334,0.06548377,0.0022997982
404908.jpg,0.17451179,0.8236311,0.000725932,0.0011312006
404909.jpg,0.955118,0.04402582,0.00065219105,0.00020391919
404910.jpg,0.04670848,0.94658524,0.0038177865,0.0028884932
404911.jpg,0.00022507079,0.00060227094,0.27902055,0.72015214
404912.jpg,0.7248395,0.27329704,0.0012382661,0.00062513945
404913.jpg,0.9333417,0.06555808,0.00079137954,0.0003089012
404914.jpg,0.47541535,0.5221722,0.0014062073,0.0010062028
404915.jpg,0.93377024,0.065413326,0.00057351956,0.0002429147
404916.jpg,0.8366429,0.16183199,0.0010906069,0.00043452877
404917.jpg,0.0063334443,0.048084646,0.76634765,0.17923427
404918.jpg,0.8504122,0.14857894,0.00071955664,0.0002893353
404919.jpg,0.2339601,0.7634613,0.0008534082,0.0017251886
404920.jpg,0.0384227,0.9598737,0.0004996594,0.0012039808
404921.jpg,0.060959447,0.93454224,0.0011105106,0.0033877539
404922.jpg,0.01750569,0.97997046,0.00047206276,0.0020517642
404923.jpg,0.28600243,0.7096955,0.001066697,0.0032353401
404924.jpg,0.6937397,0.29815784,0.0067719445,0.0013304842
404925.jpg,0.7393644,0.25905547,0.0011322319,0.00044788234
404926.jpg,0.068648614,0.9252879,0.00067980564,0.005383756
404927.jpg,0.05210158,0.9461108,0.00057598244,0.0012115837
404928.jpg,0.85942507,0.13699313,0.003209277,0.00037249865
404929.jpg,0.44506088,0.5520515,0.001879823,0.0010077809
404930.jpg,0.9357051,0.06250762,0.0013720765,0.00041519385
404931.jpg,0.10723406,0.8840788,0.0053955186,0.0032915417
404932.jpg,0.11634666,0.3953546,0.43527105,0.053027663
404933.jpg,0.7319035,0.26372463,0.00242453,0.001947408
404934.jpg,0.35754696,0.6371941,0.0034058485,0.001853148
404935.jpg,0.907526,0.09148344,0.0005728759,0.0004176077
404936.jpg,0.35053423,0.054675758,0.5879468,0.0068432055
404937.jpg,0.9683964,0.03109166,0.00038838372,0.00012356747
404938.jpg,0.97911644,0.020329133,0.0004690787,8.5354375e-05
404939.jpg,0.36545658,0.6310648,0.0011354778,0.0023432062
404940.jpg,0.39693192,0.5984807,0.002265783,0.002321545
404941.jpg,0.9494365,0.049806338,0.0005507416,0.00020637874
404942.jpg,0.0864969,0.9111612,0.0007358647,0.001606055
404943.jpg,0.07907093,0.91868144,0.0007712895,0.0014762525
404944.jpg,0.012406126,0.9002595,0.004347293,0.08298706
404945.jpg,0.3354127,0.6593027,0.0034129787,0.0018716058
404946.jpg,0.26030707,0.7363589,0.0023118511,0.0010222497
404947.jpg,0.31858176,0.66383004,0.0013023595,0.01628583
404948.jpg,0.54475826,0.4532007,0.0011088516,0.00093221385
404949.jpg,0.5796277,0.4188228,0.00084549957,0.00070402987
404950.jpg,0.7624123,0.23580976,0.0011091792,0.0006687595
404951.jpg,0.5122706,0.4748353,0.003927198,0.008966924
404952.jpg,0.14709589,0.08958674,0.75939137,0.0039259065
404953.jpg,0.65528136,0.339246,0.004826249,0.0006464492
404954.jpg,0.28447708,0.7116084,0.002529633,0.0013848335
404955.jpg,0.9391704,0.05831657,0.0020217106,0.0004913136
404956.jpg,0.11892811,0.8792018,0.00064331107,0.0012267687
404957.jpg,0.9714716,0.026316537,0.0021127013,9.9140445e-05
404958.jpg,0.12973271,0.8627663,0.003054594,0.0044463556
404959.jpg,0.40030083,0.3872843,0.20761347,0.004801379
404960.jpg,0.96222395,0.036895063,0.0006066188,0.0002743857
404961.jpg,0.4937751,0.46105942,0.044281095,0.00088440394
404962.jpg,0.0037892584,0.0014466686,0.99468756,7.647748e-05
404963.jpg,0.23041435,0.7656925,0.00062559365,0.0032675536
404964.jpg,0.9347946,0.06407493,0.00074212207,0.00038835267
404965.jpg,0.8232469,0.17344867,0.0021614155,0.0011430663
404966.jpg,0.6168104,0.38120738,0.001083789,0.0008984339
404967.jpg,0.042357743,0.8312034,0.12309604,0.003342849
404968.jpg,0.4622836,0.5340862,0.002659413,0.0009707821
404969.jpg,0.012720839,0.9819815,0.00042024298,0.0048773806
404970.jpg,0.089943,0.90421224,0.0015895764,0.004255205
404971.jpg,0.016252078,0.97950363,0.00055124616,0.0036930672
404972.jpg,0.003771061,0.16389215,0.3633108,0.46902597
404973.jpg,0.073375225,0.91685086,0.0025751682,0.0071986965
404974.jpg,0.004794313,0.89932543,0.0010648216,0.09481538
404975.jpg,0.76183844,0.23701692,0.0008256291,0.00031899067
404976.jpg,0.9829821,0.016510354,0.00043093957,7.663128e-05
404977.jpg,0.17751701,0.81745404,0.0012936087,0.0037353586
404978.jpg,0.8620412,0.13650455,0.0011754492,0.00027889595
404979.jpg,0.97574043,0.023643041,0.0004967912,0.00011971716
404980.jpg,0.02393122,0.96162003,0.0029444192,0.011504314
404981.jpg,0.9637019,0.035479415,0.00067132106,0.00014736505
404982.jpg,0.6570763,0.3375692,0.0028645427,0.002489993
404983.jpg,0.4723495,0.52635324,0.0005830615,0.00071421586
404984.jpg,0.92825466,0.07085767,0.00071856676,0.00016911798
404985.jpg,0.78654385,0.21212822,0.0010377188,0.00029024706
404986.jpg,0.4728749,0.38895068,0.124437936,0.013736476
404987.jpg,0.1984626,0.7986942,0.0007765792,0.0020665608
404988.jpg,0.65329456,0.34361467,0.0023741948,0.00071655837
404989.jpg,0.7994361,0.19909471,0.0010332504,0.00043597165
404990.jpg,0.28612155,0.7112797,0.00120187,0.0013968823
404991.jpg,0.16503042,0.8291149,0.0017250342,0.004129616
404992.jpg,0.97158384,0.027706655,0.00056339876,0.00014601683
404993.jpg,0.44887236,0.25577566,0.29368967,0.001662327
404994.jpg,0.9502475,0.049140755,0.00046449248,0.0001471713
404995.jpg,0.023520106,0.971905,0.0005792651,0.003995692
404996.jpg,0.63708216,0.0971039,0.2322021,0.03361178
404997.jpg,0.69134873,0.30637965,0.0017829444,0.0004887145
404998.jpg,0.010534306,0.81915814,0.053723738,0.11658383
404999.jpg,0.85996133,0.13847263,0.00075645145,0.00080953044
405000.jpg,0.15418762,0.8334758,0.0022983046,0.010038226
405001.jpg,0.057381973,0.9398057,0.0007063837,0.0021060088
405002.jpg,0.27247798,0.72462624,0.0010590226,0.001836832
405003.jpg,0.37200412,0.62581223,0.000979228,0.0012044581
405004.jpg,0.5698475,0.42600474,0.0027527923,0.0013949634
405005.jpg,0.7049815,0.2916132,0.0012263438,0.0021790059
405006.jpg,0.93085414,0.06823676,0.00064806506,0.00026101692
405007.jpg,0.17267661,0.82041955,0.0013892924,0.005514519
405008.jpg,0.59246397,0.40038586,0.0020479625,0.005102237
405009.jpg,0.022744775,0.96885777,0.0004872981,0.007910218
405010.jpg,0.96115726,0.03825245,0.00043860683,0.00015167585
