image,none,infection,ischaemia,both
501000.jpg,0.017299928,0.8981879,0.0555877,0.028924398
501001.jpg,0.0016519304,0.0017782724,0.60595936,0.39061043
501002.jpg,0.61915934,0.27037558,0.079028316,0.031436734
501003.jpg,0.60983527,0.2977983,0.064001426,0.028364986
501004.jpg,0.0038913202,0.034625605,0.4884059,0.47307718
501005.jpg,0.7634209,0.14548452,0.06107537,0.030019172
501006.jpg,0.8798437,0.03682305,0.056245275,0.027087903
501007.jpg,0.28505704,0.49883217,0.17843996,0.03767079
501008.jpg,0.06568846,0.80469096,0.061985493,0.06763514
501009.jpg,0.0024564133,0.002426465,0.38200882,0.61310834
501010.jpg,0.8508718,0.073917955,0.05222939,0.022980846
501011.jpg,0.8836735,0.022788757,0.062140465,0.0313973
501012.jpg,0.010718209,0.9241016,0.044632606,0.0205476
501013.jpg,0.0018767741,0.002374093,0.92149925,0.07424993
501014.jpg,0.21254353,0.6615229,0.09271213,0.03322147
501015.jpg,0.005438546,0.12936915,0.068561964,0.79663026
501016.jpg,0.13782915,0.75842273,0.06352916,0.040218975
501017.jpg,0.013593561,0.9030837,0.0549274,0.028395398
501018.jpg,0.8742363,0.04370099,0.05425169,0.02781108
501019.jpg,0.8787225,0.033451643,0.061414104,0.026411735
501020.jpg,0.8727051,0.05430256,0.049683515,0.023308804
501021.jpg,0.0030281653,0.0051240847,0.12547848,0.86636937
501022.jpg,0.7679422,0.15276948,0.0541411,0.025147276
501024.jpg,0.75479347,0.16469182,0.053840086,0.026674619
501025.jpg,0.7410126,0.06521196,0.15102959,0.042745903
501026.jpg,0.7106705,0.18205754,0.070776604,0.03649537
501027.jpg,0.7946475,0.116163865,0.060229786,0.02895881
501028.jpg,0.850382,0.057556204,0.050565276,0.04149648
501029.jpg,0.49677297,0.38326746,0.063549496,0.0564101
501030.jpg,0.6129779,0.29644218,0.06347717,0.027102767
501031.jpg,0.8883369,0.030498756,0.055317596,0.025846787
501032.jpg,0.011087709,0.11539304,0.558928,0.31459123
501033.jpg,0.84668803,0.06949777,0.05675618,0.0270579
501034.jpg,0.85981816,0.054936774,0.061161816,0.02408322
501035.jpg,0.8957403,0.025871312,0.048481975,0.029906401
501036.jpg,0.3973342,0.51215684,0.06647565,0.024033304
501037.jpg,0.800935,0.106004626,0.06672132,0.02633913
501038.jpg,0.7084749,0.18902035,0.07384428,0.028660454
501039.jpg,0.10019079,0.815968,0.054745138,0.02909607
501040.jpg,0.3286698,0.56873226,0.073363274,0.029234674
501041.jpg,0.025305457,0.72237766,0.12450433,0.12781256
501042.jpg,0.47753036,0.43436944,0.04973077,0.038369477
501043.jpg,0.16852418,0.7411492,0.066732444,0.023594175
501044.jpg,0.8679135,0.05460649,0.050154053,0.027325993
501045.jpg,0.83664733,0.0830635,0.055565834,0.024723273
501046.jpg,0.6141175,0.30389225,0.050872054,0.03111818
501047.jpg,0.55568385,0.3468864,0.06400343,0.033426374
501048.jpg,0.2801541,0.62142235,0.069713645,0.02870994
501049.jpg,0.49725568,0.31632036,0.15300709,0.03341686
501050.jpg,0.79147947,0.111892276,0.07426923,0.022358976
501051.jpg,0.0031746335,0.06268702,0.021266188,0.9128722
501052.jpg,0.90521526,0.015815245,0.05250034,0.026469102
501053.jpg,0.7764811,0.12676099,0.06539973,0.03135812
501054.jpg,0.85885644,0.05826675,0.054395404,0.028481446
501055.jpg,0.77025723,0.1369274,0.060871813,0.031943586
501056.jpg,0.8543309,0.06435701,0.053317428,0.027994646
501057.jpg,0.3776748,0.51082736,0.07525618,0.036241636
501058.jpg,0.35656914,0.56534475,0.052568063,0.025518043
501059.jpg,0.8887764,0.034177326,0.05432466,0.02272167
501060.jpg,0.88633776,0.025919136,0.061390534,0.026352534
501061.jpg,0.15764648,0.20370945,0.15945902,0.47918504
501062.jpg,0.8594455,0.048290476,0.05846915,0.03379486
501063.jpg,0.67189765,0.2196215,0.071882755,0.036598034
501064.jpg,0.25439012,0.6467037,0.063058704,0.035847455
501065.jpg,0.18278669,0.71943444,0.05915118,0.038627688
501066.jpg,0.87527156,0.045952097,0.051840812,0.026935522
501067.jpg,0.026473988,0.6641265,0.048659667,0.26073992
501068.jpg,0.051000193,0.8508221,0.06670923,0.03146845
501069.jpg,0.6319481,0.2893124,0.057251368,0.021488093
501070.jpg,0.56773674,0.3033772,0.09544265,0.033443492
501071.jpg,0.15826777,0.3700137,0.25276202,0.21895649
501072.jpg,0.7189175,0.13803478,0.08751922,0.055528563
501073.jpg,0.032989405,0.8763411,0.058652375,0.03201715
501074.jpg,0.35438076,0.5420773,0.07353839,0.030003468
501075.jpg,0.28261626,0.6197304,0.0680109,0.029642459
501076.jpg,0.65055865,0.25883272,0.06057839,0.03003031
501077.jpg,0.47632688,0.43661755,0.051810946,0.03524467
501078.jpg,0.02421644,0.8947059,0.056959476,0.024118267
501079.jpg,0.71376115,0.19920318,0.05537499,0.03166072
501080.jpg,0.63030124,0.25912732,0.07659735,0.033974033
501081.jpg,0.79863507,0.10657278,0.055786744,0.03900542
501082.jpg,0.04055914,0.8754221,0.05175221,0.03226649
501083.jpg,0.1234604,0.78928465,0.06255886,0.024696069
501084.jpg,0.76722735,0.09773508,0.1110706,0.023966981
501085.jpg,0.7973167,0.119811445,0.05319568,0.029676192
501086.jpg,0.8907566,0.024522379,0.058378953,0.02634216
501087.jpg,0.890907,0.027661167,0.05825415,0.02317776
501088.jpg,0.11071877,0.80719537,0.05510201,0.02698385
501089.jpg,0.78642297,0.13667116,0.04947976,0.027426131
501090.jpg,0.0026648145,0.004032003,0.043989666,0.94931346
501091.jpg,0.8629648,0.05247524,0.05760191,0.026958019
501092.jpg,0.026254658,0.7134847,0.19084041,0.06942022
501093.jpg,0.18401289,0.7338517,0.054097995,0.028037436
501094.jpg,0.110111125,0.7985194,0.06528584,0.026083685
501095.jpg,0.615771,0.13624276,0.21365187,0.03433438
501096.jpg,0.5406595,0.36790854,0.056511983,0.034920044
501097.jpg,0.31528464,0.5773961,0.07396528,0.03335394
501098.jpg,0.25025436,0.4425621,0.10586891,0.20131463
501099.jpg,0.84207183,0.08425309,0.05253721,0.02113789
501100.jpg,0.006383206,0.0046550804,0.71735406,0.27160755
501101.jpg,0.0031518126,0.04114339,0.20432705,0.7513778
501102.jpg,0.8875155,0.022715248,0.05951329,0.03025591
501103.jpg,0.59615207,0.3084022,0.0705282,0.024917595
501104.jpg,0.7753217,0.1334899,0.060277734,0.030910598
501105.jpg,0.75390935,0.1593137,0.052845195,0.033931732
501106.jpg,0.3551168,0.5649313,0.05396747,0.025984403
501107.jpg,0.8226104,0.0909489,0.052551176,0.033889573
501108.jpg,0.9050414,0.017490603,0.052621845,0.024846219
501109.jpg,0.8968741,0.026348868,0.05034446,0.02643254
501110.jpg,0.90631264,0.021657033,0.0505047,0.021525674
501111.jpg,0.4921552,0.39622527,0.08136594,0.030253552
501112.jpg,0.0016605671,0.0048360825,0.071042,0.9224614
501113.jpg,0.8738282,0.033997245,0.06242047,0.029754115
501114.jpg,0.4406964,0.36891392,0.072851315,0.117538385
501115.jpg,0.70954746,0.19962662,0.06802986,0.022796074
501116.jpg,0.82231516,0.101520896,0.05236602,0.023797866
501117.jpg,0.81131136,0.11914906,0.049314376,0.02022523
501118.jpg,0.04056498,0.8642509,0.06351212,0.031672113
501119.jpg,0.9022164,0.025857462,0.047575977,0.02435018
501120.jpg,0.43628687,0.4681257,0.06189577,0.033691578
501121.jpg,0.8489656,0.062252443,0.061884895,0.026897069
501122.jpg,0.0037418492,0.0046076574,0.17550173,0.81614876
501123.jpg,0.3405491,0.020197563,0.6185471,0.020706285
501124.jpg,0.029794803,0.88754153,0.054071024,0.028592668
501125.jpg,0.85314804,0.0672517,0.055855308,0.023744931
501126.jpg,0.8768556,0.032351393,0.05999748,0.030795578
501127.jpg,0.38205615,0.5318734,0.054508045,0.03156248
501128.jpg,0.8953597,0.023934321,0.05257545,0.028130565
501129.jpg,0.16849852,0.73677063,0.06470181,0.030028947
501130.jpg,0.07950648,0.63228214,0.12949646,0.15871496
501131.jpg,0.0013793309,0.0012547085,0.91507125,0.08229475
501132.jpg,0.019702174,0.8904156,0.057144232,0.03273796
501133.jpg,0.8348706,0.07795039,0.062398832,0.024780124
501134.jpg,0.700971,0.20214206,0.06838947,0.028497405
501135.jpg,0.5007217,0.41825035,0.051238067,0.02978981
501136.jpg,0.018592976,0.8966571,0.06174114,0.023008753
501137.jpg,0.0018230025,0.0025389749,0.11153534,0.8841027
501138.jpg,0.72937435,0.15933621,0.07653591,0.0347535
501139.jpg,0.8954154,0.026515283,0.050813474,0.027255867
501140.jpg,0.88383406,0.032316066,0.053898524,0.029951347
501141.jpg,0.38499892,0.3928365,0.14071125,0.08145329
501142.jpg,0.29062763,0.5690463,0.058351737,0.08197425
501143.jpg,0.70854306,0.20577163,0.060067628,0.025617605
501144.jpg,0.019824956,0.30414286,0.1179634,0.55806875
501145.jpg,0.0026417251,0.0026451356,0.5010924,0.49362072
501146.jpg,0.11449158,0.807563,0.05593047,0.022014933
501147.jpg,0.86001205,0.054640196,0.056875758,0.028471954
501148.jpg,0.016096674,0.8943167,0.06214473,0.027441913
501149.jpg,0.8658132,0.056243163,0.054164782,0.023778867
501150.jpg,0.50791633,0.41423547,0.05150066,0.026347555
501151.jpg,0.2127497,0.69362885,0.0680549,0.025566563
501152.jpg,0.89920604,0.024726868,0.048273858,0.02779319
501153.jpg,0.017159028,0.79015225,0.053399213,0.13928954
501154.jpg,0.88266087,0.032972436,0.056255903,0.028110776
501155.jpg,0.88191116,0.04255461,0.046947848,0.028586367
501156.jpg,0.8215895,0.09394112,0.057410173,0.027059179
501157.jpg,0.12231347,0.34778833,0.27384907,0.25604907
501158.jpg,0.3557228,0.54660153,0.06538591,0.032289784
501159.jpg,0.8320029,0.08706828,0.054970436,0.025958378
501160.jpg,0.5876629,0.3105762,0.06694618,0.034814745
501161.jpg,0.16480543,0.7521393,0.05825718,0.024798125
501162.jpg,0.1705981,0.26689473,0.33335757,0.22914961
501163.jpg,0.7333291,0.18517582,0.048460465,0.03303459
501164.jpg,0.43831694,0.44592607,0.070828095,0.044928852
501165.jpg,0.5791541,0.334762,0.05844112,0.027642848
501166.jpg,0.184923,0.71799684,0.053827744,0.043252386
501167.jpg,0.45665163,0.4477947,0.0604316,0.035122037
501168.jpg,0.14465798,0.75921845,0.06700471,0.02911884
501169.jpg,0.023989778,0.87939215,0.06302424,0.0335939
501170.jpg,0.8770142,0.031306922,0.060096912,0.031581923
501171.jpg,0.001673395,0.0019641593,0.673811,0.32255143
501172.jpg,0.07414761,0.8378006,0.061808884,0.026242873
501173.jpg,0.0014184124,0.0024064444,0.799973,0.19620214
501174.jpg,0.020860748,0.07725918,0.52026147,0.38161856
501175.jpg,0.9035278,0.018807255,0.051030483,0.026634391
501176.jpg,0.548179,0.35995895,0.06130798,0.030554153
501177.jpg,0.79868615,0.10225138,0.06383888,0.03522363
501178.jpg,0.0014077724,0.0016407265,0.72628987,0.27066168
501179.jpg,0.04487592,0.80815744,0.0618044,0.085162245
501180.jpg,0.81807685,0.104740314,0.05247752,0.024705358
501181.jpg,0.8909772,0.03193222,0.051529005,0.025561603
501182.jpg,0.9019681,0.022753907,0.04938794,0.025890028
501183.jpg,0.058364954,0.85955,0.056889176,0.0251959
501184.jpg,0.0017501233,0.0025997364,0.34152958,0.6541206
501185.jpg,0.5390885,0.36347854,0.074164525,0.023268504
501186.jpg,0.24464266,0.65240216,0.0683934,0.034561772
501187.jpg,0.63383526,0.2663575,0.071508594,0.028298697
501188.jpg,0.88168436,0.028313028,0.058897898,0.031104662
501189.jpg,0.7347963,0.12984309,0.09154638,0.043814234
501190.jpg,0.001489149,0.0018105523,0.4155741,0.5811262
501191.jpg,0.7402949,0.16787457,0.0643094,0.027521107
501192.jpg,0.8998525,0.021472823,0.052484818,0.026189778
501193.jpg,0.89145005,0.02867989,0.053849418,0.026020624
501194.jpg,0.78341633,0.07874817,0.096774645,0.041060798
501195.jpg,0.2612787,0.63910127,0.057806678,0.041813422
501196.jpg,0.016878523,0.57922983,0.035874918,0.36801678
501197.jpg,0.8486076,0.061435565,0.05900734,0.030949524
501198.jpg,0.33718053,0.57546216,0.061471447,0.025885817
501199.jpg,0.002214657,0.0020913961,0.26331735,0.7323766
501200.jpg,0.9093149,0.016829921,0.049960136,0.023895029
501201.jpg,0.69509983,0.2098293,0.06491978,0.030151073
501202.jpg,0.66225505,0.22825235,0.07505538,0.034437217
501203.jpg,0.89277446,0.026392238,0.05421379,0.026619527
501204.jpg,0.16441657,0.74739623,0.05180277,0.036384523
501205.jpg,0.03906066,0.7490406,0.14823467,0.063664146
501206.jpg,0.892743,0.018091764,0.058479123,0.030686088
501207.jpg,0.895345,0.027943356,0.05283677,0.023874937
501208.jpg,0.53332615,0.3856216,0.05443234,0.02661995
501209.jpg,0.7799278,0.1325334,0.06044548,0.027093312
501210.jpg,0.5200722,0.3808183,0.06488433,0.034225132
501211.jpg,0.4636167,0.43002525,0.06619657,0.040161476
501212.jpg,0.56828266,0.32840765,0.07171202,0.0315977
501213.jpg,0.8068878,0.107360035,0.06369693,0.022055196
501214.jpg,0.89789414,0.019800412,0.054385312,0.02792016
501215.jpg,0.32863092,0.572587,0.06400408,0.034778032
501216.jpg,0.019132596,0.8761396,0.053522456,0.05120536
501217.jpg,0.22562249,0.6784017,0.061302464,0.03467338
501218.jpg,0.58580863,0.3168328,0.07299454,0.024363985
501219.jpg,0.7046236,0.19268022,0.07230376,0.030392447
501220.jpg,0.0007319281,0.0011135066,0.9773162,0.020838283
501221.jpg,0.8799566,0.029919889,0.059725232,0.03039827
501222.jpg,0.42629752,0.47545624,0.06545481,0.032791436
501223.jpg,0.8380548,0.067030974,0.06302491,0.031889345
501224.jpg,0.04492428,0.8054893,0.06475907,0.084827326
501225.jpg,0.4920264,0.41032183,0.060516577,0.037135236
501226.jpg,0.48191112,0.41872668,0.059475556,0.03988655
501227.jpg,0.5925602,0.31147975,0.0617038,0.034256253
501228.jpg,0.051133662,0.35704124,0.24825361,0.34357154
501229.jpg,0.8871484,0.02953405,0.055319764,0.027997851
501230.jpg,0.81786096,0.09292876,0.05825207,0.03095821
501231.jpg,0.7645634,0.15904038,0.054507423,0.02188875
501232.jpg,0.8886814,0.027023302,0.05485867,0.02943661
501233.jpg,0.09653207,0.83243775,0.050354317,0.020675924
501234.jpg,0.90099365,0.019237574,0.055309195,0.024459641
501235.jpg,0.746917,0.15330547,0.06809771,0.031679764
501236.jpg,0.21815851,0.04349862,0.47271866,0.2656242
501237.jpg,0.83758855,0.07675092,0.055272896,0.030387593
501238.jpg,0.18439029,0.72593945,0.064667016,0.025003292
501239.jpg,0.075967,0.006791971,0.8313972,0.08584388
501240.jpg,0.81770813,0.08157872,0.062586784,0.038126417
501241.jpg,0.36064583,0.54335684,0.061381478,0.034615878
501242.jpg,0.85576415,0.031648394,0.089899614,0.022687834
501243.jpg,0.31994557,0.4218844,0.17881352,0.07935656
501244.jpg,0.9015875,0.029338134,0.046643402,0.022430934
501245.jpg,0.735628,0.1764182,0.059944782,0.028008958
501246.jpg,0.28568256,0.2217291,0.20926799,0.28332034
501247.jpg,0.022436578,0.79802424,0.12448534,0.055053852
501248.jpg,0.81076366,0.09493116,0.06624808,0.028057039
501249.jpg,0.0017913175,0.0037450742,0.043251175,0.95121235
501250.jpg,0.011850222,0.02206672,0.46855375,0.49752936
501251.jpg,0.32434705,0.57615626,0.06041877,0.039077956
501252.jpg,0.07953524,0.016977813,0.9009769,0.0025099544
501253.jpg,0.0018127369,0.0012767811,0.9326532,0.06425732
501254.jpg,0.03596185,0.080285825,0.20784731,0.675905
501255.jpg,0.050462715,0.8600382,0.06655109,0.022947935
501256.jpg,0.5600597,0.3306481,0.079083875,0.030208357
501257.jpg,0.6900108,0.21345347,0.058761775,0.03777396
501258.jpg,0.7419808,0.17486854,0.05126773,0.031882957
501259.jpg,0.8690162,0.041534495,0.058209658,0.031239668
501260.jpg,0.008836885,0.13512081,0.02180928,0.83423305
501261.jpg,0.8155385,0.090202376,0.06191345,0.03234566
501262.jpg,0.07176312,0.3241912,0.55020106,0.053844597
501263.jpg,0.8946942,0.026340332,0.05460594,0.024359455
501264.jpg,0.9029789,0.015029454,0.055278525,0.026713206
501265.jpg,0.031161534,0.022336682,0.80928916,0.13721265
501266.jpg,0.5134391,0.38345778,0.06319459,0.03990851
501267.jpg,0.8470665,0.07411201,0.0470148,0.031806674
501268.jpg,0.848675,0.07161301,0.052593667,0.027118314
501269.jpg,0.5270712,0.3678218,0.06774228,0.037364688
501270.jpg,0.046822686,0.034793682,0.8317642,0.08661943
501271.jpg,0.0018559279,0.0030663572,0.39211524,0.6029625
501272.jpg,0.0014447301,0.0018086162,0.49288252,0.50386405
501273.jpg,0.84438705,0.060735803,0.06736811,0.027509056
501274.jpg,0.39536768,0.51940024,0.059655443,0.025576657
501275.jpg,0.6704702,0.21821204,0.06561681,0.045700982
501276.jpg,0.9029473,0.021341661,0.04935132,0.026359763
501277.jpg,0.0077161067,0.1699326,0.18123873,0.64111257
501278.jpg,0.09144136,0.6529001,0.10527787,0.1503806
501279.jpg,0.8958327,0.019424522,0.06015649,0.024586225
501280.jpg,0.78832364,0.13338214,0.05293309,0.025361136
501281.jpg,0.0016805767,0.002178889,0.77816975,0.21797077
501282.jpg,0.83017206,0.08488214,0.057577167,0.027368622
501283.jpg,0.028976265,0.8246505,0.061405044,0.0849682
501284.jpg,0.87158084,0.03815461,0.062119797,0.02814475
501285.jpg,0.8946108,0.027194157,0.055207416,0.022987623
501286.jpg,0.52037454,0.36910105,0.06337995,0.047144435
501287.jpg,0.0037692015,0.0047471407,0.20569597,0.7857877
501288.jpg,0.17002375,0.04786791,0.7719026,0.01020571
501289.jpg,0.7982273,0.11737748,0.052362192,0.03203299
501290.jpg,0.5479821,0.3528971,0.067065634,0.032055162
501291.jpg,0.03067409,0.29427063,0.06669702,0.60835826
501292.jpg,0.012533346,0.6236117,0.056896813,0.3069582
501293.jpg,0.72152823,0.18249089,0.06390362,0.032077245
501294.jpg,0.8564863,0.058209743,0.057942405,0.027361486
501295.jpg,0.35333014,0.5548788,0.058845393,0.03294573
501296.jpg,0.2106829,0.110377364,0.65569127,0.023248544
501297.jpg,0.111229405,0.817497,0.049439743,0.0218339
501298.jpg,0.109484576,0.7816926,0.0715851,0.037237775
501299.jpg,0.6172506,0.3040601,0.056545958,0.022143364
501300.jpg,0.84794664,0.05658733,0.06470297,0.03076306
501301.jpg,0.883985,0.031926535,0.05403843,0.030050086
501302.jpg,0.9011353,0.01893377,0.05118576,0.028745063
501303.jpg,0.86848426,0.03480602,0.06483577,0.031873927
501304.jpg,0.7955049,0.12227787,0.055151943,0.027065221
501305.jpg,0.001363765,0.0024882394,0.75753194,0.23861599
501306.jpg,0.4160206,0.49409088,0.064450204,0.025438359
501307.jpg,0.022748504,0.020992994,0.79152924,0.1647292
501308.jpg,0.0044101053,0.01560039,0.27589306,0.7040965
501309.jpg,0.42355627,0.47652647,0.07101293,0.028904319
501310.jpg,0.7472578,0.16490419,0.060514495,0.027323477
501311.jpg,0.8977305,0.019010847,0.055487197,0.02777148
501312.jpg,0.06381282,0.26997712,0.062742956,0.60346705
501313.jpg,0.4200679,0.47448874,0.071215004,0.034228288
501314.jpg,0.0012454727,0.005790064,0.4338675,0.55909693
501315.jpg,0.027026726,0.8468032,0.07378279,0.05238725
501316.jpg,0.8265136,0.09180136,0.0511664,0.03051863
501317.jpg,0.059650984,0.84854674,0.07254395,0.019258328
501318.jpg,0.8442174,0.08003399,0.05107355,0.024675045
501319.jpg,0.07412774,0.8369264,0.05419433,0.034751583
501320.jpg,0.46400827,0.42354235,0.078998595,0.033450812
501321.jpg,0.86610454,0.056909885,0.053400837,0.023584658
501322.jpg,0.868027,0.046942994,0.05701124,0.028018765
501323.jpg,0.019933043,0.8861621,0.061816197,0.03208862
501324.jpg,0.80260795,0.10056387,0.06338498,0.033443213
501325.jpg,0.5885544,0.32123205,0.059691295,0.0305223
501326.jpg,0.8653448,0.04415442,0.0622945,0.028206209
501327.jpg,0.8576349,0.05697264,0.060266495,0.025126021
501328.jpg,0.3337117,0.55158937,0.07376623,0.040932674
501329.jpg,0.22698933,0.012343658,0.7379229,0.022744128
501330.jpg,0.52359354,0.09287434,0.3670266,0.016505519
501331.jpg,0.53738046,0.36261424,0.06515707,0.034848258
501332.jpg,0.8557956,0.06502106,0.052646082,0.026537184
501333.jpg,0.8910264,0.03124194,0.05389251,0.023839094
501334.jpg,0.0801714,0.6865803,0.07857353,0.1546748
501335.jpg,0.84184957,0.07106876,0.05629709,0.03078456
501336.jpg,0.024165954,0.88707477,0.058335647,0.030423589
501337.jpg,0.7967647,0.09488687,0.083845064,0.024503376
501338.jpg,0.014941454,0.009478329,0.71858555,0.25699466
501339.jpg,0.20645876,0.6907495,0.06964946,0.033142224
501340.jpg,0.88343316,0.041859414,0.050156634,0.024550714
501341.jpg,0.8918883,0.028770046,0.05247358,0.026868006
501342.jpg,0.37669313,0.5157701,0.06736961,0.04016718
501343.jpg,0.74028337,0.12730707,0.08440629,0.048003316
501344.jpg,0.88864934,0.025432577,0.051907945,0.034010086
501345.jpg,0.15476339,0.7429459,0.07029687,0.031993885
501346.jpg,0.4824906,0.41881597,0.070312224,0.028381245
501347.jpg,0.5624899,0.33396578,0.070620626,0.032923672
501348.jpg,0.8529344,0.06962982,0.045851626,0.03158419
501349.jpg,0.4599942,0.43961865,0.06632984,0.03405736
501350.jpg,0.79042697,0.09901491,0.07663897,0.033919122
501351.jpg,0.87902755,0.017178005,0.08068189,0.023112433
501352.jpg,0.029790938,0.89012676,0.058771763,0.021310605
501353.jpg,0.7380388,0.17207722,0.056190867,0.033693153
501354.jpg,0.8955076,0.025159229,0.05166809,0.027665071
501355.jpg,0.0025458487,0.0049537336,0.22584435,0.76665604
501356.jpg,0.8810992,0.048143983,0.04876326,0.021993496
501357.jpg,0.8787226,0.039888926,0.048174925,0.03321349
501358.jpg,0.29608274,0.62159324,0.05613941,0.026184656
501359.jpg,0.118502446,0.7802551,0.066017374,0.03522511
501360.jpg,0.46092877,0.4286033,0.059481487,0.050986495
501361.jpg,0.7729324,0.15715133,0.05083218,0.01908406
501362.jpg,0.80643296,0.09012185,0.06655841,0.036886767
501363.jpg,0.89381725,0.022999074,0.0547161,0.028467499
501364.jpg,0.772097,0.14130569,0.054161534,0.032435834
501365.jpg,0.77793336,0.14550303,0.049316477,0.027247181
501366.jpg,0.5671994,0.31839716,0.083160914,0.031242587
501367.jpg,0.7347532,0.17387316,0.05952233,0.03185133
501368.jpg,0.053538438,0.8513143,0.07304694,0.022100387
501369.jpg,0.7040302,0.20794162,0.057391003,0.030637145
501370.jpg,0.5258633,0.38498312,0.057994142,0.031159379
501371.jpg,0.67109954,0.062375784,0.2450468,0.021477792
501372.jpg,0.14893737,0.77576244,0.056289904,0.019010337
501373.jpg,0.89161026,0.028735936,0.053730346,0.025923429
501374.jpg,0.31636417,0.5611533,0.09033211,0.032150403
501375.jpg,0.8713989,0.049193155,0.05475609,0.024651838
501376.jpg,0.8349834,0.08620202,0.054395813,0.02441881
501377.jpg,0.891485,0.022034718,0.058671005,0.027809253
501378.jpg,0.5709696,0.3343721,0.05932629,0.03533199
501379.jpg,0.27873954,0.34031227,0.35395223,0.026996056
501380.jpg,0.0033045555,0.081400365,0.47194183,0.4433533
501381.jpg,0.5757068,0.31819785,0.06423475,0.041860566
501382.jpg,0.6684559,0.24734671,0.057091765,0.027105626
501383.jpg,0.8685545,0.042901557,0.057552774,0.03099118
501384.jpg,0.63516295,0.27910873,0.059923,0.025805382
501385.jpg,0.47722134,0.42830932,0.06391246,0.030556904
501386.jpg,0.5700505,0.32896805,0.06228717,0.038694307
501387.jpg,0.0014003742,0.0023313484,0.6046587,0.39160955
501388.jpg,0.052590813,0.8716436,0.051270828,0.024494737
501389.jpg,0.030793032,0.8729312,0.068542436,0.027733365
501390.jpg,0.10478568,0.79293084,0.07108038,0.031203125
501391.jpg,0.85415554,0.053492438,0.06026239,0.032089584
501392.jpg,0.32803738,0.5562055,0.07802325,0.037733812
501393.jpg,0.81113404,0.0940186,0.06774345,0.02710394
501394.jpg,0.047301702,0.8587253,0.06804959,0.025923401
501395.jpg,0.86974955,0.044487495,0.061296478,0.024466531
501396.jpg,0.44034407,0.4761993,0.05008993,0.033366665
501397.jpg,0.79907936,0.09886526,0.07407778,0.027977578
501398.jpg,0.010514829,0.8958266,0.064672045,0.028986566
501399.jpg,0.86551595,0.0495306,0.057664208,0.027289324
501400.jpg,0.49434885,0.40449297,0.07574094,0.025417231
501401.jpg,0.0016203604,0.0023254836,0.028819548,0.9672346
501402.jpg,0.5219046,0.3885051,0.05775302,0.03183731
501403.jpg,0.36447853,0.5250823,0.06501352,0.04542568
501404.jpg,0.6568723,0.22856389,0.07111698,0.043446865
501405.jpg,0.5721485,0.3266471,0.06753794,0.033666477
501406.jpg,0.012435591,0.67978597,0.05927854,0.24849987
501407.jpg,0.076634854,0.8387888,0.05876924,0.025807083
501408.jpg,0.09929864,0.794645,0.063208036,0.04284832
501409.jpg,0.69869125,0.18876706,0.06686964,0.04567202
501410.jpg,0.839959,0.06331836,0.061915543,0.034806985
501411.jpg,0.023010917,0.8982496,0.04974574,0.028993683
501412.jpg,0.8918115,0.033732407,0.050116815,0.024339305
501413.jpg,0.31974432,0.4758969,0.054340415,0.15001832
501414.jpg,0.5135691,0.38334098,0.07125891,0.031831015
501415.jpg,0.38708812,0.5261533,0.062470455,0.024288066
501416.jpg,0.08052122,0.8413688,0.054964878,0.023145093
501417.jpg,0.48469698,0.42047954,0.060134504,0.034689024
501418.jpg,0.8149442,0.09060858,0.0638228,0.03062445
501419.jpg,0.89673054,0.019707624,0.05644919,0.027112685
501420.jpg,0.12536535,0.6942143,0.0716408,0.10877958
501421.jpg,0.80861974,0.10689189,0.0596476,0.024840795
501422.jpg,0.01944261,0.8998563,0.050169386,0.030531619
501423.jpg,0.8741624,0.038944706,0.057010073,0.029882835
501424.jpg,0.1292684,0.094331756,0.77239716,0.0040027467
501425.jpg,0.0053965915,0.015538545,0.9026789,0.07638596
501426.jpg,0.1458642,0.6729604,0.04830049,0.1328749
501427.jpg,0.44858482,0.42512345,0.092278786,0.03401296
501428.jpg,0.18989997,0.7313544,0.05786717,0.020878464
501429.jpg,0.19923192,0.6962434,0.0742812,0.030243479
501430.jpg,0.08401324,0.2892895,0.24492033,0.38177693
501431.jpg,0.87844795,0.03469467,0.05928527,0.027572121
501432.jpg,0.6909023,0.23298186,0.052080527,0.024035372
501433.jpg,0.88898915,0.028568732,0.05660419,0.025837915
501434.jpg,0.8923085,0.028585937,0.050753694,0.028351972
501435.jpg,0.66102195,0.23952587,0.06786035,0.031591825
501436.jpg,0.01176505,0.891588,0.065424114,0.031222828
501437.jpg,0.3773874,0.5322484,0.060235128,0.030129068
501438.jpg,0.076885104,0.83292496,0.06270676,0.027483197
501439.jpg,0.8395702,0.07061949,0.059268635,0.030541684
501440.jpg,0.0046775322,0.07556008,0.06221229,0.8575501
501441.jpg,0.6659125,0.22339827,0.0734291,0.03726009
501442.jpg,0.7632154,0.13252044,0.07550976,0.028754387
501443.jpg,0.03899211,0.8720398,0.05858676,0.030381275
501444.jpg,0.36909196,0.53161365,0.061263695,0.038030643
501445.jpg,0.8698745,0.056906488,0.048985977,0.024233067
501446.jpg,0.35366604,0.5509899,0.06012155,0.03522244
501447.jpg,0.095747836,0.8201496,0.054381624,0.02972089
501448.jpg,0.0011038444,0.0017903772,0.80293643,0.19416936
501449.jpg,0.70011294,0.2042422,0.06415487,0.031489953
501450.jpg,0.64371145,0.25797868,0.06314393,0.035165865
501451.jpg,0.85815346,0.05985278,0.056237273,0.025756516
501452.jpg,0.5844154,0.34195614,0.04433189,0.029296584
501453.jpg,0.0017822952,0.0021867326,0.64510477,0.35092625
501454.jpg,0.89001626,0.022998465,0.05585583,0.031129433
501455.jpg,0.0017075724,0.0023308955,0.8501641,0.14579746
501456.jpg,0.83122164,0.07843949,0.061478324,0.028860543
501457.jpg,0.8761544,0.030877313,0.060350087,0.032618247
501458.jpg,0.18245836,0.7261026,0.056329053,0.035109982
501459.jpg,0.8881452,0.032134667,0.053200543,0.02651946
501460.jpg,0.67523736,0.09195797,0.2143101,0.018494563
501461.jpg,0.52903706,0.36919013,0.062031224,0.03974162
501462.jpg,0.25109044,0.072467685,0.58473164,0.09171024
501463.jpg,0.0011689,0.0017560911,0.90379596,0.09327897
501464.jpg,0.79664683,0.10321755,0.071328774,0.028806878
501465.jpg,0.7804918,0.13399948,0.060505766,0.025002824
501466.jpg,0.0046965755,0.08010365,0.41731802,0.49788177
501467.jpg,0.0019053047,0.0148301525,0.019683944,0.96358055
501468.jpg,0.26393482,0.6391158,0.06519531,0.031754054
501469.jpg,0.17029966,0.21663074,0.34511864,0.26795095
501470.jpg,0.02505875,0.88290113,0.059776373,0.03226373
501471.jpg,0.048446007,0.864682,0.061672404,0.025199562
501472.jpg,0.905571,0.018436683,0.050631206,0.025361113
501473.jpg,0.1908637,0.733698,0.051249757,0.024188468
501474.jpg,0.49511904,0.01950816,0.4555372,0.029835615
501475.jpg,0.28566992,0.59899,0.07198266,0.043357432
501476.jpg,0.8987073,0.018046604,0.059027687,0.024218433
501477.jpg,0.7979133,0.108430386,0.059694707,0.03396158
501478.jpg,0.13526064,0.78835726,0.050025906,0.02635614
501479.jpg,0.35474423,0.5565234,0.0582477,0.030484723
501480.jpg,0.8389497,0.075325124,0.05847696,0.027248196
501481.jpg,0.38344887,0.5163467,0.06973377,0.030470742
501482.jpg,0.0717074,0.12291923,0.637034,0.16833934
501483.jpg,0.34261286,0.56715876,0.06283517,0.027393214
501484.jpg,0.009501538,0.90906155,0.057532046,0.02390488
501485.jpg,0.74083346,0.16073619,0.064267844,0.034162514
501486.jpg,0.8224184,0.082319796,0.06282829,0.032433525
501487.jpg,0.1280949,0.29998696,0.24019885,0.3317193
501488.jpg,0.003151442,0.0026163699,0.80403864,0.1901936
501489.jpg,0.03759055,0.8809026,0.049058437,0.032448426
501490.jpg,0.043526582,0.34217694,0.099869244,0.5144272
501491.jpg,0.8569303,0.060649328,0.053475447,0.028944943
501492.jpg,0.85901314,0.03608025,0.072426796,0.032479756
501493.jpg,0.884238,0.036705013,0.05417248,0.024884451
501494.jpg,0.8740504,0.032641575,0.069014624,0.024293449
501495.jpg,0.816293,0.09348681,0.058211632,0.032008607
501496.jpg,0.01622267,0.8624326,0.09146562,0.029879153
501497.jpg,0.0020897994,0.0035647755,0.24004531,0.7543002
501498.jpg,0.6208082,0.2929026,0.058922216,0.027366929
501499.jpg,0.881556,0.03784139,0.04902979,0.031572845
501500.jpg,0.037661355,0.8612498,0.0517424,0.049346432
501501.jpg,0.097929746,0.82735884,0.051463213,0.023248179
501502.jpg,0.60955983,0.30160964,0.05498341,0.033847094
501503.jpg,0.0015363717,0.0022996783,0.102769576,0.89339435
501504.jpg,0.45371553,0.4383083,0.064288445,0.043687776
501505.jpg,0.87382656,0.0441947,0.05840246,0.023576302
501506.jpg,0.8874886,0.03675999,0.05098335,0.024768021
501507.jpg,0.0018613959,0.002541201,0.06865452,0.9269428
501508.jpg,0.877748,0.02840094,0.06497114,0.028879914
501509.jpg,0.030295134,0.19874611,0.54782176,0.22313704
501510.jpg,0.6908648,0.21951286,0.06109361,0.028528772
501511.jpg,0.31526867,0.58054996,0.064704165,0.039477233
501512.jpg,0.79970473,0.11549434,0.056677945,0.028122988
501513.jpg,0.685027,0.2062456,0.07061924,0.038108125
501514.jpg,0.7786634,0.13524467,0.054515366,0.031576518
501515.jpg,0.854584,0.057062667,0.05565439,0.032698996
501516.jpg,0.79326177,0.11968993,0.059412096,0.02763617
501517.jpg,0.8954822,0.016457504,0.058291163,0.029769136
501518.jpg,0.022979751,0.8889821,0.06346229,0.024575852
501519.jpg,0.6454063,0.26645097,0.055267785,0.03287495
501520.jpg,0.21969277,0.47107166,0.09001014,0.21922542
501521.jpg,0.8984198,0.030231992,0.047421154,0.023927005
501522.jpg,0.074074835,0.8513057,0.054389197,0.02023026
501523.jpg,0.13761191,0.022820571,0.8030402,0.036527317
501524.jpg,0.26093715,0.6546428,0.060447853,0.023972154
501525.jpg,0.8250002,0.092708856,0.05105,0.031240901
501526.jpg,0.81564975,0.0718087,0.08791442,0.02462716
501527.jpg,0.90104973,0.014737142,0.058420062,0.02579308
501528.jpg,0.8699311,0.047583252,0.057408173,0.025077479
501529.jpg,0.89782536,0.03091403,0.046223637,0.02503699
501530.jpg,0.7268614,0.17979534,0.06474497,0.028598202
501531.jpg,0.803691,0.09915224,0.06682815,0.030328594
501532.jpg,0.08445519,0.84062314,0.051993355,0.022928242
501533.jpg,0.040381063,0.87362874,0.05810134,0.027888872
501534.jpg,0.6898283,0.21724764,0.062868334,0.030055754
501535.jpg,0.08105857,0.82041085,0.06693926,0.03159134
501536.jpg,0.90131927,0.026710156,0.045881853,0.02608865
501537.jpg,0.18323283,0.72220516,0.07052235,0.024039699
501538.jpg,0.5825871,0.3159641,0.06901398,0.032434747
501539.jpg,0.5201523,0.34786022,0.0881348,0.04385273
501540.jpg,0.61720616,0.2773067,0.072878405,0.03260871
501541.jpg,0.8883832,0.034741573,0.053131368,0.023743795
501542.jpg,0.04051728,0.876094,0.053621363,0.02976741
501543.jpg,0.35548192,0.55651623,0.055781297,0.032220546
501544.jpg,0.0007109253,0.00086153514,0.9931563,0.005271195
501545.jpg,0.7405227,0.18344527,0.051114615,0.024917426
501546.jpg,0.6778127,0.22581543,0.062955946,0.033415932
501547.jpg,0.56959534,0.34327134,0.058949213,0.028184189
501548.jpg,0.4306094,0.49345875,0.050123055,0.025808757
501549.jpg,0.11775345,0.3729682,0.23851861,0.27075976
501550.jpg,0.7824368,0.14444764,0.050768506,0.022346977
501551.jpg,0.59120864,0.29605958,0.07710525,0.035626583
501552.jpg,0.20158087,0.70868844,0.062254675,0.027476056
501553.jpg,0.4884385,0.41794884,0.06414285,0.02946978
501554.jpg,0.056484383,0.8175217,0.06739938,0.058594584
501555.jpg,0.6448621,0.2696749,0.058469668,0.026993262
501556.jpg,0.88618714,0.024162007,0.063771635,0.025879191
501557.jpg,0.4445519,0.32592195,0.04981418,0.17971195
501558.jpg,0.89700615,0.03081437,0.04620188,0.025977544
501559.jpg,0.8781097,0.03768666,0.05586873,0.028334877
501560.jpg,0.50039524,0.39817655,0.064839035,0.03658919
501561.jpg,0.07792981,0.850737,0.050124682,0.021208534
501562.jpg,0.6771199,0.24100333,0.061522245,0.0203545
501563.jpg,0.84803957,0.06854276,0.05895979,0.024457924
501564.jpg,0.825364,0.07775281,0.06419631,0.03268689
501565.jpg,0.89735574,0.029830059,0.04984632,0.022967905
501566.jpg,0.30935618,0.6037808,0.05534849,0.03151444
501567.jpg,0.18860705,0.00644483,0.7961643,0.008783873
501568.jpg,0.89273524,0.02740634,0.051685486,0.028172864
501569.jpg,0.8403664,0.07142046,0.058307324,0.029905882
501570.jpg,0.07637102,0.15388568,0.16642772,0.6033156
501571.jpg,0.87509096,0.0357031,0.06385731,0.025348624
501572.jpg,0.0013696388,0.0017815181,0.7452444,0.25160438
501573.jpg,0.011142033,0.91615474,0.05125859,0.021444565
501574.jpg,0.03858252,0.6269021,0.04447998,0.2900354
501575.jpg,0.79388434,0.10973232,0.061929718,0.03445361
501576.jpg,0.89218616,0.033464797,0.049663693,0.024685312
501577.jpg,0.8990075,0.030019065,0.046937313,0.024036122
501578.jpg,0.017864503,0.13161436,0.33666152,0.51385957
501579.jpg,0.19512548,0.7047359,0.066728614,0.03340998
501580.jpg,0.57308644,0.33756217,0.063070096,0.026281314
501581.jpg,0.1622636,0.7574855,0.05409756,0.026153302
501583.jpg,0.75136966,0.15649939,0.05700775,0.03512319
501584.jpg,0.1355559,0.7606515,0.08003223,0.02376039
501585.jpg,0.016913287,0.84278524,0.07863514,0.061666325
501586.jpg,0.021808885,0.6013758,0.0791669,0.29764834
501587.jpg,0.9045141,0.021470541,0.04964288,0.024372488
501588.jpg,0.48524278,0.4058645,0.08619049,0.022702174
501589.jpg,0.8224371,0.08266027,0.06987721,0.025025442
501590.jpg,0.8468067,0.068749696,0.056642193,0.027801467
501591.jpg,0.90224195,0.02271665,0.05268106,0.022360435
501592.jpg,0.0014908559,0.002578904,0.8151959,0.18073434
501593.jpg,0.69365627,0.22158566,0.054732468,0.030025568
501594.jpg,0.046412915,0.33012784,0.2845284,0.3389309
501595.jpg,0.40950167,0.49112755,0.068022564,0.03134825
501596.jpg,0.10425779,0.7925838,0.06721478,0.035943568
501597.jpg,0.8502299,0.06188253,0.060019724,0.027867803
501598.jpg,0.8677919,0.044493668,0.06007341,0.027641097
501599.jpg,0.022620149,0.8988545,0.052254293,0.026271112
501600.jpg,0.12022802,0.7865444,0.07068392,0.022543652
501601.jpg,0.9056507,0.022041282,0.04825715,0.02405077
501602.jpg,0.8931925,0.032718346,0.049313705,0.024775462
501603.jpg,0.873451,0.040840473,0.05507294,0.030635586
501604.jpg,0.6822463,0.20285589,0.07093236,0.043965444
501605.jpg,0.8906338,0.023746273,0.058384698,0.02723521
501606.jpg,0.03258913,0.81563383,0.062037785,0.08973923
501607.jpg,0.89778996,0.031915516,0.04880585,0.021488689
501608.jpg,0.0017461119,0.0067578563,0.01981481,0.9716813
501609.jpg,0.9145615,0.018955326,0.04274893,0.023734204
501610.jpg,0.24756458,0.33233273,0.20213044,0.21797222
501611.jpg,0.87461644,0.037934132,0.057327263,0.030122168
501612.jpg,0.7692309,0.1283696,0.067812465,0.03458701
501613.jpg,0.093449384,0.83849376,0.048118815,0.019938024
501614.jpg,0.87792665,0.052373353,0.04864001,0.021059988
501615.jpg,0.7022626,0.20617473,0.06083493,0.030727737
501616.jpg,0.00593518,0.19958825,0.36631906,0.42815748
501617.jpg,0.89278007,0.018160142,0.062323637,0.026736084
501618.jpg,0.42284834,0.045199987,0.5262681,0.0056835557
501619.jpg,0.02275259,0.8881081,0.05960129,0.029538048
501620.jpg,0.8994364,0.025516532,0.051254973,0.023792012
501621.jpg,0.9010123,0.022753362,0.051738925,0.0244954
501622.jpg,0.4630193,0.4499979,0.05749323,0.029489556
501623.jpg,0.013868193,0.8114171,0.048345264,0.12636942
501624.jpg,0.02375171,0.8758574,0.066470735,0.033920124
501625.jpg,0.48054504,0.4424927,0.05167101,0.025291242
501626.jpg,0.8813324,0.03635799,0.05621379,0.026095798
501627.jpg,0.001563463,0.0032465165,0.019176653,0.9760134
501628.jpg,0.48105013,0.41883004,0.0693979,0.03072194
501629.jpg,0.080578595,0.7937565,0.049864497,0.075800486
501630.jpg,0.0019909714,0.0036583627,0.45602968,0.538321
501631.jpg,0.2809972,0.62124324,0.06217626,0.035583343
501632.jpg,0.32587513,0.5744622,0.069937535,0.029725201
501633.jpg,0.40837944,0.4928395,0.06843445,0.030346619
501634.jpg,0.84150106,0.07169771,0.058493443,0.028307758
501635.jpg,0.007491153,0.0030532437,0.41228297,0.5771727
501636.jpg,0.044599388,0.4336254,0.35767233,0.16410285
501637.jpg,0.055510495,0.22238643,0.631916,0.09018705
501638.jpg,0.3136258,0.052211687,0.60034925,0.033813197
501639.jpg,0.017180558,0.8904159,0.05365071,0.03875284
501640.jpg,0.089780845,0.8183868,0.061727855,0.030104522
501641.jpg,0.903169,0.0228031,0.04903165,0.024996199
501642.jpg,0.25387478,0.4560072,0.10377209,0.1863459
501643.jpg,0.7104668,0.20287457,0.056432538,0.030226065
501644.jpg,0.7484246,0.16408843,0.06038181,0.027105268
501645.jpg,0.0010989261,0.0009371198,0.9725365,0.025427464
501646.jpg,0.08370873,0.83379203,0.0591139,0.023385324
501647.jpg,0.7413353,0.14751087,0.07846673,0.032687105
501648.jpg,0.15417972,0.74882007,0.07368444,0.023315797
501649.jpg,0.49584806,0.39633083,0.063836545,0.04398446
501650.jpg,0.29481998,0.60066324,0.058219314,0.046297535
501651.jpg,0.18100426,0.69853485,0.082948335,0.037512556
501652.jpg,0.40996906,0.5053071,0.0600718,0.024652021
501653.jpg,0.87220025,0.04764182,0.054072447,0.026085544
501654.jpg,0.22723061,0.4644603,0.08770138,0.22060762
501655.jpg,0.0019423728,0.011719221,0.022502247,0.96383613
501656.jpg,0.6695796,0.11087933,0.20606174,0.013479326
501657.jpg,0.62819463,0.2876204,0.056872554,0.027312385
501658.jpg,0.0019571772,0.003079571,0.36686647,0.62809676
501659.jpg,0.0017588453,0.0035407532,0.058878064,0.93582237
501660.jpg,0.7665864,0.13591608,0.06726226,0.030235238
501661.jpg,0.04737148,0.8617745,0.061723694,0.02913029
501662.jpg,0.48236948,0.4165604,0.06103291,0.040037207
501663.jpg,0.87467533,0.039096322,0.059359863,0.026868459
501664.jpg,0.553293,0.35588023,0.056937754,0.03388908
501665.jpg,0.046689816,0.24694149,0.37325555,0.33311313
501666.jpg,0.37911716,0.2365579,0.32314423,0.061180685
501667.jpg,0.74315685,0.16823474,0.055988714,0.032619767
501668.jpg,0.38445747,0.5178742,0.06624103,0.03142731
501669.jpg,0.43532825,0.48653805,0.057227,0.02090671
501670.jpg,0.8842378,0.033840504,0.05469625,0.027225396
501671.jpg,0.5719035,0.33644292,0.059118364,0.03253513
501672.jpg,0.818315,0.08323385,0.068327874,0.030123273
501673.jpg,0.2774746,0.05686204,0.65429366,0.0113697285
501674.jpg,0.21019703,0.04944923,0.6794179,0.06093582
501675.jpg,0.28013748,0.62456256,0.056474254,0.038825724
501676.jpg,0.0054606698,0.08347939,0.3900534,0.5210066
501677.jpg,0.82899666,0.08853655,0.05534475,0.027122049
501678.jpg,0.65432966,0.23740493,0.07105948,0.037205927
501679.jpg,0.025381045,0.712487,0.05040957,0.21172243
501680.jpg,0.88895106,0.03172847,0.051810298,0.027510166
501681.jpg,0.9010154,0.015528462,0.055025827,0.028430287
501682.jpg,0.1082069,0.012647823,0.85710055,0.022044728
501683.jpg,0.77970386,0.12922812,0.067267515,0.023800425
501684.jpg,0.27531016,0.4133703,0.117252745,0.19406675
501685.jpg,0.019952914,0.8667393,0.053981483,0.05932631
501686.jpg,0.0018624341,0.003027731,0.4493654,0.54574436
501687.jpg,0.8988758,0.018491741,0.058177147,0.024455288
501688.jpg,0.080502,0.85054743,0.047799096,0.021151423
501689.jpg,0.027161382,0.88285667,0.061785273,0.028196637
501690.jpg,0.09496626,0.72038764,0.06869086,0.11595532
501691.jpg,0.8244193,0.08822313,0.06183307,0.025524497
501692.jpg,0.0668151,0.8155323,0.08681836,0.030834181
501693.jpg,0.03127619,0.8826584,0.057912078,0.028153254
501694.jpg,0.817556,0.091414064,0.059789523,0.031240378
501695.jpg,0.05000054,0.8474559,0.058997042,0.043546446
501696.jpg,0.33296305,0.5194633,0.104207225,0.043366443
501697.jpg,0.08221955,0.63185537,0.154947,0.130978
501698.jpg,0.3462906,0.0908522,0.54012233,0.022734845
501699.jpg,0.8451433,0.060614757,0.06219273,0.0320492
501700.jpg,0.8920123,0.024283446,0.05813945,0.02556478
501701.jpg,0.38532868,0.52249175,0.057522826,0.0346567
501702.jpg,0.8834551,0.0400885,0.051194046,0.025262322
501703.jpg,0.8963916,0.02210148,0.05628217,0.025224825
501704.jpg,0.34167317,0.5491514,0.076995395,0.032180045
501705.jpg,0.678851,0.23640983,0.053624082,0.031115022
501706.jpg,0.19523925,0.44915947,0.047277536,0.30832374
501707.jpg,0.6312327,0.114290915,0.24041684,0.014059567
501708.jpg,0.8482518,0.059214763,0.06292277,0.029610634
501709.jpg,0.54568803,0.34440434,0.06101558,0.048892085
501710.jpg,0.70746136,0.2124303,0.055284217,0.024824012
501711.jpg,0.35664544,0.54333615,0.060016707,0.040001683
501712.jpg,0.87844586,0.03692026,0.057278436,0.027355488
501713.jpg,0.0797173,0.26126993,0.3399296,0.31908315
501714.jpg,0.4453729,0.47166288,0.05314465,0.029819515
501715.jpg,0.020069338,0.89641124,0.056030765,0.027488664
501716.jpg,0.001958157,0.0022417754,0.5912423,0.40455782
501717.jpg,0.8671448,0.050533276,0.055339593,0.026982255
501718.jpg,0.050261505,0.856715,0.07150248,0.021520969
501719.jpg,0.8861699,0.037892714,0.05251239,0.02342499
501720.jpg,0.64096373,0.27103087,0.05759304,0.030412376
501721.jpg,0.32008594,0.5866223,0.061399493,0.031892285
501722.jpg,0.8949447,0.032507755,0.048830688,0.023716958
501723.jpg,0.01903598,0.10023565,0.79309994,0.08762844
501724.jpg,0.71096313,0.1804864,0.07212761,0.03642289
501725.jpg,0.20311955,0.725203,0.052370124,0.019307371
501726.jpg,0.010935871,0.11279387,0.19641906,0.67985123
501727.jpg,0.33883435,0.55891216,0.07053857,0.031714883
501728.jpg,0.41890404,0.47778666,0.0682002,0.035109125
501729.jpg,0.19316982,0.70652467,0.0606571,0.039648406
501730.jpg,0.88027585,0.035748933,0.055671137,0.028304053
501731.jpg,0.0007431559,0.0009225167,0.99388176,0.004452499
501732.jpg,0.8743953,0.042402398,0.05668761,0.026514657
501733.jpg,0.87660146,0.03244282,0.059182722,0.031772945
501734.jpg,0.0027754323,0.0030440679,0.64893764,0.34524286
501735.jpg,0.8264967,0.08920636,0.055062648,0.029234312
501736.jpg,0.6972306,0.19945258,0.063301034,0.04001586
501737.jpg,0.6596692,0.24515785,0.06405528,0.031117631
501738.jpg,0.81605744,0.10366157,0.05102432,0.029256668
501739.jpg,0.82410973,0.0915326,0.054514393,0.029843228
501740.jpg,0.8664462,0.053125758,0.055948623,0.024479525
501741.jpg,0.056803636,0.85732925,0.062904924,0.022962179
501742.jpg,0.6208866,0.29234222,0.05450166,0.032269485
501743.jpg,0.89591575,0.022949608,0.05170726,0.029427323
501744.jpg,0.22189662,0.27272427,0.088475406,0.41690364
501745.jpg,0.36804697,0.033261858,0.58452654,0.014164588
501746.jpg,0.6279399,0.29355887,0.05997065,0.01853063
501747.jpg,0.006807916,0.019136095,0.7960431,0.17801292
501748.jpg,0.85068804,0.049612656,0.06713932,0.032560017
501749.jpg,0.6786399,0.21461381,0.066302575,0.04044366
501750.jpg,0.88622123,0.030647967,0.055045016,0.028085759
501751.jpg,0.8002313,0.0969192,0.06457164,0.03827793
501752.jpg,0.7485764,0.14988759,0.07200372,0.029532395
501753.jpg,0.89187783,0.029507138,0.051385045,0.027230095
501754.jpg,0.8896279,0.021935076,0.06073888,0.027698157
501755.jpg,0.71127516,0.19706115,0.06350096,0.028162807
501756.jpg,0.2713135,0.623608,0.069562465,0.035516016
501757.jpg,0.43718338,0.43434343,0.072482914,0.055990286
501758.jpg,0.31467563,0.59076285,0.069167055,0.025394477
501759.jpg,0.86878085,0.057453513,0.049563535,0.024202084
501760.jpg,0.13137446,0.08762814,0.62079823,0.16019918
501761.jpg,0.90193653,0.016326463,0.05399146,0.027745584
501762.jpg,0.64642435,0.23882058,0.07641684,0.03833825
501763.jpg,0.8838724,0.04414837,0.045001775,0.026977459
501764.jpg,0.0012383581,0.0014426294,0.95985645,0.03746267
501765.jpg,0.18041955,0.720557,0.071081,0.027942432
501766.jpg,0.63480717,0.27456352,0.05830472,0.03232456
501767.jpg,0.8897422,0.028842675,0.054110456,0.027304707
501768.jpg,0.023383819,0.8700549,0.048581876,0.05797944
501769.jpg,0.87705564,0.055640087,0.04556939,0.021734823
501770.jpg,0.8870832,0.04067927,0.04548663,0.026750905
501771.jpg,0.17632167,0.71551204,0.07447769,0.033688612
501772.jpg,0.86993676,0.05450595,0.05170754,0.023849763
501773.jpg,0.12994325,0.78544074,0.06196491,0.022651102
501774.jpg,0.114688955,0.63038856,0.04875441,0.2061681
501775.jpg,0.26115665,0.65321034,0.059004683,0.026628312
501776.jpg,0.7541551,0.13308255,0.08619118,0.026571147
501777.jpg,0.8215242,0.097178094,0.05164625,0.029651467
501778.jpg,0.9164422,0.021773538,0.039804485,0.021979805
501779.jpg,0.46544695,0.41297913,0.062189773,0.059384093
501780.jpg,0.0016784935,0.0026829033,0.29662442,0.6990142
501781.jpg,0.8813129,0.03240194,0.057195537,0.02908957
501782.jpg,0.30970147,0.44222218,0.07537717,0.17269912
501783.jpg,0.32867154,0.559746,0.08816895,0.023413446
501784.jpg,0.01297809,0.5527532,0.06249914,0.3717696
501785.jpg,0.8933381,0.031176206,0.051056862,0.024428807
501786.jpg,0.0028838872,0.037749205,0.021326793,0.9380401
501787.jpg,0.82723224,0.08852708,0.0563647,0.027875926
501788.jpg,0.0068810815,0.003985751,0.5993936,0.3897396
501789.jpg,0.3113743,0.597723,0.061381392,0.029521277
501790.jpg,0.2782001,0.6241085,0.06640385,0.03128757
501791.jpg,0.19574365,0.68952054,0.085629374,0.029106399
501792.jpg,0.8235129,0.01818121,0.13833813,0.019967705
501793.jpg,0.8768415,0.05397186,0.047395512,0.021791168
501794.jpg,0.0011763469,0.0024266434,0.95955986,0.036837056
501795.jpg,0.86611634,0.043675315,0.05986539,0.030342983
501796.jpg,0.900309,0.016947098,0.052991085,0.029752813
501797.jpg,0.8180497,0.095433064,0.059248023,0.027269147
501798.jpg,0.5458171,0.35612446,0.06333764,0.034720905
501799.jpg,0.25507033,0.64483666,0.06759803,0.03249503
501800.jpg,0.2558776,0.64773756,0.06981121,0.02657356
501801.jpg,0.77388304,0.13997579,0.056617305,0.029523863
501802.jpg,0.7785584,0.12040991,0.06332756,0.037704196
501803.jpg,0.00069099176,0.0010282192,0.95528793,0.042992838
501804.jpg,0.19577472,0.24583615,0.5371742,0.021214882
501805.jpg,0.00095251657,0.0018062012,0.9382417,0.05899965
501806.jpg,0.0006862804,0.00097219244,0.9841939,0.014147629
501807.jpg,0.002308937,0.0018906505,0.7986095,0.19719096
501808.jpg,0.28248602,0.62467694,0.06399814,0.02883885
501809.jpg,0.043344077,0.87046283,0.050203253,0.035989787
501810.jpg,0.7526166,0.17549558,0.051869348,0.020018518
501811.jpg,0.0009463902,0.001168137,0.90380883,0.09407669
501812.jpg,0.6707254,0.23300944,0.06316974,0.033095405
501813.jpg,0.19185531,0.71552646,0.063227616,0.029390603
501814.jpg,0.7403193,0.14919247,0.07558271,0.034905534
501815.jpg,0.004025211,0.027332814,0.21716948,0.7514725
501816.jpg,0.5226414,0.3754965,0.062758066,0.03910406
501817.jpg,0.7348742,0.14689094,0.089320175,0.028914783
501818.jpg,0.35777128,0.5420916,0.070959456,0.029177606
501819.jpg,0.6786772,0.22422415,0.06960784,0.027490845
501820.jpg,0.0020707257,0.004409069,0.35999697,0.6335233
501821.jpg,0.2808622,0.6144208,0.07060517,0.03411185
501822.jpg,0.7979406,0.10177853,0.069256455,0.031024413
501823.jpg,0.17606018,0.7208026,0.06915532,0.033981845
501824.jpg,0.32048807,0.051816974,0.5601869,0.0675081
501825.jpg,0.27420092,0.62755364,0.07171121,0.02653426
501826.jpg,0.002063406,0.0024121294,0.37282446,0.62270004
501827.jpg,0.89661556,0.023669042,0.054113124,0.025602274
501828.jpg,0.25229105,0.5261855,0.13426241,0.08726104
501829.jpg,0.12062922,0.7659042,0.07673779,0.036728855
501830.jpg,0.0009862363,0.0010731268,0.84468716,0.1532535
501831.jpg,0.7000771,0.19454505,0.07316286,0.032214966
501832.jpg,0.114974685,0.6837504,0.058941826,0.14233309
501833.jpg,0.8918454,0.03237444,0.05055281,0.025227297
501834.jpg,0.47749963,0.42336267,0.07196569,0.027172012
501835.jpg,0.8689769,0.048944,0.05410324,0.02797587
501836.jpg,0.78896517,0.122847065,0.061049137,0.027138626
501837.jpg,0.0019469538,0.00419922,0.64780736,0.34604645
501838.jpg,0.040191334,0.8773253,0.05096222,0.031521168
501839.jpg,0.0012843388,0.0030262326,0.47299343,0.52269596
501840.jpg,0.56364,0.3381054,0.07054799,0.027706573
501841.jpg,0.0028000225,0.0023986928,0.66895205,0.32584926
501842.jpg,0.05069088,0.8577261,0.070860356,0.020722674
501843.jpg,0.09512184,0.8211117,0.05887539,0.024891118
501844.jpg,0.0054107667,0.005080895,0.9414924,0.048015937
501845.jpg,0.88915133,0.030028513,0.055410672,0.025409527
501846.jpg,0.2475621,0.6599014,0.056486025,0.036050513
501847.jpg,0.0012221097,0.002085698,0.028636465,0.9680557
501848.jpg,0.0044880584,0.06054134,0.26752055,0.66745013
501849.jpg,0.003527681,0.006402634,0.43873417,0.5513356
501850.jpg,0.5649979,0.3371626,0.064844996,0.032994464
501851.jpg,0.08259168,0.48764834,0.122725636,0.30703434
501852.jpg,0.5261932,0.3733762,0.067859344,0.03257127
501853.jpg,0.88804704,0.033232298,0.05165226,0.027068395
501854.jpg,0.11134834,0.7878758,0.070344396,0.030431423
501855.jpg,0.8199111,0.08508817,0.059273932,0.035726763
501856.jpg,0.036473624,0.8804076,0.049272936,0.0338458
501857.jpg,0.032364342,0.8524849,0.053968545,0.061182294
501858.jpg,0.31310678,0.087125696,0.3525245,0.247243
501859.jpg,0.0012740664,0.0010781805,0.99420464,0.0034430872
501860.jpg,0.0022502947,0.0025195973,0.5039419,0.49128824
501861.jpg,0.5668889,0.33539233,0.060363166,0.03735556
501862.jpg,0.0008474229,0.00086859585,0.9831613,0.015122728
501863.jpg,0.88106537,0.04038178,0.05273475,0.025818076
501864.jpg,0.8915314,0.02900955,0.05094569,0.028513309
501865.jpg,0.87657696,0.041619338,0.056610856,0.025192834
501866.jpg,0.009560868,0.13557488,0.04662356,0.8082407
501867.jpg,0.6529132,0.2385683,0.0635893,0.044929244
501868.jpg,0.8746078,0.033581935,0.06456365,0.027246581
501869.jpg,0.69844544,0.21343046,0.060018804,0.028105319
501870.jpg,0.012674581,0.6995092,0.15282851,0.1349878
501871.jpg,0.27142474,0.12360329,0.5942618,0.010710235
501872.jpg,0.10157568,0.7070768,0.10400058,0.087346844
501873.jpg,0.83053184,0.07582413,0.06309441,0.030549603
501874.jpg,0.75708324,0.14428395,0.068581276,0.030051537
501875.jpg,0.503336,0.3598859,0.08758283,0.049195264
501876.jpg,0.12682556,0.7879615,0.06045894,0.02475404
501877.jpg,0.04733272,0.8741624,0.05149659,0.027008332
501878.jpg,0.90996754,0.01712357,0.047733296,0.025175678
501879.jpg,0.12485843,0.7845213,0.06234924,0.028271087
501880.jpg,0.8766414,0.048645835,0.050322354,0.024390455
501881.jpg,0.6411777,0.24607174,0.08114175,0.031608775
501882.jpg,0.37651256,0.13039777,0.2978366,0.1952531
501883.jpg,0.09758385,0.80569583,0.06531677,0.031403583
501884.jpg,0.8765122,0.037314728,0.056374814,0.029798243
501885.jpg,0.5448325,0.35268363,0.06638788,0.03609596
501886.jpg,0.8977717,0.022039326,0.05354465,0.026644386
501887.jpg,0.8679562,0.050519153,0.053847607,0.02767705
501888.jpg,0.2247122,0.69350624,0.05474649,0.02703507
501889.jpg,0.65911615,0.23622592,0.065852374,0.038805492
501890.jpg,0.8867224,0.026343618,0.061960995,0.024972994
501891.jpg,0.87588894,0.03432624,0.059110027,0.030674836
501892.jpg,0.087785035,0.833299,0.058880482,0.020035489
501893.jpg,0.79888433,0.10937956,0.061512504,0.030223565
501894.jpg,0.15997833,0.5681373,0.115999885,0.15588444
501895.jpg,0.15922214,0.65766484,0.05475055,0.12836248
501896.jpg,0.3835136,0.52452755,0.06479928,0.027159648
501897.jpg,0.86462414,0.05068687,0.054912876,0.029776178
501898.jpg,0.5293352,0.36551204,0.070977956,0.034174815
501899.jpg,0.09391077,0.8073049,0.07204756,0.026736703
501900.jpg,0.48529094,0.42187396,0.06179922,0.031035833
501901.jpg,0.8910945,0.027108274,0.05413884,0.027658341
501902.jpg,0.0043483055,0.004925812,0.6127058,0.3780201
501903.jpg,0.89237034,0.030382447,0.05187806,0.025369216
501904.jpg,0.8802199,0.027726151,0.060420923,0.031633005
501905.jpg,0.89438313,0.029211648,0.053719886,0.022685425
501906.jpg,0.8938958,0.021276198,0.056363124,0.028464874
501907.jpg,0.023532629,0.8955074,0.05476604,0.026193986
501908.jpg,0.710994,0.19267625,0.068651184,0.027678473
501909.jpg,0.884807,0.027856283,0.06265761,0.02467901
501910.jpg,0.8383167,0.0735753,0.06225664,0.025851369
501911.jpg,0.84864426,0.06926085,0.05359922,0.028495632
501912.jpg,0.6445595,0.26915732,0.059857607,0.026425553
501913.jpg,0.8689077,0.046033934,0.05719986,0.027858548
501914.jpg,0.034914885,0.7827621,0.08136681,0.10095622
501915.jpg,0.7897981,0.12170536,0.056629524,0.03186701
501916.jpg,0.039318018,0.38339442,0.06999373,0.5072938
501917.jpg,0.24013008,0.6742939,0.056324065,0.029251955
501918.jpg,0.04454022,0.85796654,0.06420206,0.033291113
501919.jpg,0.017891096,0.9094996,0.051553413,0.021055851
501920.jpg,0.0018258925,0.0042915433,0.09300327,0.9008792
501921.jpg,0.19613054,0.7064847,0.059855904,0.037528798
501922.jpg,0.15033728,0.7536571,0.07426658,0.02173911
501923.jpg,0.5835724,0.2868369,0.10260002,0.026990753
501924.jpg,0.7435811,0.16506793,0.05520749,0.036143404
501925.jpg,0.0049073566,0.0030828835,0.96238846,0.029621266
501926.jpg,0.001987299,0.0024072076,0.4778736,0.5177319
501927.jpg,0.9091388,0.017867874,0.04888056,0.02411274
501928.jpg,0.13595308,0.7702064,0.06913186,0.024708651
501929.jpg,0.88902926,0.037075955,0.049737368,0.024157373
501930.jpg,0.3751209,0.51675147,0.07621218,0.031915486
501931.jpg,0.88066375,0.034200303,0.053900775,0.031235162
501932.jpg,0.78565556,0.10755673,0.07286218,0.03392558
501933.jpg,0.6373326,0.27024397,0.057091042,0.035332385
501934.jpg,0.06044989,0.8553952,0.05901746,0.025137408
501935.jpg,0.8945202,0.019615913,0.055759516,0.030104227
501936.jpg,0.8961111,0.026298774,0.049329665,0.028260482
501937.jpg,0.8848522,0.030121436,0.0545391,0.030487232
501938.jpg,0.031978685,0.8857922,0.05554031,0.026688777
501939.jpg,0.05726505,0.6598823,0.12924916,0.1536034
501940.jpg,0.734134,0.16248411,0.06628023,0.03710158
501941.jpg,0.89914864,0.020709544,0.054643482,0.02549828
501942.jpg,0.7177962,0.20032178,0.05307801,0.028804004
501943.jpg,0.12885302,0.5690577,0.13564369,0.16644552
501944.jpg,0.51673913,0.13273154,0.33724964,0.01327965
501945.jpg,0.8814891,0.02744159,0.0614455,0.029623793
501946.jpg,0.37027946,0.32432875,0.27170384,0.033687968
501947.jpg,0.0019723652,0.0048607443,0.017747274,0.9754196
501948.jpg,0.06944636,0.8075051,0.065420374,0.05762817
501949.jpg,0.8897917,0.023156239,0.05882369,0.028228419
501950.jpg,0.45986307,0.44377258,0.05614314,0.04022126
501951.jpg,0.89032704,0.036267456,0.049594242,0.023811296
501952.jpg,0.53619725,0.37464333,0.06029439,0.028865078
501953.jpg,0.85702145,0.05276375,0.06451373,0.025701055
501954.jpg,0.90380096,0.021364717,0.049343128,0.025491169
501955.jpg,0.8732949,0.035740033,0.063170716,0.02779437
501956.jpg,0.0009902973,0.0018954562,0.88642526,0.11068901
501957.jpg,0.0015881552,0.002216192,0.07770493,0.9184908
501958.jpg,0.04082436,0.73343056,0.06974623,0.15599886
501959.jpg,0.0013894895,0.0028228972,0.6177859,0.3780017
501960.jpg,0.23131782,0.6776908,0.06515867,0.025832653
501961.jpg,0.8901927,0.030442063,0.052915905,0.026449405
501962.jpg,0.5867556,0.26968455,0.09553989,0.048019953
501963.jpg,0.87715423,0.03556424,0.058744352,0.028537206
501964.jpg,0.11241741,0.7096702,0.059628632,0.118283786
501965.jpg,0.85157037,0.06303244,0.05803213,0.027365122
501966.jpg,0.8767011,0.029082902,0.061766863,0.03244912
501967.jpg,0.13305731,0.497687,0.19094354,0.17831212
501968.jpg,0.0053265323,0.053732183,0.03921771,0.90172356
501969.jpg,0.07545854,0.018222488,0.89898777,0.007331148
501970.jpg,0.8708365,0.048316013,0.05440577,0.026441686
501971.jpg,0.90943134,0.01918721,0.048370577,0.023010964
501972.jpg,0.8902753,0.028902527,0.05611576,0.02470643
501973.jpg,0.34036303,0.5569758,0.067392394,0.0352688
501974.jpg,0.001541551,0.0025296463,0.386693,0.6092358
501975.jpg,0.76620287,0.14426619,0.06361903,0.02591191
501976.jpg,0.5122983,0.37355626,0.079693094,0.0344524
501977.jpg,0.35349312,0.54247046,0.06444476,0.039591614
501978.jpg,0.8678989,0.0427064,0.060578175,0.028816573
501979.jpg,0.6353682,0.27521107,0.06757351,0.021847192
501980.jpg,0.7982627,0.10366007,0.06869524,0.029381951
501981.jpg,0.2026302,0.7084217,0.058587175,0.030360928
501982.jpg,0.8452441,0.06202461,0.06519862,0.02753278
501983.jpg,0.58761925,0.30766404,0.070374355,0.034342304
501984.jpg,0.10354762,0.35794115,0.10788587,0.43062535
501985.jpg,0.8959029,0.018702539,0.059025023,0.026369689
501986.jpg,0.8743213,0.038451865,0.058600646,0.02862623
501987.jpg,0.17593926,0.6829957,0.050405156,0.09065986
501988.jpg,0.016774254,0.3469802,0.23917669,0.39706886
501989.jpg,0.9083,0.01845645,0.049655072,0.023588546
501990.jpg,0.0012283364,0.002348041,0.02239122,0.9740324
501991.jpg,0.030493028,0.7537272,0.0769237,0.1388561
501992.jpg,0.8646556,0.04847753,0.057750735,0.02911614
501993.jpg,0.63942695,0.26626384,0.0656452,0.028664006
501994.jpg,0.9027921,0.017151356,0.057182524,0.022874106
501995.jpg,0.87502265,0.04209082,0.05371409,0.029172476
501996.jpg,0.0018554729,0.0029474257,0.114247575,0.8809495
501997.jpg,0.8703153,0.04917091,0.05304607,0.027467722
501998.jpg,0.009886159,0.41951787,0.042591996,0.52800393
501999.jpg,0.8452932,0.070755325,0.05619359,0.027757816
502000.jpg,0.044639107,0.87996,0.048507087,0.026893727
502001.jpg,0.4069343,0.5123592,0.054576807,0.026129726
502002.jpg,0.83684134,0.037320934,0.10069631,0.025141476
502003.jpg,0.45285547,0.45504877,0.06014847,0.031947237
502004.jpg,0.029163145,0.44380012,0.39095166,0.13608508
502005.jpg,0.0022798816,0.0095481025,0.023507826,0.96466416
502006.jpg,0.2815608,0.024977366,0.6860965,0.007365346
502007.jpg,0.019566692,0.46121868,0.07749759,0.44171703
502008.jpg,0.09619845,0.8269998,0.051797397,0.025004447
502009.jpg,0.7762072,0.15312369,0.05008047,0.020588616
502010.jpg,0.31593063,0.5928203,0.06082005,0.030429091
502011.jpg,0.48726305,0.42607835,0.06252561,0.024133032
502012.jpg,0.51349103,0.34702376,0.09265856,0.04682661
502013.jpg,0.17078303,0.74040824,0.05872035,0.030088358
502014.jpg,0.017396579,0.7953436,0.058290124,0.12896977
502015.jpg,0.88348794,0.03557731,0.0588309,0.022103885
502016.jpg,0.8307922,0.07716014,0.06396296,0.028084742
502017.jpg,0.008871383,0.030634962,0.34944463,0.611049
502018.jpg,0.04975301,0.04887928,0.50175256,0.39961517
502019.jpg,0.88550013,0.03609705,0.051856857,0.026546035
502020.jpg,0.0019943009,0.0059282724,0.3340849,0.6579926
502021.jpg,0.09929287,0.82136124,0.055592623,0.023753287
502022.jpg,0.89106154,0.03290731,0.050920986,0.025110103
502023.jpg,0.69152695,0.21200953,0.06339266,0.033070955
502024.jpg,0.056657095,0.85485053,0.064118184,0.02437419
502025.jpg,0.0019676052,0.0035299133,0.35205206,0.6424504
502026.jpg,0.42984045,0.4709665,0.067088105,0.032104924
502027.jpg,0.8902266,0.02296161,0.059897542,0.026914282
502028.jpg,0.87829226,0.029063817,0.056886546,0.035757422
502029.jpg,0.7322101,0.18635185,0.057098296,0.024339736
502030.jpg,0.027217608,0.08922845,0.33763766,0.54591626
502031.jpg,0.89086586,0.024778485,0.05831017,0.026045468
502032.jpg,0.85363865,0.06258402,0.053311996,0.030465402
502033.jpg,0.766649,0.13857938,0.06476276,0.030008785
502034.jpg,0.88838404,0.024630398,0.05596041,0.031025201
502035.jpg,0.10815702,0.8136313,0.05681565,0.021395985
502036.jpg,0.02551292,0.8792944,0.06817676,0.027015917
502037.jpg,0.0018098806,0.0018012888,0.71101505,0.2853738
502038.jpg,0.593388,0.31970856,0.05977261,0.027130794
502039.jpg,0.28213122,0.6229027,0.06231104,0.032655034
502040.jpg,0.32323956,0.58841735,0.0611753,0.027167747
502041.jpg,0.8791122,0.033247028,0.05788912,0.029751655
502042.jpg,0.20295738,0.7083749,0.062105417,0.026562303
502043.jpg,0.8242642,0.0861852,0.063121326,0.02642924
502044.jpg,0.8822282,0.031978138,0.05855992,0.027233787
502045.jpg,0.0019568317,0.0029959753,0.28516668,0.70988053
502046.jpg,0.054446556,0.87087584,0.047787,0.026890706
502047.jpg,0.86178553,0.04476977,0.06862586,0.024818834
502048.jpg,0.45183644,0.44389573,0.058095198,0.04617264
502049.jpg,0.8989208,0.023320436,0.05397503,0.023783747
502050.jpg,0.0031850266,0.0031457832,0.42815703,0.5655122
502051.jpg,0.9046805,0.019524235,0.051629007,0.024166299
502052.jpg,0.8450459,0.06705734,0.056164563,0.031732127
502053.jpg,0.8973897,0.02922285,0.049575612,0.023811765
502054.jpg,0.024676682,0.89226955,0.056161735,0.026891897
502055.jpg,0.72831917,0.16313657,0.070835195,0.037709076
502056.jpg,0.6702728,0.1899707,0.058075402,0.08168113
502057.jpg,0.1899094,0.71585244,0.05816199,0.036076155
502058.jpg,0.8867555,0.030974269,0.053651586,0.028618667
502059.jpg,0.017556967,0.27870527,0.09590806,0.60782975
502060.jpg,0.25475228,0.642125,0.06640984,0.03671278
502061.jpg,0.5837012,0.3044982,0.07940881,0.03239183
502062.jpg,0.0010301337,0.0020526291,0.7959851,0.20093206
502063.jpg,0.8813752,0.026999451,0.06610848,0.02551694
502064.jpg,0.42939356,0.47338486,0.061639626,0.03558187
502065.jpg,0.06421211,0.8621862,0.048370615,0.02523106
502066.jpg,0.6553552,0.25649875,0.056579545,0.0315665
502067.jpg,0.046506856,0.8667071,0.06458332,0.022202706
502068.jpg,0.03305708,0.5907763,0.29369494,0.08247164
502069.jpg,0.8903691,0.022543602,0.05776559,0.029321648
502070.jpg,0.021496326,0.8942795,0.056424856,0.027799364
502071.jpg,0.08165695,0.82660997,0.06723574,0.02449731
502072.jpg,0.31080273,0.6147164,0.04512379,0.029357132
502073.jpg,0.37583643,0.16030666,0.4551767,0.00868018
502074.jpg,0.49917686,0.4007841,0.07017854,0.029860506
502075.jpg,0.8817683,0.028726514,0.06261165,0.02689353
502076.jpg,0.0853254,0.21649954,0.2737563,0.4244188
502077.jpg,0.8953353,0.020545501,0.055632457,0.02848672
502078.jpg,0.8725043,0.04287156,0.04977882,0.034845337
502079.jpg,0.18708248,0.5367872,0.051233355,0.22489697
502080.jpg,0.5113857,0.38238844,0.071158424,0.035067417
502081.jpg,0.8905024,0.02928509,0.05418222,0.026030354
502082.jpg,0.0060753156,0.008221631,0.28890032,0.6968028
502083.jpg,0.8911259,0.03348036,0.04677091,0.02862284
502084.jpg,0.7013135,0.20154077,0.0636019,0.03354385
502085.jpg,0.6659728,0.25955904,0.053342316,0.021125814
502086.jpg,0.023280272,0.1915855,0.051838968,0.73329526
502087.jpg,0.2510814,0.6283443,0.05475396,0.06582034
502088.jpg,0.3935853,0.51564485,0.05826619,0.032503635
502089.jpg,0.53922784,0.36072195,0.069884166,0.030166008
502090.jpg,0.110043295,0.80136883,0.05630569,0.032282244
502091.jpg,0.55226785,0.34456956,0.06293666,0.040225897
502092.jpg,0.014492937,0.47376442,0.11520656,0.39653608
502093.jpg,0.59980595,0.3128731,0.060906965,0.02641402
502094.jpg,0.79590636,0.106555335,0.06348938,0.03404897
502095.jpg,0.0016913816,0.003536027,0.019095393,0.9756772
502096.jpg,0.4360652,0.4841102,0.052635346,0.02718926
502097.jpg,0.8860853,0.0341135,0.05209481,0.027706444
502098.jpg,0.4219683,0.49809435,0.0526333,0.027304063
502099.jpg,0.2170246,0.6721697,0.057700217,0.053105514
502100.jpg,0.43008196,0.469046,0.06997314,0.030898942
502101.jpg,0.58743644,0.31784174,0.06354952,0.031172186
502102.jpg,0.0013065317,0.0020851984,0.4600779,0.5365303
502103.jpg,0.49095625,0.3982125,0.08161619,0.029215094
502104.jpg,0.00065215025,0.0008429119,0.9617494,0.036755525
502105.jpg,0.89489543,0.022737378,0.05567193,0.02669527
502106.jpg,0.3661423,0.08442122,0.42203283,0.12740362
502107.jpg,0.87217104,0.040527012,0.059603214,0.027698718
502108.jpg,0.068886034,0.84215844,0.055853207,0.03310229
502109.jpg,0.88176024,0.042092368,0.052022748,0.024124656
502110.jpg,0.008054361,0.0065099727,0.8997206,0.08571503
502111.jpg,0.021905221,0.7548598,0.04437909,0.1788559
502112.jpg,0.09653826,0.8053568,0.067914926,0.030190008
502113.jpg,0.19328006,0.7320882,0.04517989,0.029451877
502114.jpg,0.8741395,0.045237906,0.055095706,0.025526904
502115.jpg,0.001186278,0.0009860925,0.95323277,0.04459491
502116.jpg,0.45848697,0.43312278,0.07302147,0.035368785
502117.jpg,0.051664513,0.87658584,0.049700394,0.022049252
502118.jpg,0.29558504,0.6022195,0.07097144,0.031223983
502119.jpg,0.3701341,0.5278862,0.06507245,0.036907278
502120.jpg,0.032557596,0.8859627,0.056801453,0.024678273
502121.jpg,0.82278323,0.09749727,0.051951304,0.027768178
502122.jpg,0.1206999,0.8053409,0.054279223,0.019680027
502123.jpg,0.28007102,0.6062459,0.07447168,0.03921142
502124.jpg,0.89342755,0.024921313,0.056929484,0.024721617
502125.jpg,0.093305856,0.81772923,0.058609776,0.030355122
502126.jpg,0.025756164,0.8865008,0.05776258,0.029980484
502127.jpg,0.19395776,0.43695867,0.18387897,0.18520457
502128.jpg,0.83682746,0.08073523,0.052916747,0.029520657
502129.jpg,0.5633812,0.3338987,0.06597033,0.036749765
502130.jpg,0.57167053,0.1322712,0.2638191,0.03223919
502131.jpg,0.825543,0.08341015,0.060810704,0.030236099
502132.jpg,0.8387708,0.06718847,0.058495793,0.035544887
502133.jpg,0.58714414,0.30298966,0.06901962,0.040846605
502134.jpg,0.7539084,0.067445844,0.15843064,0.020215154
502135.jpg,0.002560555,0.01922248,0.9496369,0.028580168
502136.jpg,0.8805293,0.028906802,0.060410816,0.030153116
502137.jpg,0.03240456,0.8118575,0.05791493,0.097822994
502138.jpg,0.056804214,0.3177502,0.55922097,0.06622463
502139.jpg,0.294548,0.6092219,0.068840414,0.027389655
502140.jpg,0.53925407,0.348136,0.08150634,0.031103637
502141.jpg,0.8918559,0.026783722,0.052122373,0.029237978
502142.jpg,0.007502841,0.14800996,0.12544683,0.7190404
502143.jpg,0.41891384,0.48946795,0.061292514,0.030325647
502144.jpg,0.06759928,0.833565,0.06439538,0.034440372
502145.jpg,0.32707167,0.555711,0.08347593,0.03374143
502146.jpg,0.7982821,0.10914462,0.060310543,0.032262694
502147.jpg,0.5133261,0.028308533,0.44922626,0.009139083
502148.jpg,0.74116033,0.15946595,0.06359995,0.035773735
502149.jpg,0.056744236,0.12419425,0.19973427,0.61932725
502150.jpg,0.69719917,0.22168353,0.052851174,0.028266128
502151.jpg,0.8066537,0.11293253,0.056868844,0.02354501
502152.jpg,0.304899,0.5991981,0.06394485,0.03195809
502153.jpg,0.002210225,0.005657553,0.21370713,0.77842516
502154.jpg,0.0020002956,0.002563213,0.49352428,0.5019121
502155.jpg,0.7516693,0.14536235,0.066628985,0.036339395
502156.jpg,0.78215843,0.121097475,0.06315,0.033594124
502157.jpg,0.009088763,0.0094845295,0.43498623,0.5464404
502158.jpg,0.8759357,0.04107587,0.055522867,0.027465604
502159.jpg,0.0013557124,0.002661695,0.020109868,0.97587276
502160.jpg,0.660433,0.24286039,0.07211263,0.024594031
502161.jpg,0.0021536541,0.0032545887,0.3170714,0.67752033
502162.jpg,0.09816617,0.35927096,0.31473443,0.2278284
502163.jpg,0.9018096,0.02113973,0.05371134,0.02333931
502164.jpg,0.22622551,0.685484,0.06261426,0.02567622
502165.jpg,0.52377456,0.3740583,0.063634545,0.03853254
502166.jpg,0.82435906,0.09360791,0.05277092,0.029262135
502167.jpg,0.7692632,0.14954337,0.056734104,0.024459295
502168.jpg,0.7835726,0.13492826,0.054070678,0.027428484
502169.jpg,0.8940811,0.03128986,0.050802216,0.02382681
502170.jpg,0.31454426,0.57957053,0.07142627,0.034458876
502171.jpg,0.39540085,0.50333047,0.07033917,0.030929519
502172.jpg,0.001923287,0.002713918,0.12694477,0.868418
502173.jpg,0.009600922,0.8976789,0.06264945,0.030070653
502174.jpg,0.8520777,0.06117809,0.06030025,0.026443888
502175.jpg,0.8574626,0.052838556,0.060467653,0.029231247
502176.jpg,0.0017583037,0.002312058,0.57133794,0.42459166
502177.jpg,0.86217153,0.057637267,0.05652856,0.023662616
502178.jpg,0.20133263,0.5396562,0.07304129,0.18596983
502179.jpg,0.89480186,0.025008984,0.051810384,0.028378751
502180.jpg,0.004591668,0.0031871062,0.65208167,0.34013954
502181.jpg,0.7572869,0.15808828,0.05799113,0.026633672
502182.jpg,0.3455371,0.5790689,0.053772025,0.021622043
502183.jpg,0.84400845,0.059745684,0.06590675,0.030339168
502184.jpg,0.8829245,0.03565325,0.051953033,0.029469159
502185.jpg,0.48461846,0.38358247,0.08171803,0.050081037
502186.jpg,0.0053389277,0.009237227,0.25704205,0.7283819
502187.jpg,0.08985005,0.7744877,0.08241333,0.05324898
502188.jpg,0.6133569,0.29568255,0.05384504,0.03711553
502189.jpg,0.4553542,0.44865704,0.06822443,0.027764289
502190.jpg,0.52933955,0.37616956,0.06492782,0.029563066
502191.jpg,0.016276829,0.8919543,0.053589273,0.03817958
502192.jpg,0.8732455,0.036376208,0.056136806,0.03424157
502193.jpg,0.2050892,0.36810702,0.18815355,0.23865022
502194.jpg,0.73169255,0.17808384,0.06441939,0.025804149
502195.jpg,0.00092533935,0.0017015295,0.92555785,0.07181526
502196.jpg,0.2771996,0.31097895,0.13381962,0.27800182
502197.jpg,0.83349603,0.07355605,0.056709044,0.03623886
502198.jpg,0.0018317737,0.003732139,0.020843156,0.973593
502199.jpg,0.71094894,0.21385947,0.05141209,0.023779504
502200.jpg,0.8768887,0.03860477,0.058462135,0.026044361
502201.jpg,0.1612874,0.52871716,0.18982854,0.12016686
502202.jpg,0.04065301,0.05279141,0.75019205,0.15636355
502203.jpg,0.8780407,0.036131665,0.060256734,0.025570905
502204.jpg,0.87226963,0.03230475,0.061124068,0.034301586
502205.jpg,0.010395583,0.220084,0.19071609,0.5788043
502206.jpg,0.024638295,0.10392304,0.78970677,0.08173193
502207.jpg,0.78340584,0.0904085,0.10493596,0.021249669
502208.jpg,0.2980866,0.5906511,0.08016514,0.031097144
502209.jpg,0.012033299,0.89566636,0.06062288,0.03167741
502210.jpg,0.74299765,0.17777325,0.05609658,0.023132436
502211.jpg,0.0019133517,0.0019391926,0.56025934,0.43588814
502212.jpg,0.868902,0.047244277,0.053366564,0.030487081
502213.jpg,0.25566778,0.18724316,0.24999769,0.30709141
502214.jpg,0.63626915,0.28155404,0.05486542,0.027311409
502215.jpg,0.78916985,0.1341663,0.05434158,0.02232232
502216.jpg,0.81667125,0.10486638,0.05051139,0.027950952
502217.jpg,0.87633556,0.04385874,0.051447194,0.028358541
502218.jpg,0.0013172284,0.0039027391,0.41793966,0.57684034
502219.jpg,0.847953,0.05863752,0.058332376,0.035077132
502220.jpg,0.0014616883,0.0020223928,0.7146925,0.28182337
502221.jpg,0.11801289,0.79147536,0.060274675,0.03023704
502222.jpg,0.87765193,0.039093066,0.05447016,0.028784858
502223.jpg,0.8353989,0.07335602,0.059570298,0.031674724
502224.jpg,0.8253536,0.09386709,0.05541136,0.0253679
502225.jpg,0.70336366,0.2118429,0.05625443,0.028539035
502226.jpg,0.84619105,0.060222387,0.060673103,0.032913473
502227.jpg,0.049474057,0.88046294,0.035556063,0.034506984
502228.jpg,0.02098097,0.89025253,0.058591444,0.030175043
502229.jpg,0.13369413,0.61505437,0.08980417,0.16144745
502230.jpg,0.80255055,0.11911371,0.05101396,0.027321788
502231.jpg,0.37058437,0.52984184,0.065852374,0.03372144
502232.jpg,0.72365224,0.18334036,0.06217073,0.030836629
502233.jpg,0.14503211,0.75527394,0.06664794,0.033046033
502234.jpg,0.0010348611,0.0017373791,0.89795685,0.09927095
502235.jpg,0.83237547,0.093905225,0.04925055,0.024468737
502236.jpg,0.836972,0.07387629,0.061248645,0.02790314
502237.jpg,0.17820756,0.74475265,0.05094434,0.026095543
502238.jpg,0.67608136,0.041522678,0.23380834,0.04858768
502239.jpg,0.0017480364,0.0026560563,0.81510067,0.18049526
502240.jpg,0.8484722,0.06666691,0.053835753,0.03102512
502241.jpg,0.8711203,0.046578363,0.050619222,0.03168215
502242.jpg,0.85629386,0.06306044,0.05289,0.027755715
502243.jpg,0.035675757,0.85554504,0.050012104,0.058767073
502244.jpg,0.7681661,0.14732492,0.054217737,0.0302912
502245.jpg,0.82193446,0.09563401,0.05055514,0.031876512
502246.jpg,0.040005013,0.8796847,0.05531447,0.024995878
502247.jpg,0.57415426,0.34165266,0.054223683,0.029969295
502248.jpg,0.84673065,0.050147448,0.06491123,0.03821063
502249.jpg,0.75937533,0.14393,0.06646766,0.030227086
502250.jpg,0.22362222,0.68953145,0.05729638,0.029549876
502251.jpg,0.0018788315,0.0029123402,0.02126921,0.9739396
502252.jpg,0.6992143,0.208054,0.06343807,0.029293634
502253.jpg,0.0023613332,0.0038436705,0.8688704,0.12492458
502254.jpg,0.3437643,0.55292207,0.06336987,0.039943762
502255.jpg,0.8663953,0.04362947,0.06798943,0.0219858
502256.jpg,0.4122749,0.48701826,0.06756342,0.033143405
502257.jpg,0.17985637,0.73068786,0.06057908,0.028876666
502258.jpg,0.7738905,0.057833485,0.14601466,0.02226142
502259.jpg,0.908123,0.015325238,0.052944366,0.02360741
502260.jpg,0.002496031,0.002549998,0.42009175,0.5748622
502261.jpg,0.047422323,0.8763066,0.049496677,0.026774459
502262.jpg,0.49358708,0.4017751,0.060277198,0.044360653
502263.jpg,0.89040065,0.027885957,0.0541784,0.027535042
502264.jpg,0.8436095,0.07664418,0.055482075,0.02426425
502265.jpg,0.87188,0.04459156,0.05016541,0.033363026
502266.jpg,0.87382853,0.03789687,0.06258418,0.025690444
502267.jpg,0.49892193,0.4138358,0.057600703,0.029641608
502268.jpg,0.52887106,0.37181872,0.06250377,0.036806446
502269.jpg,0.001279016,0.003149205,0.55933917,0.43623263
502270.jpg,0.7302878,0.16423045,0.069284916,0.036196854
502271.jpg,0.6255264,0.26748404,0.077000394,0.02998919
502272.jpg,0.5910908,0.30185902,0.063520044,0.043530192
502273.jpg,0.5462112,0.35379606,0.06569619,0.0342966
502274.jpg,0.44799423,0.41600904,0.0849707,0.051026054
502275.jpg,0.8651584,0.059689276,0.051494963,0.023657352
502276.jpg,0.58206487,0.3302316,0.057091646,0.03061181
502277.jpg,0.00107931,0.0014506602,0.9319221,0.06554791
502278.jpg,0.5323942,0.35920414,0.06477233,0.043629352
502279.jpg,0.8856647,0.038784016,0.05278252,0.022768654
502280.jpg,0.86107856,0.041352987,0.06780609,0.029762331
502281.jpg,0.019686712,0.9036248,0.05188393,0.024804655
502282.jpg,0.7145295,0.19510359,0.06375769,0.02660919
502283.jpg,0.17972103,0.019154694,0.79306513,0.008059212
502284.jpg,0.8350593,0.027717432,0.11338188,0.023841433
502285.jpg,0.65636796,0.24957997,0.063404046,0.030648109
502286.jpg,0.5000619,0.40124378,0.066701084,0.031993218
502287.jpg,0.030831307,0.90167224,0.047170624,0.020325733
502288.jpg,0.8824072,0.034744408,0.054626968,0.028221449
502289.jpg,0.000599136,0.0008803637,0.9598945,0.038625963
502290.jpg,0.82121396,0.079634525,0.06872667,0.03042488
502291.jpg,0.0022278188,0.0026290314,0.53297114,0.46217203
502292.jpg,0.72829515,0.15650824,0.0704342,0.044762366
502293.jpg,0.0017375632,0.0018109786,0.72629535,0.27015603
502294.jpg,0.047635987,0.8751785,0.053285517,0.023899969
502295.jpg,0.002249254,0.01601864,0.028772686,0.95295936
502296.jpg,0.3478611,0.5728295,0.05809233,0.021217097
502297.jpg,0.8799859,0.037457407,0.057223838,0.025332775
502298.jpg,0.56206477,0.32454392,0.08239539,0.030995958
502299.jpg,0.003962977,0.028562827,0.01966944,0.94780487
502300.jpg,0.027614482,0.8936089,0.05009204,0.028684467
502301.jpg,0.8806212,0.035706505,0.057502493,0.026169827
502302.jpg,0.018987646,0.50040025,0.2712162,0.2093959
502303.jpg,0.5521734,0.07692951,0.33941486,0.03148228
502304.jpg,0.88950837,0.034649737,0.050692182,0.025149783
502305.jpg,0.14737564,0.7674339,0.056076474,0.029114008
502306.jpg,0.06372717,0.028553864,0.86482716,0.04289182
502307.jpg,0.7801986,0.13044249,0.06115658,0.028202318
502308.jpg,0.387476,0.49757704,0.077576116,0.037370834
502309.jpg,0.0016786349,0.0031274157,0.048513576,0.94668037
502310.jpg,0.8880596,0.033255696,0.051880095,0.026804574
502311.jpg,0.28653824,0.6083362,0.06642085,0.03870464
502312.jpg,0.48170772,0.42118013,0.066390105,0.030721992
502313.jpg,0.67147416,0.23901772,0.060038075,0.02947006
502314.jpg,0.4113454,0.49442047,0.064675756,0.029558262
502315.jpg,0.6969593,0.10827787,0.14611253,0.0486502
502316.jpg,0.0016646337,0.0033415747,0.019802034,0.9751918
502317.jpg,0.30966738,0.56823456,0.070050746,0.052047253
502318.jpg,0.769194,0.13334666,0.069172144,0.028287143
502319.jpg,0.15482572,0.746755,0.068619646,0.02979972
502320.jpg,0.18214817,0.42716143,0.21525915,0.17543118
502321.jpg,0.7485198,0.16119927,0.060799666,0.029481236
502322.jpg,0.40700898,0.49495083,0.075164095,0.02287617
502323.jpg,0.069667876,0.84542495,0.05496904,0.029938051
502324.jpg,0.7979748,0.11561753,0.05626916,0.030138412
502325.jpg,0.19856791,0.7061649,0.069019325,0.026247837
502326.jpg,0.72757465,0.18321387,0.058460608,0.030750863
502327.jpg,0.46585023,0.43162858,0.07629498,0.026226154
502328.jpg,0.0026513739,0.0058973404,0.5595075,0.43194386
502329.jpg,0.8681829,0.044513598,0.05761891,0.029684577
502330.jpg,0.2729683,0.62251794,0.07119331,0.03332049
502331.jpg,0.047568575,0.8616999,0.062750034,0.027981527
502332.jpg,0.8880626,0.024289085,0.053903386,0.033744924
502333.jpg,0.46145618,0.44337183,0.06481508,0.030356837
502334.jpg,0.0020524552,0.0035616271,0.62767667,0.36670932
502335.jpg,0.08275762,0.6724093,0.05297053,0.1918626
502336.jpg,0.89414036,0.020911103,0.056653723,0.028294789
502337.jpg,0.08440604,0.8350506,0.060274772,0.020268613
502338.jpg,0.87997615,0.04137165,0.053847697,0.024804575
502339.jpg,0.38031927,0.5384993,0.04727358,0.03390783
502340.jpg,0.49981716,0.4316926,0.04523947,0.023250762
502341.jpg,0.7285358,0.19457085,0.049481314,0.027412064
502342.jpg,0.41201732,0.4851478,0.065622464,0.037212398
502343.jpg,0.8783624,0.045631178,0.0486768,0.027329633
502344.jpg,0.013477432,0.8845129,0.06623651,0.03577313
502345.jpg,0.8977282,0.024752177,0.054243356,0.023276232
502346.jpg,0.7375829,0.18840636,0.049634434,0.024376316
502347.jpg,0.0011904901,0.0023627148,0.024078675,0.9723681
502348.jpg,0.028852765,0.8845689,0.053805605,0.03277264
502349.jpg,0.01278818,0.17724997,0.24341747,0.5665443
502350.jpg,0.864312,0.043502655,0.059895217,0.032290094
502351.jpg,0.25994286,0.6541707,0.056354325,0.029532202
502352.jpg,0.78274775,0.14358728,0.051031295,0.022633715
502353.jpg,0.04324407,0.8655634,0.0640466,0.027145952
502354.jpg,0.0025975592,0.016757803,0.25381437,0.7268302
502355.jpg,0.89128137,0.021998616,0.05776747,0.02895253
502356.jpg,0.09877535,0.813076,0.060701933,0.0274467
502357.jpg,0.24663952,0.66939014,0.056731608,0.027238712
502358.jpg,0.5007646,0.3996938,0.061864093,0.03767754
502359.jpg,0.0010040174,0.0014407912,0.8589425,0.13861261
502360.jpg,0.86013,0.04555708,0.062217195,0.032095775
502361.jpg,0.7152684,0.19437818,0.06284316,0.027510354
502362.jpg,0.09642622,0.81913275,0.05328744,0.031153522
502363.jpg,0.5262566,0.37051767,0.06950703,0.033718713
502364.jpg,0.0019363719,0.002985905,0.019119406,0.9759583
502365.jpg,0.26791942,0.02408554,0.6987527,0.009242305
502366.jpg,0.1133354,0.7921239,0.06973633,0.024804367
502367.jpg,0.8408957,0.08844433,0.04816331,0.022496631
502368.jpg,0.60746086,0.28735727,0.06772171,0.03746011
502369.jpg,0.08546969,0.84023863,0.049945302,0.024346396
502370.jpg,0.00093078264,0.0018104956,0.9503355,0.046923153
502371.jpg,0.3947444,0.35294726,0.15842187,0.09388645
502372.jpg,0.0012745021,0.0021642125,0.63242465,0.36413658
502373.jpg,0.7413036,0.16086835,0.06470202,0.033126082
502374.jpg,0.5667681,0.21349417,0.1991912,0.020546507
502375.jpg,0.5371897,0.37778887,0.055155154,0.02986635
502376.jpg,0.8582465,0.050599057,0.061137795,0.030016601
502377.jpg,0.83340263,0.07722028,0.056013208,0.03336392
502378.jpg,0.02674019,0.8969349,0.048451666,0.027873244
502379.jpg,0.844774,0.050872397,0.0647345,0.03961909
502380.jpg,0.9016194,0.026316311,0.049126554,0.022937765
502381.jpg,0.4815133,0.43622267,0.055024642,0.02723944
502382.jpg,0.119611174,0.5743975,0.05420052,0.2517908
502383.jpg,0.008195198,0.04999626,0.17356502,0.76824355
502384.jpg,0.117562346,0.18212886,0.6095918,0.09071704
502385.jpg,0.7844177,0.11752841,0.063656196,0.03439772
502386.jpg,0.57438415,0.3520924,0.052679278,0.020844184
502387.jpg,0.0021804248,0.0032712554,0.01773165,0.9768167
502388.jpg,0.3075384,0.5528939,0.09731065,0.042257056
502389.jpg,0.85493207,0.064102896,0.05330422,0.02766086
502390.jpg,0.9013218,0.02714565,0.05026816,0.021264387
502391.jpg,0.16177085,0.75426745,0.06110452,0.022857178
502392.jpg,0.39142066,0.513025,0.06420788,0.03134651
502393.jpg,0.19365177,0.7141168,0.06485382,0.027377542
502394.jpg,0.76029646,0.14017917,0.06744934,0.032075107
502395.jpg,0.81932235,0.08481776,0.073399395,0.022460617
502396.jpg,0.62964267,0.26092812,0.07616002,0.033269286
502397.jpg,0.6052598,0.29187784,0.07406795,0.028794454
502398.jpg,0.00083943625,0.0011018752,0.7442798,0.25377885
502399.jpg,0.538579,0.36038792,0.06399187,0.037041225
502400.jpg,0.87240255,0.03648718,0.063632876,0.027477376
502401.jpg,0.027664326,0.8918859,0.050043497,0.030406352
502402.jpg,0.7870614,0.13118249,0.052950647,0.028805468
502403.jpg,0.8045207,0.03275102,0.14615028,0.016577996
502404.jpg,0.8912543,0.030271314,0.05278782,0.02568661
502405.jpg,0.050345734,0.85735327,0.055284698,0.037016258
502406.jpg,0.13062188,0.7839166,0.062884144,0.022577362
502407.jpg,0.71142125,0.20115258,0.0632124,0.024213707
502408.jpg,0.12865697,0.77382094,0.07038256,0.027139558
502409.jpg,0.80368817,0.106475525,0.06060779,0.029228542
502410.jpg,0.16884005,0.51861084,0.11235113,0.200198
502411.jpg,0.8541829,0.075313635,0.048569288,0.021934181
502412.jpg,0.03305431,0.5303353,0.04733813,0.38927224
502413.jpg,0.044063844,0.105319746,0.06257674,0.7880396
502414.jpg,0.8400503,0.07235292,0.06067437,0.026922416
502415.jpg,0.7779458,0.13856943,0.06288977,0.0205949
502416.jpg,0.8555847,0.058010213,0.060191683,0.02621345
502417.jpg,0.8960017,0.022947133,0.05207171,0.028979434
502418.jpg,0.07944008,0.49937308,0.2659229,0.15526396
502419.jpg,0.12691547,0.5906872,0.116229616,0.16616772
502420.jpg,0.7985726,0.09848386,0.06879669,0.03414684
502421.jpg,0.0015311876,0.0028344523,0.8060832,0.18955112
502422.jpg,0.68130064,0.2186755,0.06972209,0.030301776
502423.jpg,0.4623936,0.43956342,0.061694577,0.036348376
502424.jpg,0.01836767,0.89770985,0.05255833,0.03136419
502425.jpg,0.3146047,0.58824867,0.06314,0.03400656
502426.jpg,0.008925978,0.02030283,0.041396618,0.92937446
502427.jpg,0.29655987,0.59642667,0.06281614,0.044197306
502428.jpg,0.26714623,0.6487038,0.05576786,0.028382132
502429.jpg,0.06315222,0.85853416,0.054117896,0.024195727
502430.jpg,0.0021101106,0.0124381855,0.01981915,0.96563256
502431.jpg,0.006025673,0.045798786,0.4028533,0.54532224
502432.jpg,0.0025283284,0.0033310356,0.06405199,0.9300887
502433.jpg,0.5016717,0.37854084,0.06958658,0.05020092
502434.jpg,0.3138678,0.5442182,0.0754644,0.06644955
502435.jpg,0.5947246,0.31220266,0.06005901,0.033013668
502436.jpg,0.8266371,0.08088108,0.05837254,0.03410926
502437.jpg,0.0015721405,0.0017526785,0.85090643,0.14576876
502438.jpg,0.71318597,0.17456824,0.06975351,0.042492323
502439.jpg,0.4091515,0.37055314,0.06376327,0.15653206
502440.jpg,0.7967076,0.11634842,0.058905073,0.028038876
502441.jpg,0.009893096,0.005427135,0.9008605,0.08381924
502442.jpg,0.0033975244,0.040601805,0.5468545,0.4091462
502443.jpg,0.7773505,0.1455823,0.055433016,0.021634238
502444.jpg,0.8669326,0.032432973,0.07250685,0.028127637
502445.jpg,0.00063099334,0.00084132113,0.9941685,0.004359157
502446.jpg,0.8594793,0.054674372,0.060619526,0.025226725
502447.jpg,0.026636876,0.7826142,0.057382975,0.13336596
502448.jpg,0.85302985,0.054299876,0.06391439,0.028755937
502449.jpg,0.89351773,0.027719982,0.05282356,0.0259388
502450.jpg,0.0013712597,0.0017691518,0.899657,0.09720248
502451.jpg,0.03196277,0.8722529,0.05462029,0.041163962
502452.jpg,0.87869644,0.034429032,0.05817377,0.028700821
502453.jpg,0.051855378,0.867287,0.059778027,0.021079611
502454.jpg,0.83081543,0.08699019,0.057066977,0.025127374
502455.jpg,0.26119122,0.63314795,0.06724049,0.03842036
502456.jpg,0.08319657,0.8227621,0.052803908,0.04123743
502457.jpg,0.0021334833,0.004416705,0.8274321,0.16601773
502458.jpg,0.0326464,0.8923814,0.049262285,0.02570985
502459.jpg,0.10675226,0.7925666,0.06954409,0.031136982
502460.jpg,0.8484648,0.0606597,0.06228439,0.028591149
502461.jpg,0.42000145,0.49303246,0.059015453,0.027950658
502462.jpg,0.5880451,0.3012,0.07257487,0.038180035
502463.jpg,0.7807012,0.12663789,0.06341117,0.029249761
502464.jpg,0.7513621,0.07805188,0.1468656,0.023720404
502465.jpg,0.6307178,0.25169975,0.084241115,0.033341367
502466.jpg,0.8390651,0.07125317,0.061486535,0.02819522
502467.jpg,0.0029596407,0.019667706,0.020093625,0.95727897
502468.jpg,0.033369735,0.49210343,0.26905197,0.20547487
502469.jpg,0.8878002,0.029874735,0.052473255,0.029851828
502470.jpg,0.37963045,0.5378667,0.056592874,0.02590996
502471.jpg,0.8993133,0.022926291,0.05383906,0.023921285
502472.jpg,0.37738538,0.5346707,0.052370653,0.035573237
502473.jpg,0.82948995,0.08085492,0.05636218,0.03329294
502474.jpg,0.8042772,0.11520721,0.053575188,0.026940413
502475.jpg,0.0015718185,0.0032047683,0.020457216,0.9747662
502476.jpg,0.025491012,0.50687337,0.18699859,0.28063712
502477.jpg,0.84335285,0.064182274,0.06655577,0.025909238
502478.jpg,0.8820785,0.03520383,0.056448832,0.02626879
502479.jpg,0.39698642,0.5099952,0.06480829,0.028210005
502480.jpg,0.8587014,0.058368966,0.05608062,0.026848992
502481.jpg,0.54771334,0.37229803,0.05346596,0.026522703
502482.jpg,0.03694833,0.86964965,0.06790096,0.025501065
502483.jpg,0.87926555,0.027932938,0.06265003,0.03015142
502484.jpg,0.8990007,0.022258626,0.053154245,0.025586406
502485.jpg,0.8887861,0.028979156,0.055199888,0.027034935
502486.jpg,0.8752981,0.04709742,0.05377232,0.023832116
502487.jpg,0.0076579833,0.1166625,0.0763592,0.7993202
502488.jpg,0.0013649049,0.0012120166,0.88897896,0.10844402
502489.jpg,0.037741195,0.22310407,0.06701159,0.67214316
502490.jpg,0.65679526,0.25106135,0.06071451,0.031428933
502491.jpg,0.8880435,0.023706015,0.057413235,0.030837135
502492.jpg,0.6012164,0.246928,0.114152044,0.037703626
502493.jpg,0.5549855,0.34615993,0.068077356,0.030777223
502494.jpg,0.9004931,0.0219644,0.047987193,0.02955532
502495.jpg,0.0007267485,0.00090203644,0.98173714,0.016634125
502496.jpg,0.24833944,0.27587196,0.3735312,0.10225735
502497.jpg,0.0024938104,0.0024533337,0.8120556,0.18299726
502498.jpg,0.0017700671,0.002212293,0.54166913,0.4543485
502499.jpg,0.4129919,0.4948057,0.06550488,0.026697474
502500.jpg,0.88353276,0.027472606,0.05905731,0.029937293
502501.jpg,0.6110063,0.27642497,0.06826342,0.044305384
502502.jpg,0.6405664,0.26252434,0.055548385,0.04136089
502503.jpg,0.54508686,0.36683145,0.062399227,0.025682474
502504.jpg,0.60088664,0.30034244,0.06116244,0.037608415
502505.jpg,0.5834478,0.30422962,0.07861051,0.03371201
502506.jpg,0.0010011917,0.0009195528,0.99498487,0.0030944245
502507.jpg,0.519634,0.38016903,0.06282254,0.03737451
502508.jpg,0.8851455,0.016777392,0.07552118,0.02255595
502509.jpg,0.0017200042,0.0032032228,0.07514786,0.91992897
502510.jpg,0.9095625,0.014779283,0.051040426,0.024617761
502511.jpg,0.2962684,0.05883421,0.63875496,0.0061424207
502512.jpg,0.32672027,0.54240215,0.07867453,0.052203104
502513.jpg,0.90234023,0.023378156,0.048662424,0.025619145
502514.jpg,0.35617384,0.53726363,0.07401669,0.032545883
502515.jpg,0.70652753,0.1810313,0.07448954,0.037951555
502516.jpg,0.87516916,0.041666143,0.057950538,0.025214192
502517.jpg,0.7427977,0.16256575,0.06343512,0.031201426
502518.jpg,0.09973811,0.8197213,0.053405207,0.027135339
502519.jpg,0.00067156856,0.00082436996,0.99221367,0.0062904377
502520.jpg,0.80055374,0.11860827,0.05265265,0.028185239
502521.jpg,0.40729222,0.15750173,0.23744501,0.19776104
502522.jpg,0.008965436,0.23563968,0.23368669,0.5217082
502523.jpg,0.62717,0.28612497,0.054865494,0.031839523
502524.jpg,0.8943228,0.023018522,0.05751098,0.025147684
502525.jpg,0.49835798,0.40570995,0.06032374,0.0356084
502526.jpg,0.7647252,0.14009082,0.066986494,0.028197488
502527.jpg,0.5662483,0.31906953,0.06749591,0.0471862
502528.jpg,0.34613642,0.5519611,0.06586693,0.03603551
502529.jpg,0.11687997,0.79507864,0.0638083,0.024233066
502530.jpg,0.041533332,0.8654538,0.06238023,0.030632615
502531.jpg,0.5375657,0.3785188,0.05824485,0.025670668
502532.jpg,0.12103391,0.78514636,0.06770508,0.026114574
502533.jpg,0.89091754,0.024479987,0.054950282,0.029652148
502534.jpg,0.22273315,0.52515095,0.21933931,0.03277662
502535.jpg,0.8900784,0.029534463,0.054169998,0.026217064
502536.jpg,0.111733586,0.7977703,0.063703686,0.0267924
502537.jpg,0.6958802,0.20779866,0.06289029,0.033430893
502538.jpg,0.0029244092,0.004817989,0.79410297,0.19815454
502539.jpg,0.6640256,0.22706419,0.0773126,0.031597573
502540.jpg,0.30015117,0.5933365,0.068713814,0.03779852
502541.jpg,0.8651931,0.04179479,0.059880376,0.03313166
502542.jpg,0.0668845,0.83964425,0.06731346,0.026157822
502543.jpg,0.1273582,0.68722266,0.057816062,0.12760313
502544.jpg,0.0037002745,0.0028777937,0.47198138,0.52144057
502545.jpg,0.062998146,0.84707046,0.061112124,0.028819272
502546.jpg,0.76060426,0.15657285,0.056077346,0.026745532
502547.jpg,0.87485003,0.04282055,0.055043653,0.027285762
502548.jpg,0.64273494,0.25333145,0.067856856,0.03607682
502549.jpg,0.4989665,0.24636371,0.19184998,0.062819846
502550.jpg,0.8395997,0.07163716,0.06044634,0.028316816
502551.jpg,0.2493093,0.6660864,0.058465004,0.026139395
502552.jpg,0.6897022,0.19905387,0.07038111,0.040862866
502553.jpg,0.0032182634,0.0025894314,0.9436673,0.05052499
502554.jpg,0.6739655,0.22988312,0.06457086,0.031580523
502555.jpg,0.01609137,0.05190406,0.44868883,0.48331574
502556.jpg,0.48052073,0.41560626,0.07106006,0.032812968
502557.jpg,0.8424565,0.07623067,0.053603776,0.027709017
502558.jpg,0.59523743,0.31238732,0.06394591,0.028429322
502559.jpg,0.27748457,0.5677113,0.106946744,0.04785739
502560.jpg,0.038864553,0.89731526,0.044256855,0.0195634
502561.jpg,0.7915477,0.10744259,0.06541194,0.035597786
502562.jpg,0.0027967806,0.004145504,0.17875502,0.8143027
502563.jpg,0.09065708,0.8052664,0.05955704,0.04451953
502564.jpg,0.5960815,0.27627754,0.06003293,0.067607984
502565.jpg,0.8885025,0.030414112,0.056389496,0.024693927
502566.jpg,0.82578355,0.08674709,0.05668927,0.03078001
502567.jpg,0.8952653,0.02142618,0.053468335,0.029840205
502568.jpg,0.37327138,0.23431532,0.3127428,0.07967049
502569.jpg,0.88408995,0.032008722,0.061544273,0.02235704
502570.jpg,0.041185338,0.8728346,0.05596861,0.030011369
502571.jpg,0.0019356417,0.0022219531,0.6278446,0.36799777
502572.jpg,0.86595714,0.046707764,0.055883355,0.031451743
502573.jpg,0.122791134,0.78765625,0.055286508,0.0342661
502574.jpg,0.8004925,0.11858164,0.059248287,0.021677574
502575.jpg,0.014782776,0.90360856,0.057971552,0.023637101
502576.jpg,0.89089924,0.025808107,0.05497113,0.02832159
502577.jpg,0.89846486,0.02272685,0.055607453,0.02320092
502578.jpg,0.03486158,0.78510153,0.06806981,0.11196714
502579.jpg,0.0016216985,0.0038700688,0.14196227,0.852546
502580.jpg,0.7811405,0.11562925,0.065440565,0.03778974
502581.jpg,0.0101635475,0.08285822,0.24796674,0.65901154
502582.jpg,0.8834342,0.03947378,0.05422379,0.022868259
502583.jpg,0.021983238,0.7720794,0.06726457,0.13867275
502584.jpg,0.81674474,0.10871997,0.051456045,0.02307929
502585.jpg,0.1609305,0.74405974,0.061423473,0.033586316
502586.jpg,0.010715525,0.89969635,0.061954327,0.02763371
502587.jpg,0.18402581,0.25093243,0.08970155,0.47534022
502588.jpg,0.7072893,0.19069111,0.0736162,0.028403368
502589.jpg,0.5047172,0.4062382,0.06324845,0.025796227
502590.jpg,0.0013937973,0.0016470823,0.73842525,0.25853378
502591.jpg,0.87792534,0.03960996,0.051068883,0.031395845
502592.jpg,0.01661609,0.366597,0.1375873,0.47919962
502593.jpg,0.90348256,0.02107839,0.05104902,0.024390055
502594.jpg,0.8358501,0.07910005,0.05567017,0.029379709
502595.jpg,0.4227097,0.07768447,0.4500264,0.04957944
502596.jpg,0.8905509,0.025417995,0.06023115,0.0237999
502597.jpg,0.77063155,0.12926306,0.070434846,0.02967055
502598.jpg,0.52801836,0.3737981,0.06996849,0.02821506
502599.jpg,0.7924733,0.114599586,0.066951275,0.025975853
502600.jpg,0.0012474835,0.002349605,0.024525974,0.971877
502601.jpg,0.60827744,0.28211725,0.068376064,0.04122923
502602.jpg,0.71377933,0.18954152,0.06961641,0.027062653
502603.jpg,0.8723271,0.044793468,0.051396497,0.031482976
502604.jpg,0.448602,0.4710972,0.055942833,0.024357896
502605.jpg,0.8794191,0.034703888,0.058338173,0.02753883
502606.jpg,0.8866227,0.025337813,0.06195365,0.026085706
502607.jpg,0.78535104,0.13792507,0.049544245,0.027179625
502608.jpg,0.8999193,0.022985421,0.050958484,0.026136883
502609.jpg,0.18158656,0.7302402,0.052699167,0.035474017
502610.jpg,0.04139079,0.8736747,0.053713944,0.031220622
502611.jpg,0.86636007,0.047674917,0.05509331,0.030871682
502612.jpg,0.056625247,0.6385405,0.11403385,0.19080046
502613.jpg,0.28870216,0.017192766,0.6848783,0.009226771
502614.jpg,0.26272884,0.6233491,0.0770143,0.036907803
502615.jpg,0.015325185,0.015038033,0.9641984,0.0054383604
502616.jpg,0.030974848,0.028000776,0.399914,0.5411104
502617.jpg,0.18462962,0.72093236,0.056933336,0.03750466
502618.jpg,0.88661504,0.033579193,0.05227199,0.027533805
502619.jpg,0.019682892,0.16416866,0.60287493,0.21327356
502620.jpg,0.84899276,0.06752158,0.057277653,0.026207915
502621.jpg,0.22594301,0.68487716,0.05760424,0.03157555
502622.jpg,0.17579287,0.7373841,0.05633108,0.030491991
502623.jpg,0.84851617,0.062612586,0.06386438,0.02500693
502624.jpg,0.88411164,0.032808535,0.056064393,0.027015435
502625.jpg,0.40335324,0.4942576,0.067048006,0.03534113
502626.jpg,0.8941276,0.025125977,0.05500165,0.025744667
502627.jpg,0.01929034,0.035055425,0.17301705,0.7726371
502628.jpg,0.8172687,0.09469039,0.05705999,0.030980868
502629.jpg,0.88409114,0.0286036,0.06115898,0.026146285
502630.jpg,0.8257087,0.0854349,0.06120227,0.027654108
502631.jpg,0.88253504,0.03544399,0.055198126,0.026822895
502632.jpg,0.8923667,0.032532673,0.05127225,0.023828398
502633.jpg,0.52474624,0.30826986,0.09702042,0.06996354
502635.jpg,0.8522984,0.05649205,0.05904456,0.032165017
502636.jpg,0.45369408,0.4585091,0.06107913,0.026717665
502637.jpg,0.10117433,0.8011035,0.06900827,0.028713902
502638.jpg,0.014172518,0.011678417,0.8543105,0.11983853
502639.jpg,0.0018820419,0.0022753149,0.2897183,0.70612437
502640.jpg,0.41540244,0.4795067,0.07374259,0.03134828
502641.jpg,0.89560723,0.021687495,0.05526931,0.027435988
502642.jpg,0.026011553,0.8848787,0.059924576,0.029185193
502643.jpg,0.90547,0.018086655,0.055132564,0.021310797
502644.jpg,0.33226424,0.56641406,0.06257627,0.038745478
502645.jpg,0.88213843,0.03903463,0.052787226,0.02603977
502646.jpg,0.1642131,0.7417733,0.064777225,0.029236432
502647.jpg,0.7580788,0.13759756,0.06887496,0.035448715
502648.jpg,0.3508456,0.57686347,0.04652883,0.025762178
502649.jpg,0.12923272,0.30586857,0.2743783,0.29052043
502650.jpg,0.7174157,0.20114858,0.05285158,0.02858406
502651.jpg,0.7533512,0.1583191,0.065984346,0.022345325
502652.jpg,0.8229426,0.07673702,0.06774106,0.03257931
502653.jpg,0.27686056,0.4801389,0.17741486,0.06558573
502654.jpg,0.014446856,0.90425193,0.050702415,0.030598717
502655.jpg,0.025164263,0.005269053,0.04408376,0.925483
502656.jpg,0.13004841,0.778491,0.061229724,0.030230813
502657.jpg,0.9030816,0.023300614,0.050802544,0.022815267
502658.jpg,0.68567264,0.19669493,0.0735231,0.04410924
502659.jpg,0.018779326,0.5522682,0.038111713,0.39084074
502660.jpg,0.03487022,0.008772063,0.67837185,0.27798593
502661.jpg,0.24475878,0.42217723,0.043841366,0.2892226
502662.jpg,0.869345,0.047016446,0.054255646,0.029382898
502663.jpg,0.118502535,0.7982963,0.054636903,0.028564308
502664.jpg,0.9059196,0.021768553,0.049104355,0.023207482
502665.jpg,0.4538579,0.44470406,0.0704275,0.031010585
502666.jpg,0.049992193,0.85685277,0.06135934,0.03179576
502667.jpg,0.4128394,0.48112753,0.065145314,0.040887754
502668.jpg,0.89514095,0.031254932,0.050291125,0.023312997
502669.jpg,0.014125302,0.43376303,0.34001285,0.2120988
502670.jpg,0.022960296,0.08359684,0.026129222,0.8673137
502671.jpg,0.6141351,0.29849932,0.059674006,0.02769158
502672.jpg,0.005525871,0.023270316,0.29871246,0.6724913
502673.jpg,0.31758225,0.5754935,0.080132,0.026792262
502674.jpg,0.01094536,0.19823188,0.23810284,0.55271995
502675.jpg,0.025462508,0.18743668,0.069583304,0.71751744
502676.jpg,0.0066169393,0.05199848,0.67030984,0.27107477
502677.jpg,0.52280694,0.3764487,0.06798082,0.032763496
502678.jpg,0.901538,0.01696531,0.054901432,0.026595222
502679.jpg,0.07425746,0.7266887,0.06557395,0.13347983
502680.jpg,0.08655209,0.8342633,0.05757899,0.021605598
502681.jpg,0.84091353,0.08193126,0.05448958,0.02266565
502682.jpg,0.8428294,0.073864184,0.054384902,0.028921548
502683.jpg,0.37768486,0.2516893,0.33287892,0.03774693
502684.jpg,0.8998834,0.022250766,0.05583814,0.022027632
502685.jpg,0.47889504,0.13048705,0.36183771,0.02878018
502686.jpg,0.18719368,0.633491,0.110823885,0.06849143
502687.jpg,0.09904476,0.827729,0.051651496,0.021574719
502688.jpg,0.1052125,0.7854984,0.08051062,0.0287785
502689.jpg,0.8941186,0.024112618,0.05642999,0.025338784
502690.jpg,0.74025035,0.1662985,0.06019462,0.033256486
502691.jpg,0.8859472,0.033008814,0.053409234,0.027634697
502692.jpg,0.39803416,0.49785212,0.07035431,0.033759393
502693.jpg,0.84944963,0.050262995,0.06975366,0.030533705
502694.jpg,0.4569798,0.43283764,0.08164099,0.028541591
502695.jpg,0.8204603,0.094332665,0.055604227,0.029602885
502696.jpg,0.0047645476,0.02597953,0.7880743,0.18118164
502697.jpg,0.8793478,0.038201656,0.056045815,0.026404716
502698.jpg,0.07984376,0.65726554,0.094914116,0.16797654
502699.jpg,0.01206433,0.20355307,0.3978063,0.38657632
502700.jpg,0.8952712,0.022941632,0.054304488,0.027482705
502701.jpg,0.7214495,0.1733102,0.06907327,0.036167085
502702.jpg,0.78775597,0.10684124,0.07111343,0.034289386
502703.jpg,0.76108474,0.15105551,0.058607433,0.029252343
502704.jpg,0.09848597,0.40655166,0.13237767,0.3625847
502705.jpg,0.19726293,0.7065768,0.06232138,0.033838835
502706.jpg,0.4660417,0.42895263,0.06864247,0.036363166
502707.jpg,0.8645179,0.050348766,0.054624215,0.030509032
502708.jpg,0.8736409,0.040299073,0.05821262,0.027847357
502709.jpg,0.18423127,0.7136025,0.058550484,0.04361574
502710.jpg,0.48755094,0.40866432,0.07347165,0.030313142
502711.jpg,0.55207163,0.33667532,0.07868258,0.032570463
502712.jpg,0.15320788,0.7560485,0.06510333,0.02564023
502713.jpg,0.14560671,0.19609565,0.36675015,0.29154748
502714.jpg,0.13147992,0.6022214,0.08985034,0.17644832
502715.jpg,0.8945821,0.023369752,0.053137206,0.028910859
502716.jpg,0.10717292,0.7806289,0.07028087,0.04191725
502717.jpg,0.599914,0.29489478,0.058503006,0.04668819
502718.jpg,0.3715471,0.55254704,0.0545681,0.021337837
502719.jpg,0.6257719,0.10751925,0.24665144,0.020057427
502720.jpg,0.8366107,0.07480926,0.06069327,0.027886761
502721.jpg,0.37050068,0.40211484,0.043657765,0.18372668
502722.jpg,0.48914683,0.20949973,0.22250992,0.078843564
502723.jpg,0.53227276,0.39093935,0.04883979,0.027948078
502724.jpg,0.5687368,0.3393687,0.058301408,0.03359308
502725.jpg,0.82400954,0.08251119,0.06610496,0.027374353
502726.jpg,0.29624265,0.6074651,0.0692597,0.027032536
502727.jpg,0.72860074,0.17442419,0.063922316,0.03305272
502728.jpg,0.87738556,0.0435283,0.05236723,0.026718864
502729.jpg,0.03184154,0.11022082,0.53949314,0.3184444
502730.jpg,0.86073875,0.046854697,0.059875634,0.032530904
502731.jpg,0.8090823,0.10742037,0.053673718,0.02982355
502732.jpg,0.8623748,0.05138473,0.05684179,0.029398713
502733.jpg,0.065276004,0.061192043,0.7333707,0.1401612
502734.jpg,0.8962486,0.027473181,0.05047759,0.025800563
502735.jpg,0.8846457,0.030389288,0.05815529,0.026809685
502736.jpg,0.03241217,0.1533426,0.04587278,0.7683724
502737.jpg,0.09166554,0.15757616,0.49994442,0.25081387
502738.jpg,0.72149247,0.18600331,0.06708142,0.025422754
502739.jpg,0.0017029366,0.005326165,0.046826124,0.94614476
502740.jpg,0.38590956,0.52016467,0.067778185,0.026147604
502741.jpg,0.012253159,0.124274425,0.42383337,0.43963903
502742.jpg,0.6193737,0.28475028,0.063650265,0.032225765
502743.jpg,0.25200957,0.63696706,0.08345168,0.027571596
502744.jpg,0.2582193,0.65225315,0.057800215,0.031727377
502745.jpg,0.11515016,0.8017276,0.058921583,0.02420067
502746.jpg,0.6492664,0.24004398,0.07459697,0.036092684
502747.jpg,0.36168504,0.031707305,0.58649325,0.02011443
502748.jpg,0.75179714,0.14024705,0.06899496,0.03896083
502749.jpg,0.00089379225,0.0012125019,0.92038673,0.07750693
502750.jpg,0.55605245,0.3522126,0.053839765,0.037895255
502751.jpg,0.4044093,0.4583646,0.06599209,0.071234025
502752.jpg,0.6479059,0.2365125,0.08216818,0.033413455
502753.jpg,0.6763981,0.20839876,0.07587971,0.039323404
502754.jpg,0.6182679,0.2835773,0.07274476,0.02541013
502755.jpg,0.8629779,0.05874994,0.050427273,0.027844893
502756.jpg,0.8992792,0.022094814,0.055319145,0.02330688
502757.jpg,0.0019108442,0.0013103847,0.9652786,0.031500157
502758.jpg,0.8162938,0.109815285,0.053517297,0.020373747
502759.jpg,0.8912213,0.032975737,0.048539426,0.027263464
502760.jpg,0.8984496,0.015394817,0.059005484,0.027150113
502761.jpg,0.11257679,0.8080089,0.053582624,0.02583172
502762.jpg,0.6280283,0.29353735,0.056906316,0.021528088
502763.jpg,0.18765375,0.7206827,0.06329322,0.028370334
502764.jpg,0.35458475,0.3732782,0.23260015,0.0395369
502765.jpg,0.7455899,0.09750829,0.10101063,0.05589125
502766.jpg,0.38106868,0.51857483,0.059431154,0.040925384
502767.jpg,0.5264811,0.3860346,0.056803413,0.030680852
502768.jpg,0.8404962,0.06266364,0.061446566,0.03539367
502769.jpg,0.35020927,0.107723564,0.51942325,0.022643942
502770.jpg,0.32643187,0.55844605,0.07180353,0.043318585
502771.jpg,0.8691328,0.03210015,0.07325297,0.025513966
502772.jpg,0.0026693535,0.005475608,0.829115,0.16274005
502773.jpg,0.8267953,0.079658955,0.06078515,0.032760613
502774.jpg,0.11680889,0.25268286,0.3948599,0.23564833
502775.jpg,0.89204854,0.027254589,0.055217437,0.025479423
502776.jpg,0.3406787,0.4862777,0.14107573,0.031967867
502777.jpg,0.8434197,0.08328629,0.049179055,0.024115
502778.jpg,0.83855003,0.06132886,0.060182255,0.03993891
502779.jpg,0.13911349,0.64875627,0.14722787,0.06490241
502780.jpg,0.91009754,0.020240849,0.04439119,0.025270509
502781.jpg,0.17166358,0.6733482,0.0829808,0.07200746
502782.jpg,0.41916987,0.46749142,0.06509569,0.048243072
502783.jpg,0.29742786,0.58920026,0.07893005,0.03444182
502784.jpg,0.5842267,0.32895616,0.06354384,0.023273336
502785.jpg,0.66004485,0.22684768,0.0724987,0.040608793
502786.jpg,0.89155537,0.021752141,0.05616698,0.03052554
502787.jpg,0.89053524,0.031473894,0.051595327,0.026395498
502788.jpg,0.19623667,0.7135871,0.060657397,0.02951881
502789.jpg,0.009682581,0.9043454,0.0619073,0.024064643
502790.jpg,0.020889174,0.77102256,0.15912922,0.048959058
502791.jpg,0.5280588,0.3783576,0.061608512,0.03197503
502792.jpg,0.0029700564,0.0021910062,0.881493,0.11334602
502793.jpg,0.5110069,0.38410422,0.06808278,0.03680605
502794.jpg,0.8998684,0.022547059,0.051004298,0.026580133
502795.jpg,0.023127815,0.7215224,0.16286342,0.09248642
502796.jpg,0.31917205,0.56918156,0.0741317,0.037514687
502797.jpg,0.6012028,0.3042621,0.063970394,0.030564742
502798.jpg,0.86662155,0.051045265,0.05527751,0.027055724
502799.jpg,0.36124513,0.019672424,0.5923406,0.02674185
502800.jpg,0.091424465,0.82171583,0.061164863,0.025694765
502801.jpg,0.06361153,0.8454708,0.060210586,0.03070712
502802.jpg,0.54627913,0.3620633,0.055605013,0.03605259
502803.jpg,0.2691683,0.5630736,0.067478925,0.10027918
502804.jpg,0.5567558,0.33931378,0.06581897,0.038111527
502805.jpg,0.34383622,0.542868,0.07058533,0.042710397
502806.jpg,0.26928297,0.64893126,0.058802247,0.02298348
502807.jpg,0.88984966,0.03418189,0.04931451,0.026653893
502808.jpg,0.15651806,0.7664283,0.0541719,0.02288175
502809.jpg,0.058100145,0.36142337,0.0962129,0.48426357
502810.jpg,0.84764826,0.06678118,0.057413835,0.028156744
502811.jpg,0.75761485,0.146245,0.06456898,0.03157112
502812.jpg,0.41556823,0.4554765,0.09738979,0.031565502
502813.jpg,0.05139265,0.865772,0.052421108,0.030414237
502814.jpg,0.8805333,0.032020222,0.058017056,0.029429419
502815.jpg,0.50995564,0.38453028,0.070624664,0.034889475
502816.jpg,0.5766175,0.31532174,0.06752118,0.040539615
502817.jpg,0.7421366,0.15612385,0.064716816,0.03702274
502818.jpg,0.6946022,0.11327381,0.15692393,0.035200067
502819.jpg,0.31726685,0.5914902,0.067869246,0.023373667
502820.jpg,0.008939209,0.045835428,0.33806327,0.6071622
502821.jpg,0.6524905,0.25840768,0.0598389,0.029262947
502822.jpg,0.8667385,0.04433824,0.058567107,0.030356225
502823.jpg,0.019094327,0.89413,0.05808018,0.028695507
502824.jpg,0.055370606,0.86104244,0.05847868,0.02510825
502825.jpg,0.33289558,0.5901492,0.049588222,0.027366929
502826.jpg,0.25842482,0.010940482,0.72543883,0.005195868
502827.jpg,0.32895926,0.25903663,0.29480398,0.1172002
502828.jpg,0.88052744,0.03627962,0.055276744,0.027916156
502829.jpg,0.11393019,0.8030016,0.059601672,0.023466568
502830.jpg,0.4428951,0.14979662,0.35439935,0.052908856
502831.jpg,0.1273842,0.44573593,0.27359602,0.1532839
502832.jpg,0.90584564,0.022991495,0.046515603,0.02464715
502833.jpg,0.8903923,0.027835187,0.059089713,0.022682734
502834.jpg,0.81976956,0.104764044,0.052674975,0.022791386
502835.jpg,0.6842789,0.18321201,0.07347559,0.059033494
502836.jpg,0.0013668999,0.0011321065,0.9619286,0.03557239
502837.jpg,0.8779208,0.04279661,0.054508667,0.02477393
502838.jpg,0.07624832,0.8406806,0.056142773,0.026928373
502839.jpg,0.36101943,0.53629744,0.06585295,0.036830213
502840.jpg,0.0015228363,0.0032001557,0.021170653,0.9741065
502841.jpg,0.18784562,0.27723598,0.27956212,0.2553563
502842.jpg,0.86374635,0.058017842,0.05268113,0.025554655
502843.jpg,0.34076416,0.554488,0.07383429,0.030913562
502844.jpg,0.6385049,0.24421178,0.07128228,0.04600099
502845.jpg,0.4607518,0.4221758,0.06884816,0.048224222
502846.jpg,0.17448561,0.73188645,0.063378096,0.030249827
502847.jpg,0.3372517,0.3565609,0.17405392,0.13213347
502848.jpg,0.30435735,0.28995913,0.29107538,0.1146081
502849.jpg,0.10299309,0.35615847,0.29417154,0.24667689
502850.jpg,0.0017703394,0.0031500454,0.45084184,0.5442377
502851.jpg,0.88893485,0.02886512,0.054354362,0.027845744
502852.jpg,0.85635966,0.046287462,0.061943665,0.03540924
502853.jpg,0.060647275,0.85288113,0.05389244,0.032579236
502854.jpg,0.87925553,0.036891222,0.055555794,0.028297504
502855.jpg,0.011421016,0.17973487,0.22796676,0.58087736
502856.jpg,0.7570096,0.14570452,0.056472473,0.04081344
502857.jpg,0.00082261633,0.00087174744,0.98919785,0.009107808
502858.jpg,0.012247358,0.008789982,0.8351193,0.14384338
502859.jpg,0.8729443,0.041194975,0.05728297,0.028577797
502860.jpg,0.853749,0.058538035,0.05946742,0.028245635
502861.jpg,0.015995467,0.9010925,0.052401736,0.030510316
502862.jpg,0.850428,0.064217396,0.054949444,0.030405203
502863.jpg,0.0018240805,0.004554859,0.01912526,0.97449577
502864.jpg,0.88548654,0.031160615,0.05719758,0.026155315
502865.jpg,0.8988372,0.015171583,0.055787113,0.030204177
502866.jpg,0.83967394,0.07253028,0.059058063,0.02873771
502867.jpg,0.86471844,0.049848564,0.056600407,0.028832622
502868.jpg,0.13077492,0.7747123,0.06192798,0.03258487
502869.jpg,0.43471402,0.48365158,0.054705434,0.02692898
502870.jpg,0.045846477,0.8614039,0.04722376,0.04552589
502871.jpg,0.030769315,0.0021495426,0.9640806,0.003000488
502872.jpg,0.7830175,0.11584943,0.06946202,0.031671
502873.jpg,0.6893622,0.2150416,0.061727054,0.033869073
502874.jpg,0.36315632,0.5349307,0.072181,0.02973193
502875.jpg,0.0016855052,0.006224295,0.16775452,0.82433575
502876.jpg,0.061695132,0.05374093,0.80096936,0.083594486
502877.jpg,0.89962715,0.021621654,0.054178577,0.02457268
502878.jpg,0.07547048,0.84380114,0.056600954,0.02412748
502879.jpg,0.50336117,0.40371057,0.06316071,0.029767513
502880.jpg,0.8643324,0.050428975,0.060288444,0.02495019
502881.jpg,0.892805,0.02995078,0.05075116,0.026493073
502882.jpg,0.7650654,0.15351902,0.059417844,0.021997713
502883.jpg,0.0021741348,0.0026237657,0.50559944,0.48960263
502884.jpg,0.36473808,0.124513716,0.49117333,0.019574884
502885.jpg,0.90217084,0.01708069,0.050867494,0.02988092
502886.jpg,0.4977047,0.3920691,0.07878694,0.031439286
502887.jpg,0.8730114,0.04804252,0.052848883,0.026097162
502888.jpg,0.8485598,0.07281608,0.055155892,0.023468213
502889.jpg,0.8066315,0.1081259,0.05820702,0.027035542
502890.jpg,0.5332199,0.3742355,0.06042765,0.032116976
502891.jpg,0.7994602,0.123057246,0.05628305,0.021199524
502892.jpg,0.28938615,0.60115236,0.072128214,0.037333224
502893.jpg,0.018495912,0.31181228,0.06411313,0.60557866
502894.jpg,0.7932676,0.09919627,0.070415296,0.03712085
502895.jpg,0.00412323,0.0040352303,0.88385534,0.10798624
502896.jpg,0.3844458,0.5167816,0.068317644,0.03045492
502897.jpg,0.4154488,0.45589462,0.079503074,0.049153507
502898.jpg,0.87506604,0.040431697,0.057884514,0.026617808
502899.jpg,0.32739055,0.5971938,0.053682823,0.021732902
502900.jpg,0.8665495,0.050246794,0.053787358,0.029416408
502901.jpg,0.026919903,0.8964097,0.055777445,0.020892944
502902.jpg,0.03055151,0.11931162,0.759084,0.09105292
502903.jpg,0.44263598,0.44944155,0.07764235,0.030280152
502904.jpg,0.109193414,0.8123637,0.05790047,0.020542493
502905.jpg,0.89578694,0.01813582,0.05847054,0.027606744
502906.jpg,0.022030193,0.8850305,0.062708735,0.03023051
502907.jpg,0.717191,0.17953417,0.06539015,0.037884697
502908.jpg,0.88652766,0.02925889,0.056642517,0.027570907
502909.jpg,0.5289886,0.37043607,0.07599281,0.02458256
502910.jpg,0.89846516,0.023370134,0.052408095,0.02575653
502911.jpg,0.8891599,0.02886196,0.054360818,0.027617384
502912.jpg,0.7677186,0.15723895,0.04965391,0.02538845
502913.jpg,0.0026687505,0.0047536944,0.7448382,0.24773942
502914.jpg,0.53196067,0.36450502,0.06453571,0.038998634
502915.jpg,0.8802797,0.039644502,0.053641256,0.026434476
502916.jpg,0.38392663,0.52151626,0.06712417,0.027432954
502917.jpg,0.907105,0.019471211,0.048395034,0.025028657
502918.jpg,0.51731765,0.37261617,0.061764214,0.048301946
502919.jpg,0.8833997,0.038088296,0.053286135,0.02522581
502920.jpg,0.7905155,0.068347625,0.11099242,0.030144466
502921.jpg,0.0016576649,0.0029574106,0.31777248,0.67761254
502922.jpg,0.20733061,0.6818647,0.069002956,0.041801732
502923.jpg,0.8326762,0.0812497,0.05427633,0.031797864
502924.jpg,0.23475337,0.30443445,0.066425875,0.3943863
502925.jpg,0.8409645,0.062082775,0.06622541,0.03072728
502926.jpg,0.8868689,0.039289568,0.04963908,0.02420241
502927.jpg,0.44561535,0.4556382,0.06420627,0.034540255
502928.jpg,0.742884,0.16544642,0.06279023,0.028879404
502929.jpg,0.8869689,0.024274351,0.060090918,0.028665833
502930.jpg,0.73361814,0.17827888,0.063471064,0.024631914
502931.jpg,0.8686194,0.03892286,0.062497787,0.029959897
502932.jpg,0.82938457,0.079080984,0.065693766,0.025840776
502933.jpg,0.80868185,0.09904054,0.06297937,0.029298283
502934.jpg,0.3263473,0.60039145,0.047497313,0.025764054
502935.jpg,0.876338,0.034343496,0.060417518,0.028900921
502936.jpg,0.0040266262,0.002927763,0.75881845,0.23422718
502937.jpg,0.5379503,0.36032835,0.06554666,0.036174696
502938.jpg,0.80194545,0.11143279,0.05834353,0.028278248
502939.jpg,0.79344636,0.055151083,0.12786585,0.023536718
502940.jpg,0.0011305318,0.0017872374,0.80669075,0.19039148
502941.jpg,0.8689007,0.04530494,0.056956105,0.028838217
502942.jpg,0.33762887,0.5666643,0.06962292,0.02608393
502943.jpg,0.8520608,0.07137265,0.052941136,0.02362537
502944.jpg,0.882617,0.031260733,0.061767057,0.024355264
502945.jpg,0.7425406,0.0411693,0.19948666,0.016803466
502946.jpg,0.8307912,0.06997178,0.06498779,0.03424932
502947.jpg,0.8031301,0.10481927,0.06554251,0.02650809
502948.jpg,0.34067526,0.5750524,0.058882467,0.02538986
502949.jpg,0.763297,0.14554939,0.058735516,0.032418046
502950.jpg,0.0011281472,0.0020809679,0.1735131,0.82327783
502951.jpg,0.8503716,0.06177966,0.056096774,0.031751957
502952.jpg,0.8824754,0.034639783,0.055880744,0.02700408
502953.jpg,0.06737766,0.05367902,0.369691,0.5092523
502954.jpg,0.7995341,0.11707953,0.05598362,0.02740282
502955.jpg,0.6789925,0.03770525,0.27451214,0.008790101
502956.jpg,0.8660527,0.05264574,0.054507617,0.026793996
502957.jpg,0.32274747,0.61003685,0.048073124,0.019142572
502958.jpg,0.034243274,0.8895589,0.044626657,0.031571098
502959.jpg,0.0056198137,0.19295411,0.08277873,0.7186474
502960.jpg,0.88690716,0.03347277,0.053079005,0.02654111
502961.jpg,0.41572186,0.48924106,0.061970048,0.033066966
502962.jpg,0.0011775341,0.0018167751,0.9187648,0.078240804
502963.jpg,0.60362566,0.30043712,0.05880224,0.037134986
502964.jpg,0.77216095,0.1311965,0.062047765,0.03459476
502965.jpg,0.017517336,0.8834625,0.051668152,0.04735203
502966.jpg,0.15117002,0.7504963,0.060940173,0.03739345
502967.jpg,0.4749905,0.4224634,0.07133254,0.031213582
502968.jpg,0.6540897,0.24909374,0.06274002,0.034076612
502969.jpg,0.052892778,0.8515492,0.06420377,0.03135425
502970.jpg,0.50844884,0.40015158,0.06414269,0.02725694
502971.jpg,0.75912243,0.13933428,0.067179,0.03436424
502972.jpg,0.4791909,0.40462452,0.08070836,0.035476174
502973.jpg,0.3979006,0.513282,0.055087738,0.033729717
502974.jpg,0.050271858,0.7104037,0.16202097,0.07730344
502975.jpg,0.83165395,0.078757435,0.0588357,0.030752877
502976.jpg,0.4136744,0.48519865,0.0706248,0.03050214
502977.jpg,0.8054979,0.097355396,0.06163776,0.035508975
502978.jpg,0.86628747,0.05063659,0.055166174,0.027909806
502979.jpg,0.3325607,0.5848356,0.060128782,0.022474948
502980.jpg,0.03881576,0.883315,0.05023159,0.02763767
502981.jpg,0.03266181,0.8246701,0.058140848,0.084527224
502982.jpg,0.7609152,0.14460339,0.0625801,0.031901293
502983.jpg,0.8637891,0.054811385,0.053017363,0.028382136
502984.jpg,0.1366319,0.77634996,0.06091465,0.026103495
502985.jpg,0.6943983,0.2097311,0.0674746,0.028395997
502986.jpg,0.87021434,0.04251925,0.05584778,0.031418607
502987.jpg,0.33267057,0.5636552,0.07246685,0.03120739
502988.jpg,0.74454904,0.16129942,0.06382063,0.030330876
502989.jpg,0.021237327,0.55977976,0.1679011,0.25108185
502990.jpg,0.02535955,0.08611355,0.5067918,0.3817352
502991.jpg,0.7973058,0.11314387,0.06393961,0.025610778
502992.jpg,0.4261045,0.48661178,0.057275757,0.030007938
502993.jpg,0.89369327,0.023676993,0.056874964,0.025754727
502994.jpg,0.017550562,0.13607717,0.05764262,0.78872967
502995.jpg,0.17858581,0.7082297,0.062990546,0.050193936
502996.jpg,0.78690994,0.13214877,0.057932094,0.023009146
502997.jpg,0.0012765554,0.0043542194,0.6486988,0.34567043
502998.jpg,0.8488654,0.067410715,0.050740317,0.03298359
502999.jpg,0.30751935,0.3086084,0.2348183,0.14905393
503000.jpg,0.8230752,0.084745444,0.06292948,0.029249847
503001.jpg,0.0737423,0.82672113,0.06543096,0.03410566
503002.jpg,0.3771568,0.22489251,0.33605927,0.061891437
503003.jpg,0.7371848,0.18594715,0.04507889,0.031789158
503004.jpg,0.7966124,0.11427241,0.05862253,0.030492716
503005.jpg,0.090341,0.82542866,0.059045486,0.025184855
503006.jpg,0.88829446,0.02995107,0.053702515,0.02805195
503007.jpg,0.003999629,0.009398791,0.10857456,0.878027
503008.jpg,0.102419525,0.80754304,0.06017605,0.029861411
503009.jpg,0.5553997,0.36302537,0.058184966,0.02338996
503010.jpg,0.22593474,0.66797626,0.07282339,0.033265546
503011.jpg,0.75432885,0.15402745,0.06529187,0.026351836
503012.jpg,0.47337353,0.41829395,0.07346932,0.034863207
503013.jpg,0.089531995,0.8186512,0.060127974,0.031688884
503014.jpg,0.47023603,0.4213733,0.074308954,0.034081645
503015.jpg,0.293436,0.1556365,0.47549784,0.07542966
503016.jpg,0.035526372,0.8801081,0.061940834,0.02242466
503017.jpg,0.39022434,0.5003369,0.07187561,0.03756318
503018.jpg,0.8524192,0.07397595,0.05127476,0.022330096
503019.jpg,0.857568,0.06214044,0.051913366,0.028378202
503020.jpg,0.0020446794,0.0023456726,0.7524615,0.24314822
503021.jpg,0.88425326,0.028135518,0.05811687,0.02949432
503022.jpg,0.56476593,0.34453398,0.05571862,0.03498144
503023.jpg,0.03313409,0.28561816,0.06832646,0.6129213
503024.jpg,0.3325769,0.31996337,0.32059082,0.026868833
503025.jpg,0.85941464,0.03099984,0.087724976,0.021860579
503026.jpg,0.6986867,0.22938831,0.047371004,0.024553968
503027.jpg,0.0007833695,0.0010279332,0.9593722,0.038816486
503028.jpg,0.09243782,0.8361457,0.04635268,0.025063807
503029.jpg,0.53401285,0.38242966,0.053395312,0.030162146
503030.jpg,0.27478194,0.62749535,0.06549953,0.03222321
503031.jpg,0.75202215,0.16683286,0.05576408,0.025380936
503032.jpg,0.7524847,0.15966666,0.059471667,0.028377077
503033.jpg,0.06899812,0.85590416,0.0544073,0.020690361
503034.jpg,0.8971637,0.027178917,0.048114114,0.027543223
503035.jpg,0.81482863,0.092994526,0.060095813,0.032080993
503036.jpg,0.8707378,0.05052445,0.05587463,0.0228631
503037.jpg,0.07472747,0.852465,0.050818346,0.021989167
503038.jpg,0.47844395,0.38010204,0.07204595,0.069408104
503039.jpg,0.8860692,0.030306544,0.056095872,0.027528418
503040.jpg,0.842191,0.07468638,0.05793486,0.025187816
503041.jpg,0.8342977,0.06491459,0.07271259,0.028075103
503042.jpg,0.80272335,0.10037567,0.06862572,0.028275248
503043.jpg,0.09918708,0.09866609,0.798579,0.0035678234
503044.jpg,0.3016992,0.6181557,0.049860217,0.030284885
503045.jpg,0.042245038,0.045669064,0.42922342,0.48286253
503046.jpg,0.8695753,0.049124718,0.053113356,0.028186636
503047.jpg,0.8887131,0.030749986,0.05352945,0.02700746
503049.jpg,0.08781883,0.82689315,0.052579444,0.032708578
503050.jpg,0.38007224,0.53855556,0.057978913,0.02339324
503051.jpg,0.6539865,0.2647264,0.058543045,0.022744056
503052.jpg,0.3442579,0.35707486,0.2733444,0.025322804
503053.jpg,0.46473148,0.38037455,0.074018136,0.080875784
503054.jpg,0.013837859,0.8984712,0.062453195,0.025237715
503055.jpg,0.024498306,0.0055187587,0.5356333,0.43434963
503056.jpg,0.89613795,0.029278858,0.051005214,0.023577902
503057.jpg,0.333136,0.51438385,0.06466468,0.08781546
503058.jpg,0.32163683,0.5763103,0.06579005,0.03626286
503059.jpg,0.82679224,0.07609574,0.06309095,0.034021158
503060.jpg,0.8737274,0.04431449,0.05348415,0.02847399
503061.jpg,0.32049036,0.2587293,0.31698632,0.10379407
503062.jpg,0.86823565,0.052785933,0.051711697,0.027266666
503063.jpg,0.2777248,0.62582165,0.065299325,0.031154228
503064.jpg,0.38943514,0.5069158,0.07693179,0.026717333
503065.jpg,0.19916467,0.69809777,0.065297335,0.03744018
503066.jpg,0.66612345,0.21818402,0.0794188,0.036273755
503067.jpg,0.67780364,0.22446854,0.07152169,0.02620611
503068.jpg,0.5576829,0.25263247,0.14518668,0.04449796
503069.jpg,0.90598136,0.01759111,0.0502288,0.026198717
503070.jpg,0.03468268,0.8830705,0.057319164,0.02492765
503071.jpg,0.7515218,0.15882006,0.055636432,0.034021735
503072.jpg,0.14382927,0.7475401,0.06901732,0.03961335
503073.jpg,0.27136305,0.6226139,0.06939663,0.03662634
503074.jpg,0.8979237,0.014680447,0.061446443,0.025949445
503075.jpg,0.73406225,0.17530389,0.063873954,0.026759895
503076.jpg,0.87566835,0.04174908,0.05640609,0.026176427
503077.jpg,0.8849008,0.03315494,0.054918095,0.02702606
503078.jpg,0.83652383,0.07163741,0.058852844,0.032985885
503079.jpg,0.00603106,0.23545414,0.15483113,0.6036837
503080.jpg,0.89368033,0.029468575,0.04933305,0.02751803
503081.jpg,0.35217983,0.11182156,0.5149088,0.021089861
503082.jpg,0.83172214,0.07435666,0.06414438,0.029776808
503083.jpg,0.23063666,0.667196,0.07725579,0.024911612
503084.jpg,0.14568813,0.77664334,0.050460067,0.027208494
503085.jpg,0.1616965,0.7473524,0.063630715,0.027320338
503086.jpg,0.059958987,0.84632665,0.059973,0.03374141
503087.jpg,0.8236453,0.08278909,0.060166165,0.033399496
503088.jpg,0.0653716,0.85200626,0.060012706,0.022609392
503089.jpg,0.85044163,0.066784695,0.05597982,0.026793895
503090.jpg,0.00093532144,0.0020539751,0.9258728,0.07113786
503091.jpg,0.85360557,0.053686712,0.06258053,0.030127231
503092.jpg,0.5761081,0.33206096,0.0649655,0.02686547
503093.jpg,0.3277601,0.572105,0.06678024,0.033354703
503094.jpg,0.8374832,0.08284805,0.053805325,0.025863433
503095.jpg,0.0013491346,0.0022876214,0.7557966,0.2405666
503096.jpg,0.7023165,0.21609181,0.055631265,0.025960399
503097.jpg,0.6145281,0.27350664,0.059208438,0.052756745
503098.jpg,0.6418462,0.26754215,0.059930522,0.030681133
503099.jpg,0.0012921081,0.002552801,0.7346345,0.2615206
503100.jpg,0.554881,0.3520075,0.057393067,0.03571832
503101.jpg,0.8232472,0.09563915,0.05454313,0.026570525
503102.jpg,0.8941175,0.021188963,0.055405762,0.029287882
503103.jpg,0.7915368,0.11598853,0.05880422,0.033670396
503104.jpg,0.6103946,0.3010578,0.06128598,0.027261626
503105.jpg,0.4847571,0.42126226,0.06518292,0.028797723
503106.jpg,0.8835569,0.03335208,0.055277314,0.027813716
503107.jpg,0.89866805,0.018412583,0.055602506,0.027316818
503108.jpg,0.66184723,0.23371214,0.067973815,0.03646685
503109.jpg,0.84539825,0.0607701,0.062618986,0.031212635
503110.jpg,0.0010242191,0.0018858731,0.88418823,0.11290167
503111.jpg,0.31202927,0.62078,0.048077498,0.019113297
503112.jpg,0.41460374,0.47213778,0.06686432,0.04639418
503113.jpg,0.7418284,0.14587651,0.06513787,0.04715722
503114.jpg,0.885534,0.035324827,0.055158585,0.023982668
503115.jpg,0.6408047,0.26901028,0.06278557,0.0273994
503116.jpg,0.5074121,0.39889935,0.06355468,0.03013398
503117.jpg,0.22728986,0.6910403,0.05575092,0.025918921
503118.jpg,0.84337574,0.0626165,0.06571499,0.028292755
503119.jpg,0.27022767,0.57736796,0.061838433,0.09056591
503120.jpg,0.8856597,0.036452837,0.051985238,0.025902228
503121.jpg,0.0024054407,0.0034672404,0.4724506,0.5216767
503122.jpg,0.84396935,0.074930325,0.049403872,0.031696405
503123.jpg,0.20592205,0.6407633,0.10714725,0.046167433
503124.jpg,0.4620186,0.440555,0.07103571,0.026390675
503125.jpg,0.40239346,0.5039022,0.0646443,0.029060096
503126.jpg,0.17176941,0.7249291,0.07101663,0.03228485
503127.jpg,0.7382602,0.15637615,0.071184315,0.034179322
503128.jpg,0.00061263033,0.0006413759,0.9940695,0.0046764337
503129.jpg,0.017205466,0.70863295,0.055070393,0.21909125
503130.jpg,0.88851994,0.0217029,0.059867542,0.029909631
503131.jpg,0.025777403,0.90021634,0.05167514,0.022331158
503132.jpg,0.0017231678,0.0035462421,0.030539118,0.96419144
503133.jpg,0.5900683,0.23023207,0.11869141,0.06100825
503134.jpg,0.112258404,0.63644004,0.098818265,0.15248322
503135.jpg,0.6840175,0.2069885,0.08652222,0.022471849
503136.jpg,0.002887199,0.073845,0.46016857,0.46309915
503137.jpg,0.8425517,0.06658572,0.06004152,0.030820986
503138.jpg,0.6871178,0.21127228,0.07212353,0.029486395
503139.jpg,0.88878125,0.028881244,0.05457088,0.027766662
503140.jpg,0.3763663,0.1992476,0.24581279,0.17857337
503141.jpg,0.02118404,0.4475633,0.31813776,0.21311492
503142.jpg,0.20730257,0.32736844,0.406689,0.058640037
503143.jpg,0.0012625704,0.0018678945,0.7918602,0.2050093
503144.jpg,0.8949687,0.020758608,0.053535376,0.03073741
503145.jpg,0.34030834,0.5608086,0.06798451,0.030898532
503146.jpg,0.6133155,0.2780845,0.063409045,0.045190915
503147.jpg,0.11761151,0.7392326,0.056955773,0.08620017
503148.jpg,0.89027286,0.026070626,0.05701977,0.026636692
503149.jpg,0.85404664,0.07341443,0.05010567,0.02243317
503150.jpg,0.014762716,0.6235397,0.05803673,0.30366084
503151.jpg,0.8937123,0.016502606,0.059538644,0.030246487
503152.jpg,0.0013089731,0.0017933162,0.7311512,0.26574656
503153.jpg,0.001249841,0.0036903599,0.3399696,0.6550901
503154.jpg,0.0048411735,0.030466715,0.4250117,0.53968036
503155.jpg,0.29342288,0.61403525,0.0648981,0.027643835
503156.jpg,0.11973691,0.8026915,0.055583555,0.021987962
503157.jpg,0.0071991403,0.11447052,0.73244935,0.14588101
503158.jpg,0.7243477,0.17482696,0.06934474,0.031480636
503159.jpg,0.00088143017,0.0013519584,0.9781968,0.019569837
503160.jpg,0.84546393,0.06873985,0.057295535,0.028500715
503161.jpg,0.081165954,0.52328503,0.11778053,0.27776852
503162.jpg,0.74533427,0.17903082,0.043755848,0.031879112
503163.jpg,0.0018616966,0.005787428,0.018043103,0.9743078
503164.jpg,0.8957099,0.021519076,0.056555986,0.026215004
503165.jpg,0.8694513,0.041964047,0.063731514,0.024853153
503166.jpg,0.0027164903,0.0028170387,0.27925074,0.71521574
503167.jpg,0.87421525,0.034290016,0.054910347,0.036584396
503168.jpg,0.8955571,0.022193355,0.055147722,0.027101733
503169.jpg,0.79116654,0.12501515,0.054227542,0.029590676
503170.jpg,0.6380718,0.27616513,0.059456415,0.026306696
503171.jpg,0.5580804,0.32732236,0.07860161,0.03599568
503172.jpg,0.87732196,0.05892345,0.04305894,0.020695647
503173.jpg,0.8728215,0.045355506,0.055964947,0.025857987
503174.jpg,0.0016134147,0.0032483859,0.023633316,0.9715049
503175.jpg,0.0841566,0.7305154,0.058346108,0.12698184
503176.jpg,0.88027316,0.0374973,0.055848937,0.026380528
503177.jpg,0.88626915,0.0261658,0.057878163,0.029686905
503178.jpg,0.6690336,0.067122675,0.23609243,0.02775136
503179.jpg,0.11699169,0.779714,0.068856776,0.034437563
503180.jpg,0.6940872,0.19360606,0.07703319,0.035273615
503181.jpg,0.042432554,0.8825339,0.050840218,0.02419335
503182.jpg,0.060745146,0.85738873,0.054757696,0.027108457
503183.jpg,0.0014130438,0.0020156933,0.71166986,0.2849014
503184.jpg,0.0021763302,0.0036040237,0.57244724,0.42177236
503185.jpg,0.16320762,0.7590235,0.054901645,0.022867262
503186.jpg,0.25896713,0.65057325,0.06569616,0.024763465
503187.jpg,0.8926946,0.023194809,0.05744584,0.026664747
503188.jpg,0.19261736,0.7074874,0.07248787,0.027407374
503189.jpg,0.29767054,0.050210956,0.6316254,0.020493073
503190.jpg,0.88802624,0.040379502,0.04779847,0.023795823
503191.jpg,0.8435013,0.059165835,0.06544283,0.03189007
503192.jpg,0.54070115,0.36326605,0.066397935,0.02963491
503193.jpg,0.0015852299,0.0038845167,0.020179462,0.9743508
503194.jpg,0.5281698,0.37783772,0.0677152,0.026277296
503195.jpg,0.48720625,0.4048146,0.072999,0.034980085
503196.jpg,0.5459087,0.34432384,0.07980381,0.02996366
503197.jpg,0.89962703,0.01836127,0.056887574,0.025124077
503198.jpg,0.2302444,0.68059635,0.063258134,0.025901131
503199.jpg,0.8590962,0.04997336,0.060264997,0.030665388
503200.jpg,0.0017661384,0.0023173178,0.60451436,0.39140218
503201.jpg,0.70728505,0.17546439,0.08291689,0.034333706
503202.jpg,0.327975,0.5791833,0.06757656,0.025265256
503203.jpg,0.33400217,0.39991412,0.24611142,0.0199723
503204.jpg,0.7495506,0.15295996,0.06138678,0.036102686
503205.jpg,0.115811385,0.79931056,0.064108506,0.020769604
503206.jpg,0.9044807,0.019243086,0.048468456,0.027807666
503207.jpg,0.8465819,0.07417867,0.054416258,0.024823198
503208.jpg,0.7329226,0.16803142,0.068278626,0.030767322
503209.jpg,0.87478817,0.042172857,0.055746093,0.027292876
503210.jpg,0.014043246,0.8390551,0.1090875,0.037814114
503211.jpg,0.8510173,0.06012714,0.058265038,0.030590547
503212.jpg,0.8788827,0.036889076,0.05608785,0.028140327
503213.jpg,0.44233745,0.4004981,0.13283223,0.024332242
503214.jpg,0.8895788,0.030775163,0.053981926,0.02566412
503215.jpg,0.0013740036,0.0021794455,0.49964297,0.49680355
503216.jpg,0.67201567,0.23455936,0.0663002,0.027124764
503217.jpg,0.74710995,0.06518702,0.14289832,0.04480475
503218.jpg,0.04826472,0.8789075,0.045331102,0.02749664
503219.jpg,0.85587937,0.059364047,0.054084443,0.030672073
503220.jpg,0.8736268,0.05154915,0.051081754,0.0237424
503221.jpg,0.8508867,0.051472433,0.0697553,0.027885573
503222.jpg,0.8957525,0.021457113,0.05334827,0.029442169
503223.jpg,0.7030233,0.20963158,0.057367828,0.029977309
503224.jpg,0.78683925,0.11442396,0.065234154,0.033502676
503225.jpg,0.31315467,0.59213215,0.06842302,0.026290175
503226.jpg,0.17765573,0.7289359,0.062715404,0.030693011
503227.jpg,0.8460672,0.07460434,0.053146787,0.02618172
503228.jpg,0.016883124,0.013104838,0.10402539,0.86598665
503229.jpg,0.76827234,0.1286158,0.06631827,0.03679353
503230.jpg,0.855246,0.05409145,0.058615964,0.032046583
503231.jpg,0.86042273,0.043980412,0.064377114,0.031219698
503232.jpg,0.8612532,0.06162331,0.05320779,0.023915706
503233.jpg,0.48565802,0.41144568,0.075576745,0.027319511
503234.jpg,0.8071055,0.1042895,0.05837824,0.03022678
503235.jpg,0.01611266,0.22795527,0.111598335,0.6443337
503236.jpg,0.03283205,0.88588643,0.051453408,0.029828072
503237.jpg,0.03682043,0.52877086,0.2745378,0.15987088
503238.jpg,0.00077011273,0.0009189807,0.97398335,0.0243275
503239.jpg,0.2539933,0.6589904,0.052109465,0.034906868
503240.jpg,0.4965531,0.41693124,0.05762153,0.02889416
503241.jpg,0.9043467,0.017993117,0.049600486,0.028059712
503242.jpg,0.42861265,0.47837883,0.06083052,0.032177992
503243.jpg,0.30699694,0.60126555,0.06498212,0.026755385
503244.jpg,0.3425613,0.5426037,0.079171956,0.035663087
503245.jpg,0.007488601,0.0041077607,0.77957696,0.20882669
503246.jpg,0.001965255,0.004226513,0.07642921,0.91737896
503247.jpg,0.710446,0.19217962,0.068023115,0.029351268
503248.jpg,0.13057698,0.769764,0.058937855,0.040721156
503249.jpg,0.8910713,0.020349601,0.058715787,0.029863264
503250.jpg,0.88714814,0.025498305,0.057779565,0.029573968
503251.jpg,0.88652825,0.036605693,0.05078545,0.026080612
503252.jpg,0.0009988772,0.0009456954,0.97164464,0.026410855
503253.jpg,0.39984286,0.5165359,0.058676228,0.02494505
503254.jpg,0.0127923675,0.06877363,0.13726404,0.78116995
503255.jpg,0.86224145,0.040456325,0.06736043,0.029941866
503256.jpg,0.33583412,0.5668898,0.05848752,0.038788553
503257.jpg,0.5924422,0.31538302,0.064710565,0.027464174
503258.jpg,0.44868708,0.46774673,0.055432066,0.02813413
503259.jpg,0.8400972,0.07557837,0.054736495,0.029587917
503260.jpg,0.6696404,0.2429483,0.05449559,0.03291565
503261.jpg,0.041151777,0.7357986,0.06520552,0.1578442
503262.jpg,0.02669873,0.89628005,0.05433844,0.02268264
503263.jpg,0.8609573,0.056890197,0.052745197,0.02940733
503264.jpg,0.4856498,0.32263693,0.1674073,0.024306007
503265.jpg,0.88070095,0.03766503,0.05261316,0.029020833
503266.jpg,0.8996232,0.023225034,0.04719327,0.0299585
503267.jpg,0.0021734685,0.003957427,0.45929936,0.5345698
503268.jpg,0.014855217,0.8721215,0.072815046,0.040208265
503269.jpg,0.8827749,0.030647444,0.058223154,0.028354533
503270.jpg,0.3721553,0.49070093,0.07179076,0.0653531
503271.jpg,0.009488989,0.012067806,0.79135144,0.1870918
503272.jpg,0.054708377,0.03181889,0.8212663,0.09220642
503273.jpg,0.0803166,0.7801926,0.11608616,0.02340459
503274.jpg,0.020624097,0.60957575,0.06721082,0.3025893
503275.jpg,0.09651022,0.8238964,0.055757444,0.023836013
503276.jpg,0.8937343,0.017925445,0.05949843,0.028841866
503277.jpg,0.85191464,0.05273115,0.05861171,0.036742453
503278.jpg,0.09806897,0.8237486,0.056280572,0.021901906
503279.jpg,0.002381081,0.0032039138,0.42614353,0.5682715
503280.jpg,0.04482712,0.8602073,0.061855808,0.03310986
503281.jpg,0.1593386,0.75081336,0.06332218,0.026525842
503282.jpg,0.14952078,0.5570774,0.25221938,0.04118235
503283.jpg,0.42234385,0.48080838,0.06458008,0.032267716
503284.jpg,0.8225155,0.10346392,0.050352257,0.023668345
503285.jpg,0.019933542,0.8988608,0.05339941,0.027806176
503286.jpg,0.31889093,0.5937259,0.058573,0.02881014
503287.jpg,0.9029491,0.021713326,0.04965116,0.025686456
503288.jpg,0.8017049,0.105800495,0.06077064,0.031724002
503289.jpg,0.8817068,0.028517552,0.056906223,0.032869417
503290.jpg,0.88154507,0.043862727,0.05121764,0.023374544
503291.jpg,0.08893588,0.66542006,0.11242563,0.13321844
503292.jpg,0.0035752384,0.010408413,0.3225842,0.6634321
503293.jpg,0.75628555,0.15556303,0.05554178,0.03260965
503294.jpg,0.039411925,0.88002324,0.05610341,0.024461532
503295.jpg,0.8392147,0.060918026,0.060597472,0.039269727
503296.jpg,0.9033571,0.016841786,0.05283106,0.026969986
503297.jpg,0.00077682344,0.0016815343,0.94906604,0.048475564
503298.jpg,0.7504268,0.14722627,0.07073796,0.031608988
503299.jpg,0.009802993,0.8963066,0.06479016,0.029100303
503300.jpg,0.0049093384,0.10511176,0.3691119,0.520867
503301.jpg,0.5149319,0.39522988,0.049763814,0.040074356
503302.jpg,0.7718782,0.12933381,0.06098246,0.03780557
503303.jpg,0.33619243,0.5551952,0.07048561,0.038126696
503304.jpg,0.013356338,0.19548191,0.3072417,0.48391998
503305.jpg,0.892104,0.021909477,0.056380972,0.029605474
503306.jpg,0.86134964,0.053955104,0.056853678,0.027841602
503307.jpg,0.8732221,0.039273113,0.05669444,0.030810304
503308.jpg,0.002204841,0.0029852008,0.5107712,0.48403877
503309.jpg,0.027162127,0.8928562,0.057580046,0.022401653
503310.jpg,0.9022839,0.018379427,0.058176417,0.021160228
503311.jpg,0.45258155,0.46650934,0.05718496,0.023724105
503312.jpg,0.7845079,0.12046406,0.06332764,0.031700507
503313.jpg,0.85244775,0.0545288,0.059279636,0.03374381
503314.jpg,0.33724388,0.57857496,0.049420472,0.034760665
503315.jpg,0.8323291,0.07117106,0.06706254,0.029437296
503316.jpg,0.0020330427,0.0047624446,0.5589001,0.43430433
503317.jpg,0.88337076,0.026401736,0.05591704,0.034310453
503318.jpg,0.23127978,0.6765341,0.06740681,0.024779296
503319.jpg,0.45327473,0.4505468,0.07076904,0.02540949
503320.jpg,0.53698653,0.3691959,0.063691914,0.030125605
503321.jpg,0.41541016,0.47968516,0.06927431,0.03563038
503322.jpg,0.89106965,0.024645679,0.056974914,0.027309736
503323.jpg,0.62312585,0.29656833,0.058873244,0.021432545
503324.jpg,0.7917293,0.046237424,0.13976663,0.022266623
503325.jpg,0.8509799,0.06132224,0.05639194,0.03130579
503326.jpg,0.8889282,0.03823145,0.046620026,0.026220309
503327.jpg,0.82860756,0.085423194,0.05680711,0.029162195
503328.jpg,0.8637194,0.03884914,0.06251811,0.034913376
503329.jpg,0.013739874,0.9025665,0.052681863,0.03101176
503330.jpg,0.85427725,0.053041082,0.05993321,0.032748435
503331.jpg,0.61982304,0.2863847,0.064320736,0.029471567
503332.jpg,0.0016892893,0.0024246082,0.5777649,0.41812116
503333.jpg,0.88792276,0.030023681,0.051008046,0.0310455
503334.jpg,0.87784696,0.03970733,0.05435668,0.028088996
503335.jpg,0.6120705,0.30297363,0.05547598,0.029479852
503336.jpg,0.8026923,0.11101937,0.05598065,0.03030771
503337.jpg,0.032415453,0.09644931,0.6674216,0.20371364
503338.jpg,0.8916288,0.027254105,0.053931978,0.027185189
503339.jpg,0.83573884,0.064536996,0.0724576,0.027266571
503340.jpg,0.0012749727,0.002313474,0.021336827,0.97507477
503341.jpg,0.6557882,0.24512437,0.06708184,0.03200555
503342.jpg,0.014611463,0.20362349,0.0672703,0.7144947
503343.jpg,0.84335583,0.069299124,0.055944636,0.031400364
503344.jpg,0.8476012,0.06131735,0.060873132,0.03020832
503345.jpg,0.8893104,0.02518918,0.057618115,0.027882282
503346.jpg,0.8401931,0.072715126,0.056888334,0.030203441
503347.jpg,0.75588644,0.1503782,0.0637204,0.03001494
503348.jpg,0.23832995,0.6696942,0.061993156,0.029982768
503349.jpg,0.23292105,0.6310735,0.107644595,0.02836087
503350.jpg,0.90324867,0.017649567,0.05284685,0.026254896
503351.jpg,0.831276,0.07738293,0.060386904,0.030954085
503352.jpg,0.8718117,0.046043478,0.05604444,0.026100354
503353.jpg,0.050132975,0.21275693,0.070424095,0.6666859
503354.jpg,0.7787586,0.13407205,0.058882017,0.028287401
503355.jpg,0.16628677,0.73528504,0.071290515,0.027137717
503356.jpg,0.73753643,0.15568772,0.08111137,0.025664426
503357.jpg,0.054153554,0.59970075,0.04955933,0.29658633
503358.jpg,0.80367446,0.118748225,0.055428144,0.022149079
503359.jpg,0.32740963,0.56419563,0.06312671,0.04526804
503360.jpg,0.74830794,0.1561125,0.061614588,0.033964913
503361.jpg,0.71801287,0.2014664,0.054383993,0.026136786
503362.jpg,0.49952036,0.41951644,0.05684499,0.024118206
503363.jpg,0.19597471,0.70156944,0.058018226,0.044437543
503364.jpg,0.07361757,0.34388998,0.32267648,0.25981602
503365.jpg,0.002762056,0.003601585,0.46420887,0.52942747
503366.jpg,0.7001712,0.20260757,0.060714703,0.0365066
503367.jpg,0.8849077,0.034390613,0.054184616,0.02651707
503368.jpg,0.0047284006,0.003951287,0.9847844,0.006535877
503369.jpg,0.6468707,0.25677437,0.053516023,0.042838935
503370.jpg,0.12706259,0.8008559,0.048446927,0.023634605
503371.jpg,0.20054434,0.7035535,0.058510084,0.037392005
503372.jpg,0.845514,0.07479583,0.053277586,0.026412567
503373.jpg,0.90140045,0.018625619,0.054709747,0.025264198
503374.jpg,0.7108783,0.20568486,0.060137436,0.023299374
503375.jpg,0.7245377,0.1894538,0.05721565,0.028792871
503376.jpg,0.78831553,0.105976686,0.07246563,0.033242125
503377.jpg,0.87640727,0.03652577,0.05459639,0.032470625
503378.jpg,0.8939728,0.027837664,0.05138507,0.026804473
503379.jpg,0.0042584543,0.0058029233,0.40995467,0.57998395
503380.jpg,0.235478,0.67092925,0.05984715,0.033745565
503381.jpg,0.002656306,0.04835236,0.07204155,0.8769497
503382.jpg,0.8779349,0.0340792,0.060139477,0.027846439
503383.jpg,0.71038365,0.18777786,0.074252404,0.027586168
503384.jpg,0.8334646,0.07378051,0.06183529,0.030919619
503385.jpg,0.86248326,0.06115429,0.051959977,0.024402423
503386.jpg,0.8981698,0.020328373,0.05214827,0.0293535
503387.jpg,0.46023253,0.034970302,0.47761405,0.027183132
503388.jpg,0.6528413,0.2542861,0.0680165,0.02485617
503389.jpg,0.030428853,0.8927907,0.059001684,0.017778797
503390.jpg,0.7537527,0.14945251,0.064164944,0.032629795
503391.jpg,0.024027448,0.7320098,0.13852668,0.10543611
503392.jpg,0.3275194,0.4758283,0.11371788,0.08293444
503393.jpg,0.29181105,0.58679795,0.080399424,0.04099163
503394.jpg,0.87553364,0.052497137,0.049958397,0.022010855
503395.jpg,0.29094312,0.27387297,0.39869186,0.036492065
503396.jpg,0.052205082,0.08666998,0.50007343,0.36105153
503397.jpg,0.8104852,0.10266378,0.0568157,0.030035324
503398.jpg,0.4954375,0.35389507,0.1175338,0.03313365
503399.jpg,0.8882746,0.030995753,0.05461293,0.026116706
503400.jpg,0.8456921,0.05906413,0.06452116,0.030722657
503401.jpg,0.77468264,0.13471851,0.06281063,0.027788201
503402.jpg,0.046782896,0.26855585,0.6273436,0.057317667
503403.jpg,0.72686064,0.1847716,0.057159107,0.03120866
503404.jpg,0.73451895,0.16855659,0.06231802,0.034606412
503405.jpg,0.8512425,0.056724295,0.06819751,0.023835668
503406.jpg,0.86075836,0.06301772,0.053279817,0.02294423
503407.jpg,0.6407653,0.2602879,0.06428978,0.034657035
503408.jpg,0.8122829,0.09533996,0.059923377,0.032453783
503409.jpg,0.22204463,0.6957753,0.055961404,0.026218684
503410.jpg,0.50479996,0.40950304,0.05871233,0.026984682
503411.jpg,0.02866386,0.8570914,0.066230215,0.0480145
503412.jpg,0.7647793,0.14557491,0.054598514,0.03504723
503413.jpg,0.56752,0.3412273,0.06388267,0.027369972
503414.jpg,0.047212396,0.7932247,0.07983983,0.07972312
503415.jpg,0.033293433,0.22561291,0.5779239,0.16316979
503416.jpg,0.008682559,0.07477895,0.78113645,0.135402
503417.jpg,0.90143085,0.01649949,0.059369087,0.022700539
503418.jpg,0.69333047,0.20999047,0.06795908,0.028719949
503419.jpg,0.8518689,0.06119985,0.059468552,0.027462661
503420.jpg,0.87679243,0.046376877,0.05199125,0.024839448
503421.jpg,0.6782406,0.2403323,0.05693675,0.024490353
503422.jpg,0.56389767,0.34764564,0.063779324,0.024677362
503423.jpg,0.0018450237,0.0022785682,0.42868125,0.5671951
503424.jpg,0.88164544,0.038844064,0.04890663,0.03060384
503425.jpg,0.39680153,0.514764,0.059996143,0.028438346
503426.jpg,0.61134344,0.30178872,0.058474805,0.028392991
503427.jpg,0.42480576,0.47366345,0.0731969,0.02833392
503428.jpg,0.38957262,0.5095904,0.07313923,0.027697787
503429.jpg,0.12558502,0.6465785,0.11722163,0.11061493
503430.jpg,0.47069877,0.43732995,0.060922045,0.031049239
503431.jpg,0.037592683,0.8814778,0.06346694,0.017462589
503432.jpg,0.18364137,0.7157284,0.06674494,0.033885248
503433.jpg,0.8057785,0.11340925,0.046842065,0.033970203
503434.jpg,0.8858073,0.03033305,0.058960013,0.024899587
503435.jpg,0.88523895,0.028825633,0.057368305,0.028567102
503436.jpg,0.8714823,0.04387018,0.059063334,0.025584148
503437.jpg,0.8591702,0.052163165,0.05659473,0.032071903
503438.jpg,0.87278557,0.03772147,0.056007385,0.033485595
503439.jpg,0.015720041,0.005175597,0.6318122,0.3472922
503440.jpg,0.17116952,0.7130955,0.08214603,0.033588953
503441.jpg,0.047461487,0.8698584,0.05441178,0.028268388
503442.jpg,0.107954174,0.8149018,0.053332493,0.023811512
503443.jpg,0.8814901,0.04328184,0.053019147,0.022208886
503444.jpg,0.5244227,0.38454545,0.05990978,0.031122152
503445.jpg,0.88659596,0.033150192,0.053407922,0.02684598
503446.jpg,0.07596715,0.832013,0.063696004,0.028323863
503447.jpg,0.50349855,0.3849506,0.07553755,0.0360133
503448.jpg,0.08581654,0.83364004,0.052409068,0.02813432
503449.jpg,0.53429145,0.15214477,0.25504863,0.058515165
503450.jpg,0.06487269,0.7267897,0.10823142,0.10010622
503451.jpg,0.82510525,0.07637221,0.0694577,0.029064821
503452.jpg,0.015664779,0.24166553,0.074910894,0.6677588
503453.jpg,0.11045552,0.7930047,0.06642751,0.03011225
503454.jpg,0.24229723,0.07710496,0.674453,0.0061448994
503455.jpg,0.012581229,0.06681964,0.10247195,0.8181272
503456.jpg,0.018358272,0.59296125,0.08640541,0.30227506
503457.jpg,0.022604786,0.89400506,0.056596,0.026794173
503458.jpg,0.5957768,0.31816196,0.054910127,0.031151064
503459.jpg,0.886288,0.039479,0.04388474,0.030348275
503460.jpg,0.33853823,0.568192,0.064123645,0.029146152
503461.jpg,0.70253587,0.1958248,0.069199465,0.03243988
503462.jpg,0.5828902,0.33060637,0.061446752,0.025056643
503463.jpg,0.89829063,0.028633663,0.04761329,0.025462424
503464.jpg,0.7955214,0.10142326,0.07036502,0.032690316
503465.jpg,0.83878106,0.058667455,0.068135396,0.03441613
503466.jpg,0.0415242,0.87761277,0.055906136,0.024956817
503467.jpg,0.09511221,0.81137305,0.06955372,0.023960955
503468.jpg,0.011916657,0.85845196,0.06576714,0.06386422
503469.jpg,0.88981915,0.021548823,0.060788732,0.02784327
503470.jpg,0.0035149704,0.005521981,0.07322981,0.9177333
503471.jpg,0.49091086,0.41021082,0.06686655,0.032011762
503472.jpg,0.67488265,0.23778653,0.05339605,0.033934765
503473.jpg,0.8983109,0.022167396,0.058477536,0.02104422
503474.jpg,0.49406672,0.26505178,0.16535196,0.075529575
503475.jpg,0.0142276995,0.022803744,0.63337415,0.32959437
503476.jpg,0.14214906,0.7660163,0.06509039,0.026744256
503477.jpg,0.8215523,0.09220586,0.058264654,0.02797719
503478.jpg,0.8819849,0.034080584,0.055709377,0.028225167
503479.jpg,0.31681308,0.57078034,0.07102361,0.04138302
503480.jpg,0.8255508,0.096166946,0.054029092,0.024253087
503481.jpg,0.8020721,0.09955602,0.065637745,0.03273411
503482.jpg,0.90152603,0.028950594,0.0437431,0.025780298
503483.jpg,0.066993825,0.833916,0.071577586,0.027512541
503484.jpg,0.029788392,0.89874226,0.04736932,0.024100022
503485.jpg,0.88768554,0.02508285,0.056345575,0.030886011
503486.jpg,0.76409984,0.14367718,0.067838565,0.024384448
503487.jpg,0.0014883322,0.002250706,0.19665055,0.79961044
503488.jpg,0.850032,0.0667204,0.055000823,0.02824686
503489.jpg,0.40359187,0.10346462,0.46899197,0.023951558
503490.jpg,0.88889724,0.028864622,0.055927966,0.026310198
503491.jpg,0.8565414,0.056397453,0.06177093,0.025290243
503492.jpg,0.88441354,0.038245317,0.052920274,0.024420835
503493.jpg,0.8918028,0.024654463,0.054960966,0.028581765
503494.jpg,0.015599008,0.8995593,0.052228224,0.03261331
503495.jpg,0.75339395,0.16776265,0.0505518,0.028291604
503496.jpg,0.47319958,0.262227,0.19758776,0.06698564
503497.jpg,0.061760135,0.8594618,0.055247437,0.023530623
503498.jpg,0.8570602,0.062096536,0.05304282,0.027800374
503499.jpg,0.054309767,0.85513425,0.0662441,0.024311816
503500.jpg,0.3391326,0.55397,0.06972894,0.037168443
503501.jpg,0.19211075,0.0551618,0.74959284,0.0031346066
503502.jpg,0.12118522,0.7913902,0.06263338,0.024791257
503503.jpg,0.27825877,0.49642488,0.17867857,0.046637706
503504.jpg,0.6552675,0.24979721,0.06458332,0.030351989
503505.jpg,0.08835139,0.07545522,0.7965607,0.039632693
503506.jpg,0.8456368,0.06357735,0.064792596,0.025993306
503507.jpg,0.38132367,0.5049093,0.07253902,0.04122804
503508.jpg,0.85053325,0.05441823,0.066405684,0.028642885
503509.jpg,0.7831283,0.11663905,0.06621799,0.034014605
503510.jpg,0.89985806,0.019504303,0.051255807,0.029381841
503511.jpg,0.39491627,0.5170908,0.06298982,0.02500305
503512.jpg,0.06222203,0.79596484,0.06575792,0.07605526
503513.jpg,0.50970155,0.3756162,0.06880249,0.045879763
503514.jpg,0.90414387,0.017563395,0.05168522,0.026607495
503515.jpg,0.87041974,0.044940256,0.057020564,0.027619421
503516.jpg,0.8998483,0.020306222,0.056733504,0.023111926
503517.jpg,0.2017032,0.6916611,0.065093145,0.041542605
503518.jpg,0.026027126,0.89489245,0.050598137,0.02848222
503519.jpg,0.83179694,0.07521126,0.064583935,0.028407881
503520.jpg,0.82827955,0.0883665,0.05378525,0.029568728
503521.jpg,0.41565752,0.49192947,0.057356317,0.03505677
503522.jpg,0.8765822,0.05229686,0.04662125,0.024499709
503523.jpg,0.2326323,0.6618063,0.06535864,0.040202867
503524.jpg,0.0012822502,0.0014983999,0.9922936,0.004925771
503525.jpg,0.7255323,0.18807569,0.0629479,0.023444198
503526.jpg,0.16024597,0.69574255,0.11569139,0.028320054
503527.jpg,0.77895683,0.12987608,0.060955167,0.030211888
503528.jpg,0.8559107,0.05836057,0.053575274,0.032153394
503529.jpg,0.39675605,0.5102692,0.064208135,0.028766615
503530.jpg,0.89738965,0.018666659,0.056700155,0.02724358
503531.jpg,0.024632184,0.8931859,0.05911482,0.023067107
503532.jpg,0.020517565,0.9092523,0.047258824,0.022971319
503533.jpg,0.0015332483,0.0022452995,0.3666975,0.62952393
503534.jpg,0.45824015,0.43827164,0.074807815,0.028680423
503535.jpg,0.18739003,0.74011844,0.05424425,0.01824723
503536.jpg,0.011386912,0.05168195,0.6690042,0.267927
503537.jpg,0.57309455,0.32654756,0.06268961,0.03766834
503538.jpg,0.42840946,0.39645344,0.1322064,0.04293073
503539.jpg,0.604378,0.3060575,0.058456242,0.031108283
503540.jpg,0.023734134,0.8978939,0.048527036,0.02984482
503541.jpg,0.7692873,0.13892686,0.062146768,0.029639112
503542.jpg,0.86088985,0.05046363,0.061344557,0.027301993
503543.jpg,0.81100935,0.08990764,0.06680206,0.032280937
503544.jpg,0.015485342,0.8704876,0.055869248,0.058157902
503545.jpg,0.84414154,0.07353217,0.05509427,0.027232027
503546.jpg,0.30269054,0.608073,0.058313627,0.030922817
503547.jpg,0.0019363887,0.00217844,0.39296898,0.6029163
503548.jpg,0.26931283,0.6448223,0.06367263,0.02219229
503549.jpg,0.8945443,0.026448134,0.05422989,0.02477765
503550.jpg,0.0018524884,0.006195018,0.07089638,0.9210561
503551.jpg,0.8783588,0.030738235,0.06113179,0.029771103
503552.jpg,0.16736637,0.74310553,0.06345432,0.026073776
503553.jpg,0.0018306741,0.0026616238,0.16322178,0.832286
503554.jpg,0.8736361,0.041043468,0.061194427,0.024125887
503555.jpg,0.88169736,0.038668443,0.054952793,0.024681412
503556.jpg,0.878303,0.036920026,0.05517754,0.029599449
503557.jpg,0.5326303,0.37255922,0.06724027,0.027570182
503558.jpg,0.85975623,0.0636241,0.052450445,0.024169214
503559.jpg,0.30460268,0.30940336,0.36913103,0.016862968
503560.jpg,0.61700773,0.27367595,0.07007187,0.039244514
503561.jpg,0.012410468,0.1753235,0.19969848,0.61256754
503562.jpg,0.8747087,0.03856739,0.059963364,0.02676059
503563.jpg,0.001751997,0.00176395,0.84493995,0.1515441
503564.jpg,0.29921436,0.5724293,0.07410243,0.05425404
503565.jpg,0.8876412,0.025710622,0.0584124,0.02823583
503566.jpg,0.8722779,0.041524097,0.05855618,0.02764174
503567.jpg,0.364761,0.29745707,0.06083422,0.27694774
503568.jpg,0.35924062,0.53569156,0.07368784,0.031380035
503569.jpg,0.5052019,0.41480187,0.056504574,0.023491716
503570.jpg,0.5813097,0.31490156,0.074882895,0.028905885
503571.jpg,0.8997495,0.01706678,0.056599855,0.026583828
503572.jpg,0.868263,0.04479204,0.059022333,0.027922647
503573.jpg,0.02134156,0.6161012,0.066698164,0.295859
503574.jpg,0.84503275,0.07117835,0.051988497,0.031800434
503575.jpg,0.87563443,0.043242507,0.057087593,0.024035422
503576.jpg,0.90193486,0.018701116,0.053521395,0.025842676
503577.jpg,0.0015680129,0.0034777028,0.84384984,0.15110454
503578.jpg,0.75614226,0.09150183,0.13029213,0.022063782
503579.jpg,0.79811835,0.11558987,0.056505892,0.029785892
503580.jpg,0.28519556,0.6172933,0.06562598,0.03188519
503581.jpg,0.6291737,0.27278316,0.06620542,0.03183772
503582.jpg,0.86069804,0.051560953,0.06007386,0.027667092
503583.jpg,0.7653632,0.1349367,0.06870765,0.030992439
503584.jpg,0.8449835,0.069062464,0.058792703,0.027161343
503585.jpg,0.87923604,0.04241198,0.051837,0.026514914
503586.jpg,0.88973194,0.03685179,0.04433988,0.029076414
503587.jpg,0.5245802,0.4032834,0.044432487,0.027703939
503588.jpg,0.08748068,0.8323886,0.048058227,0.03207246
503589.jpg,0.6932091,0.22731048,0.05514337,0.024337022
503590.jpg,0.20388076,0.39418852,0.37543836,0.026492335
503591.jpg,0.08788567,0.8171932,0.058880165,0.036040958
503592.jpg,0.6844008,0.22252093,0.062697604,0.030380705
503593.jpg,0.7455387,0.16334611,0.06460991,0.026505275
503594.jpg,0.46737063,0.43277586,0.06931104,0.030542484
503595.jpg,0.007202683,0.08401261,0.7938624,0.11492235
503596.jpg,0.59220546,0.30475798,0.0660251,0.03701141
503597.jpg,0.3808762,0.030311678,0.57444435,0.014367763
503598.jpg,0.42074713,0.48190403,0.066073895,0.031274907
503599.jpg,0.37760326,0.30159074,0.17352355,0.14728253
503600.jpg,0.3401271,0.5816334,0.05834864,0.019890761
503601.jpg,0.0019016013,0.0028130042,0.020281257,0.9750042
503602.jpg,0.88022155,0.03302038,0.058780473,0.027977612
503603.jpg,0.5923264,0.32192862,0.05635059,0.029394392
503604.jpg,0.12289543,0.76864105,0.07797039,0.03049316
503605.jpg,0.070943594,0.8473355,0.047835346,0.033885576
503606.jpg,0.46665204,0.44115576,0.056512613,0.035679653
503607.jpg,0.43255427,0.49012056,0.05084662,0.026478542
503608.jpg,0.09954649,0.77390635,0.08111708,0.045430116
503610.jpg,0.37324002,0.5325884,0.062278006,0.031893518
503611.jpg,0.72992396,0.17275086,0.058937866,0.038387414
503612.jpg,0.90119976,0.023508396,0.051276866,0.024014916
503613.jpg,0.6235684,0.28306398,0.06650897,0.026858628
503614.jpg,0.7168524,0.18897374,0.05398526,0.040188566
503615.jpg,0.239351,0.66625935,0.0639565,0.0304332
503616.jpg,0.39871752,0.49076393,0.08100164,0.029516883
503617.jpg,0.25317538,0.6590147,0.05908508,0.028724842
503618.jpg,0.001476671,0.002633233,0.75682133,0.2390688
503619.jpg,0.039459728,0.7193715,0.16987433,0.07129448
503620.jpg,0.0019864747,0.0028217223,0.38769543,0.6074964
503621.jpg,0.88133085,0.041530445,0.051740732,0.02539795
503622.jpg,0.5686543,0.3416518,0.058752578,0.030941308
503623.jpg,0.8632781,0.049536906,0.054060634,0.03312436
503624.jpg,0.82251275,0.07855332,0.0633577,0.035576344
503625.jpg,0.8585457,0.05984238,0.054463584,0.02714834
503626.jpg,0.78626823,0.13505128,0.05110259,0.027577924
503627.jpg,0.86507004,0.055872627,0.05122306,0.027834237
503628.jpg,0.59614956,0.31570232,0.061601836,0.026546352
503629.jpg,0.69775486,0.21640995,0.055055972,0.030779136
503630.jpg,0.022367056,0.8917315,0.055433515,0.030467855
503631.jpg,0.05988341,0.8630567,0.050557945,0.02650197
503632.jpg,0.8560189,0.061831336,0.06145117,0.020698607
503633.jpg,0.70547706,0.18920523,0.08134133,0.02397631
503634.jpg,0.3882184,0.5093163,0.07261525,0.029850032
503635.jpg,0.039638977,0.8334929,0.05531633,0.0715518
503636.jpg,0.8728554,0.034537286,0.059357855,0.03324942
503637.jpg,0.895998,0.024765408,0.05427195,0.024964549
503638.jpg,0.900542,0.018411065,0.058768656,0.022278305
503639.jpg,0.62779444,0.27589923,0.061903015,0.0344034
503640.jpg,0.8597272,0.04936223,0.062900014,0.028010478
503641.jpg,0.62594867,0.2769226,0.06459454,0.032534186
503642.jpg,0.8642381,0.04819747,0.059298225,0.028266165
503643.jpg,0.79550725,0.10772418,0.0659093,0.030859193
503644.jpg,0.8847818,0.03504848,0.05290821,0.027261548
503645.jpg,0.7699384,0.11799007,0.07615991,0.035911575
503646.jpg,0.002113425,0.0042115077,0.06585851,0.9278165
503647.jpg,0.7976533,0.11681981,0.058522914,0.027004018
503648.jpg,0.67141646,0.2310035,0.05926805,0.03831199
503649.jpg,0.30248386,0.5886583,0.07270673,0.036151156
503650.jpg,0.89461875,0.024111003,0.049624838,0.031645454
503651.jpg,0.8466822,0.054873213,0.0673213,0.031123374
503652.jpg,0.11720305,0.78693557,0.063238375,0.032623023
503653.jpg,0.8861549,0.03282793,0.056077864,0.024939202
503654.jpg,0.7590751,0.12598866,0.06600421,0.04893203
503655.jpg,0.0011563376,0.0018235898,0.77458245,0.22243762
503656.jpg,0.88597023,0.02989881,0.05541757,0.028713388
503657.jpg,0.85566914,0.057585903,0.057843402,0.028901584
503658.jpg,0.90537155,0.020135134,0.04975128,0.024742054
503659.jpg,0.4250387,0.4734138,0.07062418,0.030923363
503660.jpg,0.88096917,0.0316393,0.06489829,0.022493144
503661.jpg,0.8459782,0.06799342,0.0571188,0.028909585
503662.jpg,0.0014762954,0.002560103,0.28793266,0.70803094
503663.jpg,0.0009576018,0.0011143297,0.98430276,0.013625355
503664.jpg,0.017682899,0.89872444,0.057416182,0.026176525
503665.jpg,0.07100724,0.83513045,0.05654308,0.037319157
503666.jpg,0.8851039,0.029776566,0.057774518,0.027345065
503667.jpg,0.88851535,0.03015358,0.051073544,0.030257545
503668.jpg,0.0029751684,0.004539891,0.07731037,0.9151746
503669.jpg,0.8920089,0.025174819,0.054614518,0.028201746
503670.jpg,0.8202488,0.08043418,0.06167702,0.03764002
503671.jpg,0.11918081,0.79225504,0.048996985,0.03956719
503672.jpg,0.76112103,0.15246648,0.057845395,0.028567102
503673.jpg,0.90179837,0.014581121,0.053588513,0.030032046
503674.jpg,0.86130375,0.05191618,0.06035481,0.026425298
503675.jpg,0.84128726,0.07176235,0.060802594,0.026147757
503676.jpg,0.019022888,0.18455231,0.36776078,0.428664
503677.jpg,0.55046904,0.35695842,0.062318046,0.030254522
503678.jpg,0.0344048,0.2635566,0.060228363,0.6418102
503679.jpg,0.0016195542,0.004193321,0.9418207,0.05236645
503680.jpg,0.38018724,0.5122356,0.07519923,0.032377925
503681.jpg,0.6374926,0.27338025,0.061869927,0.027257193
503682.jpg,0.85447,0.049518824,0.0634952,0.03251597
503683.jpg,0.83031696,0.075270444,0.057724323,0.036688227
503684.jpg,0.6989013,0.2160381,0.058169227,0.026891384
503685.jpg,0.0029125947,0.007933671,0.694669,0.29448467
503686.jpg,0.013450789,0.004283437,0.50663096,0.47563478
503687.jpg,0.09505835,0.8134537,0.06442109,0.02706686
503688.jpg,0.44798598,0.41243604,0.08369003,0.05588791
503689.jpg,0.01874146,0.6210711,0.04983601,0.31035137
503690.jpg,0.8662461,0.051370714,0.05659099,0.02579216
503691.jpg,0.047573067,0.8652481,0.06316209,0.02401675
503692.jpg,0.8326179,0.08266965,0.05197502,0.03273749
503693.jpg,0.8499339,0.054193214,0.064467244,0.03140557
503694.jpg,0.89962894,0.019637309,0.054238554,0.026495175
503695.jpg,0.43713826,0.45843017,0.065893285,0.03853826
503696.jpg,0.84779763,0.06033796,0.059988957,0.0318755
503697.jpg,0.47977346,0.41667116,0.07655314,0.027002268
503698.jpg,0.24315473,0.65426135,0.071397796,0.03118613
503699.jpg,0.00105362,0.000962931,0.98512745,0.012856086
503700.jpg,0.8297038,0.08384609,0.057172503,0.029277563
503701.jpg,0.74933124,0.102081984,0.119578175,0.029008653
503702.jpg,0.8227778,0.106475815,0.04771201,0.023034342
503703.jpg,0.78592193,0.11563558,0.057038784,0.04140366
503704.jpg,0.8760033,0.022166112,0.0810167,0.020813933
503705.jpg,0.0648603,0.06308229,0.8055349,0.06652254
503706.jpg,0.054807074,0.14153714,0.14235926,0.6612965
503707.jpg,0.001349401,0.0027781902,0.63451827,0.36135417
503708.jpg,0.8895885,0.03165653,0.052504495,0.026250504
503709.jpg,0.8998835,0.020532178,0.052999027,0.026585307
503710.jpg,0.6709734,0.19529971,0.066605255,0.06712167
503711.jpg,0.0011010744,0.0020795525,0.95540917,0.041410282
503712.jpg,0.6780814,0.16132094,0.14383009,0.016767588
503713.jpg,0.23706818,0.66214967,0.06867465,0.032107517
503714.jpg,0.047091264,0.0016506033,0.9474108,0.003847318
503715.jpg,0.1775788,0.7431332,0.05479619,0.024491845
503716.jpg,0.002113844,0.0040874467,0.822152,0.17164665
503717.jpg,0.10122797,0.7978434,0.07136101,0.029567566
503718.jpg,0.86307305,0.05385488,0.051382404,0.03168971
503719.jpg,0.90679604,0.02478444,0.046620123,0.021799382
503720.jpg,0.8931705,0.031173341,0.051158857,0.024497319
503721.jpg,0.16709112,0.7288409,0.06055773,0.04351029
503722.jpg,0.86233574,0.04974222,0.06263236,0.025289662
503723.jpg,0.6205028,0.29619047,0.060831044,0.022475637
503724.jpg,0.3331063,0.5854257,0.05854438,0.022923622
503725.jpg,0.012973914,0.020245584,0.5359161,0.43086436
503726.jpg,0.07524583,0.8436855,0.05570862,0.025360044
503727.jpg,0.08126103,0.84088886,0.053698614,0.0241514
503728.jpg,0.60299647,0.30587637,0.05892084,0.032206323
503729.jpg,0.0070751947,0.0316534,0.9055579,0.055713534
503730.jpg,0.716904,0.17566292,0.07598192,0.031451147
503731.jpg,0.8714613,0.040759828,0.061532635,0.026246296
503732.jpg,0.861644,0.06353705,0.048953887,0.025865024
503733.jpg,0.012330522,0.9116122,0.05022882,0.025828484
503734.jpg,0.0015459283,0.0027625177,0.020886235,0.9748053
503735.jpg,0.8960726,0.025106922,0.05224411,0.026576407
503736.jpg,0.42703012,0.47330454,0.06849515,0.03117022
503737.jpg,0.8664624,0.052841317,0.054991737,0.02570453
503738.jpg,0.6735064,0.24431089,0.05550027,0.026682481
503739.jpg,0.85214883,0.06239895,0.05831498,0.027137203
503740.jpg,0.6814234,0.22847973,0.061132982,0.028963864
503741.jpg,0.030598091,0.17900127,0.68522936,0.10517128
503742.jpg,0.009314491,0.13193883,0.022524118,0.8362225
503743.jpg,0.52152866,0.36758584,0.0795103,0.03137516
503744.jpg,0.110335805,0.8074665,0.06085038,0.021347374
503745.jpg,0.9075658,0.017593553,0.05071232,0.024128377
503746.jpg,0.008671339,0.03349616,0.17028487,0.78754765
503747.jpg,0.070419416,0.8391544,0.058146074,0.03228013
503748.jpg,0.4245466,0.49000794,0.059100825,0.02634463
503749.jpg,0.20948178,0.69878495,0.0647347,0.026998566
503750.jpg,0.29570574,0.55335176,0.11863661,0.032305863
503751.jpg,0.007036113,0.10759979,0.20355424,0.68180984
503752.jpg,0.009827548,0.038486674,0.06314336,0.8885424
503753.jpg,0.7156232,0.14650112,0.10725652,0.030619167
503754.jpg,0.40011626,0.49694946,0.06058183,0.04235247
503755.jpg,0.014437609,0.39872175,0.081420094,0.5054205
503756.jpg,0.16921502,0.72786677,0.057182074,0.04573615
503757.jpg,0.90666497,0.018993434,0.05316133,0.021180315
503758.jpg,0.8846963,0.02874385,0.06163632,0.024923533
503759.jpg,0.88721967,0.01885107,0.06443211,0.029497137
503760.jpg,0.4266508,0.47977412,0.067538135,0.02603693
503761.jpg,0.4058058,0.48058334,0.058311872,0.055298943
503762.jpg,0.7792651,0.13339347,0.059860572,0.027480885
503763.jpg,0.044149928,0.87091637,0.057463672,0.027469981
503764.jpg,0.16056319,0.40018114,0.11392476,0.32533094
503765.jpg,0.84659934,0.07993694,0.04948282,0.023980912
503766.jpg,0.75219035,0.15948209,0.05933398,0.028993567
503767.jpg,0.6231185,0.30263317,0.049257655,0.02499064
503768.jpg,0.042550955,0.020714723,0.9303805,0.0063537247
503769.jpg,0.6957156,0.20969938,0.064403504,0.030181535
503770.jpg,0.0012581566,0.0033105265,0.4404252,0.55500615
503771.jpg,0.14790992,0.7668443,0.06449786,0.020747904
503772.jpg,0.87202924,0.038225036,0.063075826,0.026669895
503773.jpg,0.0091762915,0.002631362,0.9305224,0.057669885
503774.jpg,0.41846722,0.47592866,0.07116624,0.034437854
503775.jpg,0.5292039,0.33625343,0.103597865,0.030944847
503776.jpg,0.81670094,0.106220275,0.052589554,0.024489261
503777.jpg,0.76985097,0.15068716,0.053270683,0.026191179
503778.jpg,0.8627844,0.05985038,0.053301163,0.024064051
503779.jpg,0.88124084,0.040880445,0.04889748,0.028981201
503780.jpg,0.9025924,0.019545892,0.051689014,0.026172642
503781.jpg,0.6161258,0.29241812,0.056166727,0.035289332
503782.jpg,0.8949406,0.02865189,0.051326912,0.025080673
503783.jpg,0.5358503,0.36794436,0.063406095,0.032799304
503784.jpg,0.67575896,0.22950888,0.058955833,0.035776354
503785.jpg,0.018519271,0.7340095,0.045518246,0.20195293
503787.jpg,0.84733784,0.054923147,0.06806607,0.02967298
503788.jpg,0.6111666,0.30408308,0.060002487,0.024747841
503789.jpg,0.80940974,0.08315809,0.071519546,0.03591273
503790.jpg,0.53706884,0.36789894,0.061219566,0.033812594
503791.jpg,0.5142609,0.3669029,0.08008356,0.038752712
503792.jpg,0.89936095,0.02940476,0.048278607,0.022955677
503793.jpg,0.79385406,0.124774545,0.052788768,0.02858267
503794.jpg,0.7622647,0.15787908,0.058761723,0.021094443
503795.jpg,0.8874674,0.021710299,0.06673311,0.02408922
503796.jpg,0.59567183,0.30381796,0.0697076,0.030802641
503797.jpg,0.86035275,0.051299512,0.059807487,0.028540261
503798.jpg,0.8788327,0.031530637,0.058004875,0.0316318
503799.jpg,0.00079821167,0.0010688119,0.977408,0.020724965
503800.jpg,0.85230964,0.057764813,0.06396257,0.025963005
503801.jpg,0.79090184,0.114297666,0.06626888,0.028531607
503802.jpg,0.8217291,0.08508981,0.061392408,0.031788602
503803.jpg,0.0007140751,0.0013275325,0.95937824,0.038580112
503804.jpg,0.8681169,0.04762639,0.05482207,0.02943463
503805.jpg,0.30147102,0.3976154,0.16977863,0.13113497
503806.jpg,0.8855994,0.032799903,0.052375037,0.029225614
503807.jpg,0.8935295,0.02542971,0.054327812,0.026712975
503808.jpg,0.5607801,0.33857834,0.07367941,0.026962195
503809.jpg,0.8832377,0.0393752,0.053522732,0.023864431
503810.jpg,0.8249279,0.0983378,0.05511742,0.021616898
503811.jpg,0.17345661,0.7422746,0.059718806,0.024549982
503812.jpg,0.89997894,0.026888132,0.05100849,0.0221244
503813.jpg,0.88670707,0.027064942,0.058206245,0.028021822
503814.jpg,0.7854859,0.1276237,0.05269128,0.03419916
503815.jpg,0.577018,0.3387603,0.052262586,0.031959098
503816.jpg,0.47528887,0.42981923,0.06220929,0.032682538
503817.jpg,0.8733121,0.045848638,0.0529024,0.027936837
503818.jpg,0.06404006,0.5953544,0.24036683,0.10023868
503819.jpg,0.48842227,0.38911194,0.06523646,0.057229295
503820.jpg,0.90036786,0.025605703,0.049565632,0.024460815
503821.jpg,0.34332663,0.57360625,0.053402886,0.029664189
503822.jpg,0.61524415,0.29852882,0.05509235,0.031134695
503823.jpg,0.038563784,0.015932154,0.94144654,0.0040575876
503824.jpg,0.04128669,0.86980397,0.06257015,0.026339186
503825.jpg,0.8838466,0.041705433,0.05060504,0.023842908
503826.jpg,0.0012942147,0.002943997,0.023235599,0.97252625
503827.jpg,0.09039254,0.020257253,0.6713018,0.21804841
503828.jpg,0.86531407,0.03876417,0.06624992,0.029671881
503829.jpg,0.73052245,0.18663968,0.056197956,0.026639882
503830.jpg,0.88761985,0.021957247,0.06416556,0.026257357
503831.jpg,0.1406177,0.24387595,0.2402715,0.3752348
503832.jpg,0.898448,0.024136588,0.05101668,0.026398692
503833.jpg,0.7381787,0.12087573,0.12145548,0.019490097
503834.jpg,0.23582584,0.51730686,0.08708029,0.159787
503835.jpg,0.026401483,0.05138777,0.7727082,0.14950258
503836.jpg,0.83520126,0.07925239,0.052082106,0.03346421
503837.jpg,0.0031048085,0.007253569,0.7997168,0.18992484
503838.jpg,0.77003115,0.12895155,0.06826731,0.032750055
503839.jpg,0.9016183,0.021154864,0.05081572,0.026411086
503840.jpg,0.7093976,0.20381576,0.06423395,0.022552593
503841.jpg,0.3579346,0.5554664,0.05803236,0.028566688
503842.jpg,0.84731954,0.0798639,0.048747856,0.024068683
503843.jpg,0.13097504,0.75862294,0.066136055,0.044265926
503844.jpg,0.0064388444,0.00944189,0.81994325,0.16417602
503845.jpg,0.58423394,0.29956245,0.05882166,0.05738198
503846.jpg,0.89413863,0.020554554,0.059590273,0.025716456
503847.jpg,0.075069755,0.8432444,0.0565599,0.025125848
503848.jpg,0.8658376,0.061643824,0.04798009,0.024538519
503849.jpg,0.8087547,0.09884766,0.060357478,0.03204016
503850.jpg,0.89047176,0.02668135,0.055500396,0.027346479
503851.jpg,0.78613394,0.110483326,0.07060662,0.032776147
503852.jpg,0.87356985,0.03820534,0.05608609,0.03213864
503853.jpg,0.0016569946,0.0030719056,0.10330652,0.8919646
503854.jpg,0.8445535,0.05223315,0.064621724,0.038591675
503855.jpg,0.72780854,0.18427895,0.060318694,0.027593825
503856.jpg,0.5354071,0.3610264,0.06422445,0.03934197
503857.jpg,0.0022982466,0.0020692875,0.20195442,0.79367805
503858.jpg,0.9076869,0.02270449,0.045701537,0.023907103
503859.jpg,0.84522,0.071035996,0.05809572,0.025648236
503860.jpg,0.0025856951,0.0074874633,0.95936805,0.030558722
503861.jpg,0.8400154,0.08057408,0.051559303,0.027851157
503862.jpg,0.0019176091,0.0022894898,0.39752302,0.5982699
503863.jpg,0.09549269,0.82025,0.05013098,0.034126386
503864.jpg,0.20437725,0.43304297,0.29890913,0.063670635
503865.jpg,0.5553063,0.34717914,0.06680282,0.030711714
503866.jpg,0.12818201,0.7841057,0.06385348,0.023858828
503867.jpg,0.7035736,0.20545667,0.066729836,0.02423986
503868.jpg,0.8945535,0.016429901,0.061366968,0.027649598
503869.jpg,0.86541426,0.04887824,0.05532346,0.030383958
503870.jpg,0.025214102,0.18911348,0.27906024,0.5066121
503871.jpg,0.43972865,0.48374256,0.051126078,0.025402702
503872.jpg,0.7690133,0.14825715,0.054560483,0.02816902
503873.jpg,0.3036263,0.5921169,0.062396526,0.04186033
503874.jpg,0.51928777,0.3785321,0.073254146,0.028925946
503875.jpg,0.833727,0.08009662,0.059276514,0.026899874
503876.jpg,0.86083585,0.063998975,0.051877446,0.02328765
503877.jpg,0.79900706,0.12585187,0.050668735,0.02447234
503878.jpg,0.89469707,0.025841624,0.055170078,0.024291167
503879.jpg,0.44483635,0.47338152,0.05786946,0.023912651
503880.jpg,0.78450614,0.12535633,0.058359265,0.03177829
503881.jpg,0.86222994,0.051400542,0.05707441,0.029295104
503882.jpg,0.8938125,0.030693157,0.045698814,0.029795442
503883.jpg,0.6210744,0.28910694,0.056583107,0.03323559
503884.jpg,0.8129169,0.07759227,0.084918104,0.02457277
503885.jpg,0.002548046,0.0027908336,0.3058337,0.6888274
503886.jpg,0.6725369,0.24052538,0.056162093,0.030775646
503887.jpg,0.8857783,0.029970203,0.057570755,0.02668075
503888.jpg,0.58136356,0.29388863,0.0716878,0.053059988
503889.jpg,0.71183145,0.19203949,0.06341248,0.032716557
503890.jpg,0.53924286,0.35536525,0.07303687,0.032355025
503891.jpg,0.82302594,0.08416999,0.057939257,0.034864925
503892.jpg,0.07890427,0.843267,0.05704162,0.02078706
503893.jpg,0.63685143,0.25545034,0.07562052,0.032077707
503894.jpg,0.007170165,0.11083046,0.021124803,0.8608746
503895.jpg,0.2981411,0.61446786,0.06142796,0.025963148
503896.jpg,0.015093961,0.044325113,0.7733653,0.1672156
503897.jpg,0.88469744,0.035068776,0.05630582,0.02392802
503899.jpg,0.8927891,0.028036037,0.048062146,0.03111277
503900.jpg,0.90123343,0.019643413,0.055001516,0.024121603
503901.jpg,0.8752396,0.054255113,0.04328775,0.027217584
503902.jpg,0.01995007,0.82990927,0.058302686,0.091837965
503903.jpg,0.8776467,0.026604116,0.06555141,0.03019773
503904.jpg,0.42283726,0.46991587,0.060283422,0.046963442
503905.jpg,0.895818,0.01943343,0.0538622,0.030886445
503906.jpg,0.8239326,0.037936963,0.095389366,0.04274109
503907.jpg,0.77846813,0.15062167,0.045073923,0.025836313
503908.jpg,0.0018133008,0.002930968,0.3812628,0.6139929
503909.jpg,0.0023835038,0.012084929,0.95004964,0.035481878
503910.jpg,0.5591514,0.34697995,0.062817074,0.031051584
503911.jpg,0.8829143,0.043014094,0.052502755,0.021568866
503912.jpg,0.5274045,0.37250203,0.068001,0.032092504
503913.jpg,0.20264311,0.7047057,0.06419964,0.028451553
503914.jpg,0.021267328,0.11176637,0.5070888,0.35987756
503915.jpg,0.7963728,0.12142405,0.05599652,0.026206622
503916.jpg,0.16039607,0.7604082,0.054648366,0.024547316
503917.jpg,0.0015773473,0.0027101405,0.8689452,0.12676731
503918.jpg,0.008896856,0.10226482,0.7658881,0.12295018
503919.jpg,0.0013639897,0.002617921,0.019453904,0.97656417
503920.jpg,0.018165058,0.044477567,0.19375652,0.7436008
503921.jpg,0.31519964,0.56772184,0.06829476,0.04878377
503922.jpg,0.59284115,0.309607,0.06165915,0.03589274
503923.jpg,0.026208712,0.105681926,0.652604,0.2155054
503924.jpg,0.8505372,0.04912532,0.06295419,0.037383363
503925.jpg,0.16201085,0.061273746,0.75567925,0.021036122
503926.jpg,0.87500167,0.044639792,0.04911691,0.031241616
503927.jpg,0.12422747,0.77661246,0.0683364,0.030823687
503928.jpg,0.7152876,0.19070996,0.059388917,0.034613505
503929.jpg,0.80002904,0.10028085,0.056801517,0.042888653
503930.jpg,0.40001044,0.5091665,0.06674136,0.02408175
503931.jpg,0.8505418,0.06495944,0.053717993,0.030780755
503932.jpg,0.8771428,0.033528026,0.06106511,0.028264055
503933.jpg,0.65727186,0.2564186,0.058536377,0.027773226
503934.jpg,0.8018278,0.10965361,0.06366142,0.024857257
503935.jpg,0.4644601,0.42639622,0.07758716,0.0315565
503936.jpg,0.06216703,0.15831244,0.67831826,0.10120216
503937.jpg,0.036473684,0.88271016,0.054818433,0.025997696
503938.jpg,0.8955029,0.01813524,0.057142694,0.029219048
503939.jpg,0.118242234,0.789073,0.06222329,0.030461498
503940.jpg,0.8629669,0.057824235,0.056032103,0.02317673
503941.jpg,0.46847472,0.42958784,0.07261897,0.029318478
503942.jpg,0.0027572787,0.0019458818,0.9324348,0.062862106
503943.jpg,0.16825761,0.72865355,0.07039525,0.032693624
503944.jpg,0.78326434,0.13731629,0.05125751,0.028161943
503945.jpg,0.899326,0.016981766,0.054979548,0.02871271
503946.jpg,0.0012538668,0.0020991575,0.7276121,0.26903486
503947.jpg,0.88162285,0.02687291,0.063227914,0.028276358
503948.jpg,0.21144181,0.70244616,0.06426894,0.021843083
503949.jpg,0.55821985,0.3452407,0.067211755,0.029327683
503950.jpg,0.040830545,0.8858487,0.050464578,0.022856163
503951.jpg,0.015526293,0.7809489,0.060200494,0.14332438
503952.jpg,0.0029641069,0.0055699646,0.13545868,0.8560073
503953.jpg,0.43880874,0.46323788,0.06364241,0.03431097
503954.jpg,0.7503201,0.16756731,0.05305204,0.02906067
503955.jpg,0.88980556,0.04549611,0.04358149,0.021116827
503956.jpg,0.07070361,0.84123695,0.059220407,0.028838959
503957.jpg,0.06114207,0.8545995,0.059085794,0.02517272
503958.jpg,0.061218347,0.8628915,0.05273301,0.023157112
503959.jpg,0.0026852773,0.010436311,0.7761228,0.2107556
503960.jpg,0.07526566,0.83516836,0.067623034,0.02194291
503961.jpg,0.061907664,0.84432817,0.06831464,0.02544954
503962.jpg,0.6515533,0.2492133,0.062626205,0.0366073
503963.jpg,0.5047872,0.38460642,0.06584089,0.044765458
503964.jpg,0.75566673,0.14818811,0.06538687,0.030758262
503965.jpg,0.847967,0.07078636,0.054092042,0.027154515
503966.jpg,0.018704172,0.8952168,0.06006258,0.026016414
503967.jpg,0.9075379,0.018661447,0.0548974,0.01890327
503968.jpg,0.0015939404,0.0022525159,0.057191517,0.938962
503969.jpg,0.6085711,0.29586542,0.06769832,0.027865099
503970.jpg,0.8793122,0.03326753,0.061915968,0.025504291
503971.jpg,0.11114115,0.7993907,0.058054753,0.031413443
503972.jpg,0.8961186,0.029325316,0.05021188,0.024344206
503973.jpg,0.07498137,0.82870364,0.059420057,0.036894973
503974.jpg,0.005010561,0.018999241,0.61910933,0.35688087
503975.jpg,0.87427884,0.032592457,0.064069435,0.029059252
503976.jpg,0.69617724,0.11405759,0.13283975,0.05692543
503977.jpg,0.2741003,0.23814678,0.43841678,0.0493362
503978.jpg,0.27020925,0.6403792,0.058396645,0.031014852
503979.jpg,0.7827289,0.139149,0.052355472,0.025766596
503980.jpg,0.8874185,0.04550574,0.045258548,0.021817192
503981.jpg,0.86631805,0.047473248,0.054956667,0.031252015
503982.jpg,0.47711223,0.4247852,0.06544945,0.032653112
503983.jpg,0.65630054,0.24940604,0.06672784,0.027565574
503984.jpg,0.85268897,0.074514225,0.048077263,0.02471959
503985.jpg,0.008108363,0.09913219,0.19738758,0.69537187
503986.jpg,0.067000076,0.8542928,0.052827295,0.025879761
503987.jpg,0.4324333,0.46534383,0.07116473,0.031058146
503988.jpg,0.19024113,0.72389376,0.05734827,0.028516855
503989.jpg,0.7950716,0.12375893,0.052114025,0.029055413
503990.jpg,0.11474742,0.7949994,0.06110112,0.029151946
503991.jpg,0.4094083,0.49814543,0.06466152,0.027784757
503992.jpg,0.8956119,0.022615768,0.056416698,0.025355713
503993.jpg,0.89892757,0.022181937,0.05439212,0.02449844
503994.jpg,0.8915486,0.024897277,0.052014757,0.031539332
503995.jpg,0.23562881,0.5077738,0.21645422,0.04014313
503996.jpg,0.03740914,0.8369053,0.077466615,0.048218947
503997.jpg,0.0020598765,0.0022607336,0.8044833,0.1911961
503998.jpg,0.8958935,0.024304159,0.05561235,0.024190042
503999.jpg,0.0015730928,0.0023449035,0.02147641,0.97460556
504000.jpg,0.7357454,0.043260995,0.20181987,0.019173805
504001.jpg,0.86802024,0.050372194,0.053249378,0.028358141
504002.jpg,0.8882669,0.028558807,0.054303963,0.028870337
504003.jpg,0.045851987,0.862892,0.06095096,0.030305028
504004.jpg,0.16339521,0.74339336,0.064299256,0.028912207
504005.jpg,0.8524592,0.066257864,0.05274137,0.028541572
504006.jpg,0.88243484,0.0314122,0.05605519,0.03009782
504007.jpg,0.5392611,0.34888655,0.07732125,0.034531146
504008.jpg,0.8173812,0.09296343,0.05968456,0.029970821
504009.jpg,0.882903,0.03176119,0.056929205,0.028406594
504010.jpg,0.7055737,0.18336377,0.073818214,0.037244346
504011.jpg,0.8330822,0.085968435,0.052807294,0.028142098
504012.jpg,0.0963532,0.82551897,0.05785897,0.020268856
504013.jpg,0.001834168,0.002348161,0.43867645,0.55714124
504014.jpg,0.5210511,0.37388337,0.067348875,0.037716683
504015.jpg,0.81670713,0.100285664,0.052633654,0.030373573
504016.jpg,0.50944006,0.38650426,0.07298635,0.031069325
504017.jpg,0.8163134,0.092570454,0.06193843,0.029177759
504018.jpg,0.78416663,0.1230205,0.06373966,0.029073149
504019.jpg,0.36429226,0.34536734,0.08711386,0.20322657
504020.jpg,0.58113664,0.30462527,0.06650397,0.047734085
504021.jpg,0.0075088013,0.096197896,0.4553585,0.44093478
504022.jpg,0.57721466,0.32531863,0.06414799,0.033318717
504024.jpg,0.07359701,0.84075147,0.05257024,0.03308122
504025.jpg,0.51050824,0.38346708,0.07223628,0.033788435
504026.jpg,0.04492183,0.86077815,0.059864324,0.034435757
504027.jpg,0.6592179,0.24404867,0.06041388,0.0363196
504028.jpg,0.7677963,0.13652538,0.062785804,0.03289254
504029.jpg,0.030554764,0.8841932,0.057664547,0.027587453
504030.jpg,0.17676833,0.72824144,0.06358324,0.03140699
504031.jpg,0.04257017,0.70244145,0.20860833,0.046380028
504032.jpg,0.022311423,0.8938626,0.05666389,0.027162103
504033.jpg,0.045091923,0.8748575,0.054712452,0.025338195
504034.jpg,0.5090372,0.3859287,0.06581978,0.039214335
504035.jpg,0.8711616,0.04293462,0.056022305,0.02988155
504036.jpg,0.88216406,0.034398843,0.0539995,0.029437562
504037.jpg,0.11437718,0.78134036,0.07458164,0.029700736
504038.jpg,0.0021399239,0.006729544,0.72546935,0.26566118
504039.jpg,0.3126556,0.585171,0.069183215,0.032990262
504040.jpg,0.8761723,0.051588073,0.050782338,0.021457314
504041.jpg,0.21175388,0.07024184,0.7131643,0.004839966
504042.jpg,0.087455615,0.81379676,0.0719655,0.026782094
504043.jpg,0.7260423,0.17808443,0.057128258,0.03874505
504044.jpg,0.865601,0.041345663,0.06474754,0.028305762
504045.jpg,0.8939841,0.025256203,0.05082552,0.029934147
504046.jpg,0.0607661,0.016524555,0.03183107,0.89087826
504047.jpg,0.21688724,0.7074397,0.05079822,0.024874749
504048.jpg,0.44293088,0.46072838,0.05455786,0.041782837
504049.jpg,0.8863357,0.02525373,0.06314413,0.025266424
504050.jpg,0.9063704,0.02092751,0.0497897,0.022912366
504051.jpg,0.16813344,0.7348188,0.057618752,0.03942901
504052.jpg,0.87930584,0.029347224,0.058994517,0.032352414
504053.jpg,0.31435832,0.59665227,0.06436947,0.024620002
504054.jpg,0.6515324,0.24316698,0.07284836,0.032452255
504055.jpg,0.8935953,0.025593817,0.052869525,0.027941486
504056.jpg,0.0135511365,0.32210144,0.02994941,0.63439804
504057.jpg,0.0018561466,0.0029226886,0.42405662,0.57116455
504058.jpg,0.635379,0.26010668,0.07121224,0.033302136
504059.jpg,0.023159193,0.89100444,0.056741875,0.02909445
504060.jpg,0.7674871,0.14731254,0.054217067,0.030983303
504061.jpg,0.030036433,0.0045591723,0.94115067,0.024253715
504062.jpg,0.86379004,0.05109168,0.053283352,0.03183502
504063.jpg,0.057553455,0.09294194,0.52692324,0.32258138
504064.jpg,0.09192275,0.7082879,0.07042386,0.12936558
504065.jpg,0.09813551,0.810006,0.06623539,0.025623057
504066.jpg,0.0014247098,0.0030845425,0.30399212,0.69149864
504067.jpg,0.43780953,0.46499893,0.070396334,0.026795214
504068.jpg,0.8297092,0.08597143,0.05396995,0.03034944
504069.jpg,0.0015367556,0.002405733,0.031835698,0.9642217
504070.jpg,0.4568337,0.46060032,0.057494752,0.025071224
504071.jpg,0.8788177,0.04576707,0.05025884,0.025156416
504072.jpg,0.0536182,0.8569147,0.068505734,0.020961335
504073.jpg,0.8669025,0.048185695,0.05458961,0.030322215
504074.jpg,0.28971726,0.5627942,0.088479176,0.05900944
504075.jpg,0.6993972,0.19740981,0.06715539,0.03603758
504076.jpg,0.055576067,0.23094358,0.6355201,0.07796032
504077.jpg,0.8688386,0.042660866,0.058169432,0.030331112
504078.jpg,0.14758593,0.7128892,0.11291002,0.026614819
504079.jpg,0.83973753,0.070099406,0.05841636,0.031746693
504080.jpg,0.82955307,0.07945886,0.06507301,0.02591504
504081.jpg,0.60097,0.28916377,0.0787473,0.031118967
504082.jpg,0.001514563,0.0023832913,0.023785494,0.9723166
504083.jpg,0.8740568,0.04273576,0.050995246,0.032212146
504084.jpg,0.88324934,0.029454045,0.06023384,0.027062867
504085.jpg,0.0016776058,0.0031462074,0.101454504,0.8937217
504086.jpg,0.25363502,0.6609451,0.06007037,0.02534951
504087.jpg,0.88123643,0.046293236,0.04918624,0.023284065
504088.jpg,0.90953594,0.014718233,0.048132632,0.0276132
504089.jpg,0.6244598,0.27042505,0.06598924,0.039125953
504090.jpg,0.46783435,0.4217978,0.07126525,0.03910257
504091.jpg,0.28783423,0.6301806,0.057102375,0.024882846
504092.jpg,0.726816,0.16778308,0.07180949,0.033591412
504093.jpg,0.012794885,0.90395284,0.054983325,0.028268954
504094.jpg,0.89957565,0.025098132,0.0453715,0.029954646
504095.jpg,0.054143295,0.8584759,0.06711197,0.02026879
504096.jpg,0.5668891,0.087513246,0.32372606,0.021871619
504097.jpg,0.003142366,0.0023398842,0.87802756,0.11649018
504098.jpg,0.050846912,0.8741644,0.052982524,0.022006132
504099.jpg,0.88773453,0.030866556,0.054968342,0.026430523
504100.jpg,0.4346537,0.4667003,0.06264712,0.03599899
504101.jpg,0.37007257,0.5163018,0.061538458,0.052087188
504102.jpg,0.44671237,0.45523039,0.060354844,0.037702374
504103.jpg,0.60568696,0.28775442,0.068821244,0.037737306
504104.jpg,0.0014243581,0.0021436773,0.4371705,0.5592615
504105.jpg,0.90219045,0.019274393,0.052791946,0.025743216
504106.jpg,0.74900746,0.16381723,0.05197967,0.035195664
504107.jpg,0.89416385,0.019187916,0.05838875,0.028259482
504108.jpg,0.29000342,0.60525805,0.0665309,0.038207598
504109.jpg,0.81198674,0.09826295,0.05652155,0.033228695
504110.jpg,0.8536114,0.045158926,0.072288126,0.02894158
504111.jpg,0.63006395,0.28254038,0.053626765,0.033768967
504112.jpg,0.86321855,0.038421996,0.07130689,0.027052619
504113.jpg,0.12508863,0.79344237,0.05620283,0.025266208
504114.jpg,0.76231235,0.1496464,0.062349685,0.025691554
504115.jpg,0.7135582,0.18579032,0.06474735,0.035904065
504116.jpg,0.90762013,0.02113859,0.047962908,0.023278438
504117.jpg,0.5949279,0.28296268,0.07690893,0.04520051
504118.jpg,0.8896636,0.029694365,0.055037405,0.02560463
504119.jpg,0.0018587816,0.0019628431,0.6892517,0.3069267
504120.jpg,0.06191002,0.84142995,0.07258231,0.024077706
504121.jpg,0.006574546,0.2142667,0.05314103,0.7260177
504122.jpg,0.14999163,0.06903688,0.63224626,0.1487252
504123.jpg,0.8883543,0.022926647,0.058703814,0.030015197
504124.jpg,0.020692281,0.71599925,0.05632701,0.20698148
504125.jpg,0.020014754,0.7088041,0.04449752,0.22668368
504126.jpg,0.34778982,0.5617213,0.06523102,0.025257858
504127.jpg,0.88558453,0.035635978,0.055019446,0.023760028
504128.jpg,0.0010097323,0.0009627128,0.97034824,0.027679374
504129.jpg,0.19657591,0.2740959,0.06747533,0.4618529
504130.jpg,0.7569925,0.13802867,0.078320265,0.026658557
504131.jpg,0.25168788,0.6606271,0.060165063,0.027519926
504132.jpg,0.85649276,0.05813943,0.05622436,0.029143373
504133.jpg,0.89330375,0.029754294,0.050870463,0.026071528
504134.jpg,0.0490239,0.86021256,0.05958161,0.031181872
504135.jpg,0.004574124,0.1743545,0.38287458,0.4381968
504136.jpg,0.37752867,0.413277,0.039206907,0.16998743
504137.jpg,0.87683266,0.031851426,0.063386306,0.027929697
504138.jpg,0.001988018,0.0025299373,0.65688753,0.33859453
504139.jpg,0.8911592,0.036918808,0.044766884,0.027155116
504140.jpg,0.89509934,0.020319177,0.056752536,0.027828954
504141.jpg,0.21164896,0.70614254,0.053723875,0.028484575
504142.jpg,0.8615244,0.056826577,0.054328825,0.027320094
504143.jpg,0.6711088,0.17996164,0.121808805,0.027120784
504144.jpg,0.21829306,0.68870366,0.05578929,0.037214
504145.jpg,0.32832804,0.57220197,0.065032855,0.034437135
504146.jpg,0.89973325,0.018786289,0.056812305,0.024668131
504147.jpg,0.88030636,0.0426441,0.05162275,0.025426814
504148.jpg,0.24616848,0.6514525,0.06221831,0.040160764
504149.jpg,0.23289053,0.53978974,0.18341857,0.043901134
504150.jpg,0.030160036,0.88825023,0.05511971,0.026469959
504151.jpg,0.8798737,0.040046122,0.05448844,0.025591696
504152.jpg,0.23338784,0.68038726,0.053894993,0.032329895
504153.jpg,0.5266913,0.3806058,0.06558971,0.027113127
504154.jpg,0.0010187709,0.0009719578,0.9913863,0.0066229533
504155.jpg,0.0020149376,0.004254599,0.046107996,0.9476224
504156.jpg,0.8972292,0.022261888,0.05026863,0.030240297
504157.jpg,0.84699756,0.076007344,0.050231062,0.026764043
504158.jpg,0.045337074,0.046049416,0.8714983,0.037115227
504159.jpg,0.81889576,0.09682116,0.057568595,0.026714465
504160.jpg,0.5586927,0.343917,0.05700789,0.0403824
504161.jpg,0.8987815,0.028012773,0.047994703,0.02521106
504162.jpg,0.85415685,0.059302337,0.058155093,0.028385736
504163.jpg,0.87311333,0.03948865,0.056385558,0.031012531
504164.jpg,0.8875567,0.028799556,0.056328245,0.027315617
504165.jpg,0.031839285,0.8900825,0.053636644,0.024441596
504166.jpg,0.012216853,0.85779583,0.06031072,0.06967658
504167.jpg,0.6490307,0.25219736,0.06627223,0.032499813
504168.jpg,0.84516597,0.0771694,0.053826403,0.023838174
504169.jpg,0.8901957,0.020852854,0.059777096,0.029174285
504170.jpg,0.016933007,0.89691055,0.059573546,0.026582943
504171.jpg,0.8872509,0.02340018,0.06278234,0.02656659
504172.jpg,0.8217274,0.08605462,0.06789146,0.024326555
504173.jpg,0.28683957,0.595818,0.07246296,0.044879597
504174.jpg,0.0007116762,0.00086046907,0.9638003,0.034627456
504175.jpg,0.86100775,0.046959177,0.058265857,0.033767268
504176.jpg,0.54407954,0.054450653,0.33588403,0.06558582
504177.jpg,0.5607982,0.35049248,0.057751007,0.030958312
504178.jpg,0.29765034,0.59350246,0.06352244,0.045324743
504179.jpg,0.004647536,0.016744098,0.94109505,0.03751329
504180.jpg,0.0020153923,0.0043683224,0.017901296,0.975715
504181.jpg,0.5700496,0.33962545,0.06377881,0.026546188
504182.jpg,0.098704904,0.7959216,0.0736031,0.031770375
504183.jpg,0.03209866,0.882541,0.056366477,0.028993895
504184.jpg,0.1120308,0.74655896,0.06038489,0.08102535
504185.jpg,0.051551163,0.0845324,0.5447357,0.31918067
504186.jpg,0.0014952794,0.0014689115,0.9221164,0.07491947
504187.jpg,0.032748435,0.88645214,0.059316754,0.021482669
504188.jpg,0.0020212093,0.014769914,0.019515969,0.9636929
504189.jpg,0.69185966,0.21382505,0.061540168,0.032775104
504190.jpg,0.35075986,0.5471548,0.063050926,0.039034404
504191.jpg,0.67601204,0.22747482,0.05588658,0.040626563
504192.jpg,0.0018364491,0.005224009,0.07154316,0.9213964
504193.jpg,0.30660212,0.5906381,0.06711328,0.035646435
504194.jpg,0.06335143,0.84973687,0.06220389,0.024707802
504195.jpg,0.8564738,0.06408146,0.052531753,0.02691295
504196.jpg,0.8877459,0.026766486,0.05580788,0.029679673
504197.jpg,0.87403274,0.046304673,0.055244878,0.024417737
504198.jpg,0.38750178,0.5258529,0.058692507,0.027952837
504199.jpg,0.024938501,0.8971763,0.048875984,0.029009156
504200.jpg,0.0018993211,0.0034265555,0.2889441,0.7057301
504201.jpg,0.7184695,0.15733606,0.07180765,0.052386746
504202.jpg,0.8778821,0.034574263,0.058481056,0.029062603
504203.jpg,0.8744747,0.041418377,0.057496753,0.026610216
504204.jpg,0.5334076,0.38408506,0.055527147,0.026980175
504205.jpg,0.011607079,0.036183886,0.06576958,0.8864395
504206.jpg,0.3872394,0.5057155,0.079395294,0.027649824
504207.jpg,0.83135617,0.083777286,0.06476248,0.020104038
504208.jpg,0.8910994,0.027507164,0.05363427,0.027759105
504209.jpg,0.49215358,0.41882586,0.05806239,0.030958183
504210.jpg,0.8769857,0.036109038,0.05505028,0.031854935
504211.jpg,0.8882189,0.029311772,0.055106472,0.027362866
504212.jpg,0.7470612,0.16937695,0.057253428,0.026308428
504213.jpg,0.8799971,0.0276952,0.061057705,0.031250075
504214.jpg,0.80736566,0.09817578,0.06284694,0.0316117
504215.jpg,0.10091965,0.81905633,0.06112842,0.018895565
504216.jpg,0.7911048,0.12192404,0.061726026,0.025245158
504217.jpg,0.043742377,0.009156193,0.9209697,0.026131643
504218.jpg,0.0014341923,0.001287607,0.9945564,0.0027217579
504219.jpg,0.63039696,0.26327956,0.064526536,0.041796897
504220.jpg,0.7133612,0.19267647,0.06678857,0.027173745
504221.jpg,0.012272106,0.024076074,0.9541503,0.009501467
504222.jpg,0.13629845,0.78417635,0.058971804,0.020553358
504223.jpg,0.1782887,0.72071147,0.063289315,0.037710395
504224.jpg,0.0016489219,0.0031129634,0.2194259,0.7758122
504225.jpg,0.22730868,0.66448784,0.06808358,0.040119894
504226.jpg,0.05547505,0.013696589,0.87224317,0.0585852
504227.jpg,0.29085237,0.47593677,0.19072086,0.042489987
504228.jpg,0.3573738,0.5420728,0.068971366,0.031582087
504229.jpg,0.2339188,0.67671543,0.05780373,0.031562027
504230.jpg,0.90230584,0.02097838,0.05060096,0.026114898
504231.jpg,0.2785605,0.56563365,0.12688994,0.028915916
504232.jpg,0.87030643,0.048906583,0.056386333,0.024400694
504233.jpg,0.41347197,0.49893537,0.059355274,0.028237402
504234.jpg,0.68966925,0.2297097,0.05461253,0.026008576
504235.jpg,0.25784197,0.60588783,0.07701065,0.059259467
504236.jpg,0.015186308,0.57493913,0.13368465,0.27618992
504237.jpg,0.88063645,0.028820613,0.06334764,0.027195228
504238.jpg,0.0014502114,0.0022408164,0.51622355,0.48008537
504239.jpg,0.0024414032,0.0034954804,0.66188043,0.3321827
504240.jpg,0.122774325,0.77651614,0.065424636,0.03528489
504241.jpg,0.33007714,0.5635918,0.070109636,0.036221392
504242.jpg,0.6678325,0.23257048,0.06665325,0.0329438
504243.jpg,0.0015856328,0.0028347655,0.66413903,0.3314406
504244.jpg,0.54814094,0.34695208,0.062092714,0.042814154
504245.jpg,0.90030396,0.024784826,0.05163281,0.023278452
504246.jpg,0.6031623,0.29376388,0.06671796,0.036355868
504247.jpg,0.6189172,0.30510783,0.056193087,0.019781813
504248.jpg,0.87855136,0.04674315,0.049490944,0.025214538
504249.jpg,0.038268883,0.8646185,0.062169332,0.034943346
504250.jpg,0.84327585,0.066868536,0.06022163,0.029633995
504251.jpg,0.671326,0.2222659,0.07206419,0.034343865
504252.jpg,0.88257396,0.033661492,0.05800212,0.025762342
504253.jpg,0.31112257,0.46779484,0.103049,0.118033595
504254.jpg,0.39903897,0.49563313,0.06799178,0.037336096
504255.jpg,0.86806583,0.0458049,0.058395207,0.02773404
504256.jpg,0.89278954,0.03198773,0.049132716,0.026089976
504257.jpg,0.032709464,0.2632244,0.09434561,0.6097205
504258.jpg,0.8674516,0.035098717,0.061757345,0.035692297
504259.jpg,0.18878704,0.71878535,0.06004061,0.032386985
504260.jpg,0.5077792,0.38063705,0.062958635,0.048625145
504261.jpg,0.016718065,0.58420897,0.11133611,0.28773677
504262.jpg,0.17660779,0.7346446,0.058955714,0.029791964
504263.jpg,0.9061654,0.019781185,0.04858801,0.025465293
504264.jpg,0.84880286,0.055709377,0.058933053,0.036554635
504265.jpg,0.011892095,0.92105454,0.04648162,0.020571742
504266.jpg,0.74587506,0.16913846,0.060851958,0.024134606
504267.jpg,0.8625801,0.060389604,0.05295144,0.024078842
504268.jpg,0.5026634,0.041780658,0.44361168,0.01194424
504269.jpg,0.804236,0.09595206,0.06799987,0.03181202
504270.jpg,0.89797074,0.020779572,0.054932494,0.026317282
504271.jpg,0.0033205214,0.013728766,0.47769532,0.50525546
504272.jpg,0.04458314,0.8796115,0.052229796,0.023575531
504273.jpg,0.8760025,0.046474952,0.055481676,0.022040874
504274.jpg,0.0021672172,0.0022092168,0.92452526,0.07109834
504275.jpg,0.75989634,0.14173049,0.07035238,0.028020822
504276.jpg,0.8607701,0.049368862,0.06383242,0.026028631
504277.jpg,0.000765819,0.0011612972,0.92106503,0.07700797
504278.jpg,0.73108566,0.173132,0.07258978,0.02319266
504279.jpg,0.16875806,0.7307036,0.07400468,0.026533674
504280.jpg,0.6765231,0.19583848,0.09907881,0.0285596
504281.jpg,0.0013432658,0.0027451245,0.29344907,0.70246255
504282.jpg,0.4831821,0.42392513,0.06279985,0.030092942
504283.jpg,0.22173153,0.69527656,0.055302978,0.027688917
504284.jpg,0.7558048,0.14594497,0.069504954,0.02874534
504285.jpg,0.86699015,0.042860113,0.05915702,0.030992726
504286.jpg,0.6096561,0.30476898,0.056996677,0.028578307
504287.jpg,0.8379028,0.06890492,0.062615976,0.030576382
504288.jpg,0.9026292,0.0234169,0.050081197,0.023872754
504289.jpg,0.05903899,0.8605505,0.056919616,0.023490869
504290.jpg,0.82920915,0.0805632,0.05871674,0.031510886
504291.jpg,0.47557715,0.42130274,0.070695974,0.032424144
504292.jpg,0.3057846,0.6130522,0.05979595,0.02136724
504293.jpg,0.017739274,0.8981817,0.053435516,0.030643515
504294.jpg,0.7056971,0.18872933,0.073654965,0.031918548
504295.jpg,0.8484328,0.07433097,0.05128693,0.025949337
504296.jpg,0.017274939,0.4403647,0.21038492,0.3319755
504297.jpg,0.41390833,0.43613806,0.1004513,0.04950226
504298.jpg,0.8705482,0.048081778,0.055550687,0.025819339
504299.jpg,0.5044673,0.39923626,0.063518286,0.03277808
504300.jpg,0.090398915,0.833118,0.050074678,0.02640843
504301.jpg,0.7569526,0.16097361,0.05254977,0.029524075
504302.jpg,0.0014706241,0.0018992145,0.84934163,0.14728853
504303.jpg,0.59200835,0.31334746,0.051584654,0.04305956
504304.jpg,0.87000626,0.032874923,0.063638635,0.033480152
504305.jpg,0.0009173134,0.00093108113,0.9934714,0.0046803006
504306.jpg,0.5272187,0.3978836,0.048167568,0.026730113
504307.jpg,0.71004856,0.19017428,0.06715751,0.032619663
504308.jpg,0.017875673,0.19795468,0.07539162,0.708778
504309.jpg,0.5143538,0.3887975,0.06193687,0.034911867
504310.jpg,0.43832886,0.47563812,0.059065714,0.026967293
504311.jpg,0.36803883,0.52470803,0.06466448,0.042588603
504312.jpg,0.7200851,0.20159997,0.051598173,0.026716806
504313.jpg,0.86467826,0.056758184,0.053161092,0.025402453
504314.jpg,0.8901971,0.019708512,0.06301195,0.027082384
504315.jpg,0.5524445,0.3248452,0.072832234,0.049878005
504316.jpg,0.3610518,0.5325728,0.072467886,0.03390746
504317.jpg,0.053055506,0.873249,0.050547857,0.02314765
504318.jpg,0.5881915,0.28312793,0.066779256,0.061901238
504319.jpg,0.46820104,0.42732537,0.06439647,0.040077105
504320.jpg,0.85358876,0.05365217,0.057175994,0.03558314
504321.jpg,0.8515645,0.06191343,0.056850128,0.029671928
504322.jpg,0.86170644,0.052122705,0.058029976,0.028140916
504323.jpg,0.551505,0.35306108,0.06783212,0.02760174
504324.jpg,0.811454,0.10848439,0.056517236,0.023544384
504325.jpg,0.8847362,0.038506508,0.05222338,0.024533896
504326.jpg,0.86719376,0.04730685,0.05507969,0.03041979
504327.jpg,0.8772493,0.04413267,0.0548255,0.023792531
504328.jpg,0.86933565,0.042327672,0.057957903,0.030378759
504329.jpg,0.8749792,0.033457316,0.059989154,0.031574316
504330.jpg,0.2560833,0.07320977,0.62384826,0.046858676
504331.jpg,0.019179516,0.78631186,0.058042545,0.13646609
504332.jpg,0.17017391,0.46219635,0.32754663,0.040083155
504333.jpg,0.76891875,0.13150945,0.07132629,0.028245488
504334.jpg,0.013331672,0.90457183,0.052656494,0.029439893
504335.jpg,0.6119736,0.06381292,0.29449368,0.029719777
504336.jpg,0.002276872,0.0027532058,0.6527655,0.34220436
504337.jpg,0.75915986,0.14184456,0.06253043,0.036465097
504338.jpg,0.8152158,0.09387908,0.060252402,0.030652689
504339.jpg,0.43563324,0.45544428,0.0741914,0.03473115
504340.jpg,0.10679699,0.8024494,0.06346379,0.02728985
504341.jpg,0.075881444,0.82152414,0.0629256,0.0396688
504342.jpg,0.31147277,0.6074454,0.05493877,0.026143033
504343.jpg,0.8185583,0.097012505,0.05573798,0.028691288
504344.jpg,0.0450981,0.88404,0.046540305,0.024321625
504345.jpg,0.85261,0.056452792,0.063908726,0.027028522
504346.jpg,0.7722917,0.12992465,0.06787321,0.029910436
504347.jpg,0.0019584303,0.006582326,0.015780201,0.975679
504348.jpg,0.89472646,0.025645427,0.053981364,0.025646832
504349.jpg,0.19858837,0.08784812,0.6909671,0.022596492
504350.jpg,0.13628347,0.7669591,0.06377073,0.03298678
504351.jpg,0.0021920537,0.010663133,0.047142547,0.9400022
504352.jpg,0.37813333,0.51800674,0.07500695,0.028852947
504353.jpg,0.45240355,0.47501427,0.04955748,0.023024715
504354.jpg,0.17398039,0.7308503,0.059216008,0.03595335
504355.jpg,0.13706091,0.7619606,0.06530796,0.035670515
504356.jpg,0.68748,0.23736292,0.052013125,0.023143943
504357.jpg,0.06238567,0.6303506,0.23008683,0.077176966
504358.jpg,0.00095377606,0.001101107,0.7454141,0.25253108
504359.jpg,0.5710451,0.31037083,0.07286766,0.045716427
504360.jpg,0.7233587,0.17766003,0.06545733,0.03352399
504361.jpg,0.8567825,0.050641812,0.061212406,0.031363297
504362.jpg,0.89546424,0.029900972,0.04884151,0.025793215
504363.jpg,0.0016603419,0.003010321,0.01932939,0.97599983
504364.jpg,0.73336446,0.08637604,0.15712751,0.023131963
504365.jpg,0.8870588,0.025913686,0.05992926,0.027098207
504366.jpg,0.6640293,0.23945434,0.06451914,0.03199722
504367.jpg,0.5960159,0.33205065,0.050254744,0.021678703
504368.jpg,0.8874976,0.032859962,0.052115597,0.027526846
504369.jpg,0.020781957,0.8689623,0.075545214,0.034710553
504370.jpg,0.0012955306,0.0026629658,0.019803297,0.97623813
504371.jpg,0.005516482,0.054604154,0.2880996,0.6517798
504372.jpg,0.093531184,0.8272865,0.054090355,0.02509195
504373.jpg,0.44749254,0.45821968,0.06716159,0.027126223
504374.jpg,0.77138215,0.124536835,0.07497544,0.029105498
504375.jpg,0.22111394,0.6874013,0.05246156,0.039023187
504376.jpg,0.01802917,0.6576342,0.10384129,0.22049531
504377.jpg,0.7382885,0.18258648,0.056394443,0.022730572
504378.jpg,0.21098205,0.6721513,0.073877126,0.04298954
504379.jpg,0.68250036,0.2272624,0.05281572,0.037421606
504380.jpg,0.68416965,0.21318667,0.06835294,0.03429069
504381.jpg,0.6234676,0.27857062,0.06548624,0.032475542
504382.jpg,0.8020203,0.116779566,0.05371403,0.027486125
504383.jpg,0.4426426,0.46691826,0.06755626,0.022882918
504384.jpg,0.82581025,0.09454878,0.05537085,0.024270097
504385.jpg,0.8295567,0.10100305,0.048275687,0.021164563
504386.jpg,0.0009658084,0.0012386611,0.888084,0.109711535
504387.jpg,0.7604163,0.14089033,0.06683114,0.031862173
504388.jpg,0.051406246,0.8537945,0.062595606,0.03220367
504389.jpg,0.8883668,0.025184035,0.056143444,0.030305764
504390.jpg,0.29510036,0.62703353,0.04809232,0.029773751
504391.jpg,0.01651158,0.72682214,0.17247164,0.08419466
504392.jpg,0.18948644,0.4930362,0.06260737,0.25486994
504393.jpg,0.86860424,0.03811917,0.06432886,0.02894775
504394.jpg,0.85182214,0.054633886,0.064012855,0.029531054
504395.jpg,0.88213736,0.029226072,0.059717953,0.028918631
504396.jpg,0.6711263,0.23534147,0.056355502,0.037176713
504397.jpg,0.015742002,0.21068725,0.18113269,0.5924381
504398.jpg,0.8853261,0.04724796,0.04472451,0.022701435
504399.jpg,0.55559003,0.33762965,0.07748698,0.029293392
504400.jpg,0.0014461399,0.0024808769,0.07314816,0.92292476
504401.jpg,0.7462687,0.13154991,0.106070206,0.016111212
504402.jpg,0.69061905,0.21516521,0.06792317,0.026292587
504403.jpg,0.88527864,0.03360416,0.055335023,0.025782244
504404.jpg,0.085575975,0.8106433,0.06444241,0.039338358
504405.jpg,0.89334744,0.018994093,0.05788093,0.0297775
504406.jpg,0.8892051,0.025872126,0.058070388,0.026852392
504407.jpg,0.52978873,0.3793483,0.05473085,0.03613218
504408.jpg,0.8461925,0.06684364,0.06089562,0.026068293
504409.jpg,0.4160877,0.490283,0.06474156,0.028887736
504410.jpg,0.0147624565,0.6424305,0.113245726,0.22956136
504411.jpg,0.40217927,0.49659237,0.07322514,0.028003328
504412.jpg,0.8991868,0.021414243,0.052770622,0.026628286
504413.jpg,0.8935716,0.025233932,0.05422515,0.026969234
504414.jpg,0.87275124,0.054828465,0.04732878,0.025091466
504415.jpg,0.015614258,0.9069282,0.050351635,0.027105888
504416.jpg,0.71798646,0.18127343,0.065319374,0.035420723
504417.jpg,0.01517346,0.8986151,0.059349444,0.026862005
504418.jpg,0.862403,0.058393598,0.055608384,0.023595009
504419.jpg,0.1325615,0.77669907,0.06831544,0.022424
504420.jpg,0.86784065,0.036008716,0.06552328,0.03062739
504421.jpg,0.017585343,0.78873813,0.10401625,0.08966029
504422.jpg,0.011271445,0.053397812,0.04120405,0.89412665
504423.jpg,0.6051318,0.29939675,0.06474021,0.030731257
504424.jpg,0.030792436,0.8931017,0.051472936,0.024632951
504425.jpg,0.7052915,0.21140823,0.057234064,0.02606618
504426.jpg,0.88376606,0.028165294,0.061170127,0.026898531
504427.jpg,0.0018506768,0.0026456933,0.42377847,0.5717252
504428.jpg,0.8957831,0.033941194,0.045546193,0.024729468
504429.jpg,0.0058635417,0.0114691155,0.5972165,0.38545084
504430.jpg,0.66347957,0.24216996,0.0635586,0.030791918
504431.jpg,0.90062076,0.026156403,0.047892082,0.025330758
504432.jpg,0.42255902,0.47127533,0.074333236,0.03183241
504433.jpg,0.7772329,0.12458143,0.0697523,0.02843333
504434.jpg,0.024583243,0.88864446,0.05712871,0.029643528
504435.jpg,0.87413526,0.0399176,0.057131846,0.02881529
504436.jpg,0.0064277244,0.06204668,0.25052235,0.6810033
504437.jpg,0.0023733925,0.0037529948,0.45450762,0.539366
504438.jpg,0.15201744,0.77379274,0.0521123,0.02207751
504439.jpg,0.88259995,0.021461856,0.06372256,0.03221558
504440.jpg,0.601831,0.2829944,0.0672303,0.047944233
504441.jpg,0.10534656,0.812911,0.06142968,0.020312749
504442.jpg,0.7938189,0.095264204,0.06679432,0.044122614
504443.jpg,0.073153995,0.8360493,0.06139596,0.029400693
504444.jpg,0.50693935,0.4006302,0.063501276,0.028929152
504445.jpg,0.5323268,0.3365744,0.067468844,0.063629955
504446.jpg,0.06569311,0.83394414,0.06732687,0.033035815
504447.jpg,0.84856516,0.057215646,0.061125703,0.033093467
504448.jpg,0.7893556,0.12241451,0.059748437,0.028481407
504449.jpg,0.84569967,0.071718626,0.056682486,0.025899237
504450.jpg,0.0008109922,0.0015377351,0.86884755,0.12880372
504451.jpg,0.89863557,0.026890555,0.05008739,0.024386486
504452.jpg,0.0068732426,0.082517095,0.33306822,0.5775415
504453.jpg,0.7417789,0.17937165,0.05523714,0.023612358
504454.jpg,0.54911685,0.33843893,0.07053873,0.041905507
504455.jpg,0.5500729,0.34395784,0.07502458,0.030944645
504456.jpg,0.035691623,0.8684755,0.06310642,0.032726508
504457.jpg,0.0015533312,0.0026796353,0.025455343,0.9703117
504458.jpg,0.0038819893,0.01093097,0.94678086,0.03840622
504459.jpg,0.73509765,0.18029903,0.054412585,0.03019074
504460.jpg,0.4089764,0.50794774,0.057160072,0.025915746
504461.jpg,0.8689011,0.05768709,0.044387314,0.029024502
504462.jpg,0.0045188763,0.013587879,0.6042041,0.37768903
504463.jpg,0.0056031607,0.01910322,0.97136146,0.003932156
504464.jpg,0.001588156,0.0027112323,0.018411169,0.9772895
504465.jpg,0.039367367,0.8691609,0.061736047,0.029735647
504466.jpg,0.02520053,0.86320615,0.05446519,0.057128116
504467.jpg,0.3600116,0.5289591,0.07041626,0.040613003
504468.jpg,0.42987227,0.07182043,0.47461593,0.023691367
504469.jpg,0.65048313,0.2346824,0.07690494,0.03792952
504470.jpg,0.90169007,0.019924704,0.048841484,0.029543744
504471.jpg,0.27102116,0.35561746,0.33595058,0.037410796
504472.jpg,0.89188695,0.028665628,0.05410632,0.025341034
504473.jpg,0.3088295,0.597576,0.050259203,0.043335292
504474.jpg,0.5232775,0.38825947,0.06180823,0.026654836
504476.jpg,0.9057313,0.018078217,0.052027456,0.024163054
504477.jpg,0.81105644,0.09645811,0.059329655,0.033155747
504478.jpg,0.27387732,0.018078746,0.70411855,0.003925376
504479.jpg,0.018943844,0.8652194,0.057024434,0.058812294
504480.jpg,0.48025316,0.39092404,0.079980485,0.04884231
504481.jpg,0.45428455,0.44536406,0.06287585,0.037475593
504482.jpg,0.008206857,0.5348874,0.14687443,0.31003135
504483.jpg,0.8692672,0.034285452,0.058129296,0.03831804
504484.jpg,0.4608676,0.4236314,0.07236448,0.04313647
504485.jpg,0.05392122,0.8652521,0.055484924,0.025341792
504486.jpg,0.0023764817,0.003973676,0.04842788,0.945222
504487.jpg,0.14060622,0.7557511,0.07367953,0.029963225
504488.jpg,0.17768069,0.7298062,0.062859744,0.029653344
504489.jpg,0.12638555,0.7903843,0.059547186,0.02368293
504490.jpg,0.021766268,0.8612581,0.055199273,0.0617764
504491.jpg,0.030717531,0.87752223,0.05387656,0.03788357
504492.jpg,0.04339385,0.87176526,0.058960337,0.025880573
504493.jpg,0.53734946,0.37147403,0.061835416,0.029341038
504494.jpg,0.094917506,0.8019269,0.05906942,0.04408616
504495.jpg,0.8942529,0.030511174,0.050876953,0.024359008
504496.jpg,0.88969654,0.0345876,0.054271296,0.021444537
504497.jpg,0.4829321,0.41301304,0.058961883,0.045092978
504498.jpg,0.3452624,0.5728754,0.053973358,0.027888855
504499.jpg,0.54535425,0.36963898,0.054620788,0.030385904
504500.jpg,0.011189798,0.89772797,0.05912826,0.03195398
504501.jpg,0.29781738,0.049012095,0.6460485,0.0071220845
504502.jpg,0.6480659,0.26532018,0.060427766,0.026186151
504503.jpg,0.8889993,0.02805812,0.05604015,0.02690243
504504.jpg,0.108848065,0.2836536,0.08923629,0.5182621
504505.jpg,0.10553887,0.81238437,0.055650875,0.02642598
504506.jpg,0.018724155,0.5822693,0.035097666,0.36390886
504507.jpg,0.7767669,0.1411581,0.050862946,0.0312121
504508.jpg,0.0033253026,0.007360949,0.12462071,0.864693
504509.jpg,0.8095466,0.09624766,0.06727855,0.026927127
504510.jpg,0.23451835,0.6624613,0.06678662,0.036233764
504511.jpg,0.88622355,0.04038767,0.051556483,0.021832265
504512.jpg,0.79999936,0.11834964,0.05467601,0.026974972
504513.jpg,0.89769036,0.017755039,0.05844632,0.026108287
504514.jpg,0.8434211,0.05716203,0.06289644,0.036520448
504515.jpg,0.5580593,0.35932812,0.056983728,0.025628867
504516.jpg,0.5338274,0.3673597,0.068716824,0.030096114
504517.jpg,0.0016677423,0.002605646,0.49260208,0.5031245
504518.jpg,0.8930714,0.02142921,0.061103642,0.024395773
504519.jpg,0.374747,0.5345522,0.06253615,0.028164646
504520.jpg,0.8300288,0.048426654,0.09994736,0.021597276
504521.jpg,0.022276664,0.6901657,0.044292036,0.2432656
504522.jpg,0.028500848,0.86693,0.06874585,0.035823315
504523.jpg,0.0052548894,0.027931293,0.8517846,0.11502923
504524.jpg,0.89764637,0.019588076,0.056630835,0.026134625
504525.jpg,0.0015642227,0.0049947444,0.26817074,0.72527033
504526.jpg,0.3344777,0.5623911,0.0683294,0.034801766
504527.jpg,0.7371236,0.17471638,0.062284894,0.025875105
504528.jpg,0.0016772822,0.0014361038,0.9637538,0.033132806
504529.jpg,0.7191251,0.20631109,0.05079017,0.023773618
504530.jpg,0.8785731,0.043962393,0.05324289,0.024221638
504531.jpg,0.00198984,0.003591554,0.278842,0.7155766
504532.jpg,0.4958228,0.4015508,0.072258085,0.030368268
504533.jpg,0.8645336,0.05693255,0.051473446,0.027060486
504534.jpg,0.24590734,0.66185766,0.06396499,0.028270006
504535.jpg,0.005872735,0.008353949,0.614722,0.37105122
504536.jpg,0.9003255,0.021358984,0.052071538,0.026244044
504537.jpg,0.43171147,0.4596004,0.06940309,0.039285038
504538.jpg,0.7873805,0.13373767,0.053665847,0.025215993
504539.jpg,0.570027,0.34252033,0.059054587,0.028398093
504540.jpg,0.8722566,0.040302914,0.05992945,0.027511036
504541.jpg,0.77174515,0.13998818,0.06095065,0.027316026
504542.jpg,0.82737106,0.0791612,0.063450746,0.030017052
504543.jpg,0.532445,0.38380617,0.05389388,0.029854884
504544.jpg,0.025182389,0.89566284,0.050150976,0.029003838
504545.jpg,0.8472674,0.050993208,0.067118354,0.0346211
504546.jpg,0.8727441,0.04071768,0.06069782,0.02584047
504547.jpg,0.33358178,0.5842554,0.05591166,0.02625119
504548.jpg,0.8650677,0.039376765,0.06099052,0.034564957
504549.jpg,0.8855704,0.02925677,0.056774277,0.02839858
504550.jpg,0.27697986,0.19223654,0.1749642,0.35581934
504551.jpg,0.7692327,0.132925,0.06317834,0.034664
504552.jpg,0.83739686,0.055564582,0.08474559,0.022293039
504553.jpg,0.89171916,0.02594545,0.05598672,0.026348656
504554.jpg,0.8232726,0.108180866,0.048857298,0.019689254
504555.jpg,0.37926176,0.5453456,0.048055883,0.027336754
504556.jpg,0.06902602,0.8472097,0.056964755,0.026799573
504557.jpg,0.88040704,0.03838156,0.05348753,0.027723914
504558.jpg,0.9033544,0.022332676,0.049970943,0.024341874
504559.jpg,0.63789344,0.24691203,0.07507987,0.040114645
504560.jpg,0.859132,0.048526645,0.06568033,0.026661025
504561.jpg,0.23064695,0.66169786,0.07362345,0.034031764
504562.jpg,0.7154679,0.20023103,0.05400793,0.030293174
504563.jpg,0.3811218,0.53515255,0.060167577,0.023558097
504564.jpg,0.8904761,0.021054529,0.05914647,0.029322846
504565.jpg,0.20068373,0.025244355,0.709676,0.0643959
504566.jpg,0.29491794,0.63312656,0.052519746,0.0194357
504567.jpg,0.58057696,0.20519198,0.18651728,0.027713824
504568.jpg,0.7463428,0.15037066,0.07286624,0.030420337
504569.jpg,0.61692214,0.27172336,0.06378249,0.04757203
504570.jpg,0.0010073505,0.002034163,0.9445908,0.052367713
504571.jpg,0.8458425,0.06861693,0.058340803,0.027199762
504572.jpg,0.002673535,0.072309345,0.025852354,0.89916486
504573.jpg,0.31249148,0.59562975,0.058165744,0.033713028
504574.jpg,0.8864205,0.034547154,0.051954214,0.027078083
504575.jpg,0.31422868,0.6132219,0.051390648,0.021158637
504576.jpg,0.4959949,0.42511466,0.05223191,0.026658554
504577.jpg,0.9010491,0.028944157,0.046642628,0.023364158
504578.jpg,0.45717892,0.44724962,0.06869975,0.026871732
504579.jpg,0.00815744,0.021120496,0.24780147,0.72292066
504580.jpg,0.30034405,0.6154616,0.049053583,0.035140775
504581.jpg,0.028283903,0.8509176,0.082087725,0.03871077
504582.jpg,0.8593072,0.058054015,0.05570156,0.026937202
504583.jpg,0.78633946,0.1267212,0.052703653,0.034235682
504584.jpg,0.7017219,0.22181903,0.051772162,0.02468691
504585.jpg,0.8946882,0.030278428,0.05188985,0.02314357
504586.jpg,0.13584508,0.78001565,0.05454255,0.029596733
504587.jpg,0.4341031,0.46445715,0.0721213,0.02931846
504588.jpg,0.874254,0.036675613,0.057636388,0.03143395
504589.jpg,0.8983003,0.020527378,0.0533493,0.027823001
504590.jpg,0.6325284,0.26426482,0.06842857,0.03477816
504591.jpg,0.0016023491,0.0023188342,0.27819967,0.71787906
504592.jpg,0.8693037,0.049011007,0.05505043,0.026634822
504593.jpg,0.3489846,0.58016366,0.052145395,0.018706378
504594.jpg,0.90106785,0.019111615,0.05603495,0.023785599
504595.jpg,0.509325,0.3901334,0.0687463,0.031795293
504596.jpg,0.9017711,0.021829583,0.05375786,0.022641433
504597.jpg,0.90899646,0.022589393,0.044749975,0.023664176
504598.jpg,0.73642224,0.17598405,0.056318223,0.031275544
504599.jpg,0.29869172,0.45875534,0.14787693,0.09467603
504600.jpg,0.031016907,0.877732,0.064352125,0.026899036
504601.jpg,0.7792584,0.14141609,0.050562385,0.028763158
504602.jpg,0.61812913,0.28891277,0.05903903,0.033919055
504603.jpg,0.022034694,0.7588866,0.0952088,0.123869985
504604.jpg,0.054529764,0.86590743,0.0554401,0.024122678
504605.jpg,0.00246546,0.0019401289,0.8428484,0.15274602
504606.jpg,0.37728414,0.4930593,0.059998505,0.069658086
504607.jpg,0.8941051,0.023127653,0.055349138,0.027418204
504608.jpg,0.010148801,0.89779896,0.063583605,0.028468646
504609.jpg,0.011374323,0.2614563,0.18939489,0.5377745
504610.jpg,0.003802958,0.0025837661,0.7755661,0.21804717
504611.jpg,0.072960004,0.8283169,0.060006246,0.038716782
504612.jpg,0.77750134,0.13800032,0.05790908,0.026589176
504613.jpg,0.002638344,0.003420075,0.21517275,0.7787688
504614.jpg,0.05490998,0.8618359,0.057154052,0.026100032
504615.jpg,0.87457716,0.04104586,0.05858018,0.025796764
504616.jpg,0.80196303,0.1014468,0.06421289,0.032377318
504617.jpg,0.8997209,0.022197595,0.049308024,0.02877346
504618.jpg,0.464868,0.4396314,0.07048611,0.025014529
504619.jpg,0.2967562,0.61636883,0.052276805,0.034598112
504620.jpg,0.72150624,0.1847072,0.06600638,0.027780192
504622.jpg,0.67160547,0.20921177,0.06894652,0.05023619
504623.jpg,0.037198074,0.87668484,0.05714653,0.028970582
504624.jpg,0.82358515,0.08209492,0.06114539,0.0331746
504625.jpg,0.1493724,0.74638104,0.077973574,0.026273
504626.jpg,0.8058532,0.11401865,0.056757882,0.023370225
504627.jpg,0.6247382,0.3002586,0.052937973,0.022065166
504628.jpg,0.87997216,0.034131236,0.056250174,0.029646449
504629.jpg,0.3918354,0.5192406,0.0575348,0.031389125
504630.jpg,0.82670265,0.07336597,0.06682078,0.0331106
504631.jpg,0.8073849,0.10469059,0.06189899,0.026025519
504632.jpg,0.65134704,0.24339114,0.072370835,0.032891087
504633.jpg,0.769365,0.049763117,0.12219189,0.058680017
504634.jpg,0.3073729,0.5677879,0.07129595,0.053543247
504635.jpg,0.016762745,0.7448206,0.046579584,0.19183703
504636.jpg,0.03840529,0.86307377,0.0702323,0.028288603
504637.jpg,0.40705553,0.39766786,0.16395491,0.03132171
504638.jpg,0.5777108,0.3330406,0.0646166,0.024631955
504639.jpg,0.12921531,0.5749338,0.2493484,0.046502557
504640.jpg,0.8477021,0.059815306,0.06676004,0.02572257
504641.jpg,0.0011625632,0.0015934501,0.8171871,0.18005686
504642.jpg,0.011151298,0.13232833,0.057338245,0.7991821
504643.jpg,0.33047813,0.08991769,0.56912154,0.01048262
504644.jpg,0.67972124,0.20589495,0.072904654,0.041479133
504645.jpg,0.6654819,0.22569741,0.06702544,0.04179527
504646.jpg,0.8491305,0.07043263,0.05482683,0.025610007
504647.jpg,0.15379302,0.75891244,0.056817334,0.0304772
504648.jpg,0.88927776,0.027464168,0.05718312,0.026074914
504649.jpg,0.001515194,0.0018460552,0.6912289,0.3054098
504650.jpg,0.002843015,0.0029728008,0.4132736,0.5809105
504651.jpg,0.12848653,0.7913209,0.055975914,0.024216708
504652.jpg,0.6904101,0.21735612,0.066790305,0.025443442
504654.jpg,0.4407104,0.4558028,0.075525254,0.027961515
504655.jpg,0.021348767,0.7465682,0.051046524,0.1810365
504656.jpg,0.3057069,0.16517021,0.24958812,0.27953485
504657.jpg,0.81575465,0.09319001,0.0617601,0.02929512
504658.jpg,0.05980823,0.35852954,0.25032297,0.33133924
504659.jpg,0.1433119,0.36925977,0.26396218,0.22346616
504660.jpg,0.8988107,0.019709697,0.053027008,0.028452642
504661.jpg,0.032785915,0.8939191,0.04873032,0.024564626
504662.jpg,0.098087125,0.8141515,0.05069835,0.03706307
504663.jpg,0.1390473,0.76664937,0.06643461,0.027868811
504664.jpg,0.22098197,0.6930473,0.05890413,0.027066551
504665.jpg,0.13313723,0.7883169,0.05232008,0.026225826
504666.jpg,0.0010547212,0.002013756,0.93506217,0.06186927
504667.jpg,0.87761223,0.036248438,0.05471839,0.031421006
504668.jpg,0.8434299,0.07540631,0.05590673,0.025257053
504669.jpg,0.017355284,0.3951422,0.14538687,0.44211563
504670.jpg,0.914284,0.018007003,0.044775505,0.022933574
504671.jpg,0.63555765,0.27458572,0.06055351,0.029303066
504672.jpg,0.7351709,0.17730246,0.054199178,0.033327505
504673.jpg,0.900044,0.019525118,0.055742066,0.024688862
504674.jpg,0.88147855,0.03594453,0.055836704,0.026740154
504676.jpg,0.47990355,0.43797693,0.057739656,0.02437984
504677.jpg,0.2978278,0.60349107,0.06523624,0.0334449
504678.jpg,0.07595888,0.72441745,0.049009483,0.15061413
504679.jpg,0.90209854,0.019116567,0.052156176,0.026628654
504680.jpg,0.07014795,0.8309408,0.06605616,0.032855026
504681.jpg,0.2050531,0.5802052,0.17932786,0.035413876
504682.jpg,0.7202546,0.1920992,0.06267806,0.024968117
504683.jpg,0.0051936596,0.054359928,0.044117466,0.8963289
504684.jpg,0.50441945,0.39439273,0.067409,0.033778857
504685.jpg,0.024957528,0.88613033,0.06314972,0.025762448
504686.jpg,0.61950636,0.29013458,0.06431144,0.026047528
504687.jpg,0.7744953,0.13875875,0.058133908,0.028612018
504688.jpg,0.45513594,0.4528282,0.06701224,0.025023682
504689.jpg,0.73034877,0.048622165,0.20420061,0.01682849
504690.jpg,0.050902143,0.8576714,0.059740543,0.031685937
504691.jpg,0.0013839261,0.00318708,0.022605743,0.9728234
504692.jpg,0.89477944,0.024892692,0.05313917,0.027188707
504693.jpg,0.32717666,0.57418764,0.065823324,0.032812364
504694.jpg,0.8315484,0.08262621,0.060330503,0.025494922
504695.jpg,0.015449282,0.66266674,0.23031804,0.09156599
504696.jpg,0.04516561,0.8804151,0.046124175,0.028295126
504697.jpg,0.3996798,0.19158654,0.3307041,0.07802954
504698.jpg,0.64712334,0.27646855,0.05470629,0.021701874
504699.jpg,0.0020863079,0.0035196329,0.32445103,0.66994303
504700.jpg,0.8612037,0.061001938,0.05295062,0.024843745
504701.jpg,0.05389659,0.01393441,0.6763923,0.25577676
504702.jpg,0.9023874,0.020495834,0.05631675,0.02080004
504703.jpg,0.25448814,0.6373165,0.07019848,0.037996784
504704.jpg,0.855729,0.025472455,0.097672075,0.021126427
504705.jpg,0.9002354,0.02182249,0.046899423,0.031042658
504706.jpg,0.8709891,0.03762129,0.05919911,0.032190617
504707.jpg,0.8200629,0.106438555,0.052229293,0.021269275
504708.jpg,0.71550226,0.20124768,0.058287997,0.024962107
504709.jpg,0.641335,0.26779076,0.061616804,0.029257378
504710.jpg,0.90847343,0.017880874,0.047201592,0.026444051
504711.jpg,0.8680938,0.050758597,0.05099468,0.030152857
504712.jpg,0.5929173,0.30847904,0.06000419,0.038599472
504713.jpg,0.24490374,0.48192003,0.20483719,0.06833905
504714.jpg,0.7179989,0.1717791,0.07215336,0.038068604
504715.jpg,0.8675894,0.046718553,0.05820793,0.027484126
504716.jpg,0.0015447256,0.0020580147,0.72005564,0.27634156
504717.jpg,0.8736932,0.054049496,0.048562363,0.023694957
504718.jpg,0.01588648,0.008223428,0.7383302,0.23755987
504719.jpg,0.6923578,0.21307765,0.06295261,0.031611934
504720.jpg,0.03287963,0.8587506,0.055190783,0.053178977
504721.jpg,0.4941804,0.41601166,0.06697002,0.022837928
504722.jpg,0.49140188,0.4087482,0.060521074,0.039328877
504723.jpg,0.03776701,0.6239666,0.2518419,0.08642449
504724.jpg,0.0015439803,0.0034013528,0.021417962,0.97363675
504725.jpg,0.8758835,0.042406358,0.051775318,0.029934756
504726.jpg,0.14132106,0.76735246,0.06594048,0.02538604
504727.jpg,0.8919576,0.032602977,0.04888341,0.02655596
504728.jpg,0.0011126741,0.0014444438,0.881178,0.11626486
504729.jpg,0.88460743,0.03637609,0.05184206,0.02717444
504730.jpg,0.6902683,0.17697342,0.06979488,0.06296342
504731.jpg,0.5875628,0.3075916,0.0659025,0.03894317
504732.jpg,0.80995095,0.09589164,0.066124715,0.028032703
504733.jpg,0.009790384,0.014565898,0.58032763,0.39531612
504734.jpg,0.23326506,0.67171025,0.059809014,0.035215646
504735.jpg,0.4800725,0.42293128,0.0628675,0.034128726
504736.jpg,0.45050478,0.43625674,0.057166655,0.056071877
504737.jpg,0.30276656,0.6010835,0.06267588,0.033474024
504738.jpg,0.019833745,0.5287419,0.2745372,0.17688715
504739.jpg,0.3649329,0.013401265,0.61352843,0.008137439
504740.jpg,0.03876125,0.8124616,0.0638194,0.08495776
504741.jpg,0.33183062,0.5799812,0.062484458,0.025703678
504742.jpg,0.26454479,0.5923365,0.111615576,0.031503096
504743.jpg,0.003604393,0.011427141,0.80055493,0.18441355
504744.jpg,0.112753,0.790222,0.057324305,0.039700698
504745.jpg,0.86303973,0.04175254,0.061931357,0.033276398
504746.jpg,0.8870054,0.025200395,0.05946701,0.02832721
504747.jpg,0.51479256,0.38267708,0.07528397,0.027246332
504748.jpg,0.85587746,0.058125958,0.054658365,0.031338207
504749.jpg,0.011083375,0.12412907,0.03103343,0.8337541
504750.jpg,0.4204505,0.4886562,0.062417466,0.028475761
504751.jpg,0.06368028,0.39449623,0.07943037,0.46239313
504752.jpg,0.18980592,0.008410286,0.7934031,0.008380689
504753.jpg,0.38448298,0.51787305,0.06760347,0.030040465
504754.jpg,0.9030902,0.020661503,0.052491013,0.023757275
504755.jpg,0.80858517,0.11270765,0.04909212,0.029615143
504756.jpg,0.8646875,0.054272544,0.056840617,0.024199344
504757.jpg,0.88812363,0.028840609,0.055731192,0.027304605
504758.jpg,0.70332974,0.20854813,0.06009009,0.028032038
504759.jpg,0.008228763,0.0013897119,0.9759355,0.014445977
504760.jpg,0.053597584,0.011184078,0.64452815,0.2906902
504761.jpg,0.867868,0.05628653,0.04854103,0.027304461
504762.jpg,0.17111138,0.73300964,0.06741534,0.028463649
504763.jpg,0.87853163,0.03625069,0.057380114,0.027837567
504764.jpg,0.8503718,0.07341686,0.04797925,0.028232105
504765.jpg,0.87190163,0.057772502,0.046649285,0.02367652
504766.jpg,0.0050089895,0.10810299,0.06568281,0.82120514
504767.jpg,0.016291413,0.8807787,0.07300995,0.02991993
504768.jpg,0.6835995,0.2087374,0.071634255,0.03602879
504769.jpg,0.58883053,0.3317293,0.05646258,0.022977594
504770.jpg,0.0013386835,0.008828092,0.42925173,0.5605815
504771.jpg,0.0006779685,0.000765735,0.9869848,0.011571404
504772.jpg,0.4460667,0.44584382,0.06783635,0.04025316
504773.jpg,0.83764964,0.07916191,0.053775046,0.02941336
504774.jpg,0.85319644,0.05976759,0.05888976,0.02814616
504775.jpg,0.18464074,0.7254167,0.06619874,0.02374386
504776.jpg,0.87627596,0.039985314,0.05637596,0.027362814
504777.jpg,0.54397506,0.36160725,0.0658983,0.028519444
504778.jpg,0.7813604,0.12642232,0.059426174,0.032791078
504779.jpg,0.42544886,0.473287,0.061185285,0.040078845
504780.jpg,0.12705468,0.7869298,0.06132871,0.024686778
504781.jpg,0.0021770096,0.0058580386,0.7674366,0.22452831
504782.jpg,0.097206905,0.8189437,0.058945954,0.024903469
504783.jpg,0.83196265,0.062669545,0.07598759,0.029380202
504784.jpg,0.8990394,0.023104226,0.052179616,0.025676785
504785.jpg,0.8103679,0.10147884,0.061458085,0.02669524
504786.jpg,0.06604081,0.86025995,0.05252225,0.021176942
504787.jpg,0.888925,0.02400697,0.056528013,0.03053994
504788.jpg,0.87182194,0.046101134,0.052837893,0.029239096
504789.jpg,0.07834971,0.8210599,0.07297175,0.027618658
504790.jpg,0.42853013,0.47477996,0.055418994,0.04127087
504791.jpg,0.19377473,0.70231605,0.07721819,0.026691057
504792.jpg,0.0133406045,0.052293822,0.50670147,0.42766413
504793.jpg,0.8795417,0.03579299,0.05448126,0.030184044
504794.jpg,0.7692171,0.12860721,0.07281961,0.02935613
504795.jpg,0.8878939,0.031230364,0.054336205,0.026539532
504796.jpg,0.0956157,0.45858797,0.11773431,0.328062
504797.jpg,0.7360461,0.16003954,0.0713034,0.03261103
504798.jpg,0.9007382,0.021327207,0.053407032,0.024527596
504799.jpg,0.77404344,0.14190677,0.055625074,0.028424706
504800.jpg,0.89143085,0.028820008,0.051346708,0.028402342
504801.jpg,0.15288883,0.76580393,0.055259675,0.026047574
504802.jpg,0.777115,0.10091344,0.09054318,0.03142843
504803.jpg,0.873197,0.04515522,0.053694293,0.027953502
504804.jpg,0.001402288,0.0022287196,0.49776453,0.4986045
504805.jpg,0.06053647,0.8572041,0.050752666,0.031506773
504806.jpg,0.03602699,0.8817834,0.053644862,0.028544657
504807.jpg,0.09157457,0.80939883,0.06483641,0.034190133
504808.jpg,0.6014163,0.3050211,0.05857891,0.034983754
504809.jpg,0.008108657,0.22583877,0.041562125,0.72449046
504810.jpg,0.76989704,0.12910752,0.06221227,0.03878311
504811.jpg,0.6328428,0.28155744,0.061755553,0.02384425
504812.jpg,0.89458466,0.03178302,0.051625077,0.02200729
504813.jpg,0.8770741,0.03652009,0.056990497,0.029415257
504814.jpg,0.7094993,0.21492773,0.050897084,0.024675867
504815.jpg,0.063207306,0.81719327,0.0703596,0.049239732
504816.jpg,0.15601566,0.53782916,0.16406618,0.14208898
504817.jpg,0.0015441374,0.002314814,0.26058528,0.7355558
504818.jpg,0.0015131531,0.003452932,0.018949777,0.97608405
504819.jpg,0.093619674,0.8206899,0.057441387,0.028248983
504820.jpg,0.07232327,0.8442217,0.0569367,0.02651839
504821.jpg,0.030441128,0.88493717,0.052747805,0.0318739
504822.jpg,0.5171788,0.3970246,0.052947868,0.03284871
504823.jpg,0.87272125,0.034924023,0.060759824,0.031594917
504824.jpg,0.8767981,0.054964192,0.046604864,0.021632873
504825.jpg,0.048280302,0.8564187,0.06633132,0.028969646
504826.jpg,0.8162887,0.071434334,0.09101852,0.021258423
504827.jpg,0.0013916143,0.0019122389,0.6291188,0.36757737
504828.jpg,0.13585007,0.06819177,0.79236305,0.0035950653
504829.jpg,0.8283008,0.075581424,0.065188624,0.030929195
504830.jpg,0.5030892,0.39224422,0.06640903,0.038257513
504831.jpg,0.0244652,0.029245874,0.48649904,0.4597898
504832.jpg,0.054874737,0.8625539,0.057597406,0.024973921
504833.jpg,0.89076984,0.033977292,0.05223394,0.02301892
504834.jpg,0.85051936,0.0662105,0.053247724,0.03002242
504835.jpg,0.6818249,0.22975492,0.05935608,0.029064009
504836.jpg,0.070064865,0.8603186,0.04889624,0.020720273
504837.jpg,0.64661264,0.26223093,0.062167916,0.028988523
504838.jpg,0.803823,0.11423261,0.05425534,0.027689086
504839.jpg,0.15180494,0.75973725,0.05539052,0.033067424
504840.jpg,0.67504746,0.065188475,0.24412768,0.015636347
504841.jpg,0.3640412,0.14207393,0.4877294,0.0061554504
504842.jpg,0.8345697,0.07407155,0.061111577,0.030247224
504843.jpg,0.7990051,0.106471196,0.067443356,0.027080331
504844.jpg,0.063727945,0.84469795,0.06386351,0.02771061
504845.jpg,0.009211909,0.7118851,0.051649928,0.22725312
504846.jpg,0.04182734,0.031792972,0.8030683,0.12331147
504847.jpg,0.03943111,0.8759042,0.06261413,0.022050593
504848.jpg,0.06565523,0.8567846,0.056495838,0.021064375
504849.jpg,0.05022034,0.048770845,0.55652946,0.3444794
504850.jpg,0.7339417,0.16207294,0.06971196,0.034273386
504851.jpg,0.8714358,0.043933317,0.056855578,0.02777534
504852.jpg,0.8558096,0.057365827,0.061239183,0.025585342
504853.jpg,0.65692186,0.25912303,0.05304988,0.030905174
504854.jpg,0.6796377,0.22111109,0.06678663,0.03246471
504855.jpg,0.007320189,0.020181721,0.21074821,0.7617499
504856.jpg,0.32151932,0.57344854,0.066249564,0.038782597
504857.jpg,0.0013137087,0.0022261543,0.54160565,0.45485443
504858.jpg,0.40068215,0.50196266,0.06784993,0.029505266
504859.jpg,0.021869035,0.3162401,0.13315576,0.5287351
504860.jpg,0.80841446,0.10394943,0.055078894,0.032557137
504861.jpg,0.8077274,0.097919315,0.068372086,0.025981177
504862.jpg,0.74531704,0.16452862,0.05992381,0.030230515
504863.jpg,0.31278667,0.02530345,0.6482955,0.0136143435
504864.jpg,0.7261894,0.16239227,0.07837154,0.033046905
504865.jpg,0.7622657,0.14452504,0.058981963,0.034227353
504866.jpg,0.0062162345,0.011864902,0.874821,0.10709786
504867.jpg,0.0027318313,0.004155679,0.25205955,0.7410529
504868.jpg,0.53217304,0.36820447,0.06592333,0.033699077
504869.jpg,0.5923339,0.23225403,0.14077172,0.034640353
504870.jpg,0.858768,0.061609652,0.05014143,0.029480891
504871.jpg,0.031963877,0.87726116,0.05807295,0.032702003
504872.jpg,0.5938552,0.30857742,0.07094502,0.026622297
504873.jpg,0.626515,0.21977717,0.12079169,0.032916125
504874.jpg,0.24239063,0.6519993,0.07500697,0.030603072
504875.jpg,0.6398199,0.2677456,0.060366735,0.032067675
504876.jpg,0.1414688,0.76911384,0.061246898,0.0281704
504877.jpg,0.8119813,0.09941063,0.061199494,0.027408617
504878.jpg,0.0076799425,0.79368824,0.07354423,0.12508765
504879.jpg,0.025284594,0.89364094,0.05799938,0.023075141
504880.jpg,0.86755204,0.049390633,0.05487502,0.028182235
504881.jpg,0.07596115,0.83919007,0.056076452,0.028772317
504882.jpg,0.2422635,0.6731035,0.053005487,0.03162747
504883.jpg,0.82127666,0.07721947,0.06501316,0.036490697
504884.jpg,0.18623239,0.7260913,0.05353239,0.03414388
504885.jpg,0.889337,0.024927253,0.055137344,0.03059835
504886.jpg,0.80626756,0.10974159,0.059857674,0.024133159
504887.jpg,0.7959056,0.0996194,0.065427706,0.039047316
504888.jpg,0.8755435,0.036145784,0.058777392,0.029533327
504889.jpg,0.0020953463,0.0025240656,0.042195365,0.9531852
504890.jpg,0.8427408,0.06017377,0.06509273,0.0319927
504891.jpg,0.04523901,0.8674052,0.055892177,0.031463638
504892.jpg,0.132406,0.7716934,0.06593235,0.029968321
504893.jpg,0.0021385155,0.03835883,0.017457081,0.9420455
504894.jpg,0.83743924,0.07876943,0.053003058,0.030788273
504895.jpg,0.12659815,0.76641554,0.06851587,0.038470455
504896.jpg,0.09039991,0.80174416,0.06275231,0.04510359
504897.jpg,0.61630595,0.27927187,0.06551257,0.0389096
504898.jpg,0.88826275,0.034877248,0.044262722,0.032597244
504899.jpg,0.014365162,0.23462854,0.07207821,0.6789281
504900.jpg,0.89844334,0.024639435,0.049427226,0.027490012
504901.jpg,0.8112824,0.09465188,0.05951292,0.03455284
504902.jpg,0.045278683,0.8361394,0.049846493,0.0687354
504903.jpg,0.6195321,0.29642805,0.0546809,0.029359026
504904.jpg,0.8876917,0.02705076,0.059137806,0.026119804
504905.jpg,0.86634713,0.055034116,0.05521375,0.023404963
504906.jpg,0.0022474125,0.0021354172,0.8840917,0.11152545
504907.jpg,0.87079,0.054083392,0.050904736,0.024221925
504908.jpg,0.0013997516,0.0021783577,0.56854844,0.4278735
504909.jpg,0.7643683,0.14668289,0.058982413,0.02996644
504910.jpg,0.014465053,0.4791909,0.07799073,0.4283533
504911.jpg,0.8913142,0.026024878,0.056294262,0.026366668
504912.jpg,0.83006406,0.08630966,0.057748087,0.0258782
504913.jpg,0.894953,0.023450468,0.053171773,0.028424766
504914.jpg,0.09087242,0.72258896,0.15789598,0.028642638
504915.jpg,0.85667807,0.05591263,0.062240362,0.025168963
504916.jpg,0.7258884,0.18970306,0.062420648,0.021987908
504917.jpg,0.54099506,0.36688852,0.06274537,0.029371006
504918.jpg,0.89081967,0.021099817,0.06565698,0.022423588
504919.jpg,0.867043,0.04361402,0.062269237,0.027073765
504920.jpg,0.21185748,0.69150215,0.06180726,0.0348331
504921.jpg,0.17125636,0.75230247,0.04994567,0.02649543
504922.jpg,0.85204655,0.05648486,0.06583407,0.025634523
504923.jpg,0.091543674,0.8331177,0.054876883,0.02046182
504924.jpg,0.52321637,0.38197818,0.06469817,0.030107316
504925.jpg,0.31182212,0.40772453,0.25599277,0.024460584
504926.jpg,0.76286286,0.13087414,0.06506237,0.041200597
504927.jpg,0.2888564,0.6209539,0.056965843,0.033223856
504928.jpg,0.78534037,0.11502787,0.068359286,0.031272467
504929.jpg,0.8747933,0.04253504,0.053657018,0.02901469
504930.jpg,0.09899362,0.46213377,0.21244816,0.22642446
504931.jpg,0.38475004,0.5237227,0.060715754,0.030811472
504932.jpg,0.90218663,0.025234649,0.050613236,0.021965494
504933.jpg,0.12274274,0.7870133,0.057157934,0.03308608
504935.jpg,0.001538414,0.0027525749,0.03403151,0.96167755
504936.jpg,0.117677346,0.807135,0.052182727,0.023004912
504937.jpg,0.011782899,0.8969774,0.05895004,0.032289688
504938.jpg,0.40101,0.30379504,0.25896895,0.036226027
504939.jpg,0.0013112442,0.0015384684,0.74481994,0.25233036
504940.jpg,0.77405125,0.1412064,0.055343278,0.029399004
504941.jpg,0.29729673,0.62134606,0.054779902,0.026577352
504942.jpg,0.5682771,0.31574678,0.07237903,0.043597095
504943.jpg,0.57633305,0.24159558,0.13404042,0.04803098
504944.jpg,0.48406374,0.43267596,0.059940092,0.023320274
504945.jpg,0.0022946335,0.006517412,0.67953795,0.31164995
504946.jpg,0.015824147,0.89753544,0.060528263,0.026112191
504947.jpg,0.53563666,0.37299454,0.063179985,0.028188758
504948.jpg,0.73234344,0.17434354,0.06776992,0.02554305
504949.jpg,0.46584606,0.4011308,0.085642174,0.047381025
504950.jpg,0.70752627,0.20473042,0.059058078,0.028685298
504951.jpg,0.3263167,0.5856507,0.054966465,0.033066127
504952.jpg,0.0015507134,0.0023130204,0.020774748,0.9753615
504953.jpg,0.0014763648,0.0024636104,0.5616486,0.43441138
504954.jpg,0.10439069,0.7953974,0.06872534,0.031486582
504955.jpg,0.9048447,0.018557604,0.053282935,0.023314754
504956.jpg,0.16181763,0.7470197,0.065176815,0.02598579
504957.jpg,0.8905261,0.025169995,0.056028076,0.028275907
504958.jpg,0.894398,0.029071204,0.050515134,0.02601564
504959.jpg,0.07748563,0.83508295,0.04943575,0.03799568
504960.jpg,0.89612496,0.031222995,0.048001584,0.024650464
504961.jpg,0.42889053,0.38974106,0.12780708,0.053561296
504962.jpg,0.6902539,0.21296008,0.06971298,0.027073065
504963.jpg,0.8031729,0.09269729,0.069864444,0.034265358
504964.jpg,0.5508839,0.3650258,0.061370917,0.02271949
504965.jpg,0.5104302,0.3496424,0.059246045,0.08068134
504966.jpg,0.10815435,0.8071173,0.05737452,0.0273538
504967.jpg,0.8813482,0.027964085,0.061745472,0.028942253
504968.jpg,0.8832133,0.03660975,0.055644255,0.024532683
504969.jpg,0.46738657,0.2273927,0.23827529,0.066945404
504970.jpg,0.86764973,0.044888683,0.058757227,0.028704349
504971.jpg,0.7914379,0.10269953,0.07288676,0.032975752
504972.jpg,0.8117217,0.08859685,0.07632024,0.023361223
504973.jpg,0.8735828,0.031690028,0.059689548,0.035037674
504974.jpg,0.505328,0.39868987,0.06666511,0.029316945
504975.jpg,0.0015658583,0.0022841236,0.37016422,0.6259858
504976.jpg,0.8689953,0.04445796,0.057215955,0.029330691
504977.jpg,0.0062887105,0.09587947,0.78196925,0.11586258
504978.jpg,0.3095089,0.4812086,0.13608482,0.07319779
504979.jpg,0.012888964,0.8515714,0.09888729,0.036652405
504980.jpg,0.8405606,0.07680612,0.053841222,0.028792076
504981.jpg,0.07007769,0.68168926,0.21498175,0.033251252
504982.jpg,0.85042405,0.061714154,0.059581384,0.028280377
504983.jpg,0.7978669,0.11219035,0.06181187,0.02813094
504984.jpg,0.6994293,0.10171453,0.16402178,0.034834478
504985.jpg,0.5246124,0.3828984,0.064443685,0.028045531
504986.jpg,0.8988178,0.021877669,0.050561383,0.028743263
504987.jpg,0.0075524813,0.33370563,0.104545,0.55419695
504988.jpg,0.28222692,0.26500905,0.2261032,0.22666086
504989.jpg,0.8800591,0.04339253,0.050312325,0.026236035
504990.jpg,0.80606383,0.101841114,0.059140436,0.032954607
504991.jpg,0.68060815,0.22463769,0.06759611,0.027158072
504992.jpg,0.39999536,0.17943072,0.098821886,0.32175207
504993.jpg,0.0022584433,0.0028010253,0.42214367,0.5727968
504994.jpg,0.093043,0.50776774,0.1838402,0.21534906
504995.jpg,0.72769296,0.17996004,0.060042143,0.032304857
504996.jpg,0.0010830803,0.005383492,0.4493167,0.54421675
504997.jpg,0.4245019,0.47703123,0.06614591,0.03232096
504998.jpg,0.31584725,0.5716647,0.06716713,0.045320913
504999.jpg,0.894049,0.026927419,0.055287324,0.02373626
505000.jpg,0.7906312,0.116827555,0.060512908,0.032028317
505001.jpg,0.89992976,0.021544462,0.051917147,0.026608566
505002.jpg,0.43995175,0.48062718,0.059198007,0.020223096
505003.jpg,0.875319,0.05017801,0.04850705,0.025995953
505004.jpg,0.8859765,0.045596767,0.046072558,0.02235424
505005.jpg,0.05566034,0.85849017,0.057339113,0.028510395
505006.jpg,0.10385006,0.7899272,0.07576767,0.0304551
505007.jpg,0.16839185,0.7440552,0.049170956,0.038381983
505008.jpg,0.7935158,0.10982688,0.06723384,0.029423509
505009.jpg,0.032000042,0.86680233,0.05916747,0.04203018
505010.jpg,0.82130027,0.099371314,0.052953344,0.026375093
505011.jpg,0.02710815,0.87272096,0.057645876,0.04252507
505012.jpg,0.5015555,0.39648724,0.06965542,0.032301858
505013.jpg,0.5121954,0.39051595,0.061393995,0.03589465
505014.jpg,0.014898283,0.8143766,0.06250279,0.108222336
505015.jpg,0.0018401678,0.002297571,0.99228764,0.0035746028
505016.jpg,0.87257767,0.037773993,0.056502145,0.033146124
505017.jpg,0.005956702,0.10996979,0.05363051,0.83044297
505018.jpg,0.70165104,0.19736336,0.067845315,0.033140276
505019.jpg,0.8246424,0.08694313,0.060571935,0.027842585
505020.jpg,0.72562844,0.16167091,0.07111726,0.041583266
505021.jpg,0.6671376,0.24938756,0.059841566,0.023633203
505022.jpg,0.8099687,0.09699044,0.060306523,0.032734282
505023.jpg,0.87820476,0.032201782,0.059600156,0.029993335
505024.jpg,0.6941123,0.21887839,0.06279328,0.02421597
505025.jpg,0.88143545,0.033287417,0.055169806,0.030107323
505026.jpg,0.89446044,0.018868256,0.061350055,0.02532113
505027.jpg,0.06708533,0.85099286,0.058167934,0.02375386
505028.jpg,0.6216755,0.2845055,0.062104985,0.03171408
505029.jpg,0.87892777,0.034499433,0.059963837,0.026608912
505030.jpg,0.29696026,0.62695134,0.051638875,0.02444953
505031.jpg,0.8751528,0.035538234,0.0568309,0.032478075
505033.jpg,0.8852133,0.035300247,0.055238493,0.024247956
505034.jpg,0.8866656,0.036215425,0.053215798,0.023903245
505035.jpg,0.12646584,0.7875617,0.06137303,0.024599425
505036.jpg,0.03383794,0.8937578,0.049030595,0.023373634
505037.jpg,0.028565526,0.6166473,0.060986366,0.29380083
505038.jpg,0.88888204,0.035005644,0.050619815,0.025492506
505039.jpg,0.23723799,0.03176393,0.7238293,0.0071686753
505040.jpg,0.2861749,0.6187181,0.0637416,0.031365395
505041.jpg,0.811872,0.092894636,0.063533865,0.031699494
505042.jpg,0.7936452,0.11205685,0.06738368,0.026914239
505043.jpg,0.8766621,0.038699284,0.050788477,0.03385016
505044.jpg,0.35065278,0.5449345,0.06831087,0.03610184
505045.jpg,0.724938,0.14438458,0.09957885,0.031098578
505046.jpg,0.21751721,0.67682225,0.069178194,0.036482308
505047.jpg,0.9024902,0.021951504,0.04880686,0.026751418
505048.jpg,0.9020743,0.015899288,0.053676356,0.028350059
505049.jpg,0.8385796,0.06600353,0.06936002,0.026056806
505050.jpg,0.8691046,0.04372071,0.06319818,0.02397653
505051.jpg,0.045233138,0.8711879,0.050517935,0.033061028
505052.jpg,0.0020328858,0.0025181149,0.5454509,0.4499981
505053.jpg,0.8729913,0.042047612,0.055331293,0.029629787
505054.jpg,0.850935,0.068253964,0.055070773,0.025740288
505055.jpg,0.30166748,0.61917025,0.053642344,0.025519937
505056.jpg,0.61762387,0.28671008,0.06187162,0.033794444
505057.jpg,0.8678912,0.055942383,0.05160956,0.024556827
505058.jpg,0.05894498,0.7717809,0.06171499,0.10755915
505059.jpg,0.8872683,0.028550407,0.058922887,0.025258392
505060.jpg,0.6176475,0.28498313,0.06582827,0.031541057
505061.jpg,0.90834916,0.018347297,0.04975061,0.023552947
505062.jpg,0.8970492,0.025704077,0.04949992,0.027746784
505063.jpg,0.8806537,0.03897892,0.05261595,0.027751518
505064.jpg,0.17094663,0.7444925,0.05634598,0.028214924
505065.jpg,0.6940187,0.21837689,0.059199333,0.028404964
505066.jpg,0.857905,0.056342985,0.05786825,0.027883857
505067.jpg,0.86903787,0.043072555,0.059603624,0.028286053
505068.jpg,0.8933777,0.02081925,0.056979656,0.028823312
505069.jpg,0.11919904,0.80292267,0.05380992,0.024068343
505070.jpg,0.17247885,0.18946604,0.42144945,0.2166057
505071.jpg,0.63437575,0.26251826,0.07210921,0.030996706
505072.jpg,0.6030235,0.30098784,0.060273495,0.035715126
505073.jpg,0.82741874,0.09844253,0.050364286,0.023774471
505074.jpg,0.20079657,0.68302625,0.07058854,0.04558863
505075.jpg,0.6329722,0.26432043,0.06669254,0.036014833
505076.jpg,0.26110107,0.63993376,0.06310654,0.035858653
505077.jpg,0.15467405,0.011940302,0.7343572,0.09902843
505078.jpg,0.8770565,0.03846906,0.059349734,0.025124753
505079.jpg,0.021184113,0.01745253,0.5090476,0.45231575
505080.jpg,0.037926503,0.8861768,0.045649234,0.03024742
505081.jpg,0.22795707,0.70008624,0.046332,0.0256247
505082.jpg,0.031961635,0.8857238,0.052088834,0.030225685
505083.jpg,0.58980215,0.31667173,0.06521752,0.02830858
505084.jpg,0.30964673,0.5990647,0.058583684,0.032704923
505085.jpg,0.0012862587,0.0023376464,0.8428212,0.15355493
505086.jpg,0.006064524,0.016987748,0.96268874,0.014258989
505087.jpg,0.8898419,0.037866335,0.04333708,0.028954724
505088.jpg,0.20199674,0.69537646,0.06474258,0.037884228
505089.jpg,0.74733865,0.15538174,0.059704967,0.03757467
505090.jpg,0.0077162236,0.3842537,0.2898082,0.31822184
505091.jpg,0.45456287,0.4425452,0.07380966,0.02908226
505092.jpg,0.0018471504,0.0035683634,0.12476896,0.8698156
505093.jpg,0.8953178,0.027931286,0.051465068,0.02528583
505094.jpg,0.112554364,0.34643158,0.2955599,0.24545418
505095.jpg,0.79927343,0.08269994,0.093755804,0.02427085
505096.jpg,0.81353647,0.09407096,0.062652126,0.02974046
505097.jpg,0.051152784,0.20947887,0.103883415,0.63548493
505098.jpg,0.01607298,0.80525863,0.0610889,0.11757951
505099.jpg,0.619602,0.29464433,0.056607075,0.02914656
505100.jpg,0.90246063,0.018433848,0.054658223,0.024447232
505101.jpg,0.46260726,0.45292494,0.060984533,0.023483269
505102.jpg,0.0070211035,0.69251454,0.074917585,0.22554678
505103.jpg,0.40222275,0.17311181,0.25676802,0.16789743
505104.jpg,0.29085615,0.04569141,0.656869,0.006583455
505105.jpg,0.8053307,0.112044625,0.058701687,0.023923006
505106.jpg,0.88073933,0.03246178,0.05933192,0.02746695
505107.jpg,0.67416465,0.23469894,0.057556912,0.033579502
505108.jpg,0.0018859996,0.0026326007,0.13427562,0.8612058
505109.jpg,0.7355204,0.16584712,0.0670288,0.031603634
505110.jpg,0.4921913,0.41142955,0.06749441,0.028884772
505111.jpg,0.22259004,0.5837627,0.07448439,0.11916288
505112.jpg,0.8825129,0.03338154,0.05443112,0.029674424
505113.jpg,0.68488,0.19513877,0.09020378,0.029777355
505114.jpg,0.50689113,0.40297058,0.061932955,0.028205335
505115.jpg,0.83514535,0.07491909,0.0576967,0.032238893
505116.jpg,0.061319657,0.86046815,0.05433018,0.023882052
505117.jpg,0.83588684,0.07469259,0.063573256,0.025847295
505118.jpg,0.8365397,0.07093874,0.059992235,0.0325294
505119.jpg,0.46956217,0.4328371,0.06457582,0.033024922
505120.jpg,0.5924066,0.2967059,0.08101156,0.02987599
505121.jpg,0.87730724,0.040800363,0.055415295,0.026477069
505122.jpg,0.027744582,0.89885986,0.052553423,0.020842161
505123.jpg,0.7104429,0.19683562,0.057796318,0.0349251
505124.jpg,0.7345023,0.1656684,0.062138002,0.037691254
505125.jpg,0.001904022,0.00398606,0.018414613,0.9756953
505126.jpg,0.35073063,0.56613606,0.060203128,0.022930136
505127.jpg,0.8348124,0.058959696,0.065689236,0.040538732
505128.jpg,0.73849404,0.05519606,0.17950183,0.02680806
505129.jpg,0.73242503,0.17753756,0.0629759,0.0270615
505130.jpg,0.023275508,0.7816237,0.05129289,0.14380792
505131.jpg,0.8831891,0.03861202,0.052107036,0.026091851
505132.jpg,0.87949723,0.04537419,0.048418574,0.02671002
505133.jpg,0.049905866,0.85994625,0.07074259,0.019405318
505134.jpg,0.879344,0.029153887,0.06273205,0.028770115
505135.jpg,0.8887901,0.033202115,0.05444575,0.023562053
505136.jpg,0.6629971,0.25025022,0.056576796,0.030175827
505137.jpg,0.0025149782,0.080088094,0.023484852,0.893912
505138.jpg,0.007165253,0.23437071,0.3537146,0.40474945
505139.jpg,0.19334418,0.47192562,0.28316596,0.051564183
505140.jpg,0.7989336,0.11282285,0.05515127,0.033092316
505141.jpg,0.15435302,0.7569982,0.058074553,0.030574275
505142.jpg,0.35785457,0.52786595,0.08119423,0.03308521
505143.jpg,0.83351547,0.073960595,0.060872953,0.03165091
505144.jpg,0.015495598,0.29820624,0.17178623,0.5145119
505145.jpg,0.88953507,0.02085958,0.060000606,0.029604822
505146.jpg,0.18509951,0.7092718,0.057953782,0.047674816
505147.jpg,0.78293675,0.12725084,0.06172463,0.028087802
505148.jpg,0.045215547,0.8130101,0.11510709,0.026667304
505149.jpg,0.35173634,0.56700945,0.059535928,0.021718284
505150.jpg,0.0014245057,0.0023506237,0.7981918,0.19803311
505151.jpg,0.016134877,0.0034407477,0.93883514,0.041589193
505152.jpg,0.351226,0.34135044,0.11556501,0.19185856
505153.jpg,0.8265737,0.07550424,0.06373951,0.034182455
505154.jpg,0.0044790786,0.0073560784,0.54734826,0.44081646
505155.jpg,0.8899058,0.025992192,0.06018849,0.023913583
505156.jpg,0.24268293,0.6643671,0.069766834,0.02318314
505157.jpg,0.6092916,0.31648526,0.04726847,0.026954694
505158.jpg,0.070686646,0.7587783,0.05342234,0.117112726
505159.jpg,0.53703845,0.35653856,0.070527,0.03589603
505160.jpg,0.1642731,0.5158755,0.27933034,0.040521044
505161.jpg,0.09192437,0.83302283,0.05567421,0.019378606
505162.jpg,0.76184344,0.15985598,0.050557557,0.027743002
505163.jpg,0.85154563,0.04937373,0.06544801,0.033632636
505164.jpg,0.026593685,0.8973626,0.053684786,0.022358872
505165.jpg,0.898166,0.02093338,0.054962914,0.025937619
505166.jpg,0.13417822,0.779126,0.06499377,0.021702094
505167.jpg,0.8994123,0.02096957,0.054376595,0.025241503
505169.jpg,0.90147686,0.020024413,0.053494476,0.025004307
505170.jpg,0.52315205,0.3732537,0.06769247,0.03590183
505171.jpg,0.83806735,0.07294798,0.05984544,0.029139208
505172.jpg,0.7960975,0.11070308,0.06602463,0.027174827
505173.jpg,0.89767605,0.027301284,0.05113377,0.023888797
505174.jpg,0.0037428157,0.0049470817,0.4775441,0.513766
505175.jpg,0.21728063,0.6801717,0.061532974,0.041014623
505176.jpg,0.0011044581,0.0010382347,0.9630897,0.034767594
505177.jpg,0.75661033,0.1627124,0.055860963,0.024816316
505178.jpg,0.0017945686,0.0033265587,0.29115805,0.70372087
505179.jpg,0.849754,0.061702285,0.05884603,0.029697783
505180.jpg,0.014086843,0.746454,0.05786184,0.18159734
505181.jpg,0.49772882,0.40485373,0.06670055,0.030716889
505183.jpg,0.19670795,0.6742935,0.059573606,0.06942485
505184.jpg,0.414486,0.50558656,0.0530162,0.026911268
505185.jpg,0.12439336,0.7824714,0.06483227,0.028302845
505186.jpg,0.14342205,0.77167225,0.05644919,0.028456548
505187.jpg,0.7010628,0.1722193,0.08046093,0.046256945
505188.jpg,0.5125597,0.39491037,0.062367294,0.030162612
505189.jpg,0.2225847,0.6276648,0.083646685,0.06610385
505190.jpg,0.084608145,0.7842756,0.07945094,0.051665265
505191.jpg,0.36994234,0.52150774,0.07509431,0.03345562
505192.jpg,0.61116594,0.2954065,0.06683864,0.026588887
505193.jpg,0.51283336,0.36842135,0.06650223,0.05224308
505194.jpg,0.7592549,0.15977581,0.0556774,0.02529185
505195.jpg,0.87726724,0.024379162,0.072083265,0.026270343
505196.jpg,0.60266733,0.29978186,0.060705133,0.036845736
505197.jpg,0.23446745,0.67713857,0.059057295,0.029336618
505198.jpg,0.003968196,0.0022779433,0.93032116,0.06343266
505199.jpg,0.029587086,0.8592009,0.06741932,0.04379274
505200.jpg,0.062406763,0.85072374,0.05369328,0.03317617
505201.jpg,0.078650266,0.84679544,0.05039994,0.024154369
505202.jpg,0.8886404,0.030202158,0.053836945,0.027320486
505203.jpg,0.8775034,0.0436299,0.055449072,0.023417631
505204.jpg,0.88547605,0.033600617,0.05446509,0.026458273
505205.jpg,0.001590203,0.012981798,0.3000244,0.6854036
505206.jpg,0.8951803,0.030134393,0.05033149,0.024353884
505207.jpg,0.062785745,0.2840958,0.12531848,0.52779996
505208.jpg,0.8060378,0.10972101,0.055867486,0.028373599
505209.jpg,0.89828,0.01910919,0.055662055,0.026948668
505210.jpg,0.8859754,0.029308097,0.05348581,0.03123068
505211.jpg,0.88935405,0.02596853,0.05576472,0.028912663
505212.jpg,0.890202,0.03362159,0.05198249,0.02419398
505213.jpg,0.11343205,0.7773586,0.06514521,0.044064112
505214.jpg,0.2772463,0.6348142,0.056513682,0.03142579
505215.jpg,0.7798023,0.13783395,0.06081226,0.02155144
505216.jpg,0.88203454,0.029984053,0.056363184,0.03161827
505217.jpg,0.11261453,0.80234,0.05692769,0.028117772
505218.jpg,0.5103839,0.353509,0.08717378,0.048933346
505219.jpg,0.6374521,0.27035993,0.05881415,0.03337371
505220.jpg,0.021468788,0.88826215,0.05863835,0.03163069
505221.jpg,0.8769219,0.034772947,0.059917204,0.028387986
505222.jpg,0.031857956,0.88638735,0.05762283,0.024131907
505223.jpg,0.85666794,0.059242383,0.058373313,0.025716385
505224.jpg,0.9049184,0.022995058,0.048233736,0.023852808
505225.jpg,0.8999653,0.020930711,0.055910666,0.023193348
505226.jpg,0.0018929552,0.0039570597,0.082852155,0.9112978
505227.jpg,0.88099754,0.042159032,0.0526553,0.024188034
505228.jpg,0.8939431,0.018978037,0.059436798,0.027642088
505229.jpg,0.88549024,0.03575225,0.052551642,0.026205875
505230.jpg,0.58849895,0.2822026,0.086478084,0.042820312
505231.jpg,0.080624424,0.8300355,0.06046124,0.028878815
505232.jpg,0.6812407,0.2234762,0.0650464,0.030236669
505233.jpg,0.012909869,0.55715215,0.06244186,0.3674961
505234.jpg,0.096289076,0.8228485,0.059123516,0.021738907
505235.jpg,0.5306142,0.37209046,0.066770345,0.030524962
505236.jpg,0.25884265,0.36776632,0.30323735,0.07015368
505237.jpg,0.20455317,0.6226275,0.110339195,0.062480118
505238.jpg,0.645558,0.26029164,0.061728135,0.032422237
505239.jpg,0.69090044,0.22171277,0.053252,0.034134857
505240.jpg,0.6298555,0.27665272,0.059014875,0.03447683
505241.jpg,0.87393343,0.03601457,0.0628234,0.02722856
505242.jpg,0.7438018,0.16857103,0.061758578,0.02586863
505243.jpg,0.4011909,0.48743984,0.079561524,0.031807747
505244.jpg,0.6622372,0.23051728,0.07526096,0.031984553
505245.jpg,0.065003715,0.34414113,0.30095768,0.28989753
505246.jpg,0.86613053,0.045534227,0.060473483,0.027861787
505247.jpg,0.12062148,0.7990404,0.05213315,0.028204964
505248.jpg,0.07947067,0.8351974,0.055235546,0.030096339
505249.jpg,0.88134336,0.04623753,0.051096573,0.021322604
505250.jpg,0.850143,0.06570872,0.05278288,0.03136544
505251.jpg,0.0011784362,0.0036209014,0.49669224,0.49850845
505252.jpg,0.87067866,0.049376305,0.055164054,0.024780987
505253.jpg,0.8789839,0.043045804,0.0538572,0.024113107
505254.jpg,0.88692254,0.031879343,0.053243116,0.027955081
505255.jpg,0.8945348,0.030909048,0.048669048,0.025887001
505256.jpg,0.0023026988,0.002612643,0.4438964,0.5511883
505257.jpg,0.021138292,0.83941835,0.08298908,0.05645426
505258.jpg,0.8854136,0.036795776,0.052203998,0.025586627
505259.jpg,0.0013355153,0.0054425653,0.39873397,0.5944879
505260.jpg,0.86017823,0.057146702,0.05518065,0.027494514
505261.jpg,0.87285364,0.031716846,0.06362028,0.03180923
505262.jpg,0.297832,0.6171099,0.05764745,0.02741064
505263.jpg,0.84722847,0.052993823,0.06172943,0.038048245
505264.jpg,0.655236,0.25385302,0.0537606,0.037150417
505265.jpg,0.87975496,0.040863737,0.054923687,0.024457643
505266.jpg,0.0021361718,0.0020316117,0.16914462,0.8266876
505267.jpg,0.8812478,0.034459934,0.057423625,0.026868619
505268.jpg,0.8085051,0.099452645,0.061989095,0.03005322
505269.jpg,0.8943119,0.030311843,0.051305808,0.024070406
505270.jpg,0.81103677,0.095586866,0.060740285,0.032636125
505272.jpg,0.7760106,0.12599665,0.058731478,0.03926129
505273.jpg,0.6878794,0.217654,0.065075964,0.029390613
505274.jpg,0.03680476,0.21170434,0.6758972,0.075593725
505275.jpg,0.024425082,0.88652515,0.06226413,0.026785636
505276.jpg,0.87694865,0.042392742,0.052760314,0.027898243
505277.jpg,0.03174095,0.5771237,0.2914571,0.09967829
505278.jpg,0.72350144,0.19103096,0.053230647,0.032236993
505279.jpg,0.080658354,0.83564186,0.053260405,0.03043934
505280.jpg,0.47428358,0.4409051,0.06161768,0.023193667
505281.jpg,0.35738122,0.54811805,0.06290693,0.0315938
505282.jpg,0.80285376,0.10656702,0.057997234,0.03258206
505283.jpg,0.78092986,0.12317398,0.06623635,0.0296598
505284.jpg,0.8422946,0.058211908,0.06682456,0.032668922
505285.jpg,0.0032754475,0.003975321,0.3094298,0.6833195
505286.jpg,0.9044499,0.025534473,0.049396455,0.020619217
505287.jpg,0.7979548,0.10569523,0.06656162,0.029788302
505288.jpg,0.72924644,0.15631253,0.06920554,0.04523545
505289.jpg,0.8487824,0.0752546,0.053218294,0.022744708
505290.jpg,0.6620532,0.24203365,0.06785647,0.028056618
505291.jpg,0.33312228,0.56374145,0.070257686,0.03287862
505292.jpg,0.2929238,0.6147884,0.06148794,0.030799827
505293.jpg,0.8646807,0.047735434,0.06738421,0.020199593
505294.jpg,0.549718,0.37731552,0.04646204,0.026504487
505295.jpg,0.54522127,0.35971224,0.068245165,0.026821356
505296.jpg,0.08030694,0.8365895,0.049636696,0.033466928
505297.jpg,0.8198984,0.08811641,0.060154226,0.031830903
505298.jpg,0.028412959,0.8620608,0.062154822,0.047371455
505299.jpg,0.0019601488,0.001960725,0.3125931,0.6834861
505300.jpg,0.0022542458,0.003702336,0.41045722,0.5835862
505301.jpg,0.85227746,0.0579526,0.05667782,0.033092115
505302.jpg,0.5553572,0.33263475,0.06832218,0.043685973
505303.jpg,0.89880234,0.025203027,0.052121386,0.023873331
505304.jpg,0.63175,0.26495513,0.06511386,0.038181055
505305.jpg,0.06950845,0.8319137,0.06243784,0.036139987
505306.jpg,0.86929417,0.026646694,0.07003531,0.034023836
505307.jpg,0.022732379,0.89494336,0.051698368,0.030625973
505308.jpg,0.78723544,0.117867485,0.06413779,0.030759338
505309.jpg,0.004079444,0.06243548,0.38630113,0.547184
505310.jpg,0.58580667,0.31173304,0.067712426,0.03474788
505311.jpg,0.0017470527,0.0028037364,0.36865875,0.6267904
505312.jpg,0.04946953,0.63949054,0.07548052,0.23555936
505313.jpg,0.12076281,0.7736766,0.06573502,0.039825626
505314.jpg,0.0015909555,0.0019009194,0.5882273,0.40828085
505315.jpg,0.018278517,0.85931975,0.05777939,0.06462237
505316.jpg,0.0018592639,0.0028831277,0.48906836,0.5061892
505317.jpg,0.8686273,0.05300663,0.050029755,0.028336283
505318.jpg,0.5540817,0.35102656,0.06390646,0.030985279
505319.jpg,0.007081897,0.08279925,0.7331847,0.1769341
505320.jpg,0.88286436,0.024098098,0.06060946,0.032428022
505321.jpg,0.86732346,0.044248562,0.05736114,0.031066848
505322.jpg,0.6177859,0.2839395,0.062094808,0.036179833
505323.jpg,0.74908024,0.14484273,0.0730764,0.03300062
505324.jpg,0.011118446,0.096243806,0.55145824,0.34117952
505325.jpg,0.02707345,0.8813375,0.06726148,0.024327578
505326.jpg,0.9077907,0.01647074,0.05244871,0.023289852
505327.jpg,0.072304636,0.83255744,0.06364504,0.031492904
505328.jpg,0.674773,0.2333123,0.06501598,0.026898671
505329.jpg,0.88911915,0.02901053,0.05658539,0.025284972
505330.jpg,0.15498286,0.7159614,0.09598525,0.03307046
505331.jpg,0.3597915,0.5412438,0.06621148,0.032753337
505332.jpg,0.04045937,0.8754214,0.055435106,0.028684037
505333.jpg,0.036283825,0.17529042,0.15490846,0.6335173
505334.jpg,0.0021448152,0.005455649,0.3075052,0.6848943
505335.jpg,0.85875106,0.057862952,0.052629657,0.030756257
505336.jpg,0.8866139,0.03510476,0.05380312,0.024478264
505337.jpg,0.25535995,0.6722399,0.045111656,0.027288502
505338.jpg,0.37026903,0.5273784,0.06521776,0.03713474
505339.jpg,0.88183475,0.033684593,0.059661064,0.024819605
505340.jpg,0.89551896,0.030985015,0.051177222,0.022318905
505341.jpg,0.36729288,0.54164594,0.06021085,0.030850401
505342.jpg,0.1146411,0.81169075,0.053172853,0.020495255
505343.jpg,0.78962636,0.13157155,0.049585335,0.029216724
505344.jpg,0.8962194,0.023834052,0.0531648,0.026781816
505345.jpg,0.6499665,0.26922974,0.054778714,0.02602506
505346.jpg,0.885247,0.02399263,0.060511623,0.030248735
505347.jpg,0.020007886,0.18673614,0.6642902,0.1289658
505348.jpg,0.8802312,0.035379127,0.055304315,0.029085271
505349.jpg,0.07151608,0.83795977,0.06809184,0.022432238
505350.jpg,0.88956916,0.026514255,0.05588134,0.028035186
505351.jpg,0.3110854,0.061791852,0.6121724,0.014950325
505352.jpg,0.040795367,0.1672714,0.051695935,0.74023736
505353.jpg,0.71922153,0.15567568,0.10453332,0.0205695
505354.jpg,0.822802,0.09138857,0.05780272,0.02800674
505355.jpg,0.41688713,0.40284646,0.09906419,0.081202224
505356.jpg,0.019867443,0.7258961,0.045318257,0.20891812
505357.jpg,0.3711173,0.5195136,0.076516666,0.03285242
505358.jpg,0.061306324,0.8506572,0.05728141,0.030754987
505359.jpg,0.31444842,0.05734155,0.42387205,0.20433797
505360.jpg,0.65503097,0.25798395,0.056174353,0.030810747
505361.jpg,0.006925136,0.030783646,0.91650134,0.045789883
505362.jpg,0.8821798,0.03441877,0.047256615,0.03614481
505363.jpg,0.6296058,0.27301,0.06231674,0.03506743
505364.jpg,0.8326836,0.08066337,0.058856767,0.027796302
505365.jpg,0.2985331,0.6056904,0.06925037,0.026526071
505366.jpg,0.7166799,0.1807758,0.07486146,0.027682863
505367.jpg,0.6299463,0.18974866,0.1318788,0.048426215
505368.jpg,0.034407683,0.17143424,0.05667719,0.7374809
505369.jpg,0.87376434,0.05003598,0.048960544,0.02723908
505370.jpg,0.09659688,0.7864792,0.07517641,0.04174759
505371.jpg,0.7789018,0.12678602,0.063296966,0.0310152
505372.jpg,0.89919513,0.01779113,0.05494003,0.028073702
505373.jpg,0.30108848,0.6090224,0.0527622,0.03712696
505374.jpg,0.86096764,0.04308783,0.0671532,0.028791402
505375.jpg,0.8341986,0.094673164,0.051142607,0.019985652
505376.jpg,0.69044846,0.19545071,0.06533044,0.048770454
505377.jpg,0.8885493,0.034043297,0.055414047,0.021993361
505378.jpg,0.026678588,0.8843925,0.056767277,0.032161653
505379.jpg,0.43391037,0.47551277,0.06273346,0.027843377
505380.jpg,0.019158078,0.8949086,0.051207718,0.0347257
505381.jpg,0.6514775,0.23930033,0.073027976,0.036194224
505382.jpg,0.9002993,0.01855238,0.056848526,0.024299745
505383.jpg,0.89707446,0.019896286,0.055725437,0.027303837
505384.jpg,0.53499323,0.37374032,0.06659141,0.024675105
505385.jpg,0.5965268,0.3273095,0.048663042,0.027500758
505386.jpg,0.85617244,0.07027174,0.04991508,0.023640731
505387.jpg,0.8797816,0.03704099,0.056909647,0.026267745
505388.jpg,0.019741591,0.89784473,0.057419226,0.024994455
505389.jpg,0.77736115,0.12937707,0.058473904,0.034787882
505390.jpg,0.0013819293,0.0010533412,0.9869599,0.010604741
505391.jpg,0.5941,0.28519922,0.07678461,0.043916218
505392.jpg,0.51301426,0.39276633,0.065331325,0.028888073
505393.jpg,0.79464424,0.10808591,0.062113147,0.035156634
505394.jpg,0.81684434,0.083892785,0.067175254,0.032087635
505395.jpg,0.7396085,0.18010533,0.053627,0.026659152
505396.jpg,0.2881518,0.49651188,0.058804452,0.1565319
505397.jpg,0.49252865,0.42905584,0.05173832,0.026677173
505398.jpg,0.834775,0.077156216,0.059740312,0.028328545
505399.jpg,0.6972035,0.2040667,0.06402993,0.034699857
505400.jpg,0.89021534,0.028783824,0.057276607,0.023724265
505401.jpg,0.72277695,0.18157162,0.058351118,0.037300333
505402.jpg,0.020642497,0.88692594,0.057850294,0.03458131
505403.jpg,0.74312466,0.16129287,0.06682309,0.02875938
505404.jpg,0.5053589,0.18210131,0.2589885,0.05355138
505405.jpg,0.8537603,0.055841967,0.06040321,0.029994514
505406.jpg,0.37103632,0.5267213,0.07019505,0.03204734
505407.jpg,0.009052957,0.08399472,0.59365904,0.31329334
505408.jpg,0.8707594,0.04278988,0.060228553,0.026222195
505409.jpg,0.0024400838,0.016426861,0.4140179,0.5671151
505410.jpg,0.0009149969,0.0020256443,0.83090276,0.1661566
505411.jpg,0.0050323424,0.062882796,0.76560587,0.16647895
505412.jpg,0.88671887,0.024225926,0.06313172,0.025923477
505413.jpg,0.39329308,0.51046985,0.063790865,0.032446146
505414.jpg,0.61408967,0.28958306,0.061688468,0.03463881
505415.jpg,0.14986557,0.7476331,0.062426653,0.04007464
505416.jpg,0.55339026,0.31438562,0.08136647,0.05085764
505418.jpg,0.8925247,0.024492396,0.056219194,0.026763637
505419.jpg,0.47602212,0.43448126,0.062081583,0.027415
505420.jpg,0.05233878,0.5247283,0.050304815,0.3726281
505421.jpg,0.8854625,0.031637024,0.054876175,0.028024256
505422.jpg,0.88298357,0.0425332,0.050375745,0.024107471
505423.jpg,0.8728918,0.05121022,0.05190523,0.02399274
505424.jpg,0.012972078,0.060210817,0.686118,0.24069911
505425.jpg,0.8699553,0.05023188,0.05388634,0.025926474
505426.jpg,0.889028,0.023184888,0.05949855,0.028288543
505427.jpg,0.87762827,0.048539955,0.050440542,0.023391208
505428.jpg,0.05714788,0.8614092,0.053338077,0.028104898
505429.jpg,0.38651705,0.52401626,0.06411616,0.025350465
505430.jpg,0.42079887,0.4691686,0.0730491,0.03698339
505431.jpg,0.9032386,0.017804226,0.056265593,0.022691544
505432.jpg,0.7504396,0.15942146,0.05887719,0.031261764
505433.jpg,0.4355171,0.46442637,0.06822398,0.031832542
505434.jpg,0.86784977,0.05308134,0.055276494,0.023792462
505435.jpg,0.5658756,0.34501755,0.06463806,0.024468785
505436.jpg,0.0023527264,0.0034235604,0.31298405,0.6812397
505438.jpg,0.9033025,0.022728007,0.047393166,0.026576312
505439.jpg,0.0013249429,0.004234351,0.33627558,0.6581651
505440.jpg,0.7199581,0.16683282,0.09299835,0.020210717
505441.jpg,0.8900121,0.019798914,0.060357325,0.029831631
505442.jpg,0.13237122,0.77812177,0.06258157,0.026925394
505443.jpg,0.68314016,0.20665982,0.06564798,0.044552054
505444.jpg,0.60403013,0.3016459,0.06392063,0.030403303
505445.jpg,0.08892447,0.8366923,0.03691363,0.03746961
505446.jpg,0.019155962,0.752967,0.046778288,0.1810988
505447.jpg,0.8211169,0.10025071,0.049645264,0.028987097
505448.jpg,0.5309344,0.36431682,0.07075182,0.03399696
505449.jpg,0.07202176,0.8381887,0.063694865,0.026094634
505450.jpg,0.88508826,0.028889706,0.059625942,0.026396053
505451.jpg,0.002091397,0.0043204147,0.62870485,0.36488336
505452.jpg,0.5994933,0.313252,0.0559548,0.03129981
505453.jpg,0.001022957,0.0010241747,0.9944724,0.0034805408
505454.jpg,0.0045334455,0.003107846,0.5956321,0.39672673
505455.jpg,0.25215912,0.651722,0.06784967,0.02826921
505456.jpg,0.0046130167,0.032335,0.044031385,0.91902053
505457.jpg,0.7174535,0.17205472,0.07262085,0.037870966
505458.jpg,0.75025356,0.14275528,0.082583,0.024408152
505459.jpg,0.7083104,0.2143786,0.052478194,0.024832781
505460.jpg,0.40980613,0.48077196,0.06621384,0.043208048
505461.jpg,0.2237997,0.31414422,0.17070968,0.29134643
505462.jpg,0.2115621,0.63255,0.082309365,0.07357853
505463.jpg,0.0012626976,0.0023088465,0.66725796,0.3291705
505464.jpg,0.8818053,0.036449816,0.056995884,0.024749001
505465.jpg,0.89328533,0.020810328,0.056621313,0.029283008
505466.jpg,0.85696805,0.06328126,0.055260476,0.02449026
505467.jpg,0.73077464,0.1674227,0.064224936,0.03757779
505468.jpg,0.0926387,0.48413795,0.06412906,0.35909426
505469.jpg,0.02414035,0.8890813,0.05641279,0.03036552
505470.jpg,0.79357123,0.118747234,0.061761405,0.025920033
505471.jpg,0.059575517,0.8449929,0.068633676,0.026797872
505472.jpg,0.7802,0.11402949,0.08560247,0.020168088
505473.jpg,0.7280567,0.18907347,0.058099084,0.02477063
505474.jpg,0.0017361678,0.0017869866,0.7297221,0.26675478
505475.jpg,0.6790864,0.15075833,0.090754114,0.0794012
505476.jpg,0.36189392,0.55858135,0.052750185,0.026774537
505477.jpg,0.656851,0.26700938,0.05097167,0.02516795
505478.jpg,0.003990247,0.0066340324,0.31071216,0.67866355
505479.jpg,0.0009567642,0.0011834744,0.86792696,0.12993279
505480.jpg,0.57537484,0.32597724,0.06367895,0.0349689
505481.jpg,0.6358599,0.2533939,0.06931403,0.041432217
505482.jpg,0.044031635,0.4992985,0.14385013,0.31281972
505483.jpg,0.0836611,0.8400858,0.05704644,0.01920664
505484.jpg,0.8534824,0.065276414,0.054439146,0.026802072
505485.jpg,0.8483733,0.073834755,0.05675684,0.021035131
505486.jpg,0.6482997,0.21231748,0.11311589,0.026266955
505487.jpg,0.89319205,0.026310977,0.05400077,0.026496157
505488.jpg,0.89054817,0.024395801,0.060446844,0.024609132
505489.jpg,0.90244156,0.017684223,0.05313613,0.02673806
505490.jpg,0.9000724,0.02188349,0.052737188,0.02530702
505491.jpg,0.7355289,0.163644,0.062497158,0.038329948
505492.jpg,0.13159731,0.7884372,0.056542397,0.023423107
505493.jpg,0.8751084,0.043381378,0.052540656,0.028969642
505494.jpg,0.18685283,0.41933215,0.19809373,0.19572128
505495.jpg,0.7264182,0.18769301,0.055678885,0.030209959
505496.jpg,0.87265366,0.040906716,0.054734156,0.03170549
505497.jpg,0.9033965,0.022929864,0.04974042,0.02393316
505498.jpg,0.70630485,0.20440052,0.06439084,0.024903791
505499.jpg,0.78888655,0.116725005,0.05839858,0.035989866
505500.jpg,0.0010920311,0.00169651,0.5246542,0.47255722
505501.jpg,0.8651951,0.05037308,0.05794452,0.026487328
505502.jpg,0.18431953,0.040344056,0.6434642,0.1318722
505503.jpg,0.30383736,0.61375725,0.06101456,0.021390837
505504.jpg,0.88553375,0.036451474,0.05494998,0.023064746
505505.jpg,0.86772895,0.048448224,0.054562297,0.029260516
505506.jpg,0.9021586,0.016769292,0.05044802,0.030624019
505507.jpg,0.027456641,0.89404637,0.05627461,0.022222392
505508.jpg,0.18976603,0.72141576,0.063562185,0.025256015
505509.jpg,0.20554022,0.071220346,0.63436484,0.08887459
505510.jpg,0.8497355,0.0591229,0.06102819,0.030113433
505511.jpg,0.093389176,0.8315649,0.04978935,0.025256515
505512.jpg,0.073119864,0.8375935,0.06380284,0.025483795
505513.jpg,0.8925849,0.025085868,0.054827496,0.027501697
505514.jpg,0.81115717,0.10528076,0.054734644,0.028827421
505515.jpg,0.79571104,0.11204836,0.065851115,0.02638944
505516.jpg,0.69404036,0.060795825,0.21141617,0.033747617
505517.jpg,0.31988692,0.59078085,0.06054731,0.028784905
505518.jpg,0.0015184437,0.0035882874,0.5015914,0.4933018
505519.jpg,0.06313043,0.84278226,0.064535156,0.029552115
505520.jpg,0.001000481,0.0011432201,0.9453599,0.052496385
505521.jpg,0.005084243,0.0034136537,0.64657825,0.34492385
505522.jpg,0.8970677,0.029430995,0.051106207,0.02239505
505523.jpg,0.87462956,0.042253837,0.059029978,0.024086619
505524.jpg,0.7996384,0.10582515,0.06443083,0.030105641
505525.jpg,0.34605438,0.54796726,0.074856386,0.031121923
505526.jpg,0.09060463,0.83664346,0.04741337,0.0253386
505527.jpg,0.8952054,0.01903185,0.056610107,0.029152628
505528.jpg,0.70362175,0.19916756,0.069306225,0.027904425
505529.jpg,0.66287786,0.25622427,0.05449242,0.026405409
505530.jpg,0.0006533053,0.0014456199,0.9692373,0.028663775
505531.jpg,0.3157923,0.42808968,0.103054896,0.15306312
505532.jpg,0.4987419,0.41579834,0.062734336,0.022725413
505533.jpg,0.8840969,0.031432174,0.054508645,0.029962216
505534.jpg,0.8888111,0.025264002,0.059736133,0.02618879
505535.jpg,0.03858904,0.8798158,0.053026848,0.02856828
505536.jpg,0.8807341,0.04207562,0.055505224,0.021685127
505537.jpg,0.34482956,0.5576292,0.06894549,0.028595759
505538.jpg,0.09061686,0.8267125,0.055191986,0.027478704
505539.jpg,0.8035708,0.10734893,0.05458788,0.034492433
505540.jpg,0.37287912,0.51880956,0.06781115,0.04050013
505541.jpg,0.8571089,0.056739237,0.05393429,0.03221757
505542.jpg,0.66633576,0.25401676,0.05171938,0.02792811
505543.jpg,0.8533206,0.07548934,0.04804437,0.023145732
505544.jpg,0.8749201,0.04605257,0.053492606,0.025534742
505545.jpg,0.8077752,0.110825635,0.051017106,0.030382127
505546.jpg,0.0035152559,0.08655301,0.02586345,0.88406825
505547.jpg,0.07820097,0.8446095,0.05519404,0.021995531
505548.jpg,0.50231445,0.15415625,0.22395407,0.11957526
505549.jpg,0.6962704,0.22143576,0.059541967,0.022751853
505550.jpg,0.3859909,0.5221817,0.05811737,0.03371008
505551.jpg,0.44729954,0.47011322,0.055220883,0.027366325
505552.jpg,0.005433594,0.20481364,0.086038865,0.70371395
505553.jpg,0.67856526,0.21386981,0.06524898,0.042315915
505554.jpg,0.8890275,0.035756007,0.051790427,0.023425983
505555.jpg,0.7347754,0.17198303,0.060127974,0.033113644
505556.jpg,0.15809171,0.7520436,0.05784877,0.032015942
505557.jpg,0.6655053,0.23789597,0.0659787,0.030620012
505558.jpg,0.8289024,0.08083546,0.05505085,0.035211273
505559.jpg,0.82378864,0.09024128,0.054392643,0.031577315
505560.jpg,0.8932798,0.024339635,0.054021742,0.028358787
505561.jpg,0.1868374,0.71072435,0.05898759,0.043450713
505562.jpg,0.016693678,0.31858322,0.38092473,0.28379837
505563.jpg,0.075870015,0.8466351,0.053763773,0.02373107
505564.jpg,0.02583247,0.8907993,0.058267456,0.02510074
505565.jpg,0.3236208,0.528881,0.10078116,0.04671701
505566.jpg,0.079722166,0.8380532,0.057536706,0.02468781
505567.jpg,0.78323483,0.120917335,0.06210039,0.03374753
505568.jpg,0.8715171,0.042974755,0.057889327,0.027618805
505569.jpg,0.002646106,0.0026785354,0.48023468,0.51444066
505570.jpg,0.043409303,0.6089223,0.21658044,0.13108803
505571.jpg,0.10252035,0.8097442,0.06332168,0.024413701
505572.jpg,0.0015202757,0.0020260694,0.88731587,0.109137766
505573.jpg,0.11032015,0.38045478,0.1196545,0.3895706
505574.jpg,0.799557,0.122951694,0.0540441,0.023447238
505575.jpg,0.68817836,0.21738292,0.06931446,0.025124285
505576.jpg,0.8659828,0.044357523,0.06010719,0.029552443
505577.jpg,0.13369244,0.78590846,0.05918394,0.021215148
505578.jpg,0.90470517,0.019814856,0.049834028,0.025646029
505579.jpg,0.0016399695,0.0031142086,0.3090428,0.68620294
505580.jpg,0.8896781,0.023474094,0.0610806,0.025767157
505581.jpg,0.79595584,0.122631975,0.053705607,0.02770663
505582.jpg,0.8996224,0.029834893,0.04856725,0.021975484
505583.jpg,0.332851,0.5103163,0.060178943,0.09665377
505584.jpg,0.01718879,0.45212168,0.07300077,0.45768875
505585.jpg,0.28787616,0.107735075,0.30767953,0.29670924
505586.jpg,0.8698952,0.038893897,0.062429164,0.028781679
505587.jpg,0.8837287,0.032981813,0.0545117,0.02877777
505588.jpg,0.90414166,0.020451555,0.0513323,0.024074439
505589.jpg,0.011316666,0.39560562,0.06416094,0.5289168
505590.jpg,0.37694603,0.5347451,0.06399703,0.024311826
505591.jpg,0.5121069,0.12573369,0.33081338,0.031345997
505592.jpg,0.7813721,0.13203768,0.059903104,0.026687164
505593.jpg,0.24794579,0.66500396,0.062695876,0.024354449
505594.jpg,0.0016242386,0.0023627705,0.8860149,0.10999806
505595.jpg,0.04438457,0.87106603,0.059989434,0.024559941
505596.jpg,0.82712555,0.09209466,0.057606593,0.02317325
505597.jpg,0.8969202,0.025401704,0.05004178,0.027636267
505598.jpg,0.4994,0.39637154,0.07175586,0.03247259
505599.jpg,0.8952766,0.01930215,0.056351848,0.029069377
505600.jpg,0.036300283,0.0116960965,0.732444,0.21955964
505601.jpg,0.0009887024,0.0021295748,0.8063784,0.19050325
505602.jpg,0.040922556,0.87252605,0.05757547,0.028975913
505603.jpg,0.8422439,0.0485366,0.08422036,0.024999112
505604.jpg,0.493499,0.4033519,0.06981952,0.03332952
505605.jpg,0.8986205,0.02614862,0.050024755,0.025206188
505606.jpg,0.24728765,0.675616,0.055506084,0.021590339
505607.jpg,0.60205257,0.29400304,0.070037164,0.033907253
505608.jpg,0.541528,0.3547881,0.07937314,0.024310708
505609.jpg,0.1362461,0.76205033,0.065150246,0.03655332
505610.jpg,0.092690475,0.82524705,0.046296395,0.035766058
505611.jpg,0.5201168,0.3793162,0.064778835,0.035788205
505612.jpg,0.74808717,0.15650088,0.06120416,0.03420778
505613.jpg,0.82376325,0.07159723,0.080576114,0.024063379
505614.jpg,0.009791902,0.44794354,0.019964518,0.52230006
505615.jpg,0.12638375,0.5389817,0.09221034,0.24242422
505616.jpg,0.7870164,0.10837693,0.07328125,0.031325396
505617.jpg,0.84994096,0.06843224,0.055457987,0.026168786
505618.jpg,0.594305,0.32583153,0.055561822,0.024301663
505619.jpg,0.85493314,0.064389914,0.05465679,0.026020247
505620.jpg,0.8957746,0.0275892,0.05196573,0.024670403
505621.jpg,0.68543226,0.20691198,0.06504658,0.04260917
505622.jpg,0.017928062,0.59173703,0.09820822,0.29212674
505623.jpg,0.005039562,0.07196282,0.7602885,0.16270912
505624.jpg,0.7173085,0.18612078,0.061779976,0.034790754
505625.jpg,0.8352134,0.077926494,0.058488216,0.028371831
505626.jpg,0.0008280876,0.0012836542,0.9637969,0.034091283
505627.jpg,0.092358045,0.826354,0.052674383,0.02861358
505628.jpg,0.002090899,0.0054577347,0.30862176,0.68382955
505629.jpg,0.90460247,0.026089795,0.04827555,0.02103217
505630.jpg,0.02516555,0.88279057,0.060385108,0.03165877
505631.jpg,0.89388263,0.02703872,0.05508957,0.023989076
505632.jpg,0.0020686062,0.0056888186,0.964356,0.027886633
505633.jpg,0.7941054,0.11727989,0.059188314,0.02942643
505634.jpg,0.05988358,0.84979486,0.05988334,0.030438257
505635.jpg,0.8504661,0.055113744,0.06340226,0.03101798
505636.jpg,0.88220453,0.040709104,0.05495904,0.022127267
505637.jpg,0.0015376152,0.0024134538,0.023437498,0.9726114
505638.jpg,0.89023614,0.023684766,0.05787692,0.02820215
505639.jpg,0.19042923,0.26875582,0.21523649,0.32557845
505640.jpg,0.7463079,0.17729351,0.05312701,0.02327156
505641.jpg,0.3895625,0.25830615,0.3134148,0.038716596
505642.jpg,0.016661508,0.012263213,0.76256645,0.20850883
505643.jpg,0.237077,0.6720016,0.061524253,0.029397216
505644.jpg,0.6358369,0.26928833,0.06490725,0.02996751
505645.jpg,0.3291368,0.58396566,0.053223625,0.03367391
505646.jpg,0.9022763,0.019074526,0.05758604,0.021063216
505647.jpg,0.49890554,0.38985434,0.07167016,0.03956996
505648.jpg,0.8149081,0.092312485,0.062337093,0.030442374
505649.jpg,0.85458684,0.057566993,0.05574457,0.03210166
505650.jpg,0.90160155,0.017701937,0.05365869,0.027037814
505651.jpg,0.0010624647,0.0016954003,0.81144136,0.18580073
505652.jpg,0.14036222,0.75352395,0.06853664,0.0375772
505653.jpg,0.8481099,0.057912316,0.06570016,0.02827761
505655.jpg,0.20554318,0.66047,0.09670486,0.037281986
505656.jpg,0.8887323,0.028917082,0.055230573,0.027119987
505657.jpg,0.0007494571,0.00075992267,0.99107414,0.007416514
505658.jpg,0.18611047,0.7326095,0.053493347,0.027786665
505659.jpg,0.0009343862,0.0015373845,0.9714812,0.026047055
505660.jpg,0.4502517,0.4520109,0.060998242,0.03673917
505661.jpg,0.65329194,0.2675134,0.056177165,0.023017507
505662.jpg,0.3755411,0.52892905,0.06536362,0.030166222
505663.jpg,0.0007444341,0.0011901022,0.9819442,0.016121166
505664.jpg,0.24850777,0.6642581,0.066046625,0.021187475
505665.jpg,0.22459953,0.68388134,0.055261668,0.036257464
505666.jpg,0.8257951,0.08529335,0.05675308,0.032158393
505667.jpg,0.89749664,0.015124161,0.059923444,0.02745574
505668.jpg,0.072649375,0.8318002,0.06902998,0.026520424
505669.jpg,0.72288394,0.18920884,0.057640154,0.030267037
505670.jpg,0.2881026,0.62823856,0.055824067,0.027834756
505671.jpg,0.0014701457,0.008039308,0.29454964,0.6959409
505672.jpg,0.8564744,0.050719757,0.06783867,0.024967175
505673.jpg,0.78178,0.11549238,0.07171714,0.031010486
505674.jpg,0.90496624,0.02644551,0.04568271,0.022905614
505675.jpg,0.09111078,0.8307171,0.056156617,0.022015495
505676.jpg,0.870923,0.035263263,0.059918124,0.033895582
505677.jpg,0.8949233,0.024760524,0.05332406,0.02699209
505678.jpg,0.121180564,0.70266736,0.052607045,0.12354501
505679.jpg,0.872293,0.037878703,0.062372163,0.027456123
505680.jpg,0.6133449,0.2892629,0.06289414,0.03449805
505681.jpg,0.0010939552,0.0015007595,0.625516,0.3718893
505682.jpg,0.8926644,0.028454019,0.04891937,0.02996231
505683.jpg,0.89622223,0.034050446,0.044161,0.025566293
505684.jpg,0.472232,0.41544306,0.06278214,0.04954276
505685.jpg,0.059882566,0.8691795,0.04780799,0.023129858
505686.jpg,0.87584335,0.04399824,0.054708805,0.025449596
505687.jpg,0.0657395,0.8611562,0.049764156,0.02334009
505688.jpg,0.14181358,0.7741628,0.06330746,0.020716194
505689.jpg,0.43445462,0.46930823,0.066717446,0.029519621
505690.jpg,0.8868047,0.03226182,0.053388525,0.027544895
505691.jpg,0.42868772,0.47643948,0.06691538,0.027957413
505692.jpg,0.7522607,0.15993758,0.058627896,0.029173855
505693.jpg,0.210942,0.53947157,0.05955139,0.19003506
505694.jpg,0.83642477,0.07854723,0.05898571,0.026042305
505695.jpg,0.064418405,0.6702394,0.18040517,0.084936984
505696.jpg,0.67136484,0.2477842,0.05180736,0.029043563
505697.jpg,0.8996245,0.01840917,0.055014238,0.026952153
505698.jpg,0.8840715,0.041668523,0.050615516,0.023644425
505699.jpg,0.1153379,0.6071251,0.24190336,0.035633583
505700.jpg,0.6392609,0.2656516,0.06316122,0.03192626
505701.jpg,0.74712694,0.17510578,0.047632933,0.03013434
505702.jpg,0.774902,0.14382635,0.058290396,0.0229813
505703.jpg,0.5017771,0.38239297,0.07491371,0.04091624
505704.jpg,0.5378431,0.24033679,0.119966015,0.10185411
505705.jpg,0.0016044007,0.0033261229,0.43032956,0.56473994
505706.jpg,0.7267567,0.16958372,0.06627012,0.037389502
505707.jpg,0.81219375,0.10158524,0.056873433,0.029347565
505708.jpg,0.49418974,0.41404077,0.0594466,0.032322906
505709.jpg,0.30825353,0.2966741,0.29526922,0.09980318
505710.jpg,0.86003566,0.058481004,0.05505777,0.026425535
505711.jpg,0.016492436,0.89653915,0.047260445,0.039707895
505712.jpg,0.042967115,0.87286305,0.05326881,0.030901045
505713.jpg,0.7319216,0.17079106,0.067632504,0.029654771
505714.jpg,0.34977633,0.5230368,0.07452496,0.05266197
505715.jpg,0.12684149,0.7639096,0.07901436,0.030234605
505716.jpg,0.023875782,0.900031,0.05354239,0.022550844
505717.jpg,0.8655476,0.055018976,0.05324746,0.026186036
505718.jpg,0.36747134,0.53817284,0.053792916,0.04056292
505719.jpg,0.06557785,0.84930515,0.05531931,0.029797683
505720.jpg,0.7993454,0.111911684,0.058891084,0.02985185
505721.jpg,0.15319246,0.74597424,0.060464203,0.040369097
505722.jpg,0.8791895,0.030837,0.060477894,0.029495604
505723.jpg,0.8854549,0.01893883,0.06246629,0.03314
505724.jpg,0.7957756,0.10077774,0.06804763,0.03539914
505725.jpg,0.0072666057,0.004989855,0.79088044,0.19686303
505726.jpg,0.0014023583,0.0020600883,0.59262884,0.4039086
505727.jpg,0.74861646,0.15523547,0.06502208,0.031126032
505728.jpg,0.19608042,0.3497025,0.41535836,0.038858708
505729.jpg,0.18167336,0.7169978,0.07280728,0.028521545
505730.jpg,0.013974415,0.8846089,0.06554093,0.035875753
505731.jpg,0.16193114,0.7372397,0.06802121,0.03280797
505732.jpg,0.8831369,0.02849855,0.060884196,0.0274803
505733.jpg,0.25134224,0.6449932,0.067462385,0.036202133
505734.jpg,0.527724,0.38212866,0.063687265,0.026460078
505735.jpg,0.0007288511,0.0016442285,0.951499,0.046127886
505736.jpg,0.053814303,0.8649203,0.05847013,0.022795303
505737.jpg,0.08397733,0.8339174,0.060350344,0.02175499
505738.jpg,0.83481383,0.06360319,0.06591206,0.035670917
505739.jpg,0.9077117,0.0153819285,0.050034624,0.026871864
505740.jpg,0.81220925,0.092879646,0.06197332,0.0329378
505741.jpg,0.0019678746,0.0035285812,0.3180098,0.6764937
505742.jpg,0.8858256,0.036014397,0.051979855,0.026180139
505743.jpg,0.89477855,0.028011031,0.051067457,0.026142925
505744.jpg,0.054317467,0.8674975,0.05057317,0.027611896
505745.jpg,0.8922634,0.02491583,0.055960495,0.026860187
505746.jpg,0.8799913,0.038522586,0.053675465,0.0278107
505747.jpg,0.044793706,0.89033633,0.045933846,0.018936051
505748.jpg,0.8285836,0.06401284,0.067691274,0.039712314
505749.jpg,0.1799678,0.7333332,0.05822821,0.028470881
505750.jpg,0.019859852,0.794645,0.1243311,0.061164007
505751.jpg,0.6526648,0.24812365,0.061429977,0.037781596
505752.jpg,0.705263,0.20301002,0.060886588,0.030840464
505753.jpg,0.117375165,0.77371395,0.06812963,0.040781304
505754.jpg,0.039619148,0.84589386,0.066901475,0.047585487
505755.jpg,0.9021134,0.022888044,0.05055992,0.024438677
505756.jpg,0.314295,0.48175442,0.17195524,0.03199537
505757.jpg,0.16453151,0.7323897,0.06958278,0.03349609
505758.jpg,0.5918308,0.30232587,0.07707401,0.02876934
505759.jpg,0.90280926,0.020005403,0.052097313,0.025088005
505760.jpg,0.76020837,0.15028058,0.05879577,0.0307153
505761.jpg,0.8997171,0.020332975,0.052175343,0.027774477
505762.jpg,0.86508286,0.053035792,0.05444841,0.027432978
505763.jpg,0.85030043,0.060502104,0.05580334,0.033394188
505764.jpg,0.79542214,0.11242586,0.059796844,0.032355208
505765.jpg,0.15271755,0.5865966,0.0909667,0.16971919
505766.jpg,0.24082878,0.6468943,0.071419336,0.040857565
505767.jpg,0.69754463,0.21072195,0.062426396,0.029306974
505768.jpg,0.15764546,0.70671725,0.10961423,0.02602304
505769.jpg,0.80544615,0.11039463,0.0576235,0.026535729
505770.jpg,0.8814837,0.03488223,0.05641828,0.027215848
505771.jpg,0.10868686,0.81433564,0.056427702,0.020549826
505772.jpg,0.48474175,0.40871024,0.066574715,0.03997323
505773.jpg,0.8469153,0.06749242,0.056425553,0.029166738
505774.jpg,0.9093808,0.01750597,0.048781022,0.02433222
505775.jpg,0.21686175,0.031032596,0.7257908,0.026314858
505776.jpg,0.16140993,0.5212983,0.18199153,0.13530026
505777.jpg,0.030109985,0.89518833,0.052485067,0.022216626
505778.jpg,0.8496877,0.05670286,0.058994427,0.03461513
505779.jpg,0.9096024,0.018621538,0.049480624,0.02229551
505780.jpg,0.894951,0.020359524,0.053973053,0.030716531
505781.jpg,0.8550169,0.06825304,0.05340771,0.023322372
505782.jpg,0.8891521,0.025703331,0.05704893,0.028095603
505783.jpg,0.8876503,0.030960198,0.056852028,0.024537448
505784.jpg,0.8883264,0.022098761,0.060753293,0.028821528
505785.jpg,0.009264177,0.4871672,0.02007354,0.4834951
505786.jpg,0.9092223,0.021608645,0.04582461,0.023344405
505787.jpg,0.9039297,0.015437533,0.053149328,0.027483394
505788.jpg,0.6995929,0.2108125,0.06677368,0.022820853
505789.jpg,0.58572364,0.32435825,0.062092416,0.027825736
505790.jpg,0.006949978,0.0015867526,0.9586292,0.03283406
505791.jpg,0.45790005,0.42147115,0.066086665,0.054542147
505792.jpg,0.83509403,0.07711656,0.0567386,0.031050788
505793.jpg,0.6455114,0.24784176,0.072443224,0.03420353
505794.jpg,0.0026455503,0.06643783,0.35168874,0.5792278
505795.jpg,0.36653167,0.5237503,0.06665446,0.04306364
505796.jpg,0.009735946,0.73337936,0.06375527,0.19312945
505797.jpg,0.85021555,0.064798996,0.057473734,0.02751175
505798.jpg,0.04448485,0.04805691,0.79295415,0.1145041
505799.jpg,0.74428105,0.050712373,0.14975573,0.055250842
505800.jpg,0.9065485,0.021819644,0.047875986,0.02375584
505801.jpg,0.8431747,0.06986684,0.056072354,0.030886088
505802.jpg,0.0013900229,0.00238399,0.7607996,0.23542646
505803.jpg,0.71640074,0.20087107,0.052402675,0.030325579
505804.jpg,0.5313025,0.3582583,0.079728216,0.030710923
505805.jpg,0.90249294,0.021331012,0.0539881,0.022187984
505806.jpg,0.018541025,0.8738506,0.07973077,0.027877582
505807.jpg,0.4130815,0.5054352,0.055669174,0.025814075
505808.jpg,0.2902848,0.6255883,0.063066386,0.021060398
505809.jpg,0.37468523,0.5429881,0.059607558,0.02271908
505810.jpg,0.7369023,0.07916798,0.16393393,0.019995855
505811.jpg,0.20410845,0.696314,0.06494391,0.03463367
505812.jpg,0.049124762,0.86733365,0.06528279,0.018258808
505813.jpg,0.20548415,0.70890766,0.05407135,0.03153686
505814.jpg,0.0039788326,0.05538042,0.091617964,0.8490227
505815.jpg,0.073343575,0.81637424,0.06353393,0.046748254
505816.jpg,0.6060948,0.30474585,0.061527293,0.027631994
505817.jpg,0.5262053,0.3703135,0.064989105,0.03849211
505818.jpg,0.7897394,0.11847218,0.060403664,0.03138478
505819.jpg,0.883673,0.031246623,0.06023492,0.024845406
505820.jpg,0.6802623,0.23430021,0.056518216,0.028919153
505821.jpg,0.5049062,0.36248973,0.085154094,0.047449946
505822.jpg,0.87811536,0.036734685,0.0585265,0.026623456
505823.jpg,0.31469336,0.5811684,0.07051341,0.033624858
505824.jpg,0.01667865,0.5042302,0.29416585,0.18492536
505825.jpg,0.9065699,0.01576183,0.05179204,0.025876269
505826.jpg,0.89554936,0.022683637,0.05421467,0.027552322
505827.jpg,0.010844871,0.21720254,0.038150117,0.7338025
505828.jpg,0.039717596,0.39040917,0.10488343,0.4649898
505829.jpg,0.8985988,0.025379257,0.04946002,0.026561918
505830.jpg,0.8924424,0.020109586,0.06159132,0.02585669
505831.jpg,0.7504426,0.14937907,0.05985101,0.04032727
505832.jpg,0.41340667,0.4859901,0.07178992,0.02881329
505833.jpg,0.85919285,0.053396206,0.05713894,0.030272057
505834.jpg,0.13475603,0.7878105,0.050885655,0.026547851
505835.jpg,0.6761342,0.2108164,0.069393426,0.04365596
505836.jpg,0.12018217,0.79421926,0.05985059,0.025747897
505837.jpg,0.9007331,0.024090212,0.04766019,0.027516522
505838.jpg,0.5692766,0.32889664,0.06789161,0.033935297
505839.jpg,0.19011447,0.5444142,0.090961285,0.17451005
505840.jpg,0.013331705,0.07185692,0.44661263,0.46819872
505841.jpg,0.036606673,0.883633,0.05289408,0.026866194
505842.jpg,0.8509834,0.07146911,0.049921237,0.027626375
505843.jpg,0.85946393,0.055895917,0.055438165,0.02920201
505844.jpg,0.050237503,0.8690321,0.057003975,0.023726517
505845.jpg,0.04744094,0.88080823,0.05031015,0.021440621
505846.jpg,0.87830323,0.03348501,0.056153033,0.032058757
505847.jpg,0.0019292138,0.002956441,0.35943556,0.6356788
505848.jpg,0.6146786,0.28430447,0.06664336,0.034373526
505849.jpg,0.59638673,0.31308648,0.05829593,0.032230787
505850.jpg,0.8786,0.048006125,0.050474502,0.022919307
505851.jpg,0.21363214,0.7058645,0.051935513,0.028567867
505852.jpg,0.04234222,0.37473992,0.23737195,0.34554595
505853.jpg,0.0114064,0.70998275,0.048093192,0.23051766
505854.jpg,0.7031861,0.19364582,0.064404726,0.03876336
505855.jpg,0.006557076,0.16070062,0.07031825,0.76242405
505856.jpg,0.87390065,0.0317867,0.06526688,0.029045697
505857.jpg,0.5777821,0.32395554,0.060863666,0.037398662
505858.jpg,0.251621,0.59619546,0.0893918,0.06279165
505859.jpg,0.88236403,0.026378367,0.059680846,0.031576797
505860.jpg,0.77873987,0.124887854,0.06280703,0.033565227
505861.jpg,0.7306946,0.18945582,0.058210474,0.021639075
505862.jpg,0.7811448,0.12518859,0.067310914,0.026355794
505863.jpg,0.86809117,0.045162696,0.06087392,0.0258723
505864.jpg,0.78147936,0.13000698,0.059958857,0.028554844
505865.jpg,0.89554256,0.018738784,0.059383877,0.026334757
505866.jpg,0.8916323,0.021612696,0.05589887,0.030856082
505867.jpg,0.35826993,0.20569852,0.35362336,0.082408205
505868.jpg,0.881098,0.045971915,0.045005478,0.027924683
505869.jpg,0.30086398,0.6070113,0.06904846,0.023076203
505870.jpg,0.3608479,0.54407907,0.06390944,0.0311636
505871.jpg,0.042488083,0.87457055,0.05532968,0.027611766
505872.jpg,0.8929641,0.028389884,0.053900566,0.024745349
505873.jpg,0.88069206,0.03905412,0.052843783,0.027409958
505874.jpg,0.7550813,0.15568912,0.060132787,0.029096775
505875.jpg,0.44604492,0.44988886,0.077537805,0.026528424
505876.jpg,0.55279005,0.3376236,0.07468346,0.034902807
505877.jpg,0.31007567,0.56154466,0.08281039,0.045569316
505878.jpg,0.6164042,0.29850167,0.057665594,0.027428564
505879.jpg,0.096002266,0.81594247,0.06438873,0.023666622
505880.jpg,0.0010558016,0.0015321942,0.9930795,0.004332473
505881.jpg,0.8371018,0.08288172,0.057546217,0.022470245
505882.jpg,0.0034567753,0.005949315,0.814021,0.17657286
505883.jpg,0.0019139325,0.0025530416,0.059112027,0.936421
505884.jpg,0.7939833,0.12558563,0.0522613,0.02816973
505885.jpg,0.42303777,0.4340343,0.056167886,0.086760014
505886.jpg,0.9017919,0.024264123,0.048362024,0.025582023
505887.jpg,0.71520287,0.1942535,0.06790335,0.022640258
505888.jpg,0.0014072112,0.0015978209,0.96789384,0.029101167
505889.jpg,0.9066733,0.018655462,0.050876163,0.023794992
505890.jpg,0.018408014,0.41445172,0.2928799,0.27426037
505891.jpg,0.02049031,0.7108404,0.05472917,0.21394008
505892.jpg,0.7043691,0.20008156,0.06234536,0.033203933
505893.jpg,0.036513418,0.85843825,0.05757518,0.047473125
505894.jpg,0.6253953,0.28234398,0.061530452,0.030730244
505895.jpg,0.010972373,0.72253203,0.116371855,0.15012369
505896.jpg,0.12309465,0.7718134,0.07050815,0.034583755
505897.jpg,0.6689973,0.22110403,0.069422275,0.040476423
505898.jpg,0.5607159,0.3592831,0.05919402,0.02080696
505899.jpg,0.58023965,0.31916404,0.069425136,0.031171104
505900.jpg,0.39833012,0.5134168,0.05347375,0.034779277
505901.jpg,0.8402045,0.07042807,0.05294313,0.03642439
505902.jpg,0.0025119581,0.023061886,0.020743676,0.9536825
505903.jpg,0.0015835754,0.0009343743,0.9883822,0.009099795
505904.jpg,0.7104167,0.20072968,0.061661337,0.027192306
505905.jpg,0.89236575,0.03144988,0.0511654,0.02501895
505906.jpg,0.06748357,0.84245986,0.060857303,0.029199323
505907.jpg,0.00096915825,0.00089643593,0.98730785,0.010826482
505908.jpg,0.80108184,0.109666295,0.06134508,0.027906789
505909.jpg,0.023470992,0.8824889,0.0693473,0.024692804
505910.jpg,0.83743435,0.070242494,0.061541013,0.03078209
505911.jpg,0.11189817,0.65378743,0.15867193,0.07564241
505912.jpg,0.20929486,0.7072492,0.056556363,0.026899554
505913.jpg,0.11209007,0.7842276,0.06148673,0.042195562
505914.jpg,0.08531972,0.8167901,0.074166924,0.023723252
505915.jpg,0.046617318,0.8789396,0.05124235,0.023200639
505916.jpg,0.8994429,0.030008933,0.044662707,0.02588547
505917.jpg,0.8420144,0.06102379,0.06509339,0.031868417
505918.jpg,0.5017817,0.40871954,0.060151584,0.029347159
505919.jpg,0.087394096,0.67520976,0.16482131,0.07257481
505920.jpg,0.09123829,0.72804826,0.1512207,0.029492728
505921.jpg,0.060320344,0.39332318,0.05425787,0.4920986
505922.jpg,0.86051273,0.05246531,0.05698748,0.030034449
505923.jpg,0.06606635,0.004318626,0.85467136,0.0749437
505924.jpg,0.13404617,0.7799694,0.06239525,0.023589177
505925.jpg,0.0007257667,0.0012050652,0.9065787,0.09149039
505926.jpg,0.005276928,0.014608337,0.63527316,0.3448416
505927.jpg,0.8691404,0.05085096,0.052457288,0.027551316
505928.jpg,0.0684053,0.85258925,0.058675263,0.020330273
505929.jpg,0.08364703,0.8429976,0.053931415,0.019423945
505930.jpg,0.87702894,0.04955174,0.05075787,0.022661384
505931.jpg,0.11968752,0.7480155,0.10192923,0.030367725
505932.jpg,0.65201527,0.25242028,0.064618915,0.030945506
505933.jpg,0.9037763,0.018962894,0.05149187,0.025768973
505934.jpg,0.07864608,0.8304198,0.06534774,0.025586495
505935.jpg,0.0016382466,0.0030938399,0.018689683,0.9765782
505936.jpg,0.1200005,0.79836285,0.0626497,0.018986987
505937.jpg,0.02460083,0.863111,0.05819579,0.05409235
505938.jpg,0.5574864,0.3585416,0.054399014,0.029572956
505939.jpg,0.5354203,0.3724912,0.061140016,0.03094845
505940.jpg,0.8120172,0.09447097,0.06347309,0.03003874
505941.jpg,0.88848656,0.029743182,0.055114508,0.026655724
505942.jpg,0.03783147,0.87407494,0.061609507,0.026484085
505943.jpg,0.8794704,0.049883537,0.05022314,0.020422854
505944.jpg,0.51439977,0.37347376,0.08175027,0.030376153
505945.jpg,0.0018689276,0.0018701976,0.4292461,0.5670148
505946.jpg,0.8650021,0.052925948,0.053098395,0.02897347
505947.jpg,0.0019074559,0.00559561,0.66801345,0.3244835
505948.jpg,0.22531489,0.0373608,0.68965316,0.047671136
505949.jpg,0.5424499,0.17070968,0.2658874,0.020953003
505950.jpg,0.06752149,0.12959743,0.6835992,0.119281925
505951.jpg,0.0010323996,0.0014411939,0.9451606,0.05236574
505952.jpg,0.00097227213,0.00103798,0.97953236,0.018457405
505953.jpg,0.31482372,0.5957887,0.062058344,0.027329212
505954.jpg,0.07588093,0.82648015,0.0681247,0.029514214
505955.jpg,0.005612327,0.0016751763,0.9879844,0.004728079
505956.jpg,0.0039231167,0.0089791,0.94227004,0.044827696
505957.jpg,0.63234687,0.27594525,0.06441952,0.02728834
505958.jpg,0.8912739,0.018358668,0.060716707,0.0296508
505959.jpg,0.8939687,0.029092295,0.050811034,0.026128016
505960.jpg,0.85550785,0.048547555,0.059442706,0.03650187
505961.jpg,0.4211028,0.3949995,0.13941482,0.044482943
505962.jpg,0.9035267,0.020339467,0.05198528,0.024148477
505963.jpg,0.16569985,0.761307,0.048607137,0.024386004
505964.jpg,0.4333875,0.2975942,0.19687015,0.072148174
505965.jpg,0.8881097,0.024697958,0.059257966,0.027934402
505966.jpg,0.02301561,0.11847341,0.34209782,0.51641315
505967.jpg,0.5617157,0.3354265,0.07586192,0.026995854
505968.jpg,0.19519135,0.7062944,0.05810637,0.04040776
505969.jpg,0.8820054,0.03406565,0.05299759,0.030931344
505970.jpg,0.33591864,0.5600097,0.07258473,0.031486817
505971.jpg,0.88201785,0.02969366,0.061577294,0.026711145
505972.jpg,0.8388555,0.06794132,0.06846769,0.02473541
505973.jpg,0.7092057,0.19250803,0.06335802,0.034928348
505974.jpg,0.80037147,0.09480895,0.07344401,0.031375512
505975.jpg,0.003750801,0.0022671828,0.8678129,0.12616909
505976.jpg,0.013894117,0.63269943,0.053659126,0.29974735
505977.jpg,0.06770623,0.7268489,0.07470522,0.13073963
505978.jpg,0.8458239,0.07084438,0.052558653,0.030773116
505979.jpg,0.40380573,0.49483877,0.06787365,0.03348186
505980.jpg,0.0018543673,0.008629731,0.016385011,0.9731309
505981.jpg,0.014446782,0.096021876,0.56816304,0.32136837
505982.jpg,0.0010073624,0.00095812645,0.9624026,0.035632
505983.jpg,0.13838616,0.776695,0.06340304,0.021515714
505984.jpg,0.88963765,0.024778701,0.05649468,0.029088996
505985.jpg,0.054771785,0.81788564,0.05817373,0.069168836
505986.jpg,0.88240504,0.03801235,0.04990858,0.029674074
505987.jpg,0.5918119,0.31918213,0.05698979,0.032016106
505988.jpg,0.65346885,0.254899,0.059983466,0.03164872
505989.jpg,0.020909734,0.89455914,0.057438597,0.027092544
505990.jpg,0.22679213,0.6733399,0.07240537,0.027462645
505991.jpg,0.0017527831,0.0029566102,0.4640385,0.5312521
505992.jpg,0.38027108,0.5326879,0.05794871,0.029092303
505993.jpg,0.018933885,0.4841067,0.2558529,0.24110651
505994.jpg,0.25334352,0.6356828,0.066789836,0.044183735
505995.jpg,0.8056739,0.10608205,0.054599322,0.03364471
505996.jpg,0.8924497,0.021981694,0.056403372,0.029165195
505997.jpg,0.07867613,0.8403327,0.055830292,0.02516094
505998.jpg,0.085006766,0.82351726,0.061347816,0.030128164
505999.jpg,0.01372503,0.007001039,0.8939115,0.08536252
506000.jpg,0.8904898,0.026634194,0.057214897,0.02566116
506001.jpg,0.0013867826,0.0035654667,0.37991887,0.61512893
506002.jpg,0.5943228,0.32021543,0.058447614,0.027014233
506003.jpg,0.3028587,0.61093944,0.056129113,0.030072682
506004.jpg,0.31404188,0.592469,0.059774,0.033715118
506005.jpg,0.6465023,0.25986263,0.060908165,0.032726943
506006.jpg,0.8852283,0.022085149,0.064058416,0.0286282
506007.jpg,0.8886746,0.034129485,0.05241975,0.024776155
506008.jpg,0.21720675,0.689795,0.068515465,0.024482727
506009.jpg,0.7318948,0.18920358,0.056369357,0.022532158
506010.jpg,0.08033854,0.15487956,0.14757478,0.6172071
506011.jpg,0.004658286,0.16244143,0.05930502,0.7735953
506012.jpg,0.8579328,0.058433905,0.059654858,0.023978423
506013.jpg,0.21166767,0.68644977,0.0707399,0.031142715
506014.jpg,0.48063606,0.28634098,0.08466015,0.14836274
506015.jpg,0.67176276,0.23837236,0.060731556,0.029133353
506016.jpg,0.90245223,0.025479723,0.045609884,0.026458062
506017.jpg,0.7180267,0.19064604,0.06294326,0.02838405
506018.jpg,0.32140958,0.5784649,0.070514,0.029611465
506019.jpg,0.65109843,0.25806108,0.0634693,0.027371202
506020.jpg,0.0016150406,0.0021962123,0.27378103,0.7224077
506021.jpg,0.001097944,0.0024371466,0.87619543,0.120269485
506022.jpg,0.017154763,0.9075786,0.051860128,0.023406612
506023.jpg,0.34028792,0.56180894,0.06413527,0.033767898
506024.jpg,0.34228662,0.55750316,0.0747632,0.025446998
506025.jpg,0.86259526,0.048574574,0.05918853,0.02964168
506026.jpg,0.0044382196,0.03936483,0.6346845,0.32151243
506027.jpg,0.011609588,0.8934991,0.06431128,0.030580083
506028.jpg,0.16361454,0.75850016,0.05699454,0.02089081
506029.jpg,0.89654976,0.020028567,0.058753558,0.024668077
506030.jpg,0.1349682,0.7717711,0.06415053,0.029110223
506031.jpg,0.5325861,0.37845385,0.065127045,0.02383294
506032.jpg,0.007521907,0.003930437,0.92954105,0.059006598
506033.jpg,0.8673655,0.03959535,0.06267897,0.030360214
506034.jpg,0.0010675692,0.0017389123,0.8229718,0.17422166
506035.jpg,0.06841655,0.85317224,0.050879635,0.027531596
506036.jpg,0.5269541,0.35856864,0.060085375,0.054391876
506037.jpg,0.83949554,0.080070704,0.051716425,0.02871736
506038.jpg,0.04858266,0.10386267,0.07633875,0.7712159
506039.jpg,0.8741555,0.04439594,0.055272963,0.02617558
506040.jpg,0.8885388,0.024538508,0.059403207,0.02751955
506041.jpg,0.18128681,0.7345698,0.058099523,0.026043871
506042.jpg,0.015167932,0.89538074,0.062398568,0.02705273
506043.jpg,0.898233,0.02402971,0.05421692,0.023520378
506044.jpg,0.61255723,0.30193987,0.061919134,0.0235837
506045.jpg,0.898733,0.018363481,0.0543708,0.028532663
506046.jpg,0.680113,0.2272143,0.06365245,0.02902027
506047.jpg,0.0018601647,0.003307591,0.33007228,0.66475993
506048.jpg,0.014050577,0.49560896,0.09662702,0.39371347
506049.jpg,0.0013748712,0.0028647324,0.5585843,0.43717617
506050.jpg,0.83437055,0.07898157,0.058980778,0.027667062
506051.jpg,0.79352295,0.120948434,0.05977802,0.025750585
506052.jpg,0.67848563,0.04867061,0.22242242,0.050421335
506053.jpg,0.07055771,0.83583164,0.06471172,0.028898945
506054.jpg,0.753929,0.17138144,0.043396946,0.031292573
506055.jpg,0.0010884792,0.0021790867,0.21905473,0.7776778
506056.jpg,0.08867848,0.8207158,0.06004295,0.030562852
506057.jpg,0.67907447,0.22167723,0.06365745,0.03559087
506058.jpg,0.71638036,0.19244193,0.06147049,0.029707287
506059.jpg,0.8931888,0.023714595,0.0576506,0.02544605
506060.jpg,0.79546356,0.105403,0.06388406,0.035249416
506061.jpg,0.8889247,0.02529926,0.055543274,0.030232714
506062.jpg,0.0028090808,0.0035907717,0.28831333,0.7052868
506063.jpg,0.88679624,0.028307037,0.057160106,0.027736565
506064.jpg,0.5202749,0.20749843,0.17081979,0.101406865
506065.jpg,0.32663694,0.59336066,0.04479447,0.035207946
506066.jpg,0.034565974,0.8870257,0.046395678,0.03201262
506067.jpg,0.81523347,0.1032389,0.052059617,0.02946799
506068.jpg,0.89687306,0.023175657,0.053169496,0.026781805
506069.jpg,0.84380805,0.08088088,0.049719807,0.02559122
506070.jpg,0.8739263,0.05071031,0.053517297,0.021846162
506071.jpg,0.88148475,0.035780404,0.05760691,0.025127979
506072.jpg,0.8888693,0.023954641,0.05401142,0.033164658
506073.jpg,0.90195453,0.02129668,0.05118291,0.025565926
506074.jpg,0.6235717,0.27766705,0.06869858,0.030062633
506075.jpg,0.4046565,0.5108598,0.05841022,0.026073463
506076.jpg,0.84036225,0.070176534,0.057032432,0.032428782
506077.jpg,0.842251,0.07707831,0.055558503,0.025112247
506078.jpg,0.8950585,0.024826605,0.05318295,0.026931966
506079.jpg,0.8686516,0.04134267,0.059643056,0.030362705
506080.jpg,0.24715036,0.24374335,0.44755635,0.06154998
506081.jpg,0.85530734,0.06596109,0.05331735,0.025414268
506082.jpg,0.38259533,0.52897465,0.058493868,0.029936152
506083.jpg,0.8663211,0.04150064,0.06277236,0.029405944
506084.jpg,0.6934165,0.21224295,0.058734253,0.035606313
506085.jpg,0.7158681,0.08328606,0.18370718,0.017138686
506086.jpg,0.002113274,0.01625914,0.018992625,0.9626349
506087.jpg,0.02066151,0.8740365,0.053553957,0.051748052
506088.jpg,0.0026646832,0.0043328423,0.05432326,0.9386793
506089.jpg,0.4195245,0.3851906,0.047240265,0.14804463
506090.jpg,0.11211276,0.17162819,0.41143093,0.30482814
506091.jpg,0.36562765,0.527638,0.07107357,0.03566079
506092.jpg,0.028538167,0.8901383,0.048484035,0.032839596
506093.jpg,0.71019566,0.21001996,0.054269448,0.025514925
506094.jpg,0.010847911,0.8932243,0.06216324,0.03376456
506095.jpg,0.8948071,0.023745004,0.058378093,0.023069825
506096.jpg,0.0011508693,0.001305106,0.9883765,0.009167653
506097.jpg,0.90121144,0.022315286,0.051990923,0.0244823
506098.jpg,0.0026207063,0.004218488,0.2385505,0.75461024
506099.jpg,0.8856718,0.029429022,0.056471236,0.028428001
506100.jpg,0.8456609,0.06816632,0.0573502,0.028822562
506101.jpg,0.5261528,0.36861664,0.07254425,0.032686338
506102.jpg,0.5648825,0.19057989,0.22544193,0.01909574
506103.jpg,0.1168892,0.7911494,0.057537343,0.03442408
506104.jpg,0.6009509,0.3038911,0.060911212,0.034246802
506106.jpg,0.83405113,0.07787403,0.05871435,0.02936054
506107.jpg,0.73398983,0.15984939,0.061337166,0.044823553
506108.jpg,0.8990593,0.01880835,0.055270884,0.026861507
506109.jpg,0.24080764,0.6678537,0.053266138,0.038072526
506110.jpg,0.0017948534,0.002966441,0.33038366,0.664855
506111.jpg,0.86370635,0.05456687,0.05598949,0.025737245
506112.jpg,0.0015982786,0.001133359,0.96006656,0.03720177
506113.jpg,0.8621915,0.05119066,0.05663342,0.029984359
506114.jpg,0.59454334,0.31001484,0.06986953,0.025572307
506115.jpg,0.9003423,0.028798427,0.048840385,0.02201885
506116.jpg,0.09413478,0.7571412,0.058983788,0.08974034
506117.jpg,0.9049283,0.01840858,0.049174517,0.027488558
506118.jpg,0.138629,0.39519462,0.20789796,0.25827837
506119.jpg,0.859853,0.053600267,0.05982099,0.026725717
506120.jpg,0.8075947,0.10706126,0.057042018,0.028301962
506121.jpg,0.70010406,0.2119871,0.058499284,0.029409537
506122.jpg,0.018216267,0.01692804,0.039633423,0.92522216
506123.jpg,0.9001109,0.014406134,0.060305137,0.025177773
506124.jpg,0.8913799,0.021402858,0.059137385,0.028079787
506125.jpg,0.041659486,0.8632589,0.06811205,0.026969519
506126.jpg,0.73856044,0.12902309,0.11337308,0.019043323
506127.jpg,0.20873801,0.6960081,0.0666686,0.028585289
506128.jpg,0.8296546,0.070874214,0.0689702,0.030501021
506129.jpg,0.74671245,0.13900045,0.070959434,0.043327674
506130.jpg,0.86421865,0.019884756,0.097015865,0.018880686
506131.jpg,0.87489384,0.03631715,0.05908199,0.029707022
506132.jpg,0.91211677,0.016503442,0.04588609,0.025493674
506133.jpg,0.3825143,0.51624244,0.06715812,0.0340852
506134.jpg,0.0013119542,0.0028078256,0.24519661,0.75068367
506135.jpg,0.89264405,0.027240114,0.05641509,0.023700722
506136.jpg,0.8659755,0.03817989,0.06528279,0.030561855
506137.jpg,0.8798173,0.03432308,0.05753426,0.028325357
506138.jpg,0.84369355,0.07132477,0.062227044,0.022754606
506139.jpg,0.72838855,0.17645082,0.06473307,0.030427523
506140.jpg,0.5645647,0.33688796,0.066664405,0.03188292
506141.jpg,0.7863357,0.12349549,0.061707728,0.028461052
506142.jpg,0.7959225,0.11189248,0.06056755,0.031617485
506143.jpg,0.091116756,0.8194261,0.056883056,0.03257403
506144.jpg,0.020593308,0.88825214,0.05942813,0.031726416
506145.jpg,0.89963996,0.028381335,0.04845858,0.02352012
506146.jpg,0.8550574,0.062065184,0.05472074,0.028156701
506147.jpg,0.84419996,0.064510174,0.060646467,0.030643348
506148.jpg,0.77717954,0.14663675,0.050975993,0.025207618
506149.jpg,0.7975868,0.11636741,0.06217348,0.023872256
506150.jpg,0.012217476,0.018246206,0.4539113,0.51562506
506151.jpg,0.07473767,0.7775539,0.06004221,0.0876662
506152.jpg,0.8422968,0.07446094,0.058620896,0.024621384
506153.jpg,0.21789175,0.6856688,0.06184011,0.034599278
506154.jpg,0.57920915,0.31729233,0.0704005,0.033098023
506155.jpg,0.8853533,0.028848883,0.057912484,0.027885314
506156.jpg,0.29301494,0.61664146,0.061100677,0.0292429
506157.jpg,0.8704344,0.046632018,0.056162078,0.026771478
506158.jpg,0.119701944,0.79913616,0.045812413,0.035349444
506159.jpg,0.7710545,0.13976173,0.06477341,0.02441039
506160.jpg,0.89333415,0.019312462,0.060269434,0.027083894
506161.jpg,0.89725137,0.021871654,0.052794836,0.028082184
506162.jpg,0.0011141285,0.0013467171,0.92849416,0.06904496
506163.jpg,0.8864315,0.039132908,0.0500132,0.024422305
506164.jpg,0.8546728,0.04452832,0.07088729,0.0299116
506165.jpg,0.0030049607,0.0037824342,0.31839734,0.6748153
506166.jpg,0.9019943,0.017285362,0.054729447,0.02599087
506167.jpg,0.8356352,0.08060011,0.056044564,0.02772017
506168.jpg,0.77929115,0.1409387,0.056562502,0.023207579
506169.jpg,0.88613427,0.023239411,0.06439007,0.026236309
506170.jpg,0.13864245,0.7636184,0.06316704,0.03457215
506171.jpg,0.1393859,0.7726278,0.06276591,0.025220416
506172.jpg,0.03947839,0.035492126,0.42320976,0.5018198
506173.jpg,0.5224538,0.3826663,0.06442242,0.030457437
506174.jpg,0.87591255,0.044482235,0.055115353,0.0244899
506175.jpg,0.08755442,0.82752055,0.05883136,0.026093708
506176.jpg,0.16263029,0.644203,0.13982387,0.053342827
506177.jpg,0.58779997,0.33611453,0.055657163,0.020428339
506178.jpg,0.7566998,0.11842362,0.069648355,0.05522826
506179.jpg,0.7386432,0.16169722,0.06392363,0.035735883
506180.jpg,0.21228875,0.69106454,0.06982326,0.02682343
506181.jpg,0.21548785,0.70371544,0.0573494,0.023447312
506182.jpg,0.26796064,0.43801928,0.05424122,0.23977889
506183.jpg,0.40675518,0.50027597,0.06409526,0.028873563
506184.jpg,0.901994,0.0174842,0.05350303,0.02701891
506185.jpg,0.8270355,0.079922006,0.06531643,0.02772607
506186.jpg,0.7678996,0.13374043,0.06743917,0.030920902
506187.jpg,0.55346996,0.3557526,0.05894235,0.031835105
506188.jpg,0.7799038,0.13138832,0.051444173,0.03726375
506189.jpg,0.62721825,0.25610045,0.072137274,0.04454402
506190.jpg,0.12741648,0.6616691,0.13166863,0.079245776
506191.jpg,0.9062263,0.01682778,0.051476702,0.025469294
506192.jpg,0.3461852,0.54509974,0.069674954,0.039040193
506193.jpg,0.0025896071,0.025247281,0.018972203,0.9531909
506194.jpg,0.6610684,0.1317664,0.167969,0.039196167
506195.jpg,0.8416326,0.060502723,0.06032847,0.037536092
506196.jpg,0.13873993,0.7722412,0.06455049,0.0244684
506197.jpg,0.89206666,0.029991053,0.05267752,0.02526481
506198.jpg,0.3962234,0.496421,0.067878574,0.039477006
506199.jpg,0.034994736,0.8912379,0.04517068,0.0285967
506200.jpg,0.8908021,0.03034633,0.055247765,0.023603743
506201.jpg,0.25989357,0.6428839,0.06896421,0.028258277
506202.jpg,0.5222018,0.37478095,0.07260854,0.030408813
506203.jpg,0.0078258375,0.6158476,0.18262671,0.1936999
506204.jpg,0.04813233,0.8653256,0.059586387,0.026955716
506205.jpg,0.564687,0.3378546,0.06434732,0.03311106
506206.jpg,0.1297462,0.23523511,0.23362844,0.40139025
506207.jpg,0.07874647,0.84543693,0.057238366,0.018578224
506208.jpg,0.7075961,0.21330439,0.05523281,0.02386659
506209.jpg,0.44802108,0.4819485,0.04630663,0.023723813
506210.jpg,0.5297065,0.3138803,0.10760421,0.048809085
506211.jpg,0.8932031,0.022113575,0.057747588,0.026935728
506212.jpg,0.88399804,0.03699855,0.05377562,0.025227776
506213.jpg,0.8852824,0.029653115,0.061013732,0.024050824
506214.jpg,0.3449098,0.463449,0.124148555,0.06749271
506215.jpg,0.65810704,0.24346802,0.067857005,0.030567966
506216.jpg,0.7195305,0.19722214,0.05201512,0.031232242
506217.jpg,0.8133545,0.085479766,0.068354465,0.03281125
506218.jpg,0.1118894,0.8068011,0.053865347,0.027444188
506219.jpg,0.46407735,0.44052055,0.060852066,0.03455002
506220.jpg,0.3576988,0.5336376,0.063185096,0.04547852
506221.jpg,0.0011364123,0.0021063974,0.18597275,0.81078446
506222.jpg,0.19068353,0.7057897,0.0566282,0.04689859
506223.jpg,0.77140415,0.09262197,0.114836134,0.021137675
506224.jpg,0.4225534,0.46837324,0.06913308,0.039940283
506225.jpg,0.8633727,0.051568236,0.059267633,0.02579145
506226.jpg,0.019732378,0.5095885,0.250812,0.21986714
506227.jpg,0.52211374,0.37885034,0.06646931,0.032566577
506228.jpg,0.021821802,0.5884786,0.0563355,0.33336407
506229.jpg,0.7933245,0.12565759,0.051739637,0.029278304
506230.jpg,0.8267334,0.023358885,0.12887082,0.021036945
506231.jpg,0.29662362,0.60558915,0.06762965,0.03015749
506232.jpg,0.03622234,0.090796255,0.47782564,0.39515582
506233.jpg,0.001697889,0.0035728572,0.1963513,0.798378
506234.jpg,0.084885366,0.81929725,0.0665345,0.029282864
506235.jpg,0.00793093,0.005677816,0.6007383,0.38565293
506236.jpg,0.22885731,0.4891384,0.056065533,0.22593872
506237.jpg,0.53024834,0.3869725,0.055898376,0.026880797
506238.jpg,0.19049329,0.70843995,0.06785056,0.033216227
506239.jpg,0.7774265,0.14203934,0.05457277,0.025961349
506240.jpg,0.90608436,0.01952673,0.048268,0.026120871
506241.jpg,0.865216,0.042230174,0.06969014,0.022863664
506242.jpg,0.05085557,0.6886008,0.049271613,0.21127197
506243.jpg,0.21964154,0.69427294,0.05865624,0.027429266
506244.jpg,0.8560532,0.0526751,0.055005953,0.03626581
506245.jpg,0.42488086,0.4445027,0.06471421,0.0659022
506246.jpg,0.25150362,0.6429945,0.07092577,0.034576014
506247.jpg,0.89819294,0.017996646,0.055917077,0.02789347
506248.jpg,0.86473775,0.054163568,0.054383136,0.026715534
506249.jpg,0.13906068,0.7599721,0.06877147,0.03219566
506250.jpg,0.20359847,0.68211335,0.07586275,0.038425475
506251.jpg,0.80256534,0.103983685,0.060645156,0.0328058
506252.jpg,0.0071948576,0.7266152,0.077702805,0.18848719
506253.jpg,0.68644625,0.22420722,0.06412644,0.025220035
506254.jpg,0.87343514,0.044237345,0.058252335,0.024075188
506255.jpg,0.82989943,0.03135316,0.11635045,0.022396991
506256.jpg,0.85955834,0.040487383,0.067995936,0.031958304
506257.jpg,0.39521325,0.21413976,0.3554226,0.035224397
506258.jpg,0.4318928,0.46699488,0.06905125,0.032061074
506259.jpg,0.06400729,0.86660093,0.046281133,0.023110608
506260.jpg,0.8670831,0.04149286,0.062393095,0.029030979
506261.jpg,0.3196914,0.5838883,0.0640692,0.03235108
506262.jpg,0.69525945,0.21255045,0.061042197,0.031147948
506263.jpg,0.86145526,0.04778341,0.061532542,0.029228767
506264.jpg,0.822844,0.092991024,0.054276913,0.029888004
506265.jpg,0.009701103,0.90455437,0.06090017,0.024844402
506266.jpg,0.7831771,0.13096336,0.055774085,0.03008553
506267.jpg,0.016304687,0.89734566,0.048234984,0.038114704
506268.jpg,0.34316912,0.5609429,0.06701013,0.028877905
506269.jpg,0.0009487229,0.0014420919,0.67569333,0.3219159
506270.jpg,0.0028551084,0.0030074148,0.38936445,0.60477304
506271.jpg,0.76930374,0.070082806,0.121048465,0.039564967
506272.jpg,0.0013739931,0.0018528732,0.71808296,0.27869013
506273.jpg,0.28364226,0.588645,0.08313567,0.04457707
506274.jpg,0.5523732,0.34996194,0.069604084,0.028060846
506275.jpg,0.2195266,0.67683893,0.06895399,0.03468046
506276.jpg,0.87119645,0.039081927,0.06361402,0.026107574
506277.jpg,0.88685584,0.032493677,0.050794236,0.029856274
506278.jpg,0.78435725,0.124302775,0.06212741,0.029212624
506279.jpg,0.37139913,0.51718044,0.08039656,0.031023886
506280.jpg,0.7743027,0.12993063,0.06807622,0.027690493
506281.jpg,0.484757,0.423465,0.06363031,0.028147668
506282.jpg,0.8583992,0.058154013,0.054932337,0.028514437
506283.jpg,0.41333878,0.48480123,0.07095227,0.030907677
506284.jpg,0.87407243,0.044925984,0.055332795,0.025668778
506285.jpg,0.8532652,0.058059767,0.059790883,0.028884139
506286.jpg,0.89264846,0.03505282,0.046761863,0.025536805
506287.jpg,0.76887745,0.13778716,0.06420241,0.029132953
506288.jpg,0.7390474,0.16373372,0.066991106,0.030227704
506289.jpg,0.19408111,0.5390784,0.091736645,0.17510392
506290.jpg,0.4625187,0.4326835,0.07628562,0.02851224
506291.jpg,0.74537534,0.060292322,0.16421705,0.030115306
506292.jpg,0.83883274,0.06466133,0.06155328,0.034952622
506293.jpg,0.79278606,0.10760057,0.06860275,0.031010589
506294.jpg,0.035396922,0.6770959,0.20990957,0.07759765
506295.jpg,0.7935923,0.13191727,0.046529938,0.027960476
506296.jpg,0.8323323,0.07621344,0.06086397,0.030590363
506297.jpg,0.6576357,0.25718576,0.05623819,0.028940354
506298.jpg,0.30896837,0.5823947,0.06510203,0.043534923
506299.jpg,0.8737939,0.042907786,0.05476107,0.028537154
506300.jpg,0.054135524,0.86669713,0.055694144,0.023473196
506301.jpg,0.9019556,0.022657927,0.05080397,0.024582485
506302.jpg,0.7390618,0.17975159,0.054850355,0.026336264
506303.jpg,0.68644345,0.2317124,0.050384305,0.031459823
506304.jpg,0.8857261,0.029453777,0.05769364,0.027126528
506305.jpg,0.05285451,0.6827269,0.19041707,0.07400152
506306.jpg,0.5719307,0.33866882,0.06120096,0.028199473
506307.jpg,0.0034016324,0.009430367,0.017906627,0.9692614
506308.jpg,0.07876874,0.84524333,0.047182437,0.028805485
506309.jpg,0.75913626,0.15004812,0.06969714,0.021118471
506310.jpg,0.25906914,0.6611376,0.059135184,0.020658007
506311.jpg,0.6682341,0.2313323,0.06283738,0.03759627
506312.jpg,0.11876002,0.79617476,0.059855647,0.025209589
506313.jpg,0.3842332,0.51761365,0.06873456,0.029418614
506314.jpg,0.90403014,0.020819796,0.05084295,0.024307124
506315.jpg,0.7730724,0.14353168,0.055994734,0.02740117
506316.jpg,0.44654667,0.0844443,0.44227844,0.026730662
506317.jpg,0.00091772166,0.0010706995,0.9368,0.06121167
506318.jpg,0.8899924,0.020514179,0.05938989,0.030103603
506319.jpg,0.36122942,0.55075794,0.061053976,0.026958695
506320.jpg,0.78111595,0.13513434,0.062513106,0.021236582
506321.jpg,0.7888077,0.12350237,0.059932154,0.027757777
506322.jpg,0.7176619,0.046860516,0.22304031,0.012437243
506323.jpg,0.6056847,0.3028318,0.05715366,0.034329806
506324.jpg,0.89468575,0.016879745,0.05891363,0.029520886
506325.jpg,0.768476,0.12891985,0.071646184,0.030957997
506326.jpg,0.0015134343,0.0022329679,0.42516762,0.571086
506327.jpg,0.4627565,0.43232298,0.063550726,0.04136978
506328.jpg,0.78841376,0.10308907,0.06572874,0.042768475
506329.jpg,0.7596439,0.15844558,0.05294166,0.028968794
506330.jpg,0.82035995,0.0874025,0.061937638,0.03029988
506331.jpg,0.4144479,0.4747429,0.071058355,0.039750833
506332.jpg,0.025112135,0.8966341,0.052955944,0.025297843
506333.jpg,0.0042229206,0.043021232,0.5225891,0.43016672
506334.jpg,0.74640954,0.15635046,0.065187685,0.032052323
506335.jpg,0.39061797,0.4938984,0.069284186,0.04619943
506336.jpg,0.89113575,0.033374567,0.05296606,0.022523701
506337.jpg,0.7030003,0.2141443,0.053266466,0.029588904
506338.jpg,0.82527906,0.086586535,0.060684714,0.027449697
506339.jpg,0.8704969,0.048584443,0.05731495,0.023603685
506340.jpg,0.42955643,0.4636753,0.07039964,0.03636868
506341.jpg,0.60926557,0.07360378,0.29281723,0.024313493
506342.jpg,0.87601197,0.03260595,0.060167525,0.031214617
506343.jpg,0.4288097,0.4663032,0.065395355,0.03949179
506344.jpg,0.85975295,0.048192974,0.063879386,0.028174728
506345.jpg,0.8638189,0.058356762,0.053301744,0.024522543
506346.jpg,0.26785174,0.63424057,0.06812419,0.029783467
506347.jpg,0.87135077,0.04600515,0.057314985,0.025329135
506348.jpg,0.8792037,0.0374941,0.05527431,0.02802788
506349.jpg,0.012434195,0.12289306,0.12409508,0.7405777
506350.jpg,0.86766976,0.047614522,0.059041303,0.025674492
506351.jpg,0.39288276,0.5107779,0.068261065,0.028078325
506352.jpg,0.08607045,0.21351096,0.33042595,0.36999264
506353.jpg,0.8620977,0.037720826,0.061993804,0.038187638
506354.jpg,0.20953931,0.7052296,0.060265727,0.024965405
506355.jpg,0.03329719,0.876045,0.064751945,0.025905848
506356.jpg,0.049933217,0.4388253,0.085804954,0.42543653
506357.jpg,0.8716181,0.056437954,0.04784925,0.024094693
506358.jpg,0.77743715,0.1352888,0.05345458,0.03381943
506359.jpg,0.892278,0.03182586,0.05263486,0.023261216
506360.jpg,0.9016998,0.020368649,0.0508682,0.027063273
506361.jpg,0.014887313,0.9007796,0.054487143,0.02984596
506362.jpg,0.59646106,0.3136828,0.060593385,0.029262751
506363.jpg,0.06529307,0.8444906,0.05594899,0.034267314
506364.jpg,0.90639836,0.017312497,0.049045123,0.02724404
506365.jpg,0.87388206,0.048492305,0.052822266,0.024803353
506366.jpg,0.0022845268,0.0020214731,0.6191749,0.37651908
506367.jpg,0.30855957,0.60060495,0.059594054,0.031241337
506368.jpg,0.027114779,0.66735715,0.12743475,0.17809337
506369.jpg,0.31668982,0.5847008,0.06627299,0.03233633
506370.jpg,0.8883003,0.034957454,0.050213065,0.02652918
506371.jpg,0.008878288,0.11071037,0.23606274,0.6443486
506372.jpg,0.41435975,0.49437577,0.063973404,0.027291039
506373.jpg,0.18422404,0.17310584,0.12790652,0.5147636
506374.jpg,0.90560234,0.018511888,0.048712727,0.027173083
506375.jpg,0.7016046,0.20820624,0.06037961,0.029809538
506376.jpg,0.83803153,0.06497321,0.06458424,0.032411035
506377.jpg,0.5238286,0.38334826,0.06351814,0.029304955
506378.jpg,0.07280553,0.8341434,0.06581986,0.027231302
506379.jpg,0.0025220679,0.01919937,0.022516275,0.9557623
506380.jpg,0.8778766,0.042763278,0.053028386,0.026331753
506381.jpg,0.08153876,0.8133961,0.077064104,0.028001023
506382.jpg,0.89286256,0.032277692,0.049185276,0.025674568
506383.jpg,0.84319806,0.070101485,0.061406136,0.025294356
506384.jpg,0.0070590433,0.004575463,0.9764043,0.0119611835
506385.jpg,0.053723883,0.7620423,0.06492302,0.119310774
506386.jpg,0.45784277,0.43541983,0.064731695,0.04200573
506387.jpg,0.7821614,0.12047476,0.06220367,0.035160124
506388.jpg,0.8441526,0.06198217,0.059749708,0.034115493
506389.jpg,0.08005103,0.8220451,0.06368057,0.034223363
506390.jpg,0.88172656,0.032689516,0.057055984,0.028527886
506391.jpg,0.04293026,0.023428313,0.8452709,0.08837052
506392.jpg,0.009908069,0.45549405,0.22699554,0.30760235
506393.jpg,0.89836735,0.020223089,0.052653294,0.028756224
506394.jpg,0.83974814,0.08939452,0.046499345,0.024357978
506395.jpg,0.09413539,0.83573973,0.0502068,0.019918092
506396.jpg,0.0011526566,0.0050969,0.3669826,0.6267679
506397.jpg,0.7819182,0.14198668,0.052156836,0.023938233
506398.jpg,0.33683187,0.5688736,0.066260785,0.02803378
506399.jpg,0.8772196,0.04596959,0.050353333,0.026457446
506400.jpg,0.7422049,0.15546626,0.073696494,0.028632356
506401.jpg,0.508572,0.3839104,0.079073295,0.02844431
506402.jpg,0.294819,0.60124105,0.061064634,0.042875275
506403.jpg,0.19872539,0.7238711,0.053395525,0.024007939
506404.jpg,0.61332923,0.29107645,0.07206631,0.023528002
506405.jpg,0.31916383,0.5756517,0.0727009,0.032483578
506406.jpg,0.5683454,0.34956226,0.049745288,0.03234709
506407.jpg,0.6533201,0.2728156,0.052630022,0.02123434
506408.jpg,0.011739696,0.44853938,0.22808316,0.31163776
506409.jpg,0.34405625,0.5507295,0.06982851,0.035385743
506410.jpg,0.17115146,0.595042,0.19129401,0.04251258
506411.jpg,0.8676476,0.053448223,0.053573497,0.025330702
506412.jpg,0.90462905,0.022372812,0.05114315,0.021854907
506413.jpg,0.18750967,0.7175103,0.06401012,0.030969987
506414.jpg,0.85451216,0.05575698,0.056525443,0.033205464
506415.jpg,0.07350874,0.8403932,0.05718828,0.028909782
506416.jpg,0.6865656,0.21210128,0.06865381,0.032679357
506417.jpg,0.8668554,0.052374892,0.052449286,0.028320415
506418.jpg,0.650781,0.27357134,0.05235689,0.023290806
506419.jpg,0.87304944,0.03213162,0.061422303,0.033396676
506420.jpg,0.8428284,0.06289206,0.06298403,0.03129551
506421.jpg,0.87507385,0.040734738,0.054744832,0.029446542
506422.jpg,0.7368233,0.15927848,0.06977542,0.034122746
506423.jpg,0.51126003,0.3775613,0.076985925,0.034192756
506424.jpg,0.37520882,0.17427546,0.41304335,0.03747231
506425.jpg,0.8376901,0.07334987,0.060736403,0.028223693
506426.jpg,0.89388,0.032807685,0.046801567,0.026510818
506427.jpg,0.036214776,0.8824854,0.05280561,0.028494217
506428.jpg,0.65191823,0.15754825,0.15934253,0.031190999
506429.jpg,0.0030408266,0.0030067405,0.34753138,0.64642113
506430.jpg,0.90498394,0.018149108,0.05412306,0.022743816
506431.jpg,0.9008105,0.019007383,0.050173778,0.030008325
506432.jpg,0.6715275,0.2342426,0.06434875,0.029881133
506433.jpg,0.90288407,0.030576766,0.044625416,0.021913746
506434.jpg,0.65856224,0.07853469,0.2548828,0.008020171
506435.jpg,0.11817442,0.7917485,0.05818498,0.031892065
506436.jpg,0.20697583,0.69977486,0.059480984,0.03376837
506437.jpg,0.77558744,0.14103366,0.056814536,0.026564345
506438.jpg,0.4854944,0.42308483,0.06215395,0.029266847
506439.jpg,0.5238898,0.3749862,0.06469084,0.03643316
506440.jpg,0.12271884,0.80195165,0.05011289,0.02521666
506441.jpg,0.09126579,0.82142955,0.050181594,0.037123006
506442.jpg,0.7765782,0.14431143,0.054252878,0.024857529
506443.jpg,0.6418646,0.2470478,0.07340205,0.03768558
506444.jpg,0.4392561,0.47704145,0.053504758,0.030197646
506445.jpg,0.03860794,0.019841388,0.9380653,0.003485329
506446.jpg,0.19320875,0.70435584,0.068413466,0.034021944
506447.jpg,0.31216523,0.55603606,0.06315837,0.06864034
506448.jpg,0.72178614,0.18131457,0.06683435,0.030064963
506449.jpg,0.84344554,0.0626861,0.067219414,0.026648957
506450.jpg,0.056008175,0.8537502,0.05854346,0.031698134
506451.jpg,0.72454894,0.18984918,0.056772973,0.028828911
506452.jpg,0.8657854,0.045374982,0.056304295,0.03253534
506453.jpg,0.8857052,0.0364911,0.05130191,0.026501851
506454.jpg,0.8887722,0.026162915,0.05528036,0.029784607
506455.jpg,0.32635602,0.5931517,0.053202085,0.027290296
506456.jpg,0.8836727,0.031928033,0.058632273,0.025766999
506457.jpg,0.8873662,0.03690171,0.047253113,0.028478967
506458.jpg,0.41846097,0.4883479,0.064841,0.028350119
506459.jpg,0.41250002,0.49311554,0.062844135,0.031540282
506460.jpg,0.9002928,0.022463262,0.05307455,0.024169318
506461.jpg,0.7422287,0.16851151,0.0643583,0.024901597
506462.jpg,0.7308992,0.17545049,0.052498586,0.041151635
506463.jpg,0.6585942,0.2528905,0.066422306,0.022093078
506464.jpg,0.8629589,0.049279734,0.058669977,0.02909135
506465.jpg,0.57622826,0.3288357,0.06543633,0.029499749
506466.jpg,0.23849699,0.6626691,0.06452162,0.034312196
506467.jpg,0.45154217,0.4749937,0.04957773,0.023886457
506468.jpg,0.0015270629,0.002621596,0.019457499,0.9763938
506469.jpg,0.010188901,0.17703904,0.7486501,0.06412207
506470.jpg,0.050526362,0.07154221,0.068724126,0.80920726
506471.jpg,0.3938585,0.52306277,0.055390958,0.027687766
506472.jpg,0.4802814,0.42821324,0.06268692,0.028818436
506473.jpg,0.8356883,0.065938994,0.061154265,0.037218474
506474.jpg,0.84608674,0.06579887,0.05312818,0.034986157
506475.jpg,0.8308627,0.08448443,0.056106016,0.028546926
506476.jpg,0.061287746,0.043344952,0.89149404,0.0038733697
506477.jpg,0.89099365,0.0297891,0.051879976,0.027337259
506478.jpg,0.32615077,0.55274063,0.06359816,0.05751039
506479.jpg,0.44493854,0.46011823,0.071993455,0.022949805
506480.jpg,0.75242937,0.15297438,0.06609286,0.028503384
506481.jpg,0.8967033,0.018562831,0.052270226,0.03246361
506482.jpg,0.874949,0.04932793,0.054669857,0.021053188
506483.jpg,0.011978742,0.89573574,0.06512229,0.02716323
506484.jpg,0.007420209,0.0013056416,0.9741714,0.01710278
506485.jpg,0.48084015,0.3111913,0.16858344,0.039385147
506486.jpg,0.80467105,0.11248687,0.055368144,0.027473979
506487.jpg,0.048150934,0.85092765,0.061052527,0.039868847
506488.jpg,0.15109628,0.4534154,0.10338915,0.29209915
506489.jpg,0.13723603,0.3862607,0.18386513,0.29263815
506490.jpg,0.054442354,0.86111844,0.060571544,0.023867687
506491.jpg,0.89863175,0.02419737,0.053190406,0.02398052
506492.jpg,0.8909091,0.03086503,0.053468116,0.024757864
506493.jpg,0.8505492,0.054966792,0.06344356,0.031040497
506494.jpg,0.59915555,0.3179947,0.05614829,0.02670146
506495.jpg,0.88350105,0.034148164,0.055459753,0.02689098
506496.jpg,0.0015949707,0.0021462338,0.21385734,0.78240144
506497.jpg,0.094567575,0.8163722,0.04930757,0.039752636
506498.jpg,0.0018910555,0.014490468,0.041610867,0.9420077
506499.jpg,0.14205034,0.5636525,0.20014875,0.09414838
506500.jpg,0.0018948708,0.0024795579,0.4727173,0.52290833
506501.jpg,0.1271408,0.019032003,0.7402831,0.113544144
506502.jpg,0.8649377,0.03855908,0.0680065,0.028496683
506503.jpg,0.8835741,0.024502803,0.063793935,0.028129207
506504.jpg,0.17867404,0.46520117,0.19066694,0.16545784
506505.jpg,0.8414953,0.07208394,0.056250248,0.030170582
506506.jpg,0.0103939995,0.41061127,0.024632135,0.5543626
506507.jpg,0.76415133,0.1440462,0.06060115,0.03120131
506508.jpg,0.48407304,0.4067301,0.06842906,0.04076775
506509.jpg,0.53234255,0.3580789,0.080355905,0.029222641
506510.jpg,0.60693294,0.2935102,0.0695962,0.029960725
506511.jpg,0.8486714,0.039213285,0.08583537,0.026279982
506512.jpg,0.022861676,0.9055673,0.048098784,0.023472277
506513.jpg,0.021670097,0.87481827,0.055339556,0.048172012
506514.jpg,0.8277129,0.08844888,0.056611538,0.027226692
506515.jpg,0.15709077,0.7371485,0.06699451,0.038766246
506516.jpg,0.38223228,0.5256608,0.05253967,0.039567232
506517.jpg,0.8840703,0.0335039,0.056253213,0.026172616
506518.jpg,0.6640812,0.2471729,0.06387077,0.024875104
506519.jpg,0.89350915,0.032146722,0.048643693,0.025700493
506520.jpg,0.8418191,0.06286125,0.0660729,0.029246714
506521.jpg,0.7935385,0.10158104,0.07506488,0.029815534
506522.jpg,0.8765779,0.0322224,0.0631929,0.028006759
506523.jpg,0.8013691,0.109457,0.06088669,0.02828724
506524.jpg,0.9020818,0.0239793,0.04658592,0.027352976
506525.jpg,0.09667367,0.5450896,0.059874833,0.29836184
506526.jpg,0.01814538,0.021261089,0.8541272,0.10646635
506527.jpg,0.89952797,0.028354237,0.050133035,0.021984769
506528.jpg,0.1612605,0.7441637,0.07009317,0.024482671
506529.jpg,0.40949067,0.49008185,0.07384268,0.02658481
506530.jpg,0.71813303,0.18647426,0.060512915,0.034879778
506531.jpg,0.016086489,0.91602695,0.04598115,0.02190543
506532.jpg,0.85123026,0.05222323,0.06465464,0.031891808
506533.jpg,0.0030467894,0.0023871379,0.79287744,0.20168856
506534.jpg,0.0014805844,0.0018375859,0.5596062,0.43707567
506535.jpg,0.8767891,0.046267442,0.049197674,0.027745776
506536.jpg,0.014916678,0.6107395,0.09417912,0.28016466
506537.jpg,0.0512841,0.73926806,0.17273857,0.036709238
506538.jpg,0.8829241,0.044986624,0.04869311,0.023396157
506539.jpg,0.51342994,0.3860246,0.06800845,0.032537032
506540.jpg,0.68223596,0.21647568,0.06549439,0.03579393
506541.jpg,0.726295,0.166614,0.075894326,0.031196676
506542.jpg,0.0016357512,0.0022446231,0.08790875,0.9082109
506543.jpg,0.3779834,0.5148725,0.07437097,0.032773215
506544.jpg,0.12742369,0.7809131,0.05796728,0.033695854
506545.jpg,0.34290802,0.5499459,0.06612769,0.041018352
506546.jpg,0.90458614,0.016969746,0.05307585,0.025368316
506547.jpg,0.8496907,0.058443494,0.06121295,0.030652834
506548.jpg,0.26085776,0.50831616,0.099344775,0.13148127
506549.jpg,0.43750796,0.40076077,0.12022197,0.041509274
506550.jpg,0.0018472676,0.0023801504,0.39260986,0.6031627
506551.jpg,0.55953074,0.35757706,0.05303724,0.02985494
506552.jpg,0.012084549,0.73355544,0.058580477,0.1957796
506553.jpg,0.015580767,0.73879457,0.05891254,0.18671215
506554.jpg,0.6400867,0.2725744,0.056421697,0.030917197
506555.jpg,0.0015606009,0.004851193,0.9511374,0.0424508
506556.jpg,0.8766385,0.0401056,0.061245125,0.02201082
506557.jpg,0.009453936,0.41454047,0.18408722,0.3919184
506558.jpg,0.008456064,0.30174378,0.13660654,0.5531936
506559.jpg,0.6024937,0.30451924,0.060781732,0.032205295
506560.jpg,0.85033345,0.06256522,0.055655744,0.03144565
506561.jpg,0.21356472,0.69228566,0.06615667,0.027992971
506562.jpg,0.8750674,0.041120276,0.05760679,0.026205475
506563.jpg,0.17786418,0.70431,0.08520815,0.032617714
506564.jpg,0.0018654934,0.004603645,0.28934664,0.70418423
506565.jpg,0.8754115,0.036489554,0.058381174,0.029717766
506566.jpg,0.7043707,0.20613801,0.05694139,0.032549933
506567.jpg,0.32617772,0.58177096,0.06523514,0.026816234
506568.jpg,0.17884564,0.71862787,0.072733745,0.029792763
506569.jpg,0.7945105,0.11348282,0.060323186,0.031683505
506570.jpg,0.5449567,0.34680024,0.073874705,0.034368355
506571.jpg,0.0015778827,0.0023415082,0.02018172,0.97589886
506572.jpg,0.38286445,0.21594723,0.06826954,0.33291885
506573.jpg,0.32977962,0.55774593,0.06750655,0.0449679
506574.jpg,0.8643498,0.037909083,0.06281528,0.03492582
506575.jpg,0.30898234,0.59425145,0.067160636,0.02960558
506576.jpg,0.012032319,0.89120793,0.06483879,0.031920988
506577.jpg,0.004073595,0.0010098486,0.9825938,0.012322863
506578.jpg,0.4729457,0.42535305,0.07237465,0.029326644
506579.jpg,0.0013197591,0.0031319214,0.32709444,0.6684539
506580.jpg,0.006523644,0.094167195,0.36076236,0.5385468
506581.jpg,0.76944906,0.1332875,0.06149006,0.035773356
506582.jpg,0.05067719,0.29702875,0.16399996,0.48829412
506583.jpg,0.030428521,0.017664548,0.84031606,0.111590914
506584.jpg,0.43547523,0.2530269,0.18846901,0.123028874
506585.jpg,0.0014200045,0.0023062374,0.5785334,0.41774035
506586.jpg,0.0018671443,0.0037374662,0.07086133,0.9235341
506587.jpg,0.814847,0.1055322,0.05311511,0.026505679
506588.jpg,0.12521774,0.7903946,0.056147475,0.028240107
506589.jpg,0.70197845,0.20133653,0.0627123,0.033972714
506590.jpg,0.13350704,0.477758,0.17411952,0.21461551
506591.jpg,0.8661516,0.0595095,0.05068394,0.023654975
506592.jpg,0.023802219,0.85366887,0.054056995,0.06847196
506593.jpg,0.0011869574,0.0022675043,0.02484652,0.971699
506594.jpg,0.03754266,0.33895838,0.19844303,0.42505592
506595.jpg,0.49356455,0.3997231,0.07014093,0.036571376
506596.jpg,0.062173,0.8118217,0.10004205,0.025963224
506597.jpg,0.9049777,0.02521308,0.045033447,0.02477577
506598.jpg,0.038831316,0.8904241,0.045576617,0.025167929
506599.jpg,0.7478474,0.1806282,0.043565776,0.027958645
506600.jpg,0.88510597,0.032436322,0.0537897,0.028668039
506601.jpg,0.21914096,0.008477431,0.76971173,0.002669856
506602.jpg,0.87503076,0.037157807,0.05815251,0.029658953
506603.jpg,0.0016281261,0.002562548,0.03760435,0.9582049
506604.jpg,0.2483213,0.62240857,0.07999034,0.049279828
506605.jpg,0.006567767,0.13809791,0.03733457,0.8179998
506606.jpg,0.1562166,0.41598865,0.34904015,0.07875456
506607.jpg,0.8829201,0.03256291,0.059271082,0.025245858
506608.jpg,0.15711895,0.75635403,0.062800005,0.023727052
506609.jpg,0.33227453,0.5708509,0.066605054,0.030269496
506610.jpg,0.87276626,0.040050242,0.058528185,0.02865532
506611.jpg,0.88783246,0.03034553,0.05477378,0.027048253
506612.jpg,0.24762712,0.028100219,0.7161568,0.008115842
506613.jpg,0.86493057,0.05290864,0.05827048,0.02389038
506614.jpg,0.84928143,0.04741966,0.064284846,0.039014056
506615.jpg,0.020053782,0.355506,0.41898102,0.20545919
506616.jpg,0.0013633858,0.0033175403,0.030140778,0.96517825
506617.jpg,0.62807006,0.2824929,0.06266046,0.026776573
506618.jpg,0.0010575498,0.0012856937,0.85809684,0.13955995
506619.jpg,0.3313954,0.56690663,0.070676245,0.031021748
506620.jpg,0.8293597,0.07894507,0.06315747,0.028537784
506621.jpg,0.8932336,0.02420247,0.056504235,0.026059665
506622.jpg,0.0916277,0.83447343,0.05302263,0.020876216
506623.jpg,0.8671448,0.0488985,0.058036465,0.025920201
506624.jpg,0.8746099,0.035938695,0.060271125,0.029180322
506625.jpg,0.8632982,0.052944493,0.05723806,0.026519308
506626.jpg,0.6524112,0.25375602,0.06526455,0.028568247
506627.jpg,0.3392588,0.5687692,0.06084144,0.031130506
506628.jpg,0.82325643,0.08045356,0.06435643,0.031933594
506629.jpg,0.8993428,0.019200284,0.05337927,0.028077649
506630.jpg,0.5972093,0.30483726,0.069138356,0.028815035
506631.jpg,0.8390408,0.07299737,0.05647781,0.031484038
506632.jpg,0.1549221,0.7674626,0.052792117,0.024823172
506633.jpg,0.09100497,0.82666713,0.060525537,0.021802392
506634.jpg,0.043497514,0.8807674,0.044346016,0.031389054
506635.jpg,0.9028491,0.017599156,0.05241047,0.027141236
506637.jpg,0.88643384,0.029590782,0.05539312,0.028582321
506638.jpg,0.87082404,0.048377857,0.056337073,0.024461143
506639.jpg,0.07059624,0.845906,0.058093037,0.025404748
506640.jpg,0.30489618,0.5979248,0.07040305,0.026776053
506641.jpg,0.67818,0.2278254,0.062410872,0.03158374
506642.jpg,0.001547646,0.003308134,0.021392323,0.9737519
506643.jpg,0.89732045,0.023951573,0.052294225,0.026433751
506644.jpg,0.042079914,0.87052834,0.054653615,0.032738194
506645.jpg,0.8494766,0.07391773,0.048484664,0.028121041
506646.jpg,0.0021140012,0.0026842752,0.5050287,0.49017298
506647.jpg,0.23692253,0.6902996,0.04588394,0.026893934
506648.jpg,0.35893255,0.27388635,0.06523219,0.30194888
506649.jpg,0.85239685,0.063300245,0.059603494,0.024699338
506650.jpg,0.32033807,0.5086836,0.14993855,0.021039804
506651.jpg,0.8715595,0.049126334,0.050846294,0.028467817
506652.jpg,0.3095849,0.58509654,0.080649935,0.024668697
506653.jpg,0.7378142,0.17351228,0.060454838,0.028218674
506654.jpg,0.5537922,0.34191036,0.06207317,0.042224295
506655.jpg,0.087338485,0.43009508,0.056084435,0.42648202
506656.jpg,0.7522947,0.15361129,0.06663129,0.027462713
506657.jpg,0.32351232,0.580195,0.06296762,0.03332507
506658.jpg,0.0011525194,0.0019127878,0.73765075,0.25928402
506659.jpg,0.033431638,0.8852945,0.059957318,0.021316528
506660.jpg,0.002455621,0.049094353,0.022438072,0.9260119
506661.jpg,0.77303493,0.13761522,0.06346503,0.025884843
506662.jpg,0.85677636,0.061197236,0.055983756,0.026042681
506663.jpg,0.8893848,0.025198542,0.05770255,0.027714156
506664.jpg,0.017446019,0.8731563,0.054510713,0.05488704
506665.jpg,0.14830118,0.74466646,0.07434542,0.032686953
506666.jpg,0.65475005,0.027780185,0.30228555,0.0151842125
506667.jpg,0.8752119,0.048469223,0.049078114,0.027240792
506668.jpg,0.8982365,0.019968078,0.05377853,0.028016826
506669.jpg,0.13384831,0.6931102,0.07377476,0.0992667
506670.jpg,0.69410396,0.21523982,0.059095845,0.03156037
506671.jpg,0.87708163,0.044318352,0.054371223,0.024228742
506672.jpg,0.41577852,0.47814444,0.062284112,0.043792922
506673.jpg,0.018648528,0.82191676,0.05327229,0.1061624
506674.jpg,0.14722566,0.7637455,0.06203974,0.026989134
506675.jpg,0.8637179,0.051410027,0.059691343,0.02518068
506676.jpg,0.89711124,0.017944187,0.057687137,0.027257346
506677.jpg,0.45315737,0.4353203,0.06599662,0.045525767
506678.jpg,0.01609932,0.51180625,0.102158755,0.36993563
506679.jpg,0.84412324,0.06382747,0.0647259,0.027323397
506680.jpg,0.49725404,0.418769,0.057507105,0.02646986
506681.jpg,0.30770293,0.59996116,0.06706611,0.025269806
506682.jpg,0.75607824,0.16217305,0.048405264,0.03334344
506683.jpg,0.39023307,0.50138074,0.0770213,0.031364758
506684.jpg,0.12979443,0.78986067,0.057150047,0.023194851
506685.jpg,0.18172036,0.7095539,0.05995295,0.048772816
506686.jpg,0.028169705,0.8927717,0.05123143,0.027827114
506687.jpg,0.23260716,0.6488793,0.07408396,0.044429667
506688.jpg,0.52569556,0.3898426,0.057496615,0.0269652
506689.jpg,0.011569653,0.8984182,0.064947255,0.025064858
506690.jpg,0.77029806,0.14984989,0.047971357,0.031880647
506691.jpg,0.4302491,0.42445314,0.08552919,0.059768584
506692.jpg,0.82975423,0.078106046,0.058591656,0.033548012
506693.jpg,0.014881253,0.69142306,0.04950526,0.24419042
506694.jpg,0.42160082,0.47925365,0.06810936,0.031036172
506695.jpg,0.6758126,0.24165042,0.056462698,0.026074179
506696.jpg,0.5703127,0.3417339,0.05361636,0.034337077
506697.jpg,0.87845093,0.047461033,0.044663068,0.029425003
506698.jpg,0.7444297,0.16997772,0.057910375,0.027682189
506699.jpg,0.89459485,0.030092737,0.05298049,0.022331962
506700.jpg,0.8648995,0.05243725,0.053772245,0.028891103
506701.jpg,0.12550554,0.7872185,0.055366114,0.03190978
506702.jpg,0.19660094,0.722603,0.054069605,0.026726415
506703.jpg,0.001486563,0.0020455283,0.5681855,0.42828238
506704.jpg,0.120831914,0.7941987,0.06468349,0.020285942
506705.jpg,0.14458776,0.7558711,0.06755817,0.031982943
506706.jpg,0.0620335,0.8651584,0.052696947,0.020111218
506707.jpg,0.057612658,0.8613001,0.057961624,0.023125656
506708.jpg,0.034797657,0.8788821,0.056941375,0.029378934
506709.jpg,0.52151,0.38015866,0.07389822,0.024433136
506710.jpg,0.27600026,0.6290361,0.06664458,0.028319078
506711.jpg,0.89182144,0.02481287,0.054389358,0.028976407
506712.jpg,0.00083850167,0.0013508332,0.98310035,0.014710251
506713.jpg,0.1548296,0.749692,0.065515414,0.029962905
506714.jpg,0.05853262,0.40107462,0.33240873,0.207984
506716.jpg,0.8948539,0.016842145,0.059532125,0.028771857
506717.jpg,0.0045111645,0.006404767,0.34622315,0.64286095
506718.jpg,0.0019903982,0.0027153986,0.39068374,0.60461044
506719.jpg,0.8439188,0.06900431,0.060573526,0.026503423
506720.jpg,0.0015963403,0.0035219165,0.047480218,0.9474016
506721.jpg,0.7074015,0.19006027,0.070458695,0.03207957
506722.jpg,0.0007535926,0.0012575098,0.86387676,0.13411215
506723.jpg,0.6527862,0.2645657,0.05934357,0.023304466
506724.jpg,0.77433926,0.12731595,0.062154457,0.03619027
506725.jpg,0.5369442,0.3680317,0.06597048,0.029053679
506726.jpg,0.8158498,0.09620815,0.05603222,0.031909842
506727.jpg,0.044041652,0.8412185,0.06036113,0.05437875
506728.jpg,0.7975505,0.13838871,0.045000505,0.019060323
506729.jpg,0.24357033,0.6587983,0.058336206,0.039295204
506730.jpg,0.010083303,0.4288871,0.265696,0.2953336
506731.jpg,0.8933732,0.022118157,0.05593286,0.028575744
506732.jpg,0.87191474,0.04277814,0.05718491,0.028122237
506733.jpg,0.0018421975,0.0048056776,0.18821682,0.8051353
506734.jpg,0.8984556,0.023899065,0.051652536,0.025992805
506735.jpg,0.85810983,0.039667837,0.078401566,0.023820715
506736.jpg,0.14054233,0.75296235,0.067410335,0.039084993
506737.jpg,0.8720665,0.051323075,0.055571727,0.021038665
506738.jpg,0.53910184,0.3487929,0.07635702,0.03574825
506739.jpg,0.016667737,0.28655496,0.042164538,0.6546128
506740.jpg,0.8931649,0.026699293,0.051520225,0.028615586
506741.jpg,0.22218312,0.66370624,0.068647616,0.045463
506742.jpg,0.2714818,0.6500583,0.057068817,0.021391047
506743.jpg,0.7707403,0.14783303,0.05332127,0.028105348
506744.jpg,0.8831121,0.03558455,0.054932512,0.026370883
506745.jpg,0.8939055,0.028062241,0.047779724,0.030252589
506746.jpg,0.87291443,0.03628936,0.05639995,0.0343962
506747.jpg,0.8277084,0.093309656,0.050025165,0.028956814
506748.jpg,0.892864,0.018938443,0.05986174,0.028335832
506749.jpg,0.017841842,0.8978652,0.05951235,0.024780653
506750.jpg,0.04527194,0.8781236,0.055744607,0.020859797
506751.jpg,0.016579099,0.89989537,0.05661462,0.026910853
506752.jpg,0.6455578,0.26939908,0.05581166,0.029231438
506753.jpg,0.022275167,0.9015338,0.05242261,0.023768362
506754.jpg,0.059641097,0.86684006,0.038298734,0.03522016
506755.jpg,0.8939138,0.025640678,0.053201072,0.0272445
506756.jpg,0.87391263,0.048400655,0.05142752,0.026259122
