image,none,infection,ischaemia,both
501000.jpg,0,1,0,0
501001.jpg,0,0,1,0
501002.jpg,1,0,0,0
501003.jpg,0,1,0,0
501004.jpg,0,0,1,0
501005.jpg,1,0,0,0
501006.jpg,1,0,0,0
501007.jpg,0,1,0,0
501008.jpg,0,1,0,0
501009.jpg,0,0,0,1
501010.jpg,1,0,0,0
501011.jpg,1,0,0,0
501012.jpg,0,1,0,0
501013.jpg,0,0,1,0
501014.jpg,0,1,0,0
501015.jpg,0,0,0,1
501016.jpg,0,1,0,0
501017.jpg,0,1,0,0
501018.jpg,1,0,0,0
501019.jpg,1,0,0,0
501020.jpg,1,0,0,0
501021.jpg,0,0,0,1
501022.jpg,0,1,0,0
501024.jpg,1,0,0,0
501025.jpg,1,0,0,0
501026.jpg,1,0,0,0
501027.jpg,1,0,0,0
501028.jpg,1,0,0,0
501029.jpg,1,0,0,0
501030.jpg,1,0,0,0
501031.jpg,1,0,0,0
501032.jpg,0,0,0,1
501033.jpg,1,0,0,0
501034.jpg,1,0,0,0
501035.jpg,1,0,0,0
501036.jpg,0,1,0,0
501037.jpg,1,0,0,0
501038.jpg,1,0,0,0
501039.jpg,0,1,0,0
501040.jpg,0,1,0,0
501041.jpg,0,1,0,0
501042.jpg,0,1,0,0
501043.jpg,0,1,0,0
501044.jpg,1,0,0,0
501045.jpg,1,0,0,0
501046.jpg,1,0,0,0
501047.jpg,1,0,0,0
501048.jpg,0,1,0,0
501049.jpg,0,1,0,0
501050.jpg,1,0,0,0
501051.jpg,0,0,0,1
501052.jpg,1,0,0,0
501053.jpg,1,0,0,0
501054.jpg,1,0,0,0
501055.jpg,1,0,0,0
501056.jpg,1,0,0,0
501057.jpg,0,1,0,0
501058.jpg,0,1,0,0
501059.jpg,1,0,0,0
501060.jpg,1,0,0,0
501061.jpg,0,0,0,1
501062.jpg,1,0,0,0
501063.jpg,1,0,0,0
501064.jpg,0,1,0,0
501065.jpg,0,1,0,0
501066.jpg,1,0,0,0
501067.jpg,0,1,0,0
501068.jpg,0,1,0,0
501069.jpg,1,0,0,0
501070.jpg,1,0,0,0
501071.jpg,0,0,1,0
501072.jpg,1,0,0,0
501073.jpg,0,1,0,0
501074.jpg,0,1,0,0
501075.jpg,0,1,0,0
501076.jpg,0,1,0,0
501077.jpg,1,0,0,0
501078.jpg,0,1,0,0
501079.jpg,1,0,0,0
501080.jpg,0,1,0,0
501081.jpg,1,0,0,0
501082.jpg,0,1,0,0
501083.jpg,0,1,0,0
501084.jpg,1,0,0,0
501085.jpg,1,0,0,0
501086.jpg,1,0,0,0
501087.jpg,1,0,0,0
501088.jpg,0,1,0,0
501089.jpg,1,0,0,0
501090.jpg,0,0,0,1
501091.jpg,1,0,0,0
501092.jpg,0,1,0,0
501093.jpg,0,1,0,0
501094.jpg,0,1,0,0
501095.jpg,0,0,1,0
501096.jpg,1,0,0,0
501097.jpg,0,1,0,0
501098.jpg,0,0,0,1
501099.jpg,1,0,0,0
501100.jpg,0,0,1,0
501101.jpg,0,0,0,1
501102.jpg,1,0,0,0
501103.jpg,1,0,0,0
501104.jpg,0,1,0,0
501105.jpg,1,0,0,0
501106.jpg,0,1,0,0
501107.jpg,1,0,0,0
501108.jpg,1,0,0,0
501109.jpg,1,0,0,0
501110.jpg,1,0,0,0
501111.jpg,0,1,0,0
501112.jpg,0,0,0,1
501113.jpg,1,0,0,0
501114.jpg,1,0,0,0
501115.jpg,1,0,0,0
501116.jpg,1,0,0,0
501117.jpg,0,1,0,0
501118.jpg,0,1,0,0
501119.jpg,1,0,0,0
501120.jpg,0,1,0,0
501121.jpg,1,0,0,0
501122.jpg,0,0,0,1
501123.jpg,0,0,1,0
501124.jpg,0,1,0,0
501125.jpg,1,0,0,0
501126.jpg,1,0,0,0
501127.jpg,0,1,0,0
501128.jpg,1,0,0,0
501129.jpg,0,1,0,0
501130.jpg,0,1,0,0
501131.jpg,0,0,1,0
501132.jpg,0,1,0,0
501133.jpg,1,0,0,0
501134.jpg,1,0,0,0
501135.jpg,1,0,0,0
501136.jpg,0,1,0,0
501137.jpg,0,0,0,1
501138.jpg,1,0,0,0
501139.jpg,1,0,0,0
501140.jpg,1,0,0,0
501141.jpg,1,0,0,0
501142.jpg,0,1,0,0
501143.jpg,1,0,0,0
501144.jpg,0,0,0,1
501145.jpg,0,0,0,1
501146.jpg,0,1,0,0
501147.jpg,1,0,0,0
501148.jpg,0,1,0,0
501149.jpg,1,0,0,0
501150.jpg,1,0,0,0
501151.jpg,0,1,0,0
501152.jpg,1,0,0,0
501153.jpg,0,1,0,0
501154.jpg,1,0,0,0
501155.jpg,1,0,0,0
501156.jpg,1,0,0,0
501157.jpg,0,0,1,0
501158.jpg,0,1,0,0
501159.jpg,1,0,0,0
501160.jpg,0,1,0,0
501161.jpg,0,1,0,0
501162.jpg,0,0,1,0
501163.jpg,1,0,0,0
501164.jpg,0,1,0,0
501165.jpg,1,0,0,0
501166.jpg,0,1,0,0
501167.jpg,0,1,0,0
501168.jpg,0,1,0,0
501169.jpg,0,1,0,0
501170.jpg,1,0,0,0
501171.jpg,0,0,1,0
501172.jpg,0,1,0,0
501173.jpg,0,0,1,0
501174.jpg,0,0,1,0
501175.jpg,1,0,0,0
501176.jpg,0,1,0,0
501177.jpg,1,0,0,0
501178.jpg,0,0,1,0
501179.jpg,0,1,0,0
501180.jpg,1,0,0,0
501181.jpg,1,0,0,0
501182.jpg,1,0,0,0
501183.jpg,0,1,0,0
501184.jpg,0,0,1,0
501185.jpg,0,1,0,0
501186.jpg,0,1,0,0
501187.jpg,1,0,0,0
501188.jpg,1,0,0,0
501189.jpg,1,0,0,0
501190.jpg,0,0,1,0
501191.jpg,1,0,0,0
501192.jpg,1,0,0,0
501193.jpg,1,0,0,0
501194.jpg,1,0,0,0
501195.jpg,0,1,0,0
501196.jpg,0,1,0,0
501197.jpg,1,0,0,0
501198.jpg,0,1,0,0
501199.jpg,0,0,0,1
501200.jpg,1,0,0,0
501201.jpg,0,1,0,0
501202.jpg,1,0,0,0
501203.jpg,1,0,0,0
501204.jpg,0,1,0,0
501205.jpg,0,1,0,0
501206.jpg,1,0,0,0
501207.jpg,1,0,0,0
501208.jpg,0,1,0,0
501209.jpg,0,1,0,0
501210.jpg,0,1,0,0
501211.jpg,0,1,0,0
501212.jpg,1,0,0,0
501213.jpg,1,0,0,0
501214.jpg,1,0,0,0
501215.jpg,0,1,0,0
501216.jpg,0,1,0,0
501217.jpg,0,1,0,0
501218.jpg,1,0,0,0
501219.jpg,1,0,0,0
501220.jpg,0,0,1,0
501221.jpg,1,0,0,0
501222.jpg,0,1,0,0
501223.jpg,1,0,0,0
501224.jpg,0,1,0,0
501225.jpg,0,1,0,0
501226.jpg,1,0,0,0
501227.jpg,0,1,0,0
501228.jpg,0,0,0,1
501229.jpg,1,0,0,0
501230.jpg,1,0,0,0
501231.jpg,1,0,0,0
501232.jpg,1,0,0,0
501233.jpg,0,1,0,0
501234.jpg,1,0,0,0
501235.jpg,1,0,0,0
501236.jpg,1,0,0,0
501237.jpg,1,0,0,0
501238.jpg,0,1,0,0
501239.jpg,0,0,1,0
501240.jpg,1,0,0,0
501241.jpg,0,1,0,0
501242.jpg,1,0,0,0
501243.jpg,0,1,0,0
501244.jpg,1,0,0,0
501245.jpg,0,1,0,0
501246.jpg,0,0,0,1
501247.jpg,0,1,0,0
501248.jpg,1,0,0,0
501249.jpg,0,0,0,1
501250.jpg,0,0,0,1
501251.jpg,0,1,0,0
501252.jpg,0,0,1,0
501253.jpg,0,0,1,0
501254.jpg,0,0,0,1
501255.jpg,0,1,0,0
501256.jpg,1,0,0,0
501257.jpg,0,1,0,0
501258.jpg,1,0,0,0
501259.jpg,1,0,0,0
501260.jpg,0,0,0,1
501261.jpg,1,0,0,0
501262.jpg,0,1,0,0
501263.jpg,1,0,0,0
501264.jpg,1,0,0,0
501265.jpg,0,0,1,0
501266.jpg,0,1,0,0
501267.jpg,1,0,0,0
501268.jpg,1,0,0,0
501269.jpg,1,0,0,0
501270.jpg,0,0,1,0
501271.jpg,0,0,1,0
501272.jpg,0,0,1,0
501273.jpg,1,0,0,0
501274.jpg,0,1,0,0
501275.jpg,1,0,0,0
501276.jpg,1,0,0,0
501277.jpg,0,0,0,1
501278.jpg,0,1,0,0
501279.jpg,1,0,0,0
501280.jpg,1,0,0,0
501281.jpg,0,0,1,0
501282.jpg,1,0,0,0
501283.jpg,0,1,0,0
501284.jpg,1,0,0,0
501285.jpg,1,0,0,0
501286.jpg,0,1,0,0
501287.jpg,0,0,0,1
501288.jpg,0,0,1,0
501289.jpg,1,0,0,0
501290.jpg,0,1,0,0
501291.jpg,0,0,0,1
501292.jpg,0,0,0,1
501293.jpg,1,0,0,0
501294.jpg,1,0,0,0
501295.jpg,0,1,0,0
501296.jpg,0,0,1,0
501297.jpg,0,1,0,0
501298.jpg,0,1,0,0
501299.jpg,1,0,0,0
501300.jpg,1,0,0,0
501301.jpg,1,0,0,0
501302.jpg,1,0,0,0
501303.jpg,1,0,0,0
501304.jpg,1,0,0,0
501305.jpg,0,0,1,0
501306.jpg,0,1,0,0
501307.jpg,0,0,1,0
501308.jpg,0,0,0,1
501309.jpg,0,1,0,0
501310.jpg,1,0,0,0
501311.jpg,1,0,0,0
501312.jpg,0,0,0,1
501313.jpg,0,1,0,0
501314.jpg,0,0,1,0
501315.jpg,0,1,0,0
501316.jpg,1,0,0,0
501317.jpg,0,1,0,0
501318.jpg,1,0,0,0
501319.jpg,0,1,0,0
501320.jpg,0,1,0,0
501321.jpg,1,0,0,0
501322.jpg,1,0,0,0
501323.jpg,0,1,0,0
501324.jpg,1,0,0,0
501325.jpg,0,1,0,0
501326.jpg,1,0,0,0
501327.jpg,1,0,0,0
501328.jpg,0,1,0,0
501329.jpg,0,0,1,0
501330.jpg,0,0,1,0
501331.jpg,0,1,0,0
501332.jpg,1,0,0,0
501333.jpg,1,0,0,0
501334.jpg,0,1,0,0
501335.jpg,1,0,0,0
501336.jpg,0,1,0,0
501337.jpg,1,0,0,0
501338.jpg,0,0,0,1
501339.jpg,0,1,0,0
501340.jpg,0,1,0,0
501341.jpg,1,0,0,0
501342.jpg,0,1,0,0
501343.jpg,1,0,0,0
501344.jpg,1,0,0,0
501345.jpg,0,1,0,0
501346.jpg,0,1,0,0
501347.jpg,0,1,0,0
501348.jpg,1,0,0,0
501349.jpg,0,1,0,0
501350.jpg,1,0,0,0
501351.jpg,1,0,0,0
501352.jpg,0,1,0,0
501353.jpg,1,0,0,0
501354.jpg,1,0,0,0
501355.jpg,0,0,0,1
501356.jpg,1,0,0,0
501357.jpg,1,0,0,0
501358.jpg,0,1,0,0
501359.jpg,0,1,0,0
501360.jpg,0,1,0,0
501361.jpg,1,0,0,0
501362.jpg,1,0,0,0
501363.jpg,1,0,0,0
501364.jpg,1,0,0,0
501365.jpg,1,0,0,0
501366.jpg,0,1,0,0
501367.jpg,0,1,0,0
501368.jpg,0,1,0,0
501369.jpg,1,0,0,0
501370.jpg,0,1,0,0
501371.jpg,1,0,0,0
501372.jpg,0,1,0,0
501373.jpg,1,0,0,0
501374.jpg,0,1,0,0
501375.jpg,1,0,0,0
501376.jpg,1,0,0,0
501377.jpg,1,0,0,0
501378.jpg,1,0,0,0
501379.jpg,0,0,1,0
501380.jpg,0,0,0,1
501381.jpg,0,1,0,0
501382.jpg,1,0,0,0
501383.jpg,1,0,0,0
501384.jpg,1,0,0,0
501385.jpg,1,0,0,0
501386.jpg,1,0,0,0
501387.jpg,0,0,1,0
501388.jpg,0,1,0,0
501389.jpg,0,1,0,0
501390.jpg,0,1,0,0
501391.jpg,1,0,0,0
501392.jpg,0,1,0,0
501393.jpg,1,0,0,0
501394.jpg,0,1,0,0
501395.jpg,1,0,0,0
501396.jpg,0,1,0,0
501397.jpg,1,0,0,0
501398.jpg,0,1,0,0
501399.jpg,1,0,0,0
501400.jpg,0,1,0,0
501401.jpg,0,0,0,1
501402.jpg,0,1,0,0
501403.jpg,0,1,0,0
501404.jpg,1,0,0,0
501405.jpg,1,0,0,0
501406.jpg,0,1,0,0
501407.jpg,0,1,0,0
501408.jpg,0,1,0,0
501409.jpg,1,0,0,0
501410.jpg,1,0,0,0
501411.jpg,0,1,0,0
501412.jpg,1,0,0,0
501413.jpg,0,1,0,0
501414.jpg,1,0,0,0
501415.jpg,0,1,0,0
501416.jpg,0,1,0,0
501417.jpg,1,0,0,0
501418.jpg,1,0,0,0
501419.jpg,1,0,0,0
501420.jpg,0,1,0,0
501421.jpg,1,0,0,0
501422.jpg,0,1,0,0
501423.jpg,1,0,0,0
501424.jpg,0,0,1,0
501425.jpg,0,0,1,0
501426.jpg,0,1,0,0
501427.jpg,0,1,0,0
501428.jpg,0,1,0,0
501429.jpg,0,1,0,0
501430.jpg,0,0,0,1
501431.jpg,1,0,0,0
501432.jpg,0,1,0,0
501433.jpg,1,0,0,0
501434.jpg,1,0,0,0
501435.jpg,1,0,0,0
501436.jpg,0,1,0,0
501437.jpg,1,0,0,0
501438.jpg,0,1,0,0
501439.jpg,1,0,0,0
501440.jpg,0,0,0,1
501441.jpg,1,0,0,0
501442.jpg,1,0,0,0
501443.jpg,0,1,0,0
501444.jpg,0,1,0,0
501445.jpg,1,0,0,0
501446.jpg,1,0,0,0
501447.jpg,0,1,0,0
501448.jpg,0,0,1,0
501449.jpg,1,0,0,0
501450.jpg,0,1,0,0
501451.jpg,1,0,0,0
501452.jpg,0,1,0,0
501453.jpg,0,0,1,0
501454.jpg,1,0,0,0
501455.jpg,0,0,1,0
501456.jpg,1,0,0,0
501457.jpg,1,0,0,0
501458.jpg,0,1,0,0
501459.jpg,1,0,0,0
501460.jpg,1,0,0,0
501461.jpg,1,0,0,0
501462.jpg,0,0,1,0
501463.jpg,0,0,1,0
501464.jpg,1,0,0,0
501465.jpg,1,0,0,0
501466.jpg,0,0,1,0
501467.jpg,0,0,0,1
501468.jpg,0,1,0,0
501469.jpg,0,0,0,1
501470.jpg,0,1,0,0
501471.jpg,0,1,0,0
501472.jpg,1,0,0,0
501473.jpg,0,1,0,0
501474.jpg,0,0,1,0
501475.jpg,0,1,0,0
501476.jpg,1,0,0,0
501477.jpg,1,0,0,0
501478.jpg,0,1,0,0
501479.jpg,0,1,0,0
501480.jpg,1,0,0,0
501481.jpg,0,1,0,0
501482.jpg,0,0,1,0
501483.jpg,0,1,0,0
501484.jpg,0,1,0,0
501485.jpg,1,0,0,0
501486.jpg,1,0,0,0
501487.jpg,0,0,0,1
501488.jpg,0,0,0,1
501489.jpg,0,1,0,0
501490.jpg,0,0,0,1
501491.jpg,1,0,0,0
501492.jpg,1,0,0,0
501493.jpg,1,0,0,0
501494.jpg,1,0,0,0
501495.jpg,1,0,0,0
501496.jpg,0,1,0,0
501497.jpg,0,0,0,1
501498.jpg,1,0,0,0
501499.jpg,1,0,0,0
501500.jpg,0,1,0,0
501501.jpg,0,1,0,0
501502.jpg,0,1,0,0
501503.jpg,0,0,0,1
501504.jpg,1,0,0,0
501505.jpg,1,0,0,0
501506.jpg,1,0,0,0
501507.jpg,0,0,0,1
501508.jpg,1,0,0,0
501509.jpg,0,0,1,0
501510.jpg,1,0,0,0
501511.jpg,0,1,0,0
501512.jpg,1,0,0,0
501513.jpg,1,0,0,0
501514.jpg,1,0,0,0
501515.jpg,1,0,0,0
501516.jpg,1,0,0,0
501517.jpg,1,0,0,0
501518.jpg,0,1,0,0
501519.jpg,1,0,0,0
501520.jpg,0,1,0,0
501521.jpg,1,0,0,0
501522.jpg,0,1,0,0
501523.jpg,0,0,1,0
501524.jpg,0,1,0,0
501525.jpg,1,0,0,0
501526.jpg,1,0,0,0
501527.jpg,1,0,0,0
501528.jpg,1,0,0,0
501529.jpg,1,0,0,0
501530.jpg,1,0,0,0
501531.jpg,1,0,0,0
501532.jpg,0,1,0,0
501533.jpg,0,1,0,0
501534.jpg,0,1,0,0
501535.jpg,0,1,0,0
501536.jpg,1,0,0,0
501537.jpg,0,1,0,0
501538.jpg,1,0,0,0
501539.jpg,0,1,0,0
501540.jpg,0,1,0,0
501541.jpg,1,0,0,0
501542.jpg,0,1,0,0
501543.jpg,0,1,0,0
501544.jpg,0,0,1,0
501545.jpg,1,0,0,0
501546.jpg,1,0,0,0
501547.jpg,1,0,0,0
501548.jpg,0,1,0,0
501549.jpg,0,1,0,0
501550.jpg,1,0,0,0
501551.jpg,1,0,0,0
501552.jpg,0,1,0,0
501553.jpg,0,1,0,0
501554.jpg,0,1,0,0
501555.jpg,0,1,0,0
501556.jpg,1,0,0,0
501557.jpg,0,1,0,0
501558.jpg,1,0,0,0
501559.jpg,1,0,0,0
501560.jpg,0,1,0,0
501561.jpg,0,1,0,0
501562.jpg,0,1,0,0
501563.jpg,0,1,0,0
501564.jpg,1,0,0,0
501565.jpg,1,0,0,0
501566.jpg,0,1,0,0
501567.jpg,0,0,1,0
501568.jpg,1,0,0,0
501569.jpg,1,0,0,0
501570.jpg,0,0,0,1
501571.jpg,1,0,0,0
501572.jpg,0,0,0,1
501573.jpg,0,1,0,0
501574.jpg,0,0,0,1
501575.jpg,1,0,0,0
501576.jpg,1,0,0,0
501577.jpg,1,0,0,0
501578.jpg,0,0,0,1
501579.jpg,0,1,0,0
501580.jpg,0,1,0,0
501581.jpg,0,1,0,0
501583.jpg,1,0,0,0
501584.jpg,0,1,0,0
501585.jpg,0,1,0,0
501586.jpg,0,1,0,0
501587.jpg,1,0,0,0
501588.jpg,0,1,0,0
501589.jpg,1,0,0,0
501590.jpg,1,0,0,0
501591.jpg,1,0,0,0
501592.jpg,0,0,1,0
501593.jpg,1,0,0,0
501594.jpg,0,0,0,1
501595.jpg,1,0,0,0
501596.jpg,0,1,0,0
501597.jpg,1,0,0,0
501598.jpg,1,0,0,0
501599.jpg,0,1,0,0
501600.jpg,0,1,0,0
501601.jpg,1,0,0,0
501602.jpg,1,0,0,0
501603.jpg,1,0,0,0
501604.jpg,1,0,0,0
501605.jpg,1,0,0,0
501606.jpg,0,1,0,0
501607.jpg,1,0,0,0
501608.jpg,0,0,0,1
501609.jpg,1,0,0,0
501610.jpg,0,1,0,0
501611.jpg,1,0,0,0
501612.jpg,1,0,0,0
501613.jpg,0,1,0,0
501614.jpg,0,1,0,0
501615.jpg,1,0,0,0
501616.jpg,0,0,1,0
501617.jpg,1,0,0,0
501618.jpg,0,0,1,0
501619.jpg,0,1,0,0
501620.jpg,1,0,0,0
501621.jpg,1,0,0,0
501622.jpg,0,1,0,0
501623.jpg,0,1,0,0
501624.jpg,0,1,0,0
501625.jpg,1,0,0,0
501626.jpg,1,0,0,0
501627.jpg,0,0,0,1
501628.jpg,0,1,0,0
501629.jpg,0,1,0,0
501630.jpg,0,0,0,1
501631.jpg,1,0,0,0
501632.jpg,0,1,0,0
501633.jpg,1,0,0,0
501634.jpg,1,0,0,0
501635.jpg,0,0,0,1
501636.jpg,0,0,1,0
501637.jpg,0,0,1,0
501638.jpg,0,0,1,0
501639.jpg,0,1,0,0
501640.jpg,0,1,0,0
501641.jpg,1,0,0,0
501642.jpg,0,1,0,0
501643.jpg,1,0,0,0
501644.jpg,1,0,0,0
501645.jpg,0,0,1,0
501646.jpg,0,1,0,0
501647.jpg,1,0,0,0
501648.jpg,0,1,0,0
501649.jpg,0,1,0,0
501650.jpg,0,1,0,0
501651.jpg,0,1,0,0
501652.jpg,0,1,0,0
501653.jpg,1,0,0,0
501654.jpg,0,1,0,0
501655.jpg,0,0,0,1
501656.jpg,1,0,0,0
501657.jpg,1,0,0,0
501658.jpg,0,0,0,1
501659.jpg,0,0,0,1
501660.jpg,1,0,0,0
501661.jpg,0,1,0,0
501662.jpg,1,0,0,0
501663.jpg,1,0,0,0
501664.jpg,1,0,0,0
501665.jpg,0,0,1,0
501666.jpg,0,1,0,0
501667.jpg,1,0,0,0
501668.jpg,0,1,0,0
501669.jpg,1,0,0,0
501670.jpg,1,0,0,0
501671.jpg,1,0,0,0
501672.jpg,1,0,0,0
501673.jpg,0,0,1,0
501674.jpg,0,0,1,0
501675.jpg,1,0,0,0
501676.jpg,0,0,1,0
501677.jpg,1,0,0,0
501678.jpg,1,0,0,0
501679.jpg,0,1,0,0
501680.jpg,1,0,0,0
501681.jpg,1,0,0,0
501682.jpg,0,0,1,0
501683.jpg,1,0,0,0
501684.jpg,0,1,0,0
501685.jpg,0,1,0,0
501686.jpg,0,0,0,1
501687.jpg,1,0,0,0
501688.jpg,0,1,0,0
501689.jpg,0,1,0,0
501690.jpg,0,1,0,0
501691.jpg,1,0,0,0
501692.jpg,0,1,0,0
501693.jpg,0,1,0,0
501694.jpg,1,0,0,0
501695.jpg,0,1,0,0
501696.jpg,0,1,0,0
501697.jpg,0,1,0,0
501698.jpg,0,0,1,0
501699.jpg,1,0,0,0
501700.jpg,1,0,0,0
501701.jpg,1,0,0,0
501702.jpg,1,0,0,0
501703.jpg,1,0,0,0
501704.jpg,0,1,0,0
501705.jpg,1,0,0,0
501706.jpg,0,1,0,0
501707.jpg,1,0,0,0
501708.jpg,1,0,0,0
501709.jpg,1,0,0,0
501710.jpg,1,0,0,0
501711.jpg,0,1,0,0
501712.jpg,1,0,0,0
501713.jpg,0,1,0,0
501714.jpg,0,1,0,0
501715.jpg,0,1,0,0
501716.jpg,0,0,1,0
501717.jpg,1,0,0,0
501718.jpg,0,1,0,0
501719.jpg,1,0,0,0
501720.jpg,1,0,0,0
501721.jpg,0,1,0,0
501722.jpg,1,0,0,0
501723.jpg,0,0,1,0
501724.jpg,1,0,0,0
501725.jpg,0,1,0,0
501726.jpg,0,0,0,1
501727.jpg,0,1,0,0
501728.jpg,1,0,0,0
501729.jpg,0,1,0,0
501730.jpg,1,0,0,0
501731.jpg,0,0,1,0
501732.jpg,1,0,0,0
501733.jpg,1,0,0,0
501734.jpg,0,0,0,1
501735.jpg,1,0,0,0
501736.jpg,1,0,0,0
501737.jpg,0,1,0,0
501738.jpg,0,1,0,0
501739.jpg,1,0,0,0
501740.jpg,1,0,0,0
501741.jpg,0,1,0,0
501742.jpg,1,0,0,0
501743.jpg,1,0,0,0
501744.jpg,0,0,0,1
501745.jpg,0,0,1,0
501746.jpg,1,0,0,0
501747.jpg,0,0,0,1
501748.jpg,1,0,0,0
501749.jpg,1,0,0,0
501750.jpg,1,0,0,0
501751.jpg,1,0,0,0
501752.jpg,1,0,0,0
501753.jpg,1,0,0,0
501754.jpg,1,0,0,0
501755.jpg,1,0,0,0
501756.jpg,0,1,0,0
501757.jpg,0,1,0,0
501758.jpg,0,1,0,0
501759.jpg,1,0,0,0
501760.jpg,0,0,0,1
501761.jpg,1,0,0,0
501762.jpg,1,0,0,0
501763.jpg,1,0,0,0
501764.jpg,0,0,1,0
501765.jpg,0,1,0,0
501766.jpg,0,1,0,0
501767.jpg,1,0,0,0
501768.jpg,0,1,0,0
501769.jpg,1,0,0,0
501770.jpg,1,0,0,0
501771.jpg,0,1,0,0
501772.jpg,1,0,0,0
501773.jpg,0,1,0,0
501774.jpg,0,1,0,0
501775.jpg,0,1,0,0
501776.jpg,1,0,0,0
501777.jpg,1,0,0,0
501778.jpg,1,0,0,0
501779.jpg,1,0,0,0
501780.jpg,0,0,0,1
501781.jpg,1,0,0,0
501782.jpg,0,1,0,0
501783.jpg,1,0,0,0
501784.jpg,0,1,0,0
501785.jpg,1,0,0,0
501786.jpg,0,0,0,1
501787.jpg,1,0,0,0
501788.jpg,0,0,1,0
501789.jpg,1,0,0,0
501790.jpg,0,1,0,0
501791.jpg,0,1,0,0
501792.jpg,1,0,0,0
501793.jpg,1,0,0,0
501794.jpg,0,0,1,0
501795.jpg,1,0,0,0
501796.jpg,1,0,0,0
501797.jpg,1,0,0,0
501798.jpg,1,0,0,0
501799.jpg,0,1,0,0
501800.jpg,0,1,0,0
501801.jpg,1,0,0,0
501802.jpg,1,0,0,0
501803.jpg,0,0,1,0
501804.jpg,0,0,1,0
501805.jpg,0,0,1,0
501806.jpg,0,0,1,0
501807.jpg,0,0,1,0
501808.jpg,0,1,0,0
501809.jpg,0,1,0,0
501810.jpg,1,0,0,0
501811.jpg,0,0,1,0
501812.jpg,1,0,0,0
501813.jpg,0,1,0,0
501814.jpg,1,0,0,0
501815.jpg,0,0,0,1
501816.jpg,0,1,0,0
501817.jpg,1,0,0,0
501818.jpg,0,1,0,0
501819.jpg,1,0,0,0
501820.jpg,0,0,1,0
501821.jpg,0,1,0,0
501822.jpg,1,0,0,0
501823.jpg,0,1,0,0
501824.jpg,1,0,0,0
501825.jpg,0,1,0,0
501826.jpg,0,0,0,1
501827.jpg,1,0,0,0
501828.jpg,0,1,0,0
501829.jpg,0,1,0,0
501830.jpg,0,0,1,0
501831.jpg,1,0,0,0
501832.jpg,0,1,0,0
501833.jpg,1,0,0,0
501834.jpg,0,1,0,0
501835.jpg,1,0,0,0
501836.jpg,1,0,0,0
501837.jpg,0,0,0,1
501838.jpg,0,1,0,0
501839.jpg,0,0,1,0
501840.jpg,1,0,0,0
501841.jpg,0,0,1,0
501842.jpg,0,1,0,0
501843.jpg,0,1,0,0
501844.jpg,0,0,1,0
501845.jpg,1,0,0,0
501846.jpg,1,0,0,0
501847.jpg,0,0,0,1
501848.jpg,0,0,0,1
501849.jpg,0,0,1,0
501850.jpg,1,0,0,0
501851.jpg,0,0,0,1
501852.jpg,1,0,0,0
501853.jpg,1,0,0,0
501854.jpg,0,1,0,0
501855.jpg,1,0,0,0
501856.jpg,0,1,0,0
501857.jpg,0,1,0,0
501858.jpg,0,0,0,1
501859.jpg,0,0,1,0
501860.jpg,0,0,0,1
501861.jpg,1,0,0,0
501862.jpg,0,0,1,0
501863.jpg,1,0,0,0
501864.jpg,1,0,0,0
501865.jpg,1,0,0,0
501866.jpg,0,0,0,1
501867.jpg,0,1,0,0
501868.jpg,1,0,0,0
501869.jpg,1,0,0,0
501870.jpg,0,1,0,0
501871.jpg,0,0,1,0
501872.jpg,0,1,0,0
501873.jpg,1,0,0,0
501874.jpg,1,0,0,0
501875.jpg,0,1,0,0
501876.jpg,0,1,0,0
501877.jpg,0,1,0,0
501878.jpg,1,0,0,0
501879.jpg,0,1,0,0
501880.jpg,1,0,0,0
501881.jpg,1,0,0,0
501882.jpg,1,0,0,0
501883.jpg,1,0,0,0
501884.jpg,1,0,0,0
501885.jpg,1,0,0,0
501886.jpg,1,0,0,0
501887.jpg,1,0,0,0
501888.jpg,0,1,0,0
501889.jpg,1,0,0,0
501890.jpg,1,0,0,0
501891.jpg,1,0,0,0
501892.jpg,0,1,0,0
501893.jpg,1,0,0,0
501894.jpg,0,1,0,0
501895.jpg,0,1,0,0
501896.jpg,0,1,0,0
501897.jpg,1,0,0,0
501898.jpg,0,1,0,0
501899.jpg,0,1,0,0
501900.jpg,0,1,0,0
501901.jpg,1,0,0,0
501902.jpg,0,0,1,0
501903.jpg,1,0,0,0
501904.jpg,1,0,0,0
501905.jpg,1,0,0,0
501906.jpg,1,0,0,0
501907.jpg,0,1,0,0
501908.jpg,1,0,0,0
501909.jpg,1,0,0,0
501910.jpg,1,0,0,0
501911.jpg,1,0,0,0
501912.jpg,1,0,0,0
501913.jpg,1,0,0,0
501914.jpg,0,1,0,0
501915.jpg,1,0,0,0
501916.jpg,0,0,0,1
501917.jpg,0,1,0,0
501918.jpg,0,1,0,0
501919.jpg,0,1,0,0
501920.jpg,0,0,0,1
501921.jpg,0,1,0,0
501922.jpg,0,1,0,0
501923.jpg,0,1,0,0
501924.jpg,1,0,0,0
501925.jpg,0,0,1,0
501926.jpg,0,0,1,0
501927.jpg,1,0,0,0
501928.jpg,0,1,0,0
501929.jpg,1,0,0,0
501930.jpg,0,1,0,0
501931.jpg,1,0,0,0
501932.jpg,1,0,0,0
501933.jpg,1,0,0,0
501934.jpg,0,1,0,0
501935.jpg,1,0,0,0
501936.jpg,1,0,0,0
501937.jpg,1,0,0,0
501938.jpg,0,1,0,0
501939.jpg,0,1,0,0
501940.jpg,1,0,0,0
501941.jpg,1,0,0,0
501942.jpg,1,0,0,0
501943.jpg,0,1,0,0
501944.jpg,1,0,0,0
501945.jpg,1,0,0,0
501946.jpg,0,0,1,0
501947.jpg,0,0,0,1
501948.jpg,0,1,0,0
501949.jpg,1,0,0,0
501950.jpg,0,1,0,0
501951.jpg,1,0,0,0
501952.jpg,0,1,0,0
501953.jpg,1,0,0,0
501954.jpg,1,0,0,0
501955.jpg,1,0,0,0
501956.jpg,0,0,1,0
501957.jpg,0,0,0,1
501958.jpg,0,1,0,0
501959.jpg,0,0,1,0
501960.jpg,0,1,0,0
501961.jpg,1,0,0,0
501962.jpg,1,0,0,0
501963.jpg,1,0,0,0
501964.jpg,0,1,0,0
501965.jpg,1,0,0,0
501966.jpg,1,0,0,0
501967.jpg,0,0,1,0
501968.jpg,0,0,0,1
501969.jpg,0,0,1,0
501970.jpg,1,0,0,0
501971.jpg,1,0,0,0
501972.jpg,1,0,0,0
501973.jpg,0,1,0,0
501974.jpg,0,0,1,0
501975.jpg,1,0,0,0
501976.jpg,1,0,0,0
501977.jpg,0,1,0,0
501978.jpg,1,0,0,0
501979.jpg,0,1,0,0
501980.jpg,1,0,0,0
501981.jpg,0,1,0,0
501982.jpg,1,0,0,0
501983.jpg,1,0,0,0
501984.jpg,0,0,0,1
501985.jpg,1,0,0,0
501986.jpg,1,0,0,0
501987.jpg,0,1,0,0
501988.jpg,0,1,0,0
501989.jpg,1,0,0,0
501990.jpg,0,0,0,1
501991.jpg,0,1,0,0
501992.jpg,1,0,0,0
501993.jpg,0,1,0,0
501994.jpg,1,0,0,0
501995.jpg,1,0,0,0
501996.jpg,0,0,0,1
501997.jpg,1,0,0,0
501998.jpg,0,0,0,1
501999.jpg,1,0,0,0
502000.jpg,0,1,0,0
502001.jpg,0,1,0,0
502002.jpg,1,0,0,0
502003.jpg,0,1,0,0
502004.jpg,0,1,0,0
502005.jpg,0,0,0,1
502006.jpg,0,0,1,0
502007.jpg,0,1,0,0
502008.jpg,0,1,0,0
502009.jpg,1,0,0,0
502010.jpg,0,1,0,0
502011.jpg,1,0,0,0
502012.jpg,1,0,0,0
502013.jpg,0,1,0,0
502014.jpg,0,1,0,0
502015.jpg,1,0,0,0
502016.jpg,1,0,0,0
502017.jpg,0,0,0,1
502018.jpg,0,0,1,0
502019.jpg,1,0,0,0
502020.jpg,0,0,0,1
502021.jpg,0,1,0,0
502022.jpg,1,0,0,0
502023.jpg,1,0,0,0
502024.jpg,0,1,0,0
502025.jpg,0,0,0,1
502026.jpg,0,1,0,0
502027.jpg,1,0,0,0
502028.jpg,1,0,0,0
502029.jpg,1,0,0,0
502030.jpg,0,0,0,1
502031.jpg,1,0,0,0
502032.jpg,1,0,0,0
502033.jpg,1,0,0,0
502034.jpg,1,0,0,0
502035.jpg,0,1,0,0
502036.jpg,0,1,0,0
502037.jpg,0,0,1,0
502038.jpg,1,0,0,0
502039.jpg,0,1,0,0
502040.jpg,0,1,0,0
502041.jpg,1,0,0,0
502042.jpg,0,1,0,0
502043.jpg,1,0,0,0
502044.jpg,1,0,0,0
502045.jpg,0,0,0,1
502046.jpg,0,1,0,0
502047.jpg,1,0,0,0
502048.jpg,1,0,0,0
502049.jpg,1,0,0,0
502050.jpg,0,0,0,1
502051.jpg,1,0,0,0
502052.jpg,1,0,0,0
502053.jpg,1,0,0,0
502054.jpg,0,1,0,0
502055.jpg,1,0,0,0
502056.jpg,0,1,0,0
502057.jpg,0,1,0,0
502058.jpg,1,0,0,0
502059.jpg,0,0,0,1
502060.jpg,1,0,0,0
502061.jpg,0,1,0,0
502062.jpg,0,0,1,0
502063.jpg,1,0,0,0
502064.jpg,1,0,0,0
502065.jpg,0,1,0,0
502066.jpg,0,1,0,0
502067.jpg,0,1,0,0
502068.jpg,0,1,0,0
502069.jpg,1,0,0,0
502070.jpg,0,1,0,0
502071.jpg,0,1,0,0
502072.jpg,0,1,0,0
502073.jpg,1,0,0,0
502074.jpg,1,0,0,0
502075.jpg,1,0,0,0
502076.jpg,0,0,0,1
502077.jpg,1,0,0,0
502078.jpg,1,0,0,0
502079.jpg,0,1,0,0
502080.jpg,1,0,0,0
502081.jpg,1,0,0,0
502082.jpg,0,0,0,1
502083.jpg,1,0,0,0
502084.jpg,1,0,0,0
502085.jpg,0,1,0,0
502086.jpg,0,0,0,1
502087.jpg,0,1,0,0
502088.jpg,0,1,0,0
502089.jpg,0,1,0,0
502090.jpg,0,1,0,0
502091.jpg,1,0,0,0
502092.jpg,0,0,0,1
502093.jpg,1,0,0,0
502094.jpg,1,0,0,0
502095.jpg,0,0,0,1
502096.jpg,1,0,0,0
502097.jpg,1,0,0,0
502098.jpg,0,1,0,0
502099.jpg,0,1,0,0
502100.jpg,1,0,0,0
502101.jpg,1,0,0,0
502102.jpg,0,0,1,0
502103.jpg,0,1,0,0
502104.jpg,0,0,1,0
502105.jpg,1,0,0,0
502106.jpg,0,0,1,0
502107.jpg,1,0,0,0
502108.jpg,0,1,0,0
502109.jpg,1,0,0,0
502110.jpg,0,0,1,0
502111.jpg,0,1,0,0
502112.jpg,0,1,0,0
502113.jpg,0,1,0,0
502114.jpg,1,0,0,0
502115.jpg,0,0,1,0
502116.jpg,0,1,0,0
502117.jpg,0,1,0,0
502118.jpg,0,1,0,0
502119.jpg,0,1,0,0
502120.jpg,0,1,0,0
502121.jpg,1,0,0,0
502122.jpg,0,1,0,0
502123.jpg,0,1,0,0
502124.jpg,1,0,0,0
502125.jpg,0,1,0,0
502126.jpg,0,1,0,0
502127.jpg,0,1,0,0
502128.jpg,1,0,0,0
502129.jpg,1,0,0,0
502130.jpg,0,0,1,0
502131.jpg,1,0,0,0
502132.jpg,1,0,0,0
502133.jpg,0,1,0,0
502134.jpg,1,0,0,0
502135.jpg,0,0,1,0
502136.jpg,1,0,0,0
502137.jpg,0,0,0,1
502138.jpg,0,0,1,0
502139.jpg,0,1,0,0
502140.jpg,1,0,0,0
502141.jpg,1,0,0,0
502142.jpg,0,0,0,1
502143.jpg,0,1,0,0
502144.jpg,0,1,0,0
502145.jpg,0,1,0,0
502146.jpg,1,0,0,0
502147.jpg,0,0,1,0
502148.jpg,1,0,0,0
502149.jpg,0,0,0,1
502150.jpg,1,0,0,0
502151.jpg,1,0,0,0
502152.jpg,0,1,0,0
502153.jpg,0,0,0,1
502154.jpg,0,0,1,0
502155.jpg,1,0,0,0
502156.jpg,1,0,0,0
502157.jpg,0,0,0,1
502158.jpg,1,0,0,0
502159.jpg,0,0,0,1
502160.jpg,0,1,0,0
502161.jpg,0,0,1,0
502162.jpg,0,0,1,0
502163.jpg,1,0,0,0
502164.jpg,0,1,0,0
502165.jpg,0,1,0,0
502166.jpg,1,0,0,0
502167.jpg,1,0,0,0
502168.jpg,1,0,0,0
502169.jpg,1,0,0,0
502170.jpg,1,0,0,0
502171.jpg,0,1,0,0
502172.jpg,0,0,0,1
502173.jpg,0,1,0,0
502174.jpg,1,0,0,0
502175.jpg,1,0,0,0
502176.jpg,0,0,1,0
502177.jpg,1,0,0,0
502178.jpg,0,0,0,1
502179.jpg,1,0,0,0
502180.jpg,0,0,0,1
502181.jpg,1,0,0,0
502182.jpg,0,1,0,0
502183.jpg,1,0,0,0
502184.jpg,1,0,0,0
502185.jpg,1,0,0,0
502186.jpg,0,0,0,1
502187.jpg,0,1,0,0
502188.jpg,1,0,0,0
502189.jpg,0,1,0,0
502190.jpg,0,1,0,0
502191.jpg,0,1,0,0
502192.jpg,1,0,0,0
502193.jpg,0,1,0,0
502194.jpg,0,1,0,0
502195.jpg,0,0,1,0
502196.jpg,0,0,0,1
502197.jpg,1,0,0,0
502198.jpg,0,0,0,1
502199.jpg,1,0,0,0
502200.jpg,1,0,0,0
502201.jpg,0,1,0,0
502202.jpg,0,0,1,0
502203.jpg,1,0,0,0
502204.jpg,1,0,0,0
502205.jpg,0,0,0,1
502206.jpg,0,0,1,0
502207.jpg,1,0,0,0
502208.jpg,0,1,0,0
502209.jpg,0,1,0,0
502210.jpg,0,1,0,0
502211.jpg,0,0,1,0
502212.jpg,1,0,0,0
502213.jpg,0,0,0,1
502214.jpg,1,0,0,0
502215.jpg,1,0,0,0
502216.jpg,1,0,0,0
502217.jpg,1,0,0,0
502218.jpg,0,0,1,0
502219.jpg,1,0,0,0
502220.jpg,0,0,1,0
502221.jpg,0,1,0,0
502222.jpg,1,0,0,0
502223.jpg,1,0,0,0
502224.jpg,1,0,0,0
502225.jpg,1,0,0,0
502226.jpg,1,0,0,0
502227.jpg,0,1,0,0
502228.jpg,0,1,0,0
502229.jpg,0,0,0,1
502230.jpg,1,0,0,0
502231.jpg,1,0,0,0
502232.jpg,1,0,0,0
502233.jpg,0,1,0,0
502234.jpg,0,0,1,0
502235.jpg,1,0,0,0
502236.jpg,0,1,0,0
502237.jpg,0,1,0,0
502238.jpg,0,0,1,0
502239.jpg,0,0,1,0
502240.jpg,1,0,0,0
502241.jpg,1,0,0,0
502242.jpg,1,0,0,0
502243.jpg,0,1,0,0
502244.jpg,1,0,0,0
502245.jpg,1,0,0,0
502246.jpg,0,1,0,0
502247.jpg,1,0,0,0
502248.jpg,1,0,0,0
502249.jpg,1,0,0,0
502250.jpg,0,1,0,0
502251.jpg,0,0,0,1
502252.jpg,1,0,0,0
502253.jpg,0,0,1,0
502254.jpg,0,1,0,0
502255.jpg,1,0,0,0
502256.jpg,0,1,0,0
502257.jpg,0,1,0,0
502258.jpg,1,0,0,0
502259.jpg,1,0,0,0
502260.jpg,0,0,0,1
502261.jpg,0,1,0,0
502262.jpg,0,1,0,0
502263.jpg,1,0,0,0
502264.jpg,1,0,0,0
502265.jpg,1,0,0,0
502266.jpg,1,0,0,0
502267.jpg,0,1,0,0
502268.jpg,0,1,0,0
502269.jpg,0,0,1,0
502270.jpg,1,0,0,0
502271.jpg,1,0,0,0
502272.jpg,1,0,0,0
502273.jpg,1,0,0,0
502274.jpg,1,0,0,0
502275.jpg,1,0,0,0
502276.jpg,1,0,0,0
502277.jpg,0,0,1,0
502278.jpg,0,1,0,0
502279.jpg,1,0,0,0
502280.jpg,1,0,0,0
502281.jpg,0,1,0,0
502282.jpg,0,1,0,0
502283.jpg,0,0,1,0
502284.jpg,1,0,0,0
502285.jpg,1,0,0,0
502286.jpg,0,1,0,0
502287.jpg,0,1,0,0
502288.jpg,1,0,0,0
502289.jpg,0,0,1,0
502290.jpg,1,0,0,0
502291.jpg,0,0,1,0
502292.jpg,1,0,0,0
502293.jpg,0,0,1,0
502294.jpg,0,1,0,0
502295.jpg,0,0,0,1
502296.jpg,0,1,0,0
502297.jpg,1,0,0,0
502298.jpg,0,1,0,0
502299.jpg,0,0,0,1
502300.jpg,0,1,0,0
502301.jpg,1,0,0,0
502302.jpg,0,0,0,1
502303.jpg,1,0,0,0
502304.jpg,1,0,0,0
502305.jpg,0,1,0,0
502306.jpg,0,0,1,0
502307.jpg,1,0,0,0
502308.jpg,0,1,0,0
502309.jpg,0,0,0,1
502310.jpg,1,0,0,0
502311.jpg,0,1,0,0
502312.jpg,1,0,0,0
502313.jpg,1,0,0,0
502314.jpg,0,1,0,0
502315.jpg,1,0,0,0
502316.jpg,0,0,0,1
502317.jpg,1,0,0,0
502318.jpg,1,0,0,0
502319.jpg,0,1,0,0
502320.jpg,0,1,0,0
502321.jpg,0,1,0,0
502322.jpg,1,0,0,0
502323.jpg,0,1,0,0
502324.jpg,1,0,0,0
502325.jpg,0,1,0,0
502326.jpg,1,0,0,0
502327.jpg,0,1,0,0
502328.jpg,0,0,1,0
502329.jpg,1,0,0,0
502330.jpg,0,1,0,0
502331.jpg,0,1,0,0
502332.jpg,1,0,0,0
502333.jpg,0,1,0,0
502334.jpg,0,0,0,1
502335.jpg,0,1,0,0
502336.jpg,1,0,0,0
502337.jpg,0,1,0,0
502338.jpg,1,0,0,0
502339.jpg,0,1,0,0
502340.jpg,0,1,0,0
502341.jpg,1,0,0,0
502342.jpg,0,1,0,0
502343.jpg,1,0,0,0
502344.jpg,0,1,0,0
502345.jpg,1,0,0,0
502346.jpg,1,0,0,0
502347.jpg,0,0,0,1
502348.jpg,0,1,0,0
502349.jpg,0,0,0,1
502350.jpg,1,0,0,0
502351.jpg,0,1,0,0
502352.jpg,1,0,0,0
502353.jpg,0,1,0,0
502354.jpg,0,0,0,1
502355.jpg,1,0,0,0
502356.jpg,0,1,0,0
502357.jpg,0,1,0,0
502358.jpg,0,1,0,0
502359.jpg,0,0,1,0
502360.jpg,1,0,0,0
502361.jpg,1,0,0,0
502362.jpg,0,1,0,0
502363.jpg,0,1,0,0
502364.jpg,0,0,0,1
502365.jpg,0,0,1,0
502366.jpg,0,1,0,0
502367.jpg,1,0,0,0
502368.jpg,1,0,0,0
502369.jpg,0,1,0,0
502370.jpg,0,0,1,0
502371.jpg,0,1,0,0
502372.jpg,0,0,1,0
502373.jpg,0,1,0,0
502374.jpg,0,0,1,0
502375.jpg,0,1,0,0
502376.jpg,1,0,0,0
502377.jpg,1,0,0,0
502378.jpg,0,1,0,0
502379.jpg,1,0,0,0
502380.jpg,1,0,0,0
502381.jpg,0,1,0,0
502382.jpg,0,1,0,0
502383.jpg,0,0,0,1
502384.jpg,0,0,1,0
502385.jpg,1,0,0,0
502386.jpg,0,1,0,0
502387.jpg,0,0,0,1
502388.jpg,0,1,0,0
502389.jpg,1,0,0,0
502390.jpg,1,0,0,0
502391.jpg,0,1,0,0
502392.jpg,0,1,0,0
502393.jpg,0,1,0,0
502394.jpg,1,0,0,0
502395.jpg,1,0,0,0
502396.jpg,0,1,0,0
502397.jpg,1,0,0,0
502398.jpg,0,0,1,0
502399.jpg,0,1,0,0
502400.jpg,1,0,0,0
502401.jpg,0,1,0,0
502402.jpg,1,0,0,0
502403.jpg,1,0,0,0
502404.jpg,1,0,0,0
502405.jpg,0,1,0,0
502406.jpg,0,1,0,0
502407.jpg,1,0,0,0
502408.jpg,0,1,0,0
502409.jpg,1,0,0,0
502410.jpg,0,1,0,0
502411.jpg,1,0,0,0
502412.jpg,0,0,0,1
502413.jpg,0,0,0,1
502414.jpg,1,0,0,0
502415.jpg,1,0,0,0
502416.jpg,1,0,0,0
502417.jpg,1,0,0,0
502418.jpg,0,0,0,1
502419.jpg,0,0,1,0
502420.jpg,1,0,0,0
502421.jpg,0,0,1,0
502422.jpg,0,1,0,0
502423.jpg,0,1,0,0
502424.jpg,0,1,0,0
502425.jpg,0,1,0,0
502426.jpg,0,0,0,1
502427.jpg,0,1,0,0
502428.jpg,0,1,0,0
502429.jpg,0,1,0,0
502430.jpg,0,0,0,1
502431.jpg,0,0,1,0
502432.jpg,0,0,0,1
502433.jpg,0,1,0,0
502434.jpg,0,1,0,0
502435.jpg,0,1,0,0
502436.jpg,1,0,0,0
502437.jpg,0,0,1,0
502438.jpg,1,0,0,0
502439.jpg,0,1,0,0
502440.jpg,1,0,0,0
502441.jpg,0,0,1,0
502442.jpg,0,0,1,0
502443.jpg,1,0,0,0
502444.jpg,1,0,0,0
502445.jpg,0,0,1,0
502446.jpg,0,1,0,0
502447.jpg,0,1,0,0
502448.jpg,1,0,0,0
502449.jpg,1,0,0,0
502450.jpg,0,0,1,0
502451.jpg,0,1,0,0
502452.jpg,1,0,0,0
502453.jpg,0,1,0,0
502454.jpg,1,0,0,0
502455.jpg,0,1,0,0
502456.jpg,0,1,0,0
502457.jpg,0,0,1,0
502458.jpg,0,1,0,0
502459.jpg,0,1,0,0
502460.jpg,1,0,0,0
502461.jpg,0,1,0,0
502462.jpg,0,1,0,0
502463.jpg,1,0,0,0
502464.jpg,1,0,0,0
502465.jpg,0,1,0,0
502466.jpg,1,0,0,0
502467.jpg,0,0,0,1
502468.jpg,0,1,0,0
502469.jpg,1,0,0,0
502470.jpg,0,1,0,0
502471.jpg,1,0,0,0
502472.jpg,0,1,0,0
502473.jpg,1,0,0,0
502474.jpg,1,0,0,0
502475.jpg,0,0,0,1
502476.jpg,0,0,0,1
502477.jpg,1,0,0,0
502478.jpg,1,0,0,0
502479.jpg,0,1,0,0
502480.jpg,1,0,0,0
502481.jpg,1,0,0,0
502482.jpg,0,1,0,0
502483.jpg,1,0,0,0
502484.jpg,1,0,0,0
502485.jpg,1,0,0,0
502486.jpg,1,0,0,0
502487.jpg,0,0,0,1
502488.jpg,0,0,1,0
502489.jpg,0,0,0,1
502490.jpg,1,0,0,0
502491.jpg,1,0,0,0
502492.jpg,0,1,0,0
502493.jpg,0,1,0,0
502494.jpg,1,0,0,0
502495.jpg,0,0,1,0
502496.jpg,0,0,1,0
502497.jpg,0,0,1,0
502498.jpg,0,0,1,0
502499.jpg,0,1,0,0
502500.jpg,1,0,0,0
502501.jpg,1,0,0,0
502502.jpg,1,0,0,0
502503.jpg,1,0,0,0
502504.jpg,1,0,0,0
502505.jpg,0,1,0,0
502506.jpg,0,0,1,0
502507.jpg,1,0,0,0
502508.jpg,1,0,0,0
502509.jpg,0,0,0,1
502510.jpg,1,0,0,0
502511.jpg,1,0,0,0
502512.jpg,0,1,0,0
502513.jpg,1,0,0,0
502514.jpg,1,0,0,0
502515.jpg,1,0,0,0
502516.jpg,1,0,0,0
502517.jpg,1,0,0,0
502518.jpg,0,1,0,0
502519.jpg,0,0,1,0
502520.jpg,1,0,0,0
502521.jpg,0,0,0,1
502522.jpg,0,0,0,1
502523.jpg,0,1,0,0
502524.jpg,1,0,0,0
502525.jpg,0,1,0,0
502526.jpg,1,0,0,0
502527.jpg,1,0,0,0
502528.jpg,0,1,0,0
502529.jpg,0,1,0,0
502530.jpg,0,1,0,0
502531.jpg,0,1,0,0
502532.jpg,0,1,0,0
502533.jpg,1,0,0,0
502534.jpg,0,1,0,0
502535.jpg,1,0,0,0
502536.jpg,0,1,0,0
502537.jpg,1,0,0,0
502538.jpg,0,0,1,0
502539.jpg,1,0,0,0
502540.jpg,0,1,0,0
502541.jpg,1,0,0,0
502542.jpg,0,1,0,0
502543.jpg,0,1,0,0
502544.jpg,0,0,0,1
502545.jpg,0,1,0,0
502546.jpg,1,0,0,0
502547.jpg,1,0,0,0
502548.jpg,0,1,0,0
502549.jpg,0,0,1,0
502550.jpg,1,0,0,0
502551.jpg,0,1,0,0
502552.jpg,0,1,0,0
502553.jpg,0,0,1,0
502554.jpg,1,0,0,0
502555.jpg,0,0,0,1
502556.jpg,0,1,0,0
502557.jpg,1,0,0,0
502558.jpg,0,1,0,0
502559.jpg,0,1,0,0
502560.jpg,0,1,0,0
502561.jpg,1,0,0,0
502562.jpg,0,0,0,1
502563.jpg,0,1,0,0
502564.jpg,0,1,0,0
502565.jpg,1,0,0,0
502566.jpg,1,0,0,0
502567.jpg,1,0,0,0
502568.jpg,1,0,0,0
502569.jpg,1,0,0,0
502570.jpg,0,1,0,0
502571.jpg,0,0,1,0
502572.jpg,1,0,0,0
502573.jpg,0,1,0,0
502574.jpg,1,0,0,0
502575.jpg,0,1,0,0
502576.jpg,1,0,0,0
502577.jpg,1,0,0,0
502578.jpg,0,1,0,0
502579.jpg,0,0,0,1
502580.jpg,1,0,0,0
502581.jpg,0,0,0,1
502582.jpg,1,0,0,0
502583.jpg,0,1,0,0
502584.jpg,1,0,0,0
502585.jpg,0,1,0,0
502586.jpg,0,1,0,0
502587.jpg,0,0,0,1
502588.jpg,1,0,0,0
502589.jpg,0,1,0,0
502590.jpg,0,0,1,0
502591.jpg,1,0,0,0
502592.jpg,0,0,0,1
502593.jpg,1,0,0,0
502594.jpg,1,0,0,0
502595.jpg,0,0,1,0
502596.jpg,1,0,0,0
502597.jpg,1,0,0,0
502598.jpg,0,1,0,0
502599.jpg,1,0,0,0
502600.jpg,0,0,0,1
502601.jpg,1,0,0,0
502602.jpg,1,0,0,0
502603.jpg,1,0,0,0
502604.jpg,0,1,0,0
502605.jpg,1,0,0,0
502606.jpg,1,0,0,0
502607.jpg,1,0,0,0
502608.jpg,1,0,0,0
502609.jpg,0,1,0,0
502610.jpg,0,1,0,0
502611.jpg,1,0,0,0
502612.jpg,0,1,0,0
502613.jpg,0,0,1,0
502614.jpg,0,1,0,0
502615.jpg,0,0,1,0
502616.jpg,0,0,0,1
502617.jpg,1,0,0,0
502618.jpg,1,0,0,0
502619.jpg,0,1,0,0
502620.jpg,1,0,0,0
502621.jpg,0,1,0,0
502622.jpg,0,1,0,0
502623.jpg,0,1,0,0
502624.jpg,1,0,0,0
502625.jpg,0,1,0,0
502626.jpg,1,0,0,0
502627.jpg,0,0,0,1
502628.jpg,1,0,0,0
502629.jpg,1,0,0,0
502630.jpg,1,0,0,0
502631.jpg,1,0,0,0
502632.jpg,1,0,0,0
502633.jpg,1,0,0,0
502635.jpg,1,0,0,0
502636.jpg,0,1,0,0
502637.jpg,0,1,0,0
502638.jpg,0,0,1,0
502639.jpg,0,0,1,0
502640.jpg,1,0,0,0
502641.jpg,1,0,0,0
502642.jpg,0,1,0,0
502643.jpg,1,0,0,0
502644.jpg,0,1,0,0
502645.jpg,1,0,0,0
502646.jpg,0,1,0,0
502647.jpg,1,0,0,0
502648.jpg,0,1,0,0
502649.jpg,0,0,0,1
502650.jpg,1,0,0,0
502651.jpg,1,0,0,0
502652.jpg,1,0,0,0
502653.jpg,0,1,0,0
502654.jpg,0,1,0,0
502655.jpg,0,0,0,1
502656.jpg,0,1,0,0
502657.jpg,1,0,0,0
502658.jpg,0,1,0,0
502659.jpg,0,0,0,1
502660.jpg,0,0,1,0
502661.jpg,0,0,0,1
502662.jpg,1,0,0,0
502663.jpg,0,1,0,0
502664.jpg,1,0,0,0
502665.jpg,0,1,0,0
502666.jpg,0,1,0,0
502667.jpg,0,1,0,0
502668.jpg,1,0,0,0
502669.jpg,0,0,0,1
502670.jpg,0,0,0,1
502671.jpg,0,1,0,0
502672.jpg,0,0,0,1
502673.jpg,0,1,0,0
502674.jpg,0,0,0,1
502675.jpg,0,0,0,1
502676.jpg,0,0,1,0
502677.jpg,0,1,0,0
502678.jpg,1,0,0,0
502679.jpg,0,1,0,0
502680.jpg,0,1,0,0
502681.jpg,1,0,0,0
502682.jpg,1,0,0,0
502683.jpg,0,0,1,0
502684.jpg,1,0,0,0
502685.jpg,0,0,1,0
502686.jpg,0,1,0,0
502687.jpg,0,1,0,0
502688.jpg,0,1,0,0
502689.jpg,1,0,0,0
502690.jpg,1,0,0,0
502691.jpg,1,0,0,0
502692.jpg,0,1,0,0
502693.jpg,1,0,0,0
502694.jpg,0,1,0,0
502695.jpg,1,0,0,0
502696.jpg,0,0,1,0
502697.jpg,1,0,0,0
502698.jpg,0,1,0,0
502699.jpg,0,0,1,0
502700.jpg,1,0,0,0
502701.jpg,1,0,0,0
502702.jpg,1,0,0,0
502703.jpg,1,0,0,0
502704.jpg,0,0,0,1
502705.jpg,0,1,0,0
502706.jpg,0,1,0,0
502707.jpg,1,0,0,0
502708.jpg,1,0,0,0
502709.jpg,0,1,0,0
502710.jpg,1,0,0,0
502711.jpg,1,0,0,0
502712.jpg,0,1,0,0
502713.jpg,0,0,0,1
502714.jpg,0,1,0,0
502715.jpg,1,0,0,0
502716.jpg,0,1,0,0
502717.jpg,1,0,0,0
502718.jpg,0,1,0,0
502719.jpg,1,0,0,0
502720.jpg,1,0,0,0
502721.jpg,0,1,0,0
502722.jpg,0,1,0,0
502723.jpg,1,0,0,0
502724.jpg,1,0,0,0
502725.jpg,1,0,0,0
502726.jpg,0,1,0,0
502727.jpg,1,0,0,0
502728.jpg,1,0,0,0
502729.jpg,0,0,1,0
502730.jpg,1,0,0,0
502731.jpg,1,0,0,0
502732.jpg,1,0,0,0
502733.jpg,0,0,1,0
502734.jpg,1,0,0,0
502735.jpg,1,0,0,0
502736.jpg,0,0,0,1
502737.jpg,0,0,0,1
502738.jpg,1,0,0,0
502739.jpg,0,0,0,1
502740.jpg,0,1,0,0
502741.jpg,0,0,0,1
502742.jpg,0,1,0,0
502743.jpg,0,1,0,0
502744.jpg,0,1,0,0
502745.jpg,0,1,0,0
502746.jpg,1,0,0,0
502747.jpg,0,0,1,0
502748.jpg,1,0,0,0
502749.jpg,0,0,1,0
502750.jpg,0,1,0,0
502751.jpg,0,1,0,0
502752.jpg,0,1,0,0
502753.jpg,1,0,0,0
502754.jpg,1,0,0,0
502755.jpg,1,0,0,0
502756.jpg,1,0,0,0
502757.jpg,0,0,1,0
502758.jpg,1,0,0,0
502759.jpg,1,0,0,0
502760.jpg,1,0,0,0
502761.jpg,0,1,0,0
502762.jpg,1,0,0,0
502763.jpg,0,1,0,0
502764.jpg,1,0,0,0
502765.jpg,1,0,0,0
502766.jpg,0,1,0,0
502767.jpg,0,1,0,0
502768.jpg,1,0,0,0
502769.jpg,0,0,1,0
502770.jpg,0,1,0,0
502771.jpg,1,0,0,0
502772.jpg,0,0,1,0
502773.jpg,1,0,0,0
502774.jpg,0,0,1,0
502775.jpg,1,0,0,0
502776.jpg,0,0,1,0
502777.jpg,1,0,0,0
502778.jpg,1,0,0,0
502779.jpg,0,1,0,0
502780.jpg,1,0,0,0
502781.jpg,0,1,0,0
502782.jpg,0,1,0,0
502783.jpg,1,0,0,0
502784.jpg,1,0,0,0
502785.jpg,1,0,0,0
502786.jpg,1,0,0,0
502787.jpg,1,0,0,0
502788.jpg,0,1,0,0
502789.jpg,0,1,0,0
502790.jpg,0,1,0,0
502791.jpg,0,1,0,0
502792.jpg,0,0,1,0
502793.jpg,0,1,0,0
502794.jpg,1,0,0,0
502795.jpg,0,1,0,0
502796.jpg,0,1,0,0
502797.jpg,0,1,0,0
502798.jpg,1,0,0,0
502799.jpg,0,0,1,0
502800.jpg,0,1,0,0
502801.jpg,0,1,0,0
502802.jpg,0,1,0,0
502803.jpg,0,1,0,0
502804.jpg,0,1,0,0
502805.jpg,0,1,0,0
502806.jpg,0,1,0,0
502807.jpg,1,0,0,0
502808.jpg,0,1,0,0
502809.jpg,0,1,0,0
502810.jpg,1,0,0,0
502811.jpg,1,0,0,0
502812.jpg,1,0,0,0
502813.jpg,0,1,0,0
502814.jpg,1,0,0,0
502815.jpg,1,0,0,0
502816.jpg,1,0,0,0
502817.jpg,1,0,0,0
502818.jpg,1,0,0,0
502819.jpg,0,1,0,0
502820.jpg,0,0,0,1
502821.jpg,1,0,0,0
502822.jpg,1,0,0,0
502823.jpg,0,1,0,0
502824.jpg,0,1,0,0
502825.jpg,0,1,0,0
502826.jpg,0,0,1,0
502827.jpg,1,0,0,0
502828.jpg,1,0,0,0
502829.jpg,0,1,0,0
502830.jpg,1,0,0,0
502831.jpg,0,1,0,0
502832.jpg,1,0,0,0
502833.jpg,1,0,0,0
502834.jpg,1,0,0,0
502835.jpg,1,0,0,0
502836.jpg,0,0,1,0
502837.jpg,1,0,0,0
502838.jpg,0,1,0,0
502839.jpg,0,1,0,0
502840.jpg,0,0,0,1
502841.jpg,1,0,0,0
502842.jpg,1,0,0,0
502843.jpg,0,1,0,0
502844.jpg,1,0,0,0
502845.jpg,0,1,0,0
502846.jpg,0,1,0,0
502847.jpg,0,1,0,0
502848.jpg,0,0,0,1
502849.jpg,0,1,0,0
502850.jpg,0,0,1,0
502851.jpg,1,0,0,0
502852.jpg,1,0,0,0
502853.jpg,0,1,0,0
502854.jpg,1,0,0,0
502855.jpg,0,0,0,1
502856.jpg,1,0,0,0
502857.jpg,0,0,1,0
502858.jpg,0,0,1,0
502859.jpg,1,0,0,0
502860.jpg,1,0,0,0
502861.jpg,0,1,0,0
502862.jpg,1,0,0,0
502863.jpg,0,0,0,1
502864.jpg,1,0,0,0
502865.jpg,1,0,0,0
502866.jpg,1,0,0,0
502867.jpg,1,0,0,0
502868.jpg,0,1,0,0
502869.jpg,0,1,0,0
502870.jpg,0,1,0,0
502871.jpg,0,0,1,0
502872.jpg,1,0,0,0
502873.jpg,1,0,0,0
502874.jpg,0,1,0,0
502875.jpg,0,0,0,1
502876.jpg,0,0,1,0
502877.jpg,1,0,0,0
502878.jpg,0,1,0,0
502879.jpg,0,1,0,0
502880.jpg,0,1,0,0
502881.jpg,1,0,0,0
502882.jpg,1,0,0,0
502883.jpg,0,0,1,0
502884.jpg,0,0,1,0
502885.jpg,1,0,0,0
502886.jpg,0,1,0,0
502887.jpg,1,0,0,0
502888.jpg,1,0,0,0
502889.jpg,1,0,0,0
502890.jpg,1,0,0,0
502891.jpg,1,0,0,0
502892.jpg,0,1,0,0
502893.jpg,0,0,0,1
502894.jpg,1,0,0,0
502895.jpg,0,0,1,0
502896.jpg,0,1,0,0
502897.jpg,0,1,0,0
502898.jpg,1,0,0,0
502899.jpg,0,1,0,0
502900.jpg,1,0,0,0
502901.jpg,0,1,0,0
502902.jpg,0,0,1,0
502903.jpg,0,1,0,0
502904.jpg,0,1,0,0
502905.jpg,1,0,0,0
502906.jpg,0,1,0,0
502907.jpg,1,0,0,0
502908.jpg,1,0,0,0
502909.jpg,1,0,0,0
502910.jpg,1,0,0,0
502911.jpg,1,0,0,0
502912.jpg,1,0,0,0
502913.jpg,0,0,1,0
502914.jpg,0,1,0,0
502915.jpg,1,0,0,0
502916.jpg,0,1,0,0
502917.jpg,1,0,0,0
502918.jpg,0,1,0,0
502919.jpg,1,0,0,0
502920.jpg,0,0,1,0
502921.jpg,0,0,1,0
502922.jpg,0,1,0,0
502923.jpg,1,0,0,0
502924.jpg,0,0,0,1
502925.jpg,1,0,0,0
502926.jpg,1,0,0,0
502927.jpg,0,1,0,0
502928.jpg,0,1,0,0
502929.jpg,1,0,0,0
502930.jpg,1,0,0,0
502931.jpg,1,0,0,0
502932.jpg,1,0,0,0
502933.jpg,1,0,0,0
502934.jpg,0,1,0,0
502935.jpg,1,0,0,0
502936.jpg,0,0,0,1
502937.jpg,1,0,0,0
502938.jpg,1,0,0,0
502939.jpg,1,0,0,0
502940.jpg,0,0,1,0
502941.jpg,1,0,0,0
502942.jpg,0,1,0,0
502943.jpg,1,0,0,0
502944.jpg,1,0,0,0
502945.jpg,1,0,0,0
502946.jpg,1,0,0,0
502947.jpg,1,0,0,0
502948.jpg,0,1,0,0
502949.jpg,1,0,0,0
502950.jpg,0,0,1,0
502951.jpg,1,0,0,0
502952.jpg,1,0,0,0
502953.jpg,0,0,0,1
502954.jpg,1,0,0,0
502955.jpg,1,0,0,0
502956.jpg,1,0,0,0
502957.jpg,0,1,0,0
502958.jpg,0,1,0,0
502959.jpg,0,0,0,1
502960.jpg,1,0,0,0
502961.jpg,0,1,0,0
502962.jpg,0,0,1,0
502963.jpg,1,0,0,0
502964.jpg,1,0,0,0
502965.jpg,0,1,0,0
502966.jpg,0,1,0,0
502967.jpg,0,1,0,0
502968.jpg,1,0,0,0
502969.jpg,0,1,0,0
502970.jpg,0,1,0,0
502971.jpg,1,0,0,0
502972.jpg,0,1,0,0
502973.jpg,0,1,0,0
502974.jpg,0,1,0,0
502975.jpg,1,0,0,0
502976.jpg,0,1,0,0
502977.jpg,1,0,0,0
502978.jpg,1,0,0,0
502979.jpg,0,1,0,0
502980.jpg,0,1,0,0
502981.jpg,0,1,0,0
502982.jpg,1,0,0,0
502983.jpg,1,0,0,0
502984.jpg,0,1,0,0
502985.jpg,1,0,0,0
502986.jpg,1,0,0,0
502987.jpg,0,1,0,0
502988.jpg,1,0,0,0
502989.jpg,0,1,0,0
502990.jpg,0,0,1,0
502991.jpg,1,0,0,0
502992.jpg,0,1,0,0
502993.jpg,1,0,0,0
502994.jpg,0,0,0,1
502995.jpg,0,1,0,0
502996.jpg,1,0,0,0
502997.jpg,0,0,0,1
502998.jpg,1,0,0,0
502999.jpg,0,1,0,0
503000.jpg,1,0,0,0
503001.jpg,0,1,0,0
503002.jpg,1,0,0,0
503003.jpg,1,0,0,0
503004.jpg,1,0,0,0
503005.jpg,0,1,0,0
503006.jpg,1,0,0,0
503007.jpg,0,0,0,1
503008.jpg,0,1,0,0
503009.jpg,1,0,0,0
503010.jpg,0,1,0,0
503011.jpg,1,0,0,0
503012.jpg,1,0,0,0
503013.jpg,0,1,0,0
503014.jpg,1,0,0,0
503015.jpg,0,0,1,0
503016.jpg,0,1,0,0
503017.jpg,0,1,0,0
503018.jpg,1,0,0,0
503019.jpg,1,0,0,0
503020.jpg,0,0,1,0
503021.jpg,1,0,0,0
503022.jpg,0,1,0,0
503023.jpg,0,0,0,1
503024.jpg,0,0,1,0
503025.jpg,0,0,1,0
503026.jpg,1,0,0,0
503027.jpg,0,0,1,0
503028.jpg,0,1,0,0
503029.jpg,1,0,0,0
503030.jpg,0,1,0,0
503031.jpg,0,1,0,0
503032.jpg,1,0,0,0
503033.jpg,0,1,0,0
503034.jpg,1,0,0,0
503035.jpg,1,0,0,0
503036.jpg,1,0,0,0
503037.jpg,0,1,0,0
503038.jpg,0,1,0,0
503039.jpg,1,0,0,0
503040.jpg,1,0,0,0
503041.jpg,1,0,0,0
503042.jpg,1,0,0,0
503043.jpg,0,0,1,0
503044.jpg,0,1,0,0
503045.jpg,0,0,1,0
503046.jpg,1,0,0,0
503047.jpg,1,0,0,0
503049.jpg,0,1,0,0
503050.jpg,0,1,0,0
503051.jpg,1,0,0,0
503052.jpg,0,1,0,0
503053.jpg,0,1,0,0
503054.jpg,0,1,0,0
503055.jpg,0,0,0,1
503056.jpg,1,0,0,0
503057.jpg,0,1,0,0
503058.jpg,0,1,0,0
503059.jpg,1,0,0,0
503060.jpg,1,0,0,0
503061.jpg,0,0,0,1
503062.jpg,1,0,0,0
503063.jpg,0,1,0,0
503064.jpg,0,1,0,0
503065.jpg,0,1,0,0
503066.jpg,1,0,0,0
503067.jpg,1,0,0,0
503068.jpg,1,0,0,0
503069.jpg,1,0,0,0
503070.jpg,0,1,0,0
503071.jpg,1,0,0,0
503072.jpg,0,1,0,0
503073.jpg,0,1,0,0
503074.jpg,1,0,0,0
503075.jpg,1,0,0,0
503076.jpg,1,0,0,0
503077.jpg,1,0,0,0
503078.jpg,1,0,0,0
503079.jpg,0,0,0,1
503080.jpg,1,0,0,0
503081.jpg,0,0,1,0
503082.jpg,1,0,0,0
503083.jpg,0,1,0,0
503084.jpg,0,1,0,0
503085.jpg,0,1,0,0
503086.jpg,0,1,0,0
503087.jpg,1,0,0,0
503088.jpg,0,1,0,0
503089.jpg,1,0,0,0
503090.jpg,0,0,1,0
503091.jpg,1,0,0,0
503092.jpg,0,1,0,0
503093.jpg,0,1,0,0
503094.jpg,1,0,0,0
503095.jpg,0,0,1,0
503096.jpg,1,0,0,0
503097.jpg,1,0,0,0
503098.jpg,0,1,0,0
503099.jpg,0,0,1,0
503100.jpg,1,0,0,0
503101.jpg,1,0,0,0
503102.jpg,1,0,0,0
503103.jpg,1,0,0,0
503104.jpg,0,1,0,0
503105.jpg,0,1,0,0
503106.jpg,1,0,0,0
503107.jpg,1,0,0,0
503108.jpg,1,0,0,0
503109.jpg,1,0,0,0
503110.jpg,0,0,1,0
503111.jpg,0,1,0,0
503112.jpg,0,1,0,0
503113.jpg,1,0,0,0
503114.jpg,1,0,0,0
503115.jpg,1,0,0,0
503116.jpg,1,0,0,0
503117.jpg,0,1,0,0
503118.jpg,1,0,0,0
503119.jpg,0,1,0,0
503120.jpg,1,0,0,0
503121.jpg,0,0,0,1
503122.jpg,1,0,0,0
503123.jpg,0,1,0,0
503124.jpg,0,1,0,0
503125.jpg,1,0,0,0
503126.jpg,0,1,0,0
503127.jpg,1,0,0,0
503128.jpg,0,0,1,0
503129.jpg,0,1,0,0
503130.jpg,1,0,0,0
503131.jpg,0,1,0,0
503132.jpg,0,0,0,1
503133.jpg,0,1,0,0
503134.jpg,0,0,1,0
503135.jpg,1,0,0,0
503136.jpg,0,0,0,1
503137.jpg,1,0,0,0
503138.jpg,1,0,0,0
503139.jpg,1,0,0,0
503140.jpg,0,0,0,1
503141.jpg,0,0,0,1
503142.jpg,0,0,1,0
503143.jpg,0,0,1,0
503144.jpg,1,0,0,0
503145.jpg,0,1,0,0
503146.jpg,1,0,0,0
503147.jpg,0,1,0,0
503148.jpg,1,0,0,0
503149.jpg,1,0,0,0
503150.jpg,0,0,0,1
503151.jpg,1,0,0,0
503152.jpg,0,0,1,0
503153.jpg,0,0,1,0
503154.jpg,0,0,0,1
503155.jpg,0,1,0,0
503156.jpg,0,1,0,0
503157.jpg,0,0,1,0
503158.jpg,1,0,0,0
503159.jpg,0,0,1,0
503160.jpg,1,0,0,0
503161.jpg,0,1,0,0
503162.jpg,1,0,0,0
503163.jpg,0,0,0,1
503164.jpg,1,0,0,0
503165.jpg,1,0,0,0
503166.jpg,0,0,0,1
503167.jpg,1,0,0,0
503168.jpg,1,0,0,0
503169.jpg,1,0,0,0
503170.jpg,1,0,0,0
503171.jpg,0,1,0,0
503172.jpg,1,0,0,0
503173.jpg,1,0,0,0
503174.jpg,0,0,0,1
503175.jpg,0,1,0,0
503176.jpg,1,0,0,0
503177.jpg,1,0,0,0
503178.jpg,1,0,0,0
503179.jpg,0,1,0,0
503180.jpg,1,0,0,0
503181.jpg,0,1,0,0
503182.jpg,0,1,0,0
503183.jpg,0,0,1,0
503184.jpg,0,0,0,1
503185.jpg,0,1,0,0
503186.jpg,0,1,0,0
503187.jpg,1,0,0,0
503188.jpg,0,1,0,0
503189.jpg,0,0,1,0
503190.jpg,1,0,0,0
503191.jpg,1,0,0,0
503192.jpg,1,0,0,0
503193.jpg,0,0,0,1
503194.jpg,0,1,0,0
503195.jpg,1,0,0,0
503196.jpg,1,0,0,0
503197.jpg,1,0,0,0
503198.jpg,0,1,0,0
503199.jpg,1,0,0,0
503200.jpg,0,0,1,0
503201.jpg,1,0,0,0
503202.jpg,0,1,0,0
503203.jpg,1,0,0,0
503204.jpg,1,0,0,0
503205.jpg,0,1,0,0
503206.jpg,1,0,0,0
503207.jpg,1,0,0,0
503208.jpg,1,0,0,0
503209.jpg,1,0,0,0
503210.jpg,0,1,0,0
503211.jpg,1,0,0,0
503212.jpg,1,0,0,0
503213.jpg,0,1,0,0
503214.jpg,1,0,0,0
503215.jpg,0,0,1,0
503216.jpg,1,0,0,0
503217.jpg,1,0,0,0
503218.jpg,0,1,0,0
503219.jpg,1,0,0,0
503220.jpg,1,0,0,0
503221.jpg,1,0,0,0
503222.jpg,1,0,0,0
503223.jpg,1,0,0,0
503224.jpg,1,0,0,0
503225.jpg,0,1,0,0
503226.jpg,0,1,0,0
503227.jpg,1,0,0,0
503228.jpg,0,0,0,1
503229.jpg,1,0,0,0
503230.jpg,1,0,0,0
503231.jpg,1,0,0,0
503232.jpg,1,0,0,0
503233.jpg,1,0,0,0
503234.jpg,1,0,0,0
503235.jpg,0,0,0,1
503236.jpg,0,1,0,0
503237.jpg,0,1,0,0
503238.jpg,0,0,1,0
503239.jpg,0,1,0,0
503240.jpg,1,0,0,0
503241.jpg,1,0,0,0
503242.jpg,0,1,0,0
503243.jpg,0,1,0,0
503244.jpg,0,1,0,0
503245.jpg,0,0,1,0
503246.jpg,0,0,0,1
503247.jpg,1,0,0,0
503248.jpg,0,1,0,0
503249.jpg,1,0,0,0
503250.jpg,1,0,0,0
503251.jpg,1,0,0,0
503252.jpg,0,0,1,0
503253.jpg,0,1,0,0
503254.jpg,0,0,0,1
503255.jpg,1,0,0,0
503256.jpg,0,1,0,0
503257.jpg,1,0,0,0
503258.jpg,1,0,0,0
503259.jpg,1,0,0,0
503260.jpg,1,0,0,0
503261.jpg,0,1,0,0
503262.jpg,0,1,0,0
503263.jpg,1,0,0,0
503264.jpg,0,1,0,0
503265.jpg,1,0,0,0
503266.jpg,1,0,0,0
503267.jpg,0,0,0,1
503268.jpg,0,1,0,0
503269.jpg,1,0,0,0
503270.jpg,0,1,0,0
503271.jpg,0,0,1,0
503272.jpg,0,0,1,0
503273.jpg,0,1,0,0
503274.jpg,0,1,0,0
503275.jpg,0,1,0,0
503276.jpg,1,0,0,0
503277.jpg,1,0,0,0
503278.jpg,0,1,0,0
503279.jpg,0,0,1,0
503280.jpg,0,1,0,0
503281.jpg,0,1,0,0
503282.jpg,0,1,0,0
503283.jpg,0,1,0,0
503284.jpg,1,0,0,0
503285.jpg,0,1,0,0
503286.jpg,0,1,0,0
503287.jpg,1,0,0,0
503288.jpg,1,0,0,0
503289.jpg,1,0,0,0
503290.jpg,1,0,0,0
503291.jpg,0,1,0,0
503292.jpg,0,0,1,0
503293.jpg,1,0,0,0
503294.jpg,0,1,0,0
503295.jpg,1,0,0,0
503296.jpg,1,0,0,0
503297.jpg,0,0,1,0
503298.jpg,1,0,0,0
503299.jpg,0,1,0,0
503300.jpg,0,0,1,0
503301.jpg,0,1,0,0
503302.jpg,1,0,0,0
503303.jpg,0,1,0,0
503304.jpg,0,0,0,1
503305.jpg,1,0,0,0
503306.jpg,1,0,0,0
503307.jpg,1,0,0,0
503308.jpg,0,0,1,0
503309.jpg,0,1,0,0
503310.jpg,1,0,0,0
503311.jpg,0,1,0,0
503312.jpg,1,0,0,0
503313.jpg,1,0,0,0
503314.jpg,0,1,0,0
503315.jpg,1,0,0,0
503316.jpg,0,0,1,0
503317.jpg,1,0,0,0
503318.jpg,0,1,0,0
503319.jpg,0,1,0,0
503320.jpg,0,1,0,0
503321.jpg,0,1,0,0
503322.jpg,1,0,0,0
503323.jpg,1,0,0,0
503324.jpg,1,0,0,0
503325.jpg,1,0,0,0
503326.jpg,1,0,0,0
503327.jpg,1,0,0,0
503328.jpg,1,0,0,0
503329.jpg,0,1,0,0
503330.jpg,1,0,0,0
503331.jpg,0,1,0,0
503332.jpg,0,0,1,0
503333.jpg,1,0,0,0
503334.jpg,1,0,0,0
503335.jpg,0,1,0,0
503336.jpg,1,0,0,0
503337.jpg,0,0,0,1
503338.jpg,1,0,0,0
503339.jpg,1,0,0,0
503340.jpg,0,0,0,1
503341.jpg,0,1,0,0
503342.jpg,0,0,0,1
503343.jpg,1,0,0,0
503344.jpg,1,0,0,0
503345.jpg,1,0,0,0
503346.jpg,1,0,0,0
503347.jpg,1,0,0,0
503348.jpg,0,1,0,0
503349.jpg,0,1,0,0
503350.jpg,1,0,0,0
503351.jpg,1,0,0,0
503352.jpg,1,0,0,0
503353.jpg,0,0,0,1
503354.jpg,1,0,0,0
503355.jpg,0,1,0,0
503356.jpg,1,0,0,0
503357.jpg,0,0,0,1
503358.jpg,1,0,0,0
503359.jpg,0,1,0,0
503360.jpg,1,0,0,0
503361.jpg,1,0,0,0
503362.jpg,0,1,0,0
503363.jpg,0,1,0,0
503364.jpg,0,1,0,0
503365.jpg,0,0,1,0
503366.jpg,1,0,0,0
503367.jpg,1,0,0,0
503368.jpg,0,0,1,0
503369.jpg,1,0,0,0
503370.jpg,0,1,0,0
503371.jpg,0,1,0,0
503372.jpg,1,0,0,0
503373.jpg,1,0,0,0
503374.jpg,1,0,0,0
503375.jpg,0,1,0,0
503376.jpg,1,0,0,0
503377.jpg,1,0,0,0
503378.jpg,1,0,0,0
503379.jpg,0,0,1,0
503380.jpg,0,1,0,0
503381.jpg,0,0,0,1
503382.jpg,1,0,0,0
503383.jpg,0,1,0,0
503384.jpg,1,0,0,0
503385.jpg,1,0,0,0
503386.jpg,1,0,0,0
503387.jpg,0,0,1,0
503388.jpg,1,0,0,0
503389.jpg,0,1,0,0
503390.jpg,1,0,0,0
503391.jpg,0,1,0,0
503392.jpg,0,1,0,0
503393.jpg,1,0,0,0
503394.jpg,1,0,0,0
503395.jpg,0,0,1,0
503396.jpg,0,0,1,0
503397.jpg,1,0,0,0
503398.jpg,0,1,0,0
503399.jpg,1,0,0,0
503400.jpg,1,0,0,0
503401.jpg,1,0,0,0
503402.jpg,0,0,1,0
503403.jpg,1,0,0,0
503404.jpg,1,0,0,0
503405.jpg,1,0,0,0
503406.jpg,1,0,0,0
503407.jpg,1,0,0,0
503408.jpg,1,0,0,0
503409.jpg,0,1,0,0
503410.jpg,0,1,0,0
503411.jpg,0,1,0,0
503412.jpg,1,0,0,0
503413.jpg,0,1,0,0
503414.jpg,0,1,0,0
503415.jpg,0,0,1,0
503416.jpg,0,0,1,0
503417.jpg,1,0,0,0
503418.jpg,1,0,0,0
503419.jpg,1,0,0,0
503420.jpg,1,0,0,0
503421.jpg,1,0,0,0
503422.jpg,1,0,0,0
503423.jpg,0,0,0,1
503424.jpg,1,0,0,0
503425.jpg,1,0,0,0
503426.jpg,0,1,0,0
503427.jpg,1,0,0,0
503428.jpg,1,0,0,0
503429.jpg,0,0,1,0
503430.jpg,0,1,0,0
503431.jpg,0,1,0,0
503432.jpg,0,1,0,0
503433.jpg,1,0,0,0
503434.jpg,1,0,0,0
503435.jpg,1,0,0,0
503436.jpg,1,0,0,0
503437.jpg,1,0,0,0
503438.jpg,1,0,0,0
503439.jpg,0,0,0,1
503440.jpg,0,1,0,0
503441.jpg,0,1,0,0
503442.jpg,0,1,0,0
503443.jpg,1,0,0,0
503444.jpg,1,0,0,0
503445.jpg,1,0,0,0
503446.jpg,0,1,0,0
503447.jpg,1,0,0,0
503448.jpg,0,1,0,0
503449.jpg,0,0,1,0
503450.jpg,0,1,0,0
503451.jpg,1,0,0,0
503452.jpg,0,0,0,1
503453.jpg,0,1,0,0
503454.jpg,0,0,1,0
503455.jpg,0,0,0,1
503456.jpg,0,1,0,0
503457.jpg,0,1,0,0
503458.jpg,1,0,0,0
503459.jpg,1,0,0,0
503460.jpg,0,1,0,0
503461.jpg,1,0,0,0
503462.jpg,0,1,0,0
503463.jpg,1,0,0,0
503464.jpg,1,0,0,0
503465.jpg,1,0,0,0
503466.jpg,0,1,0,0
503467.jpg,0,1,0,0
503468.jpg,0,1,0,0
503469.jpg,1,0,0,0
503470.jpg,0,0,0,1
503471.jpg,0,1,0,0
503472.jpg,1,0,0,0
503473.jpg,1,0,0,0
503474.jpg,1,0,0,0
503475.jpg,0,0,0,1
503476.jpg,0,1,0,0
503477.jpg,1,0,0,0
503478.jpg,1,0,0,0
503479.jpg,0,1,0,0
503480.jpg,1,0,0,0
503481.jpg,1,0,0,0
503482.jpg,1,0,0,0
503483.jpg,0,1,0,0
503484.jpg,0,1,0,0
503485.jpg,1,0,0,0
503486.jpg,1,0,0,0
503487.jpg,0,0,1,0
503488.jpg,0,1,0,0
503489.jpg,1,0,0,0
503490.jpg,1,0,0,0
503491.jpg,1,0,0,0
503492.jpg,1,0,0,0
503493.jpg,1,0,0,0
503494.jpg,0,1,0,0
503495.jpg,1,0,0,0
503496.jpg,1,0,0,0
503497.jpg,0,1,0,0
503498.jpg,1,0,0,0
503499.jpg,0,1,0,0
503500.jpg,0,1,0,0
503501.jpg,0,0,1,0
503502.jpg,0,1,0,0
503503.jpg,0,1,0,0
503504.jpg,1,0,0,0
503505.jpg,0,0,1,0
503506.jpg,1,0,0,0
503507.jpg,0,1,0,0
503508.jpg,1,0,0,0
503509.jpg,1,0,0,0
503510.jpg,1,0,0,0
503511.jpg,0,1,0,0
503512.jpg,0,1,0,0
503513.jpg,1,0,0,0
503514.jpg,1,0,0,0
503515.jpg,1,0,0,0
503516.jpg,1,0,0,0
503517.jpg,0,1,0,0
503518.jpg,0,1,0,0
503519.jpg,1,0,0,0
503520.jpg,1,0,0,0
503521.jpg,0,1,0,0
503522.jpg,1,0,0,0
503523.jpg,0,1,0,0
503524.jpg,0,0,1,0
503525.jpg,1,0,0,0
503526.jpg,0,1,0,0
503527.jpg,1,0,0,0
503528.jpg,1,0,0,0
503529.jpg,0,1,0,0
503530.jpg,1,0,0,0
503531.jpg,0,1,0,0
503532.jpg,0,1,0,0
503533.jpg,0,0,1,0
503534.jpg,1,0,0,0
503535.jpg,0,1,0,0
503536.jpg,0,0,1,0
503537.jpg,1,0,0,0
503538.jpg,0,0,1,0
503539.jpg,1,0,0,0
503540.jpg,0,1,0,0
503541.jpg,1,0,0,0
503542.jpg,1,0,0,0
503543.jpg,1,0,0,0
503544.jpg,0,1,0,0
503545.jpg,1,0,0,0
503546.jpg,0,1,0,0
503547.jpg,0,0,1,0
503548.jpg,0,1,0,0
503549.jpg,1,0,0,0
503550.jpg,0,0,0,1
503551.jpg,1,0,0,0
503552.jpg,0,1,0,0
503553.jpg,0,0,0,1
503554.jpg,0,1,0,0
503555.jpg,1,0,0,0
503556.jpg,1,0,0,0
503557.jpg,0,1,0,0
503558.jpg,1,0,0,0
503559.jpg,0,0,1,0
503560.jpg,1,0,0,0
503561.jpg,0,0,0,1
503562.jpg,1,0,0,0
503563.jpg,0,0,1,0
503564.jpg,0,1,0,0
503565.jpg,1,0,0,0
503566.jpg,1,0,0,0
503567.jpg,0,1,0,0
503568.jpg,0,1,0,0
503569.jpg,1,0,0,0
503570.jpg,0,1,0,0
503571.jpg,1,0,0,0
503572.jpg,1,0,0,0
503573.jpg,0,1,0,0
503574.jpg,1,0,0,0
503575.jpg,1,0,0,0
503576.jpg,1,0,0,0
503577.jpg,0,0,1,0
503578.jpg,1,0,0,0
503579.jpg,1,0,0,0
503580.jpg,0,1,0,0
503581.jpg,0,1,0,0
503582.jpg,1,0,0,0
503583.jpg,0,1,0,0
503584.jpg,1,0,0,0
503585.jpg,1,0,0,0
503586.jpg,1,0,0,0
503587.jpg,0,1,0,0
503588.jpg,0,1,0,0
503589.jpg,1,0,0,0
503590.jpg,0,0,1,0
503591.jpg,0,1,0,0
503592.jpg,1,0,0,0
503593.jpg,1,0,0,0
503594.jpg,0,1,0,0
503595.jpg,0,0,1,0
503596.jpg,0,1,0,0
503597.jpg,0,0,1,0
503598.jpg,0,1,0,0
503599.jpg,0,1,0,0
503600.jpg,1,0,0,0
503601.jpg,0,0,0,1
503602.jpg,1,0,0,0
503603.jpg,1,0,0,0
503604.jpg,0,1,0,0
503605.jpg,0,1,0,0
503606.jpg,0,1,0,0
503607.jpg,0,1,0,0
503608.jpg,0,1,0,0
503610.jpg,0,1,0,0
503611.jpg,1,0,0,0
503612.jpg,1,0,0,0
503613.jpg,1,0,0,0
503614.jpg,1,0,0,0
503615.jpg,0,1,0,0
503616.jpg,0,1,0,0
503617.jpg,0,1,0,0
503618.jpg,0,0,1,0
503619.jpg,0,1,0,0
503620.jpg,0,0,1,0
503621.jpg,1,0,0,0
503622.jpg,1,0,0,0
503623.jpg,1,0,0,0
503624.jpg,1,0,0,0
503625.jpg,1,0,0,0
503626.jpg,1,0,0,0
503627.jpg,1,0,0,0
503628.jpg,1,0,0,0
503629.jpg,1,0,0,0
503630.jpg,0,1,0,0
503631.jpg,0,1,0,0
503632.jpg,1,0,0,0
503633.jpg,1,0,0,0
503634.jpg,0,1,0,0
503635.jpg,0,1,0,0
503636.jpg,1,0,0,0
503637.jpg,1,0,0,0
503638.jpg,1,0,0,0
503639.jpg,0,1,0,0
503640.jpg,1,0,0,0
503641.jpg,1,0,0,0
503642.jpg,1,0,0,0
503643.jpg,1,0,0,0
503644.jpg,1,0,0,0
503645.jpg,1,0,0,0
503646.jpg,0,0,0,1
503647.jpg,1,0,0,0
503648.jpg,1,0,0,0
503649.jpg,0,1,0,0
503650.jpg,1,0,0,0
503651.jpg,1,0,0,0
503652.jpg,0,1,0,0
503653.jpg,1,0,0,0
503654.jpg,0,1,0,0
503655.jpg,0,0,1,0
503656.jpg,1,0,0,0
503657.jpg,1,0,0,0
503658.jpg,1,0,0,0
503659.jpg,0,1,0,0
503660.jpg,1,0,0,0
503661.jpg,1,0,0,0
503662.jpg,0,0,1,0
503663.jpg,0,0,1,0
503664.jpg,0,1,0,0
503665.jpg,0,1,0,0
503666.jpg,1,0,0,0
503667.jpg,1,0,0,0
503668.jpg,0,0,0,1
503669.jpg,1,0,0,0
503670.jpg,1,0,0,0
503671.jpg,0,1,0,0
503672.jpg,1,0,0,0
503673.jpg,1,0,0,0
503674.jpg,1,0,0,0
503675.jpg,1,0,0,0
503676.jpg,0,0,0,1
503677.jpg,0,1,0,0
503678.jpg,0,0,0,1
503679.jpg,0,0,1,0
503680.jpg,0,1,0,0
503681.jpg,1,0,0,0
503682.jpg,1,0,0,0
503683.jpg,1,0,0,0
503684.jpg,0,1,0,0
503685.jpg,0,0,1,0
503686.jpg,0,0,0,1
503687.jpg,0,1,0,0
503688.jpg,1,0,0,0
503689.jpg,0,1,0,0
503690.jpg,1,0,0,0
503691.jpg,0,1,0,0
503692.jpg,1,0,0,0
503693.jpg,1,0,0,0
503694.jpg,1,0,0,0
503695.jpg,0,1,0,0
503696.jpg,1,0,0,0
503697.jpg,0,1,0,0
503698.jpg,0,1,0,0
503699.jpg,0,0,1,0
503700.jpg,1,0,0,0
503701.jpg,1,0,0,0
503702.jpg,1,0,0,0
503703.jpg,1,0,0,0
503704.jpg,1,0,0,0
503705.jpg,0,0,1,0
503706.jpg,0,0,0,1
503707.jpg,0,0,1,0
503708.jpg,1,0,0,0
503709.jpg,1,0,0,0
503710.jpg,1,0,0,0
503711.jpg,0,0,1,0
503712.jpg,1,0,0,0
503713.jpg,0,1,0,0
503714.jpg,0,0,1,0
503715.jpg,0,1,0,0
503716.jpg,0,0,1,0
503717.jpg,0,1,0,0
503718.jpg,1,0,0,0
503719.jpg,1,0,0,0
503720.jpg,1,0,0,0
503721.jpg,0,1,0,0
503722.jpg,1,0,0,0
503723.jpg,1,0,0,0
503724.jpg,0,1,0,0
503725.jpg,0,0,0,1
503726.jpg,0,1,0,0
503727.jpg,0,1,0,0
503728.jpg,1,0,0,0
503729.jpg,0,0,1,0
503730.jpg,1,0,0,0
503731.jpg,1,0,0,0
503732.jpg,1,0,0,0
503733.jpg,0,1,0,0
503734.jpg,0,0,0,1
503735.jpg,1,0,0,0
503736.jpg,1,0,0,0
503737.jpg,1,0,0,0
503738.jpg,1,0,0,0
503739.jpg,1,0,0,0
503740.jpg,1,0,0,0
503741.jpg,0,0,1,0
503742.jpg,0,0,0,1
503743.jpg,1,0,0,0
503744.jpg,0,1,0,0
503745.jpg,1,0,0,0
503746.jpg,0,0,0,1
503747.jpg,0,1,0,0
503748.jpg,0,1,0,0
503749.jpg,0,1,0,0
503750.jpg,0,1,0,0
503751.jpg,0,0,0,1
503752.jpg,0,0,0,1
503753.jpg,1,0,0,0
503754.jpg,0,1,0,0
503755.jpg,0,0,0,1
503756.jpg,0,1,0,0
503757.jpg,1,0,0,0
503758.jpg,1,0,0,0
503759.jpg,1,0,0,0
503760.jpg,0,1,0,0
503761.jpg,0,1,0,0
503762.jpg,0,1,0,0
503763.jpg,0,1,0,0
503764.jpg,0,0,0,1
503765.jpg,1,0,0,0
503766.jpg,1,0,0,0
503767.jpg,0,1,0,0
503768.jpg,0,0,1,0
503769.jpg,1,0,0,0
503770.jpg,0,0,1,0
503771.jpg,0,1,0,0
503772.jpg,1,0,0,0
503773.jpg,0,0,1,0
503774.jpg,0,1,0,0
503775.jpg,1,0,0,0
503776.jpg,1,0,0,0
503777.jpg,1,0,0,0
503778.jpg,1,0,0,0
503779.jpg,1,0,0,0
503780.jpg,1,0,0,0
503781.jpg,0,1,0,0
503782.jpg,1,0,0,0
503783.jpg,1,0,0,0
503784.jpg,1,0,0,0
503785.jpg,0,1,0,0
503787.jpg,1,0,0,0
503788.jpg,0,1,0,0
503789.jpg,1,0,0,0
503790.jpg,1,0,0,0
503791.jpg,0,1,0,0
503792.jpg,1,0,0,0
503793.jpg,1,0,0,0
503794.jpg,1,0,0,0
503795.jpg,1,0,0,0
503796.jpg,0,1,0,0
503797.jpg,1,0,0,0
503798.jpg,1,0,0,0
503799.jpg,0,0,1,0
503800.jpg,1,0,0,0
503801.jpg,1,0,0,0
503802.jpg,1,0,0,0
503803.jpg,0,0,1,0
503804.jpg,1,0,0,0
503805.jpg,0,1,0,0
503806.jpg,1,0,0,0
503807.jpg,1,0,0,0
503808.jpg,0,1,0,0
503809.jpg,1,0,0,0
503810.jpg,1,0,0,0
503811.jpg,0,1,0,0
503812.jpg,1,0,0,0
503813.jpg,1,0,0,0
503814.jpg,1,0,0,0
503815.jpg,1,0,0,0
503816.jpg,1,0,0,0
503817.jpg,1,0,0,0
503818.jpg,0,1,0,0
503819.jpg,1,0,0,0
503820.jpg,1,0,0,0
503821.jpg,0,1,0,0
503822.jpg,1,0,0,0
503823.jpg,0,0,1,0
503824.jpg,0,1,0,0
503825.jpg,1,0,0,0
503826.jpg,0,0,0,1
503827.jpg,0,0,1,0
503828.jpg,1,0,0,0
503829.jpg,1,0,0,0
503830.jpg,1,0,0,0
503831.jpg,0,0,0,1
503832.jpg,1,0,0,0
503833.jpg,1,0,0,0
503834.jpg,0,1,0,0
503835.jpg,0,0,1,0
503836.jpg,1,0,0,0
503837.jpg,0,0,1,0
503838.jpg,1,0,0,0
503839.jpg,1,0,0,0
503840.jpg,0,1,0,0
503841.jpg,0,1,0,0
503842.jpg,1,0,0,0
503843.jpg,0,1,0,0
503844.jpg,0,0,1,0
503845.jpg,1,0,0,0
503846.jpg,1,0,0,0
503847.jpg,0,1,0,0
503848.jpg,1,0,0,0
503849.jpg,1,0,0,0
503850.jpg,1,0,0,0
503851.jpg,1,0,0,0
503852.jpg,1,0,0,0
503853.jpg,0,0,0,1
503854.jpg,1,0,0,0
503855.jpg,1,0,0,0
503856.jpg,0,1,0,0
503857.jpg,0,0,0,1
503858.jpg,1,0,0,0
503859.jpg,1,0,0,0
503860.jpg,0,0,1,0
503861.jpg,1,0,0,0
503862.jpg,0,0,0,1
503863.jpg,0,1,0,0
503864.jpg,0,1,0,0
503865.jpg,0,1,0,0
503866.jpg,0,1,0,0
503867.jpg,0,1,0,0
503868.jpg,1,0,0,0
503869.jpg,1,0,0,0
503870.jpg,0,0,0,1
503871.jpg,0,1,0,0
503872.jpg,1,0,0,0
503873.jpg,0,1,0,0
503874.jpg,1,0,0,0
503875.jpg,1,0,0,0
503876.jpg,1,0,0,0
503877.jpg,1,0,0,0
503878.jpg,1,0,0,0
503879.jpg,0,1,0,0
503880.jpg,1,0,0,0
503881.jpg,1,0,0,0
503882.jpg,1,0,0,0
503883.jpg,0,1,0,0
503884.jpg,1,0,0,0
503885.jpg,0,0,0,1
503886.jpg,1,0,0,0
503887.jpg,1,0,0,0
503888.jpg,0,1,0,0
503889.jpg,0,1,0,0
503890.jpg,1,0,0,0
503891.jpg,1,0,0,0
503892.jpg,0,1,0,0
503893.jpg,1,0,0,0
503894.jpg,0,0,0,1
503895.jpg,0,1,0,0
503896.jpg,0,0,0,1
503897.jpg,1,0,0,0
503899.jpg,1,0,0,0
503900.jpg,1,0,0,0
503901.jpg,1,0,0,0
503902.jpg,0,1,0,0
503903.jpg,1,0,0,0
503904.jpg,1,0,0,0
503905.jpg,1,0,0,0
503906.jpg,1,0,0,0
503907.jpg,1,0,0,0
503908.jpg,0,0,0,1
503909.jpg,0,0,1,0
503910.jpg,0,1,0,0
503911.jpg,1,0,0,0
503912.jpg,1,0,0,0
503913.jpg,0,1,0,0
503914.jpg,0,1,0,0
503915.jpg,1,0,0,0
503916.jpg,0,1,0,0
503917.jpg,0,0,1,0
503918.jpg,0,0,1,0
503919.jpg,0,0,0,1
503920.jpg,0,0,0,1
503921.jpg,0,1,0,0
503922.jpg,1,0,0,0
503923.jpg,0,0,1,0
503924.jpg,1,0,0,0
503925.jpg,0,0,1,0
503926.jpg,1,0,0,0
503927.jpg,0,1,0,0
503928.jpg,0,1,0,0
503929.jpg,1,0,0,0
503930.jpg,0,1,0,0
503931.jpg,1,0,0,0
503932.jpg,1,0,0,0
503933.jpg,0,1,0,0
503934.jpg,1,0,0,0
503935.jpg,1,0,0,0
503936.jpg,0,0,1,0
503937.jpg,0,1,0,0
503938.jpg,1,0,0,0
503939.jpg,0,1,0,0
503940.jpg,1,0,0,0
503941.jpg,0,1,0,0
503942.jpg,0,0,1,0
503943.jpg,0,1,0,0
503944.jpg,1,0,0,0
503945.jpg,1,0,0,0
503946.jpg,0,0,1,0
503947.jpg,1,0,0,0
503948.jpg,0,1,0,0
503949.jpg,0,1,0,0
503950.jpg,0,1,0,0
503951.jpg,0,1,0,0
503952.jpg,0,0,0,1
503953.jpg,0,1,0,0
503954.jpg,1,0,0,0
503955.jpg,1,0,0,0
503956.jpg,0,1,0,0
503957.jpg,0,1,0,0
503958.jpg,0,1,0,0
503959.jpg,0,0,1,0
503960.jpg,0,1,0,0
503961.jpg,0,1,0,0
503962.jpg,0,1,0,0
503963.jpg,0,1,0,0
503964.jpg,1,0,0,0
503965.jpg,1,0,0,0
503966.jpg,0,1,0,0
503967.jpg,1,0,0,0
503968.jpg,0,0,0,1
503969.jpg,1,0,0,0
503970.jpg,1,0,0,0
503971.jpg,0,1,0,0
503972.jpg,1,0,0,0
503973.jpg,0,1,0,0
503974.jpg,0,0,0,1
503975.jpg,1,0,0,0
503976.jpg,1,0,0,0
503977.jpg,0,0,1,0
503978.jpg,0,1,0,0
503979.jpg,1,0,0,0
503980.jpg,1,0,0,0
503981.jpg,1,0,0,0
503982.jpg,1,0,0,0
503983.jpg,0,1,0,0
503984.jpg,1,0,0,0
503985.jpg,0,0,0,1
503986.jpg,0,1,0,0
503987.jpg,0,1,0,0
503988.jpg,0,1,0,0
503989.jpg,1,0,0,0
503990.jpg,0,1,0,0
503991.jpg,0,1,0,0
503992.jpg,1,0,0,0
503993.jpg,1,0,0,0
503994.jpg,1,0,0,0
503995.jpg,1,0,0,0
503996.jpg,0,1,0,0
503997.jpg,0,0,1,0
503998.jpg,1,0,0,0
503999.jpg,0,0,0,1
504000.jpg,1,0,0,0
504001.jpg,1,0,0,0
504002.jpg,1,0,0,0
504003.jpg,0,1,0,0
504004.jpg,0,1,0,0
504005.jpg,1,0,0,0
504006.jpg,1,0,0,0
504007.jpg,1,0,0,0
504008.jpg,1,0,0,0
504009.jpg,1,0,0,0
504010.jpg,1,0,0,0
504011.jpg,1,0,0,0
504012.jpg,0,1,0,0
504013.jpg,0,0,1,0
504014.jpg,0,1,0,0
504015.jpg,0,1,0,0
504016.jpg,0,1,0,0
504017.jpg,1,0,0,0
504018.jpg,1,0,0,0
504019.jpg,0,1,0,0
504020.jpg,1,0,0,0
504021.jpg,0,0,1,0
504022.jpg,1,0,0,0
504024.jpg,0,1,0,0
504025.jpg,0,1,0,0
504026.jpg,0,1,0,0
504027.jpg,0,1,0,0
504028.jpg,1,0,0,0
504029.jpg,0,1,0,0
504030.jpg,0,1,0,0
504031.jpg,0,1,0,0
504032.jpg,0,1,0,0
504033.jpg,0,1,0,0
504034.jpg,0,1,0,0
504035.jpg,1,0,0,0
504036.jpg,1,0,0,0
504037.jpg,0,1,0,0
504038.jpg,0,0,1,0
504039.jpg,0,1,0,0
504040.jpg,1,0,0,0
504041.jpg,0,0,1,0
504042.jpg,0,1,0,0
504043.jpg,0,1,0,0
504044.jpg,1,0,0,0
504045.jpg,1,0,0,0
504046.jpg,0,0,0,1
504047.jpg,0,1,0,0
504048.jpg,1,0,0,0
504049.jpg,1,0,0,0
504050.jpg,1,0,0,0
504051.jpg,0,1,0,0
504052.jpg,1,0,0,0
504053.jpg,0,1,0,0
504054.jpg,0,1,0,0
504055.jpg,1,0,0,0
504056.jpg,0,0,0,1
504057.jpg,0,0,0,1
504058.jpg,1,0,0,0
504059.jpg,0,1,0,0
504060.jpg,1,0,0,0
504061.jpg,0,0,1,0
504062.jpg,1,0,0,0
504063.jpg,0,0,0,1
504064.jpg,0,1,0,0
504065.jpg,0,1,0,0
504066.jpg,0,0,1,0
504067.jpg,0,1,0,0
504068.jpg,0,1,0,0
504069.jpg,0,0,0,1
504070.jpg,0,1,0,0
504071.jpg,1,0,0,0
504072.jpg,0,1,0,0
504073.jpg,1,0,0,0
504074.jpg,0,1,0,0
504075.jpg,0,1,0,0
504076.jpg,0,1,0,0
504077.jpg,1,0,0,0
504078.jpg,0,1,0,0
504079.jpg,1,0,0,0
504080.jpg,1,0,0,0
504081.jpg,1,0,0,0
504082.jpg,0,0,0,1
504083.jpg,1,0,0,0
504084.jpg,1,0,0,0
504085.jpg,0,0,0,1
504086.jpg,0,1,0,0
504087.jpg,1,0,0,0
504088.jpg,1,0,0,0
504089.jpg,0,1,0,0
504090.jpg,1,0,0,0
504091.jpg,0,1,0,0
504092.jpg,1,0,0,0
504093.jpg,0,1,0,0
504094.jpg,1,0,0,0
504095.jpg,0,1,0,0
504096.jpg,0,0,1,0
504097.jpg,0,0,1,0
504098.jpg,0,1,0,0
504099.jpg,1,0,0,0
504100.jpg,1,0,0,0
504101.jpg,0,1,0,0
504102.jpg,0,1,0,0
504103.jpg,1,0,0,0
504104.jpg,0,0,1,0
504105.jpg,1,0,0,0
504106.jpg,1,0,0,0
504107.jpg,1,0,0,0
504108.jpg,1,0,0,0
504109.jpg,1,0,0,0
504110.jpg,1,0,0,0
504111.jpg,1,0,0,0
504112.jpg,1,0,0,0
504113.jpg,0,1,0,0
504114.jpg,1,0,0,0
504115.jpg,1,0,0,0
504116.jpg,1,0,0,0
504117.jpg,0,1,0,0
504118.jpg,1,0,0,0
504119.jpg,0,0,1,0
504120.jpg,0,1,0,0
504121.jpg,0,0,0,1
504122.jpg,0,0,1,0
504123.jpg,1,0,0,0
504124.jpg,0,0,0,1
504125.jpg,0,1,0,0
504126.jpg,0,1,0,0
504127.jpg,1,0,0,0
504128.jpg,0,0,1,0
504129.jpg,0,0,0,1
504130.jpg,1,0,0,0
504131.jpg,0,1,0,0
504132.jpg,1,0,0,0
504133.jpg,1,0,0,0
504134.jpg,0,1,0,0
504135.jpg,0,0,0,1
504136.jpg,1,0,0,0
504137.jpg,1,0,0,0
504138.jpg,0,0,1,0
504139.jpg,1,0,0,0
504140.jpg,1,0,0,0
504141.jpg,0,1,0,0
504142.jpg,1,0,0,0
504143.jpg,0,0,1,0
504144.jpg,0,1,0,0
504145.jpg,0,1,0,0
504146.jpg,1,0,0,0
504147.jpg,1,0,0,0
504148.jpg,0,1,0,0
504149.jpg,0,1,0,0
504150.jpg,0,1,0,0
504151.jpg,1,0,0,0
504152.jpg,0,1,0,0
504153.jpg,1,0,0,0
504154.jpg,0,0,1,0
504155.jpg,0,0,0,1
504156.jpg,1,0,0,0
504157.jpg,1,0,0,0
504158.jpg,0,0,1,0
504159.jpg,1,0,0,0
504160.jpg,1,0,0,0
504161.jpg,1,0,0,0
504162.jpg,1,0,0,0
504163.jpg,1,0,0,0
504164.jpg,1,0,0,0
504165.jpg,0,1,0,0
504166.jpg,0,1,0,0
504167.jpg,0,1,0,0
504168.jpg,1,0,0,0
504169.jpg,1,0,0,0
504170.jpg,0,1,0,0
504171.jpg,1,0,0,0
504172.jpg,1,0,0,0
504173.jpg,0,1,0,0
504174.jpg,0,0,1,0
504175.jpg,1,0,0,0
504176.jpg,1,0,0,0
504177.jpg,1,0,0,0
504178.jpg,0,1,0,0
504179.jpg,0,0,1,0
504180.jpg,0,0,0,1
504181.jpg,1,0,0,0
504182.jpg,0,1,0,0
504183.jpg,0,1,0,0
504184.jpg,0,1,0,0
504185.jpg,0,0,1,0
504186.jpg,0,0,1,0
504187.jpg,0,1,0,0
504188.jpg,0,0,0,1
504189.jpg,0,1,0,0
504190.jpg,0,1,0,0
504191.jpg,0,1,0,0
504192.jpg,0,0,0,1
504193.jpg,0,1,0,0
504194.jpg,0,1,0,0
504195.jpg,0,1,0,0
504196.jpg,1,0,0,0
504197.jpg,1,0,0,0
504198.jpg,0,1,0,0
504199.jpg,0,1,0,0
504200.jpg,0,0,0,1
504201.jpg,1,0,0,0
504202.jpg,1,0,0,0
504203.jpg,1,0,0,0
504204.jpg,0,1,0,0
504205.jpg,0,0,0,1
504206.jpg,0,1,0,0
504207.jpg,1,0,0,0
504208.jpg,1,0,0,0
504209.jpg,1,0,0,0
504210.jpg,1,0,0,0
504211.jpg,1,0,0,0
504212.jpg,1,0,0,0
504213.jpg,1,0,0,0
504214.jpg,1,0,0,0
504215.jpg,0,1,0,0
504216.jpg,1,0,0,0
504217.jpg,0,0,1,0
504218.jpg,0,0,1,0
504219.jpg,1,0,0,0
504220.jpg,1,0,0,0
504221.jpg,0,0,1,0
504222.jpg,0,1,0,0
504223.jpg,0,1,0,0
504224.jpg,0,0,0,1
504225.jpg,0,1,0,0
504226.jpg,0,0,1,0
504227.jpg,0,1,0,0
504228.jpg,0,1,0,0
504229.jpg,0,1,0,0
504230.jpg,1,0,0,0
504231.jpg,0,1,0,0
504232.jpg,1,0,0,0
504233.jpg,0,1,0,0
504234.jpg,0,1,0,0
504235.jpg,0,1,0,0
504236.jpg,0,0,0,1
504237.jpg,1,0,0,0
504238.jpg,0,0,1,0
504239.jpg,0,0,1,0
504240.jpg,0,1,0,0
504241.jpg,0,1,0,0
504242.jpg,1,0,0,0
504243.jpg,0,0,1,0
504244.jpg,0,1,0,0
504245.jpg,1,0,0,0
504246.jpg,0,1,0,0
504247.jpg,1,0,0,0
504248.jpg,1,0,0,0
504249.jpg,0,1,0,0
504250.jpg,1,0,0,0
504251.jpg,0,1,0,0
504252.jpg,1,0,0,0
504253.jpg,0,1,0,0
504254.jpg,0,1,0,0
504255.jpg,1,0,0,0
504256.jpg,1,0,0,0
504257.jpg,0,0,0,1
504258.jpg,1,0,0,0
504259.jpg,0,1,0,0
504260.jpg,0,1,0,0
504261.jpg,0,0,0,1
504262.jpg,0,1,0,0
504263.jpg,1,0,0,0
504264.jpg,1,0,0,0
504265.jpg,0,1,0,0
504266.jpg,1,0,0,0
504267.jpg,1,0,0,0
504268.jpg,1,0,0,0
504269.jpg,1,0,0,0
504270.jpg,1,0,0,0
504271.jpg,0,0,1,0
504272.jpg,0,1,0,0
504273.jpg,1,0,0,0
504274.jpg,0,0,1,0
504275.jpg,1,0,0,0
504276.jpg,1,0,0,0
504277.jpg,0,0,1,0
504278.jpg,1,0,0,0
504279.jpg,0,1,0,0
504280.jpg,1,0,0,0
504281.jpg,0,0,0,1
504282.jpg,0,1,0,0
504283.jpg,0,1,0,0
504284.jpg,1,0,0,0
504285.jpg,1,0,0,0
504286.jpg,1,0,0,0
504287.jpg,1,0,0,0
504288.jpg,1,0,0,0
504289.jpg,0,1,0,0
504290.jpg,1,0,0,0
504291.jpg,1,0,0,0
504292.jpg,0,1,0,0
504293.jpg,0,1,0,0
504294.jpg,1,0,0,0
504295.jpg,1,0,0,0
504296.jpg,0,0,0,1
504297.jpg,0,1,0,0
504298.jpg,1,0,0,0
504299.jpg,0,1,0,0
504300.jpg,0,1,0,0
504301.jpg,1,0,0,0
504302.jpg,0,0,1,0
504303.jpg,1,0,0,0
504304.jpg,1,0,0,0
504305.jpg,0,0,1,0
504306.jpg,0,1,0,0
504307.jpg,0,1,0,0
504308.jpg,0,0,0,1
504309.jpg,1,0,0,0
504310.jpg,1,0,0,0
504311.jpg,0,1,0,0
504312.jpg,1,0,0,0
504313.jpg,1,0,0,0
504314.jpg,1,0,0,0
504315.jpg,1,0,0,0
504316.jpg,0,1,0,0
504317.jpg,0,1,0,0
504318.jpg,0,1,0,0
504319.jpg,0,1,0,0
504320.jpg,1,0,0,0
504321.jpg,1,0,0,0
504322.jpg,1,0,0,0
504323.jpg,1,0,0,0
504324.jpg,1,0,0,0
504325.jpg,1,0,0,0
504326.jpg,1,0,0,0
504327.jpg,1,0,0,0
504328.jpg,1,0,0,0
504329.jpg,1,0,0,0
504330.jpg,0,0,1,0
504331.jpg,0,1,0,0
504332.jpg,0,1,0,0
504333.jpg,1,0,0,0
504334.jpg,0,1,0,0
504335.jpg,0,0,1,0
504336.jpg,0,0,1,0
504337.jpg,1,0,0,0
504338.jpg,1,0,0,0
504339.jpg,0,1,0,0
504340.jpg,0,1,0,0
504341.jpg,0,1,0,0
504342.jpg,1,0,0,0
504343.jpg,1,0,0,0
504344.jpg,0,1,0,0
504345.jpg,1,0,0,0
504346.jpg,1,0,0,0
504347.jpg,0,0,0,1
504348.jpg,1,0,0,0
504349.jpg,0,0,1,0
504350.jpg,0,1,0,0
504351.jpg,0,0,0,1
504352.jpg,1,0,0,0
504353.jpg,0,1,0,0
504354.jpg,0,1,0,0
504355.jpg,0,1,0,0
504356.jpg,1,0,0,0
504357.jpg,0,1,0,0
504358.jpg,0,0,1,0
504359.jpg,1,0,0,0
504360.jpg,1,0,0,0
504361.jpg,1,0,0,0
504362.jpg,1,0,0,0
504363.jpg,0,0,0,1
504364.jpg,1,0,0,0
504365.jpg,1,0,0,0
504366.jpg,1,0,0,0
504367.jpg,1,0,0,0
504368.jpg,1,0,0,0
504369.jpg,0,1,0,0
504370.jpg,0,0,0,1
504371.jpg,0,0,0,1
504372.jpg,0,1,0,0
504373.jpg,0,1,0,0
504374.jpg,1,0,0,0
504375.jpg,0,1,0,0
504376.jpg,0,0,0,1
504377.jpg,1,0,0,0
504378.jpg,0,1,0,0
504379.jpg,1,0,0,0
504380.jpg,1,0,0,0
504381.jpg,0,1,0,0
504382.jpg,1,0,0,0
504383.jpg,0,1,0,0
504384.jpg,1,0,0,0
504385.jpg,1,0,0,0
504386.jpg,0,0,1,0
504387.jpg,0,1,0,0
504388.jpg,0,1,0,0
504389.jpg,1,0,0,0
504390.jpg,0,1,0,0
504391.jpg,0,1,0,0
504392.jpg,0,1,0,0
504393.jpg,1,0,0,0
504394.jpg,1,0,0,0
504395.jpg,1,0,0,0
504396.jpg,1,0,0,0
504397.jpg,0,1,0,0
504398.jpg,1,0,0,0
504399.jpg,0,1,0,0
504400.jpg,0,0,0,1
504401.jpg,1,0,0,0
504402.jpg,1,0,0,0
504403.jpg,1,0,0,0
504404.jpg,0,1,0,0
504405.jpg,1,0,0,0
504406.jpg,1,0,0,0
504407.jpg,0,1,0,0
504408.jpg,1,0,0,0
504409.jpg,0,1,0,0
504410.jpg,0,1,0,0
504411.jpg,0,1,0,0
504412.jpg,1,0,0,0
504413.jpg,1,0,0,0
504414.jpg,1,0,0,0
504415.jpg,0,1,0,0
504416.jpg,1,0,0,0
504417.jpg,0,1,0,0
504418.jpg,1,0,0,0
504419.jpg,0,1,0,0
504420.jpg,1,0,0,0
504421.jpg,0,1,0,0
504422.jpg,0,0,0,1
504423.jpg,1,0,0,0
504424.jpg,0,1,0,0
504425.jpg,0,1,0,0
504426.jpg,1,0,0,0
504427.jpg,0,0,1,0
504428.jpg,1,0,0,0
504429.jpg,0,0,1,0
504430.jpg,0,1,0,0
504431.jpg,1,0,0,0
504432.jpg,0,1,0,0
504433.jpg,1,0,0,0
504434.jpg,0,1,0,0
504435.jpg,1,0,0,0
504436.jpg,0,0,0,1
504437.jpg,0,0,0,1
504438.jpg,0,1,0,0
504439.jpg,1,0,0,0
504440.jpg,0,1,0,0
504441.jpg,0,1,0,0
504442.jpg,1,0,0,0
504443.jpg,0,1,0,0
504444.jpg,0,1,0,0
504445.jpg,1,0,0,0
504446.jpg,0,1,0,0
504447.jpg,1,0,0,0
504448.jpg,1,0,0,0
504449.jpg,1,0,0,0
504450.jpg,0,0,1,0
504451.jpg,1,0,0,0
504452.jpg,0,0,0,1
504453.jpg,1,0,0,0
504454.jpg,1,0,0,0
504455.jpg,0,1,0,0
504456.jpg,0,1,0,0
504457.jpg,0,0,0,1
504458.jpg,0,0,1,0
504459.jpg,1,0,0,0
504460.jpg,0,1,0,0
504461.jpg,1,0,0,0
504462.jpg,0,0,1,0
504463.jpg,0,0,1,0
504464.jpg,0,0,0,1
504465.jpg,0,1,0,0
504466.jpg,0,1,0,0
504467.jpg,0,1,0,0
504468.jpg,0,0,1,0
504469.jpg,1,0,0,0
504470.jpg,1,0,0,0
504471.jpg,0,0,1,0
504472.jpg,1,0,0,0
504473.jpg,0,1,0,0
504474.jpg,0,1,0,0
504476.jpg,1,0,0,0
504477.jpg,1,0,0,0
504478.jpg,0,0,1,0
504479.jpg,0,1,0,0
504480.jpg,1,0,0,0
504481.jpg,0,1,0,0
504482.jpg,0,1,0,0
504483.jpg,1,0,0,0
504484.jpg,1,0,0,0
504485.jpg,0,1,0,0
504486.jpg,0,0,0,1
504487.jpg,0,1,0,0
504488.jpg,0,1,0,0
504489.jpg,0,1,0,0
504490.jpg,0,1,0,0
504491.jpg,0,1,0,0
504492.jpg,0,1,0,0
504493.jpg,1,0,0,0
504494.jpg,0,1,0,0
504495.jpg,1,0,0,0
504496.jpg,1,0,0,0
504497.jpg,0,1,0,0
504498.jpg,0,1,0,0
504499.jpg,1,0,0,0
504500.jpg,0,1,0,0
504501.jpg,0,0,1,0
504502.jpg,1,0,0,0
504503.jpg,1,0,0,0
504504.jpg,0,0,0,1
504505.jpg,0,1,0,0
504506.jpg,0,1,0,0
504507.jpg,1,0,0,0
504508.jpg,0,0,0,1
504509.jpg,1,0,0,0
504510.jpg,0,1,0,0
504511.jpg,1,0,0,0
504512.jpg,1,0,0,0
504513.jpg,1,0,0,0
504514.jpg,1,0,0,0
504515.jpg,0,1,0,0
504516.jpg,0,1,0,0
504517.jpg,0,0,0,1
504518.jpg,1,0,0,0
504519.jpg,1,0,0,0
504520.jpg,1,0,0,0
504521.jpg,0,1,0,0
504522.jpg,0,1,0,0
504523.jpg,0,0,1,0
504524.jpg,1,0,0,0
504525.jpg,0,0,0,1
504526.jpg,0,1,0,0
504527.jpg,1,0,0,0
504528.jpg,0,0,1,0
504529.jpg,1,0,0,0
504530.jpg,1,0,0,0
504531.jpg,0,0,0,1
504532.jpg,0,1,0,0
504533.jpg,1,0,0,0
504534.jpg,0,1,0,0
504535.jpg,0,0,0,1
504536.jpg,1,0,0,0
504537.jpg,0,1,0,0
504538.jpg,1,0,0,0
504539.jpg,0,1,0,0
504540.jpg,1,0,0,0
504541.jpg,1,0,0,0
504542.jpg,1,0,0,0
504543.jpg,1,0,0,0
504544.jpg,0,1,0,0
504545.jpg,1,0,0,0
504546.jpg,1,0,0,0
504547.jpg,0,1,0,0
504548.jpg,1,0,0,0
504549.jpg,1,0,0,0
504550.jpg,0,0,0,1
504551.jpg,1,0,0,0
504552.jpg,1,0,0,0
504553.jpg,1,0,0,0
504554.jpg,1,0,0,0
504555.jpg,0,1,0,0
504556.jpg,0,1,0,0
504557.jpg,1,0,0,0
504558.jpg,1,0,0,0
504559.jpg,1,0,0,0
504560.jpg,1,0,0,0
504561.jpg,0,1,0,0
504562.jpg,0,1,0,0
504563.jpg,1,0,0,0
504564.jpg,1,0,0,0
504565.jpg,0,0,1,0
504566.jpg,0,1,0,0
504567.jpg,0,0,1,0
504568.jpg,1,0,0,0
504569.jpg,1,0,0,0
504570.jpg,0,0,1,0
504571.jpg,1,0,0,0
504572.jpg,0,0,0,1
504573.jpg,0,1,0,0
504574.jpg,1,0,0,0
504575.jpg,0,1,0,0
504576.jpg,0,1,0,0
504577.jpg,1,0,0,0
504578.jpg,0,1,0,0
504579.jpg,0,0,0,1
504580.jpg,0,1,0,0
504581.jpg,0,1,0,0
504582.jpg,1,0,0,0
504583.jpg,1,0,0,0
504584.jpg,0,1,0,0
504585.jpg,1,0,0,0
504586.jpg,0,1,0,0
504587.jpg,0,1,0,0
504588.jpg,1,0,0,0
504589.jpg,1,0,0,0
504590.jpg,1,0,0,0
504591.jpg,0,0,1,0
504592.jpg,1,0,0,0
504593.jpg,0,1,0,0
504594.jpg,1,0,0,0
504595.jpg,0,1,0,0
504596.jpg,1,0,0,0
504597.jpg,1,0,0,0
504598.jpg,1,0,0,0
504599.jpg,0,1,0,0
504600.jpg,0,1,0,0
504601.jpg,1,0,0,0
504602.jpg,1,0,0,0
504603.jpg,0,1,0,0
504604.jpg,0,1,0,0
504605.jpg,0,0,1,0
504606.jpg,0,1,0,0
504607.jpg,1,0,0,0
504608.jpg,0,1,0,0
504609.jpg,0,1,0,0
504610.jpg,0,0,1,0
504611.jpg,0,1,0,0
504612.jpg,1,0,0,0
504613.jpg,0,0,0,1
504614.jpg,0,1,0,0
504615.jpg,1,0,0,0
504616.jpg,1,0,0,0
504617.jpg,1,0,0,0
504618.jpg,0,1,0,0
504619.jpg,0,1,0,0
504620.jpg,1,0,0,0
504622.jpg,1,0,0,0
504623.jpg,0,1,0,0
504624.jpg,1,0,0,0
504625.jpg,0,1,0,0
504626.jpg,1,0,0,0
504627.jpg,1,0,0,0
504628.jpg,1,0,0,0
504629.jpg,0,1,0,0
504630.jpg,1,0,0,0
504631.jpg,1,0,0,0
504632.jpg,1,0,0,0
504633.jpg,1,0,0,0
504634.jpg,0,1,0,0
504635.jpg,0,1,0,0
504636.jpg,0,1,0,0
504637.jpg,0,1,0,0
504638.jpg,1,0,0,0
504639.jpg,0,1,0,0
504640.jpg,1,0,0,0
504641.jpg,0,0,1,0
504642.jpg,0,0,0,1
504643.jpg,0,0,1,0
504644.jpg,1,0,0,0
504645.jpg,1,0,0,0
504646.jpg,1,0,0,0
504647.jpg,0,1,0,0
504648.jpg,1,0,0,0
504649.jpg,0,0,1,0
504650.jpg,0,0,0,1
504651.jpg,0,1,0,0
504652.jpg,1,0,0,0
504654.jpg,0,1,0,0
504655.jpg,0,1,0,0
504656.jpg,0,0,0,1
504657.jpg,1,0,0,0
504658.jpg,0,0,0,1
504659.jpg,0,0,0,1
504660.jpg,1,0,0,0
504661.jpg,0,1,0,0
504662.jpg,0,1,0,0
504663.jpg,0,1,0,0
504664.jpg,0,1,0,0
504665.jpg,0,1,0,0
504666.jpg,0,0,1,0
504667.jpg,1,0,0,0
504668.jpg,1,0,0,0
504669.jpg,0,1,0,0
504670.jpg,1,0,0,0
504671.jpg,0,1,0,0
504672.jpg,0,1,0,0
504673.jpg,1,0,0,0
504674.jpg,1,0,0,0
504676.jpg,0,1,0,0
504677.jpg,1,0,0,0
504678.jpg,0,1,0,0
504679.jpg,1,0,0,0
504680.jpg,0,1,0,0
504681.jpg,0,1,0,0
504682.jpg,1,0,0,0
504683.jpg,0,0,0,1
504684.jpg,1,0,0,0
504685.jpg,0,1,0,0
504686.jpg,1,0,0,0
504687.jpg,1,0,0,0
504688.jpg,0,1,0,0
504689.jpg,1,0,0,0
504690.jpg,0,1,0,0
504691.jpg,0,0,0,1
504692.jpg,1,0,0,0
504693.jpg,0,1,0,0
504694.jpg,1,0,0,0
504695.jpg,0,1,0,0
504696.jpg,0,1,0,0
504697.jpg,0,1,0,0
504698.jpg,1,0,0,0
504699.jpg,0,0,0,1
504700.jpg,1,0,0,0
504701.jpg,0,0,1,0
504702.jpg,1,0,0,0
504703.jpg,0,1,0,0
504704.jpg,1,0,0,0
504705.jpg,1,0,0,0
504706.jpg,1,0,0,0
504707.jpg,1,0,0,0
504708.jpg,0,1,0,0
504709.jpg,1,0,0,0
504710.jpg,1,0,0,0
504711.jpg,1,0,0,0
504712.jpg,1,0,0,0
504713.jpg,0,1,0,0
504714.jpg,1,0,0,0
504715.jpg,1,0,0,0
504716.jpg,0,0,1,0
504717.jpg,1,0,0,0
504718.jpg,0,0,1,0
504719.jpg,1,0,0,0
504720.jpg,0,1,0,0
504721.jpg,1,0,0,0
504722.jpg,0,1,0,0
504723.jpg,0,0,0,1
504724.jpg,0,0,0,1
504725.jpg,1,0,0,0
504726.jpg,0,1,0,0
504727.jpg,1,0,0,0
504728.jpg,0,0,1,0
504729.jpg,1,0,0,0
504730.jpg,1,0,0,0
504731.jpg,0,1,0,0
504732.jpg,1,0,0,0
504733.jpg,0,0,0,1
504734.jpg,0,1,0,0
504735.jpg,1,0,0,0
504736.jpg,1,0,0,0
504737.jpg,0,1,0,0
504738.jpg,0,0,1,0
504739.jpg,0,0,1,0
504740.jpg,0,1,0,0
504741.jpg,0,1,0,0
504742.jpg,0,1,0,0
504743.jpg,0,0,1,0
504744.jpg,0,1,0,0
504745.jpg,1,0,0,0
504746.jpg,1,0,0,0
504747.jpg,1,0,0,0
504748.jpg,1,0,0,0
504749.jpg,0,0,0,1
504750.jpg,0,1,0,0
504751.jpg,0,0,0,1
504752.jpg,0,0,1,0
504753.jpg,0,1,0,0
504754.jpg,1,0,0,0
504755.jpg,1,0,0,0
504756.jpg,1,0,0,0
504757.jpg,1,0,0,0
504758.jpg,1,0,0,0
504759.jpg,0,0,1,0
504760.jpg,0,0,1,0
504761.jpg,1,0,0,0
504762.jpg,0,1,0,0
504763.jpg,1,0,0,0
504764.jpg,1,0,0,0
504765.jpg,1,0,0,0
504766.jpg,0,0,0,1
504767.jpg,0,1,0,0
504768.jpg,0,1,0,0
504769.jpg,1,0,0,0
504770.jpg,0,0,1,0
504771.jpg,0,0,1,0
504772.jpg,0,1,0,0
504773.jpg,1,0,0,0
504774.jpg,1,0,0,0
504775.jpg,0,1,0,0
504776.jpg,1,0,0,0
504777.jpg,1,0,0,0
504778.jpg,1,0,0,0
504779.jpg,1,0,0,0
504780.jpg,0,1,0,0
504781.jpg,0,0,1,0
504782.jpg,0,1,0,0
504783.jpg,1,0,0,0
504784.jpg,1,0,0,0
504785.jpg,1,0,0,0
504786.jpg,0,1,0,0
504787.jpg,1,0,0,0
504788.jpg,1,0,0,0
504789.jpg,0,1,0,0
504790.jpg,0,1,0,0
504791.jpg,0,1,0,0
504792.jpg,0,0,1,0
504793.jpg,1,0,0,0
504794.jpg,1,0,0,0
504795.jpg,1,0,0,0
504796.jpg,0,0,0,1
504797.jpg,1,0,0,0
504798.jpg,1,0,0,0
504799.jpg,1,0,0,0
504800.jpg,1,0,0,0
504801.jpg,0,1,0,0
504802.jpg,1,0,0,0
504803.jpg,1,0,0,0
504804.jpg,0,0,1,0
504805.jpg,0,1,0,0
504806.jpg,0,1,0,0
504807.jpg,0,1,0,0
504808.jpg,1,0,0,0
504809.jpg,0,0,0,1
504810.jpg,1,0,0,0
504811.jpg,1,0,0,0
504812.jpg,1,0,0,0
504813.jpg,1,0,0,0
504814.jpg,1,0,0,0
504815.jpg,0,1,0,0
504816.jpg,0,0,1,0
504817.jpg,0,0,1,0
504818.jpg,0,0,0,1
504819.jpg,0,1,0,0
504820.jpg,0,1,0,0
504821.jpg,0,1,0,0
504822.jpg,1,0,0,0
504823.jpg,1,0,0,0
504824.jpg,1,0,0,0
504825.jpg,0,1,0,0
504826.jpg,1,0,0,0
504827.jpg,0,0,1,0
504828.jpg,0,0,1,0
504829.jpg,1,0,0,0
504830.jpg,0,1,0,0
504831.jpg,0,0,0,1
504832.jpg,0,1,0,0
504833.jpg,1,0,0,0
504834.jpg,1,0,0,0
504835.jpg,1,0,0,0
504836.jpg,0,1,0,0
504837.jpg,1,0,0,0
504838.jpg,1,0,0,0
504839.jpg,0,1,0,0
504840.jpg,1,0,0,0
504841.jpg,1,0,0,0
504842.jpg,1,0,0,0
504843.jpg,1,0,0,0
504844.jpg,0,1,0,0
504845.jpg,0,0,0,1
504846.jpg,0,0,1,0
504847.jpg,0,1,0,0
504848.jpg,0,1,0,0
504849.jpg,0,0,1,0
504850.jpg,1,0,0,0
504851.jpg,1,0,0,0
504852.jpg,1,0,0,0
504853.jpg,1,0,0,0
504854.jpg,1,0,0,0
504855.jpg,0,0,0,1
504856.jpg,0,1,0,0
504857.jpg,0,0,1,0
504858.jpg,1,0,0,0
504859.jpg,0,0,0,1
504860.jpg,1,0,0,0
504861.jpg,1,0,0,0
504862.jpg,0,1,0,0
504863.jpg,0,0,1,0
504864.jpg,1,0,0,0
504865.jpg,1,0,0,0
504866.jpg,0,0,0,1
504867.jpg,0,0,0,1
504868.jpg,1,0,0,0
504869.jpg,0,1,0,0
504870.jpg,1,0,0,0
504871.jpg,0,1,0,0
504872.jpg,0,1,0,0
504873.jpg,0,0,1,0
504874.jpg,0,1,0,0
504875.jpg,0,1,0,0
504876.jpg,0,1,0,0
504877.jpg,1,0,0,0
504878.jpg,0,1,0,0
504879.jpg,0,1,0,0
504880.jpg,1,0,0,0
504881.jpg,0,1,0,0
504882.jpg,0,1,0,0
504883.jpg,1,0,0,0
504884.jpg,1,0,0,0
504885.jpg,1,0,0,0
504886.jpg,1,0,0,0
504887.jpg,1,0,0,0
504888.jpg,1,0,0,0
504889.jpg,0,0,0,1
504890.jpg,1,0,0,0
504891.jpg,0,1,0,0
504892.jpg,0,1,0,0
504893.jpg,0,0,0,1
504894.jpg,1,0,0,0
504895.jpg,0,1,0,0
504896.jpg,0,1,0,0
504897.jpg,0,1,0,0
504898.jpg,1,0,0,0
504899.jpg,0,0,0,1
504900.jpg,1,0,0,0
504901.jpg,1,0,0,0
504902.jpg,0,1,0,0
504903.jpg,0,1,0,0
504904.jpg,1,0,0,0
504905.jpg,1,0,0,0
504906.jpg,0,0,1,0
504907.jpg,1,0,0,0
504908.jpg,0,0,1,0
504909.jpg,1,0,0,0
504910.jpg,0,1,0,0
504911.jpg,1,0,0,0
504912.jpg,1,0,0,0
504913.jpg,1,0,0,0
504914.jpg,0,1,0,0
504915.jpg,1,0,0,0
504916.jpg,1,0,0,0
504917.jpg,0,1,0,0
504918.jpg,1,0,0,0
504919.jpg,1,0,0,0
504920.jpg,0,1,0,0
504921.jpg,0,1,0,0
504922.jpg,1,0,0,0
504923.jpg,0,1,0,0
504924.jpg,0,1,0,0
504925.jpg,0,0,1,0
504926.jpg,1,0,0,0
504927.jpg,0,1,0,0
504928.jpg,0,1,0,0
504929.jpg,1,0,0,0
504930.jpg,0,1,0,0
504931.jpg,0,1,0,0
504932.jpg,1,0,0,0
504933.jpg,0,1,0,0
504935.jpg,0,0,0,1
504936.jpg,0,1,0,0
504937.jpg,0,1,0,0
504938.jpg,0,0,1,0
504939.jpg,0,0,1,0
504940.jpg,1,0,0,0
504941.jpg,0,1,0,0
504942.jpg,1,0,0,0
504943.jpg,1,0,0,0
504944.jpg,1,0,0,0
504945.jpg,0,0,1,0
504946.jpg,0,1,0,0
504947.jpg,0,1,0,0
504948.jpg,1,0,0,0
504949.jpg,0,1,0,0
504950.jpg,1,0,0,0
504951.jpg,1,0,0,0
504952.jpg,0,0,0,1
504953.jpg,0,0,1,0
504954.jpg,0,1,0,0
504955.jpg,1,0,0,0
504956.jpg,0,1,0,0
504957.jpg,1,0,0,0
504958.jpg,1,0,0,0
504959.jpg,0,1,0,0
504960.jpg,1,0,0,0
504961.jpg,0,1,0,0
504962.jpg,1,0,0,0
504963.jpg,1,0,0,0
504964.jpg,0,1,0,0
504965.jpg,1,0,0,0
504966.jpg,0,1,0,0
504967.jpg,1,0,0,0
504968.jpg,1,0,0,0
504969.jpg,1,0,0,0
504970.jpg,1,0,0,0
504971.jpg,1,0,0,0
504972.jpg,1,0,0,0
504973.jpg,1,0,0,0
504974.jpg,0,1,0,0
504975.jpg,0,0,1,0
504976.jpg,1,0,0,0
504977.jpg,0,0,1,0
504978.jpg,0,1,0,0
504979.jpg,0,1,0,0
504980.jpg,1,0,0,0
504981.jpg,0,1,0,0
504982.jpg,1,0,0,0
504983.jpg,0,1,0,0
504984.jpg,1,0,0,0
504985.jpg,0,1,0,0
504986.jpg,1,0,0,0
504987.jpg,0,0,0,1
504988.jpg,0,1,0,0
504989.jpg,1,0,0,0
504990.jpg,1,0,0,0
504991.jpg,1,0,0,0
504992.jpg,0,0,0,1
504993.jpg,0,0,1,0
504994.jpg,0,1,0,0
504995.jpg,1,0,0,0
504996.jpg,0,0,0,1
504997.jpg,0,1,0,0
504998.jpg,1,0,0,0
504999.jpg,1,0,0,0
505000.jpg,1,0,0,0
505001.jpg,1,0,0,0
505002.jpg,1,0,0,0
505003.jpg,1,0,0,0
505004.jpg,1,0,0,0
505005.jpg,0,1,0,0
505006.jpg,0,1,0,0
505007.jpg,0,1,0,0
505008.jpg,1,0,0,0
505009.jpg,0,1,0,0
505010.jpg,1,0,0,0
505011.jpg,0,0,0,1
505012.jpg,1,0,0,0
505013.jpg,0,1,0,0
505014.jpg,0,1,0,0
505015.jpg,0,0,1,0
505016.jpg,1,0,0,0
505017.jpg,0,0,0,1
505018.jpg,1,0,0,0
505019.jpg,1,0,0,0
505020.jpg,1,0,0,0
505021.jpg,0,1,0,0
505022.jpg,1,0,0,0
505023.jpg,1,0,0,0
505024.jpg,1,0,0,0
505025.jpg,1,0,0,0
505026.jpg,1,0,0,0
505027.jpg,0,1,0,0
505028.jpg,1,0,0,0
505029.jpg,1,0,0,0
505030.jpg,0,1,0,0
505031.jpg,1,0,0,0
505033.jpg,1,0,0,0
505034.jpg,1,0,0,0
505035.jpg,0,1,0,0
505036.jpg,0,1,0,0
505037.jpg,0,1,0,0
505038.jpg,1,0,0,0
505039.jpg,0,0,1,0
505040.jpg,0,1,0,0
505041.jpg,1,0,0,0
505042.jpg,1,0,0,0
505043.jpg,1,0,0,0
505044.jpg,0,1,0,0
505045.jpg,1,0,0,0
505046.jpg,0,1,0,0
505047.jpg,1,0,0,0
505048.jpg,1,0,0,0
505049.jpg,1,0,0,0
505050.jpg,1,0,0,0
505051.jpg,0,1,0,0
505052.jpg,0,0,1,0
505053.jpg,1,0,0,0
505054.jpg,1,0,0,0
505055.jpg,0,1,0,0
505056.jpg,1,0,0,0
505057.jpg,1,0,0,0
505058.jpg,0,1,0,0
505059.jpg,1,0,0,0
505060.jpg,1,0,0,0
505061.jpg,1,0,0,0
505062.jpg,1,0,0,0
505063.jpg,1,0,0,0
505064.jpg,0,1,0,0
505065.jpg,1,0,0,0
505066.jpg,1,0,0,0
505067.jpg,1,0,0,0
505068.jpg,1,0,0,0
505069.jpg,0,1,0,0
505070.jpg,0,0,1,0
505071.jpg,0,1,0,0
505072.jpg,1,0,0,0
505073.jpg,1,0,0,0
505074.jpg,0,1,0,0
505075.jpg,1,0,0,0
505076.jpg,0,1,0,0
505077.jpg,0,0,1,0
505078.jpg,1,0,0,0
505079.jpg,0,0,0,1
505080.jpg,0,1,0,0
505081.jpg,0,1,0,0
505082.jpg,0,1,0,0
505083.jpg,0,1,0,0
505084.jpg,0,1,0,0
505085.jpg,0,0,1,0
505086.jpg,0,0,1,0
505087.jpg,1,0,0,0
505088.jpg,0,1,0,0
505089.jpg,1,0,0,0
505090.jpg,0,0,0,1
505091.jpg,0,1,0,0
505092.jpg,0,0,0,1
505093.jpg,1,0,0,0
505094.jpg,0,0,0,1
505095.jpg,0,1,0,0
505096.jpg,1,0,0,0
505097.jpg,0,0,0,1
505098.jpg,0,1,0,0
505099.jpg,0,1,0,0
505100.jpg,1,0,0,0
505101.jpg,1,0,0,0
505102.jpg,0,1,0,0
505103.jpg,1,0,0,0
505104.jpg,0,0,1,0
505105.jpg,1,0,0,0
505106.jpg,1,0,0,0
505107.jpg,1,0,0,0
505108.jpg,0,0,0,1
505109.jpg,0,1,0,0
505110.jpg,0,1,0,0
505111.jpg,0,1,0,0
505112.jpg,1,0,0,0
505113.jpg,1,0,0,0
505114.jpg,0,1,0,0
505115.jpg,1,0,0,0
505116.jpg,0,1,0,0
505117.jpg,1,0,0,0
505118.jpg,1,0,0,0
505119.jpg,1,0,0,0
505120.jpg,1,0,0,0
505121.jpg,1,0,0,0
505122.jpg,0,1,0,0
505123.jpg,1,0,0,0
505124.jpg,1,0,0,0
505125.jpg,0,0,0,1
505126.jpg,1,0,0,0
505127.jpg,1,0,0,0
505128.jpg,1,0,0,0
505129.jpg,1,0,0,0
505130.jpg,0,1,0,0
505131.jpg,1,0,0,0
505132.jpg,1,0,0,0
505133.jpg,0,1,0,0
505134.jpg,1,0,0,0
505135.jpg,1,0,0,0
505136.jpg,1,0,0,0
505137.jpg,0,0,0,1
505138.jpg,0,0,1,0
505139.jpg,0,1,0,0
505140.jpg,1,0,0,0
505141.jpg,0,1,0,0
505142.jpg,0,1,0,0
505143.jpg,1,0,0,0
505144.jpg,0,0,0,1
505145.jpg,1,0,0,0
505146.jpg,0,1,0,0
505147.jpg,1,0,0,0
505148.jpg,0,1,0,0
505149.jpg,1,0,0,0
505150.jpg,0,0,1,0
505151.jpg,0,0,1,0
505152.jpg,1,0,0,0
505153.jpg,1,0,0,0
505154.jpg,0,0,1,0
505155.jpg,1,0,0,0
505156.jpg,0,1,0,0
505157.jpg,0,1,0,0
505158.jpg,0,1,0,0
505159.jpg,0,1,0,0
505160.jpg,0,1,0,0
505161.jpg,0,1,0,0
505162.jpg,1,0,0,0
505163.jpg,1,0,0,0
505164.jpg,0,1,0,0
505165.jpg,1,0,0,0
505166.jpg,0,1,0,0
505167.jpg,1,0,0,0
505169.jpg,1,0,0,0
505170.jpg,1,0,0,0
505171.jpg,1,0,0,0
505172.jpg,1,0,0,0
505173.jpg,1,0,0,0
505174.jpg,0,0,0,1
505175.jpg,0,1,0,0
505176.jpg,0,0,1,0
505177.jpg,1,0,0,0
505178.jpg,0,0,1,0
505179.jpg,1,0,0,0
505180.jpg,0,1,0,0
505181.jpg,1,0,0,0
505183.jpg,0,1,0,0
505184.jpg,0,1,0,0
505185.jpg,0,1,0,0
505186.jpg,0,1,0,0
505187.jpg,1,0,0,0
505188.jpg,1,0,0,0
505189.jpg,0,1,0,0
505190.jpg,0,1,0,0
505191.jpg,1,0,0,0
505192.jpg,0,1,0,0
505193.jpg,0,1,0,0
505194.jpg,1,0,0,0
505195.jpg,1,0,0,0
505196.jpg,1,0,0,0
505197.jpg,0,1,0,0
505198.jpg,0,0,1,0
505199.jpg,0,1,0,0
505200.jpg,0,1,0,0
505201.jpg,0,1,0,0
505202.jpg,1,0,0,0
505203.jpg,1,0,0,0
505204.jpg,1,0,0,0
505205.jpg,0,0,0,1
505206.jpg,1,0,0,0
505207.jpg,0,0,0,1
505208.jpg,1,0,0,0
505209.jpg,1,0,0,0
505210.jpg,1,0,0,0
505211.jpg,1,0,0,0
505212.jpg,1,0,0,0
505213.jpg,0,1,0,0
505214.jpg,0,1,0,0
505215.jpg,0,1,0,0
505216.jpg,1,0,0,0
505217.jpg,0,1,0,0
505218.jpg,1,0,0,0
505219.jpg,0,1,0,0
505220.jpg,0,1,0,0
505221.jpg,1,0,0,0
505222.jpg,0,1,0,0
505223.jpg,1,0,0,0
505224.jpg,1,0,0,0
505225.jpg,1,0,0,0
505226.jpg,0,0,0,1
505227.jpg,1,0,0,0
505228.jpg,1,0,0,0
505229.jpg,1,0,0,0
505230.jpg,1,0,0,0
505231.jpg,0,1,0,0
505232.jpg,1,0,0,0
505233.jpg,0,0,0,1
505234.jpg,0,1,0,0
505235.jpg,0,1,0,0
505236.jpg,0,0,1,0
505237.jpg,0,1,0,0
505238.jpg,1,0,0,0
505239.jpg,1,0,0,0
505240.jpg,1,0,0,0
505241.jpg,1,0,0,0
505242.jpg,1,0,0,0
505243.jpg,0,1,0,0
505244.jpg,1,0,0,0
505245.jpg,0,0,0,1
505246.jpg,1,0,0,0
505247.jpg,0,1,0,0
505248.jpg,0,1,0,0
505249.jpg,1,0,0,0
505250.jpg,1,0,0,0
505251.jpg,0,0,0,1
505252.jpg,1,0,0,0
505253.jpg,1,0,0,0
505254.jpg,1,0,0,0
505255.jpg,1,0,0,0
505256.jpg,0,0,0,1
505257.jpg,0,1,0,0
505258.jpg,1,0,0,0
505259.jpg,0,0,0,1
505260.jpg,1,0,0,0
505261.jpg,1,0,0,0
505262.jpg,0,1,0,0
505263.jpg,1,0,0,0
505264.jpg,1,0,0,0
505265.jpg,1,0,0,0
505266.jpg,0,0,0,1
505267.jpg,1,0,0,0
505268.jpg,1,0,0,0
505269.jpg,1,0,0,0
505270.jpg,1,0,0,0
505272.jpg,1,0,0,0
505273.jpg,1,0,0,0
505274.jpg,0,0,1,0
505275.jpg,0,1,0,0
505276.jpg,1,0,0,0
505277.jpg,0,0,1,0
505278.jpg,1,0,0,0
505279.jpg,0,1,0,0
505280.jpg,1,0,0,0
505281.jpg,0,1,0,0
505282.jpg,1,0,0,0
505283.jpg,1,0,0,0
505284.jpg,1,0,0,0
505285.jpg,0,0,0,1
505286.jpg,1,0,0,0
505287.jpg,1,0,0,0
505288.jpg,1,0,0,0
505289.jpg,1,0,0,0
505290.jpg,1,0,0,0
505291.jpg,0,1,0,0
505292.jpg,0,1,0,0
505293.jpg,1,0,0,0
505294.jpg,0,1,0,0
505295.jpg,1,0,0,0
505296.jpg,0,1,0,0
505297.jpg,1,0,0,0
505298.jpg,0,1,0,0
505299.jpg,0,0,1,0
505300.jpg,0,0,0,1
505301.jpg,1,0,0,0
505302.jpg,0,1,0,0
505303.jpg,1,0,0,0
505304.jpg,0,1,0,0
505305.jpg,0,1,0,0
505306.jpg,1,0,0,0
505307.jpg,0,1,0,0
505308.jpg,1,0,0,0
505309.jpg,0,0,1,0
505310.jpg,1,0,0,0
505311.jpg,0,0,0,1
505312.jpg,0,1,0,0
505313.jpg,0,1,0,0
505314.jpg,0,0,1,0
505315.jpg,0,1,0,0
505316.jpg,0,0,0,1
505317.jpg,1,0,0,0
505318.jpg,1,0,0,0
505319.jpg,0,0,1,0
505320.jpg,1,0,0,0
505321.jpg,1,0,0,0
505322.jpg,0,1,0,0
505323.jpg,1,0,0,0
505324.jpg,0,0,0,1
505325.jpg,0,1,0,0
505326.jpg,1,0,0,0
505327.jpg,0,1,0,0
505328.jpg,0,1,0,0
505329.jpg,1,0,0,0
505330.jpg,0,1,0,0
505331.jpg,0,1,0,0
505332.jpg,0,1,0,0
505333.jpg,0,0,0,1
505334.jpg,0,0,0,1
505335.jpg,1,0,0,0
505336.jpg,1,0,0,0
505337.jpg,0,1,0,0
505338.jpg,0,1,0,0
505339.jpg,1,0,0,0
505340.jpg,1,0,0,0
505341.jpg,0,1,0,0
505342.jpg,0,1,0,0
505343.jpg,1,0,0,0
505344.jpg,1,0,0,0
505345.jpg,1,0,0,0
505346.jpg,1,0,0,0
505347.jpg,0,0,1,0
505348.jpg,1,0,0,0
505349.jpg,0,1,0,0
505350.jpg,1,0,0,0
505351.jpg,0,0,1,0
505352.jpg,0,0,0,1
505353.jpg,1,0,0,0
505354.jpg,1,0,0,0
505355.jpg,0,1,0,0
505356.jpg,0,1,0,0
505357.jpg,0,1,0,0
505358.jpg,0,1,0,0
505359.jpg,1,0,0,0
505360.jpg,1,0,0,0
505361.jpg,0,0,1,0
505362.jpg,1,0,0,0
505363.jpg,1,0,0,0
505364.jpg,1,0,0,0
505365.jpg,0,1,0,0
505366.jpg,0,1,0,0
505367.jpg,1,0,0,0
505368.jpg,0,0,0,1
505369.jpg,1,0,0,0
505370.jpg,0,1,0,0
505371.jpg,1,0,0,0
505372.jpg,1,0,0,0
505373.jpg,0,1,0,0
505374.jpg,1,0,0,0
505375.jpg,1,0,0,0
505376.jpg,1,0,0,0
505377.jpg,1,0,0,0
505378.jpg,0,1,0,0
505379.jpg,0,1,0,0
505380.jpg,0,1,0,0
505381.jpg,1,0,0,0
505382.jpg,1,0,0,0
505383.jpg,1,0,0,0
505384.jpg,1,0,0,0
505385.jpg,1,0,0,0
505386.jpg,1,0,0,0
505387.jpg,1,0,0,0
505388.jpg,0,1,0,0
505389.jpg,0,1,0,0
505390.jpg,0,0,1,0
505391.jpg,1,0,0,0
505392.jpg,0,1,0,0
505393.jpg,1,0,0,0
505394.jpg,1,0,0,0
505395.jpg,0,1,0,0
505396.jpg,1,0,0,0
505397.jpg,0,1,0,0
505398.jpg,1,0,0,0
505399.jpg,1,0,0,0
505400.jpg,1,0,0,0
505401.jpg,1,0,0,0
505402.jpg,0,1,0,0
505403.jpg,1,0,0,0
505404.jpg,0,1,0,0
505405.jpg,1,0,0,0
505406.jpg,0,1,0,0
505407.jpg,0,0,0,1
505408.jpg,1,0,0,0
505409.jpg,0,0,1,0
505410.jpg,0,0,1,0
505411.jpg,0,0,1,0
505412.jpg,1,0,0,0
505413.jpg,0,1,0,0
505414.jpg,0,1,0,0
505415.jpg,0,1,0,0
505416.jpg,0,1,0,0
505418.jpg,1,0,0,0
505419.jpg,0,1,0,0
505420.jpg,0,0,0,1
505421.jpg,1,0,0,0
505422.jpg,1,0,0,0
505423.jpg,1,0,0,0
505424.jpg,0,0,1,0
505425.jpg,1,0,0,0
505426.jpg,1,0,0,0
505427.jpg,1,0,0,0
505428.jpg,0,1,0,0
505429.jpg,0,1,0,0
505430.jpg,0,1,0,0
505431.jpg,1,0,0,0
505432.jpg,1,0,0,0
505433.jpg,0,1,0,0
505434.jpg,1,0,0,0
505435.jpg,1,0,0,0
505436.jpg,0,0,0,1
505438.jpg,1,0,0,0
505439.jpg,0,0,1,0
505440.jpg,0,0,1,0
505441.jpg,1,0,0,0
505442.jpg,0,1,0,0
505443.jpg,1,0,0,0
505444.jpg,0,1,0,0
505445.jpg,0,1,0,0
505446.jpg,0,1,0,0
505447.jpg,1,0,0,0
505448.jpg,0,1,0,0
505449.jpg,0,1,0,0
505450.jpg,1,0,0,0
505451.jpg,0,0,1,0
505452.jpg,1,0,0,0
505453.jpg,0,0,1,0
505454.jpg,0,0,1,0
505455.jpg,0,1,0,0
505456.jpg,0,0,0,1
505457.jpg,1,0,0,0
505458.jpg,1,0,0,0
505459.jpg,1,0,0,0
505460.jpg,0,1,0,0
505461.jpg,0,1,0,0
505462.jpg,0,1,0,0
505463.jpg,0,0,1,0
505464.jpg,1,0,0,0
505465.jpg,1,0,0,0
505466.jpg,1,0,0,0
505467.jpg,1,0,0,0
505468.jpg,0,0,0,1
505469.jpg,0,1,0,0
505470.jpg,1,0,0,0
505471.jpg,0,1,0,0
505472.jpg,1,0,0,0
505473.jpg,1,0,0,0
505474.jpg,0,0,1,0
505475.jpg,1,0,0,0
505476.jpg,0,1,0,0
505477.jpg,1,0,0,0
505478.jpg,0,0,0,1
505479.jpg,0,0,1,0
505480.jpg,1,0,0,0
505481.jpg,1,0,0,0
505482.jpg,0,1,0,0
505483.jpg,0,1,0,0
505484.jpg,1,0,0,0
505485.jpg,1,0,0,0
505486.jpg,1,0,0,0
505487.jpg,1,0,0,0
505488.jpg,1,0,0,0
505489.jpg,1,0,0,0
505490.jpg,1,0,0,0
505491.jpg,1,0,0,0
505492.jpg,0,1,0,0
505493.jpg,1,0,0,0
505494.jpg,0,0,0,1
505495.jpg,1,0,0,0
505496.jpg,1,0,0,0
505497.jpg,1,0,0,0
505498.jpg,1,0,0,0
505499.jpg,0,1,0,0
505500.jpg,0,0,1,0
505501.jpg,1,0,0,0
505502.jpg,0,0,1,0
505503.jpg,0,1,0,0
505504.jpg,1,0,0,0
505505.jpg,1,0,0,0
505506.jpg,1,0,0,0
505507.jpg,0,1,0,0
505508.jpg,0,1,0,0
505509.jpg,0,0,1,0
505510.jpg,1,0,0,0
505511.jpg,0,1,0,0
505512.jpg,0,1,0,0
505513.jpg,1,0,0,0
505514.jpg,1,0,0,0
505515.jpg,1,0,0,0
505516.jpg,1,0,0,0
505517.jpg,0,1,0,0
505518.jpg,0,0,1,0
505519.jpg,0,1,0,0
505520.jpg,0,0,1,0
505521.jpg,0,0,1,0
505522.jpg,1,0,0,0
505523.jpg,1,0,0,0
505524.jpg,1,0,0,0
505525.jpg,0,1,0,0
505526.jpg,0,1,0,0
505527.jpg,1,0,0,0
505528.jpg,1,0,0,0
505529.jpg,1,0,0,0
505530.jpg,0,0,1,0
505531.jpg,0,1,0,0
505532.jpg,1,0,0,0
505533.jpg,1,0,0,0
505534.jpg,1,0,0,0
505535.jpg,0,1,0,0
505536.jpg,1,0,0,0
505537.jpg,0,1,0,0
505538.jpg,0,1,0,0
505539.jpg,1,0,0,0
505540.jpg,0,1,0,0
505541.jpg,1,0,0,0
505542.jpg,1,0,0,0
505543.jpg,1,0,0,0
505544.jpg,1,0,0,0
505545.jpg,1,0,0,0
505546.jpg,0,0,0,1
505547.jpg,0,1,0,0
505548.jpg,0,0,1,0
505549.jpg,1,0,0,0
505550.jpg,0,1,0,0
505551.jpg,1,0,0,0
505552.jpg,0,0,0,1
505553.jpg,1,0,0,0
505554.jpg,1,0,0,0
505555.jpg,1,0,0,0
505556.jpg,0,1,0,0
505557.jpg,1,0,0,0
505558.jpg,1,0,0,0
505559.jpg,1,0,0,0
505560.jpg,1,0,0,0
505561.jpg,0,1,0,0
505562.jpg,0,0,1,0
505563.jpg,0,1,0,0
505564.jpg,0,1,0,0
505565.jpg,1,0,0,0
505566.jpg,0,1,0,0
505567.jpg,0,1,0,0
505568.jpg,1,0,0,0
505569.jpg,0,0,0,1
505570.jpg,0,0,1,0
505571.jpg,0,1,0,0
505572.jpg,0,0,1,0
505573.jpg,0,0,0,1
505574.jpg,1,0,0,0
505575.jpg,1,0,0,0
505576.jpg,1,0,0,0
505577.jpg,0,1,0,0
505578.jpg,1,0,0,0
505579.jpg,0,0,0,1
505580.jpg,1,0,0,0
505581.jpg,1,0,0,0
505582.jpg,1,0,0,0
505583.jpg,1,0,0,0
505584.jpg,0,1,0,0
505585.jpg,0,0,0,1
505586.jpg,1,0,0,0
505587.jpg,1,0,0,0
505588.jpg,1,0,0,0
505589.jpg,0,1,0,0
505590.jpg,0,1,0,0
505591.jpg,0,0,1,0
505592.jpg,1,0,0,0
505593.jpg,0,1,0,0
505594.jpg,0,0,1,0
505595.jpg,0,1,0,0
505596.jpg,1,0,0,0
505597.jpg,1,0,0,0
505598.jpg,1,0,0,0
505599.jpg,1,0,0,0
505600.jpg,0,0,0,1
505601.jpg,0,0,1,0
505602.jpg,0,1,0,0
505603.jpg,1,0,0,0
505604.jpg,0,1,0,0
505605.jpg,1,0,0,0
505606.jpg,0,1,0,0
505607.jpg,0,1,0,0
505608.jpg,0,1,0,0
505609.jpg,0,1,0,0
505610.jpg,0,1,0,0
505611.jpg,1,0,0,0
505612.jpg,1,0,0,0
505613.jpg,1,0,0,0
505614.jpg,0,1,0,0
505615.jpg,0,1,0,0
505616.jpg,1,0,0,0
505617.jpg,1,0,0,0
505618.jpg,1,0,0,0
505619.jpg,1,0,0,0
505620.jpg,1,0,0,0
505621.jpg,1,0,0,0
505622.jpg,0,0,0,1
505623.jpg,0,0,1,0
505624.jpg,1,0,0,0
505625.jpg,1,0,0,0
505626.jpg,0,0,1,0
505627.jpg,0,1,0,0
505628.jpg,0,0,0,1
505629.jpg,1,0,0,0
505630.jpg,0,1,0,0
505631.jpg,1,0,0,0
505632.jpg,0,0,1,0
505633.jpg,1,0,0,0
505634.jpg,0,1,0,0
505635.jpg,1,0,0,0
505636.jpg,1,0,0,0
505637.jpg,0,0,0,1
505638.jpg,1,0,0,0
505639.jpg,0,0,0,1
505640.jpg,1,0,0,0
505641.jpg,0,0,1,0
505642.jpg,0,0,1,0
505643.jpg,0,1,0,0
505644.jpg,1,0,0,0
505645.jpg,0,1,0,0
505646.jpg,1,0,0,0
505647.jpg,0,1,0,0
505648.jpg,1,0,0,0
505649.jpg,1,0,0,0
505650.jpg,1,0,0,0
505651.jpg,0,0,1,0
505652.jpg,0,1,0,0
505653.jpg,1,0,0,0
505655.jpg,0,1,0,0
505656.jpg,1,0,0,0
505657.jpg,0,0,1,0
505658.jpg,0,1,0,0
505659.jpg,0,0,1,0
505660.jpg,0,1,0,0
505661.jpg,0,1,0,0
505662.jpg,1,0,0,0
505663.jpg,0,0,1,0
505664.jpg,0,1,0,0
505665.jpg,1,0,0,0
505666.jpg,1,0,0,0
505667.jpg,1,0,0,0
505668.jpg,0,1,0,0
505669.jpg,0,1,0,0
505670.jpg,0,1,0,0
505671.jpg,0,0,0,1
505672.jpg,1,0,0,0
505673.jpg,1,0,0,0
505674.jpg,1,0,0,0
505675.jpg,0,1,0,0
505676.jpg,1,0,0,0
505677.jpg,1,0,0,0
505678.jpg,1,0,0,0
505679.jpg,1,0,0,0
505680.jpg,1,0,0,0
505681.jpg,0,0,1,0
505682.jpg,1,0,0,0
505683.jpg,1,0,0,0
505684.jpg,0,1,0,0
505685.jpg,0,1,0,0
505686.jpg,1,0,0,0
505687.jpg,0,1,0,0
505688.jpg,1,0,0,0
505689.jpg,0,1,0,0
505690.jpg,1,0,0,0
505691.jpg,0,1,0,0
505692.jpg,1,0,0,0
505693.jpg,0,0,0,1
505694.jpg,1,0,0,0
505695.jpg,0,1,0,0
505696.jpg,1,0,0,0
505697.jpg,1,0,0,0
505698.jpg,1,0,0,0
505699.jpg,0,1,0,0
505700.jpg,0,1,0,0
505701.jpg,1,0,0,0
505702.jpg,1,0,0,0
505703.jpg,1,0,0,0
505704.jpg,0,1,0,0
505705.jpg,0,0,0,1
505706.jpg,1,0,0,0
505707.jpg,1,0,0,0
505708.jpg,0,1,0,0
505709.jpg,0,1,0,0
505710.jpg,1,0,0,0
505711.jpg,0,1,0,0
505712.jpg,0,1,0,0
505713.jpg,1,0,0,0
505714.jpg,0,1,0,0
505715.jpg,0,1,0,0
505716.jpg,0,1,0,0
505717.jpg,1,0,0,0
505718.jpg,1,0,0,0
505719.jpg,0,1,0,0
505720.jpg,0,1,0,0
505721.jpg,0,1,0,0
505722.jpg,1,0,0,0
505723.jpg,1,0,0,0
505724.jpg,1,0,0,0
505725.jpg,0,0,0,1
505726.jpg,0,0,1,0
505727.jpg,1,0,0,0
505728.jpg,0,1,0,0
505729.jpg,0,1,0,0
505730.jpg,0,1,0,0
505731.jpg,0,1,0,0
505732.jpg,1,0,0,0
505733.jpg,0,1,0,0
505734.jpg,0,1,0,0
505735.jpg,0,0,1,0
505736.jpg,0,1,0,0
505737.jpg,0,1,0,0
505738.jpg,1,0,0,0
505739.jpg,1,0,0,0
505740.jpg,1,0,0,0
505741.jpg,0,0,0,1
505742.jpg,1,0,0,0
505743.jpg,1,0,0,0
505744.jpg,0,1,0,0
505745.jpg,1,0,0,0
505746.jpg,1,0,0,0
505747.jpg,0,1,0,0
505748.jpg,1,0,0,0
505749.jpg,0,1,0,0
505750.jpg,0,1,0,0
505751.jpg,1,0,0,0
505752.jpg,1,0,0,0
505753.jpg,0,1,0,0
505754.jpg,0,1,0,0
505755.jpg,1,0,0,0
505756.jpg,0,0,1,0
505757.jpg,0,1,0,0
505758.jpg,0,1,0,0
505759.jpg,1,0,0,0
505760.jpg,1,0,0,0
505761.jpg,1,0,0,0
505762.jpg,1,0,0,0
505763.jpg,1,0,0,0
505764.jpg,1,0,0,0
505765.jpg,0,1,0,0
505766.jpg,0,1,0,0
505767.jpg,1,0,0,0
505768.jpg,0,1,0,0
505769.jpg,1,0,0,0
505770.jpg,1,0,0,0
505771.jpg,0,1,0,0
505772.jpg,0,1,0,0
505773.jpg,1,0,0,0
505774.jpg,1,0,0,0
505775.jpg,0,0,1,0
505776.jpg,0,1,0,0
505777.jpg,0,1,0,0
505778.jpg,1,0,0,0
505779.jpg,1,0,0,0
505780.jpg,1,0,0,0
505781.jpg,1,0,0,0
505782.jpg,1,0,0,0
505783.jpg,1,0,0,0
505784.jpg,1,0,0,0
505785.jpg,0,1,0,0
505786.jpg,1,0,0,0
505787.jpg,1,0,0,0
505788.jpg,1,0,0,0
505789.jpg,1,0,0,0
505790.jpg,0,0,1,0
505791.jpg,0,1,0,0
505792.jpg,1,0,0,0
505793.jpg,1,0,0,0
505794.jpg,0,0,1,0
505795.jpg,0,1,0,0
505796.jpg,0,0,0,1
505797.jpg,1,0,0,0
505798.jpg,0,0,1,0
505799.jpg,1,0,0,0
505800.jpg,1,0,0,0
505801.jpg,1,0,0,0
505802.jpg,0,0,1,0
505803.jpg,0,1,0,0
505804.jpg,0,1,0,0
505805.jpg,1,0,0,0
505806.jpg,0,1,0,0
505807.jpg,0,1,0,0
505808.jpg,0,1,0,0
505809.jpg,0,1,0,0
505810.jpg,1,0,0,0
505811.jpg,0,1,0,0
505812.jpg,0,1,0,0
505813.jpg,0,1,0,0
505814.jpg,0,0,0,1
505815.jpg,0,1,0,0
505816.jpg,0,1,0,0
505817.jpg,0,1,0,0
505818.jpg,0,1,0,0
505819.jpg,1,0,0,0
505820.jpg,1,0,0,0
505821.jpg,1,0,0,0
505822.jpg,1,0,0,0
505823.jpg,0,1,0,0
505824.jpg,0,0,1,0
505825.jpg,1,0,0,0
505826.jpg,1,0,0,0
505827.jpg,0,0,0,1
505828.jpg,0,0,0,1
505829.jpg,1,0,0,0
505830.jpg,1,0,0,0
505831.jpg,1,0,0,0
505832.jpg,0,1,0,0
505833.jpg,1,0,0,0
505834.jpg,0,1,0,0
505835.jpg,1,0,0,0
505836.jpg,0,1,0,0
505837.jpg,1,0,0,0
505838.jpg,0,1,0,0
505839.jpg,0,0,0,1
505840.jpg,0,0,1,0
505841.jpg,0,1,0,0
505842.jpg,1,0,0,0
505843.jpg,1,0,0,0
505844.jpg,0,1,0,0
505845.jpg,0,1,0,0
505846.jpg,1,0,0,0
505847.jpg,0,0,0,1
505848.jpg,0,1,0,0
505849.jpg,0,1,0,0
505850.jpg,1,0,0,0
505851.jpg,0,1,0,0
505852.jpg,0,0,0,1
505853.jpg,0,1,0,0
505854.jpg,1,0,0,0
505855.jpg,0,0,0,1
505856.jpg,1,0,0,0
505857.jpg,1,0,0,0
505858.jpg,0,1,0,0
505859.jpg,1,0,0,0
505860.jpg,1,0,0,0
505861.jpg,0,1,0,0
505862.jpg,1,0,0,0
505863.jpg,1,0,0,0
505864.jpg,1,0,0,0
505865.jpg,1,0,0,0
505866.jpg,1,0,0,0
505867.jpg,0,0,1,0
505868.jpg,1,0,0,0
505869.jpg,0,1,0,0
505870.jpg,0,1,0,0
505871.jpg,0,1,0,0
505872.jpg,1,0,0,0
505873.jpg,1,0,0,0
505874.jpg,1,0,0,0
505875.jpg,1,0,0,0
505876.jpg,0,1,0,0
505877.jpg,0,1,0,0
505878.jpg,0,1,0,0
505879.jpg,0,1,0,0
505880.jpg,0,0,1,0
505881.jpg,1,0,0,0
505882.jpg,0,0,1,0
505883.jpg,0,0,0,1
505884.jpg,1,0,0,0
505885.jpg,1,0,0,0
505886.jpg,1,0,0,0
505887.jpg,1,0,0,0
505888.jpg,0,0,1,0
505889.jpg,1,0,0,0
505890.jpg,0,0,0,1
505891.jpg,0,0,0,1
505892.jpg,1,0,0,0
505893.jpg,0,1,0,0
505894.jpg,0,1,0,0
505895.jpg,0,1,0,0
505896.jpg,0,1,0,0
505897.jpg,1,0,0,0
505898.jpg,1,0,0,0
505899.jpg,0,1,0,0
505900.jpg,0,1,0,0
505901.jpg,1,0,0,0
505902.jpg,0,0,0,1
505903.jpg,0,0,1,0
505904.jpg,0,1,0,0
505905.jpg,1,0,0,0
505906.jpg,0,1,0,0
505907.jpg,0,0,1,0
505908.jpg,1,0,0,0
505909.jpg,0,1,0,0
505910.jpg,1,0,0,0
505911.jpg,0,1,0,0
505912.jpg,0,1,0,0
505913.jpg,0,1,0,0
505914.jpg,0,1,0,0
505915.jpg,0,1,0,0
505916.jpg,1,0,0,0
505917.jpg,1,0,0,0
505918.jpg,1,0,0,0
505919.jpg,0,1,0,0
505920.jpg,0,1,0,0
505921.jpg,0,0,0,1
505922.jpg,1,0,0,0
505923.jpg,0,0,1,0
505924.jpg,0,1,0,0
505925.jpg,0,0,1,0
505926.jpg,0,0,0,1
505927.jpg,1,0,0,0
505928.jpg,0,1,0,0
505929.jpg,0,1,0,0
505930.jpg,1,0,0,0
505931.jpg,0,1,0,0
505932.jpg,1,0,0,0
505933.jpg,1,0,0,0
505934.jpg,0,1,0,0
505935.jpg,0,0,0,1
505936.jpg,0,1,0,0
505937.jpg,0,1,0,0
505938.jpg,1,0,0,0
505939.jpg,0,1,0,0
505940.jpg,1,0,0,0
505941.jpg,1,0,0,0
505942.jpg,0,1,0,0
505943.jpg,1,0,0,0
505944.jpg,0,1,0,0
505945.jpg,0,0,1,0
505946.jpg,1,0,0,0
505947.jpg,0,0,1,0
505948.jpg,0,0,1,0
505949.jpg,0,0,1,0
505950.jpg,0,0,1,0
505951.jpg,0,0,1,0
505952.jpg,0,0,1,0
505953.jpg,0,1,0,0
505954.jpg,0,1,0,0
505955.jpg,0,0,1,0
505956.jpg,0,0,1,0
505957.jpg,1,0,0,0
505958.jpg,1,0,0,0
505959.jpg,1,0,0,0
505960.jpg,1,0,0,0
505961.jpg,0,0,1,0
505962.jpg,1,0,0,0
505963.jpg,0,1,0,0
505964.jpg,1,0,0,0
505965.jpg,1,0,0,0
505966.jpg,0,0,0,1
505967.jpg,0,1,0,0
505968.jpg,0,1,0,0
505969.jpg,1,0,0,0
505970.jpg,0,1,0,0
505971.jpg,1,0,0,0
505972.jpg,1,0,0,0
505973.jpg,1,0,0,0
505974.jpg,1,0,0,0
505975.jpg,0,0,1,0
505976.jpg,0,1,0,0
505977.jpg,0,1,0,0
505978.jpg,1,0,0,0
505979.jpg,1,0,0,0
505980.jpg,0,0,0,1
505981.jpg,0,0,0,1
505982.jpg,0,0,1,0
505983.jpg,0,1,0,0
505984.jpg,1,0,0,0
505985.jpg,0,1,0,0
505986.jpg,1,0,0,0
505987.jpg,1,0,0,0
505988.jpg,1,0,0,0
505989.jpg,0,1,0,0
505990.jpg,0,1,0,0
505991.jpg,0,0,1,0
505992.jpg,0,1,0,0
505993.jpg,0,0,0,1
505994.jpg,1,0,0,0
505995.jpg,1,0,0,0
505996.jpg,1,0,0,0
505997.jpg,0,1,0,0
505998.jpg,0,1,0,0
505999.jpg,0,0,1,0
506000.jpg,1,0,0,0
506001.jpg,0,0,1,0
506002.jpg,1,0,0,0
506003.jpg,0,1,0,0
506004.jpg,0,1,0,0
506005.jpg,1,0,0,0
506006.jpg,1,0,0,0
506007.jpg,1,0,0,0
506008.jpg,0,1,0,0
506009.jpg,0,1,0,0
506010.jpg,0,0,0,1
506011.jpg,0,0,0,1
506012.jpg,1,0,0,0
506013.jpg,0,1,0,0
506014.jpg,1,0,0,0
506015.jpg,1,0,0,0
506016.jpg,1,0,0,0
506017.jpg,1,0,0,0
506018.jpg,0,1,0,0
506019.jpg,1,0,0,0
506020.jpg,0,0,1,0
506021.jpg,0,0,1,0
506022.jpg,0,1,0,0
506023.jpg,0,1,0,0
506024.jpg,0,1,0,0
506025.jpg,1,0,0,0
506026.jpg,0,0,1,0
506027.jpg,0,1,0,0
506028.jpg,0,1,0,0
506029.jpg,1,0,0,0
506030.jpg,0,1,0,0
506031.jpg,1,0,0,0
506032.jpg,0,0,1,0
506033.jpg,1,0,0,0
506034.jpg,0,0,1,0
506035.jpg,0,1,0,0
506036.jpg,1,0,0,0
506037.jpg,1,0,0,0
506038.jpg,0,0,0,1
506039.jpg,1,0,0,0
506040.jpg,1,0,0,0
506041.jpg,0,1,0,0
506042.jpg,0,1,0,0
506043.jpg,1,0,0,0
506044.jpg,0,1,0,0
506045.jpg,1,0,0,0
506046.jpg,1,0,0,0
506047.jpg,0,0,1,0
506048.jpg,0,1,0,0
506049.jpg,0,0,1,0
506050.jpg,1,0,0,0
506051.jpg,1,0,0,0
506052.jpg,0,0,1,0
506053.jpg,0,1,0,0
506054.jpg,1,0,0,0
506055.jpg,0,0,1,0
506056.jpg,0,1,0,0
506057.jpg,1,0,0,0
506058.jpg,0,1,0,0
506059.jpg,1,0,0,0
506060.jpg,1,0,0,0
506061.jpg,1,0,0,0
506062.jpg,0,0,0,1
506063.jpg,1,0,0,0
506064.jpg,1,0,0,0
506065.jpg,0,1,0,0
506066.jpg,0,1,0,0
506067.jpg,1,0,0,0
506068.jpg,1,0,0,0
506069.jpg,1,0,0,0
506070.jpg,1,0,0,0
506071.jpg,1,0,0,0
506072.jpg,1,0,0,0
506073.jpg,1,0,0,0
506074.jpg,0,1,0,0
506075.jpg,0,1,0,0
506076.jpg,1,0,0,0
506077.jpg,1,0,0,0
506078.jpg,1,0,0,0
506079.jpg,1,0,0,0
506080.jpg,0,0,1,0
506081.jpg,1,0,0,0
506082.jpg,0,1,0,0
506083.jpg,1,0,0,0
506084.jpg,1,0,0,0
506085.jpg,1,0,0,0
506086.jpg,0,0,0,1
506087.jpg,0,1,0,0
506088.jpg,0,0,0,1
506089.jpg,0,1,0,0
506090.jpg,0,0,1,0
506091.jpg,1,0,0,0
506092.jpg,0,1,0,0
506093.jpg,0,1,0,0
506094.jpg,0,1,0,0
506095.jpg,1,0,0,0
506096.jpg,0,0,1,0
506097.jpg,1,0,0,0
506098.jpg,0,0,0,1
506099.jpg,1,0,0,0
506100.jpg,1,0,0,0
506101.jpg,0,1,0,0
506102.jpg,0,0,1,0
506103.jpg,0,1,0,0
506104.jpg,1,0,0,0
506106.jpg,1,0,0,0
506107.jpg,1,0,0,0
506108.jpg,1,0,0,0
506109.jpg,0,1,0,0
506110.jpg,0,0,1,0
506111.jpg,1,0,0,0
506112.jpg,0,0,1,0
506113.jpg,1,0,0,0
506114.jpg,0,1,0,0
506115.jpg,1,0,0,0
506116.jpg,0,1,0,0
506117.jpg,1,0,0,0
506118.jpg,0,0,1,0
506119.jpg,1,0,0,0
506120.jpg,1,0,0,0
506121.jpg,1,0,0,0
506122.jpg,0,0,0,1
506123.jpg,1,0,0,0
506124.jpg,1,0,0,0
506125.jpg,0,1,0,0
506126.jpg,1,0,0,0
506127.jpg,0,1,0,0
506128.jpg,1,0,0,0
506129.jpg,1,0,0,0
506130.jpg,1,0,0,0
506131.jpg,1,0,0,0
506132.jpg,1,0,0,0
506133.jpg,0,1,0,0
506134.jpg,0,0,0,1
506135.jpg,1,0,0,0
506136.jpg,1,0,0,0
506137.jpg,1,0,0,0
506138.jpg,1,0,0,0
506139.jpg,1,0,0,0
506140.jpg,0,1,0,0
506141.jpg,1,0,0,0
506142.jpg,1,0,0,0
506143.jpg,0,1,0,0
506144.jpg,0,1,0,0
506145.jpg,1,0,0,0
506146.jpg,1,0,0,0
506147.jpg,1,0,0,0
506148.jpg,1,0,0,0
506149.jpg,1,0,0,0
506150.jpg,0,0,1,0
506151.jpg,0,1,0,0
506152.jpg,1,0,0,0
506153.jpg,0,1,0,0
506154.jpg,0,1,0,0
506155.jpg,1,0,0,0
506156.jpg,0,1,0,0
506157.jpg,1,0,0,0
506158.jpg,0,1,0,0
506159.jpg,1,0,0,0
506160.jpg,1,0,0,0
506161.jpg,1,0,0,0
506162.jpg,0,0,1,0
506163.jpg,1,0,0,0
506164.jpg,1,0,0,0
506165.jpg,0,0,1,0
506166.jpg,1,0,0,0
506167.jpg,1,0,0,0
506168.jpg,1,0,0,0
506169.jpg,1,0,0,0
506170.jpg,0,1,0,0
506171.jpg,0,1,0,0
506172.jpg,0,0,1,0
506173.jpg,0,1,0,0
506174.jpg,1,0,0,0
506175.jpg,0,1,0,0
506176.jpg,0,1,0,0
506177.jpg,1,0,0,0
506178.jpg,1,0,0,0
506179.jpg,1,0,0,0
506180.jpg,0,1,0,0
506181.jpg,0,1,0,0
506182.jpg,0,1,0,0
506183.jpg,0,1,0,0
506184.jpg,1,0,0,0
506185.jpg,1,0,0,0
506186.jpg,1,0,0,0
506187.jpg,0,1,0,0
506188.jpg,1,0,0,0
506189.jpg,1,0,0,0
506190.jpg,0,1,0,0
506191.jpg,1,0,0,0
506192.jpg,0,1,0,0
506193.jpg,0,0,0,1
506194.jpg,0,0,1,0
506195.jpg,1,0,0,0
506196.jpg,0,1,0,0
506197.jpg,1,0,0,0
506198.jpg,0,1,0,0
506199.jpg,0,1,0,0
506200.jpg,1,0,0,0
506201.jpg,0,1,0,0
506202.jpg,1,0,0,0
506203.jpg,0,1,0,0
506204.jpg,0,1,0,0
506205.jpg,0,1,0,0
506206.jpg,0,0,0,1
506207.jpg,0,1,0,0
506208.jpg,1,0,0,0
506209.jpg,0,1,0,0
506210.jpg,1,0,0,0
506211.jpg,1,0,0,0
506212.jpg,1,0,0,0
506213.jpg,1,0,0,0
506214.jpg,0,1,0,0
506215.jpg,0,1,0,0
506216.jpg,1,0,0,0
506217.jpg,1,0,0,0
506218.jpg,0,1,0,0
506219.jpg,0,1,0,0
506220.jpg,1,0,0,0
506221.jpg,0,0,1,0
506222.jpg,0,1,0,0
506223.jpg,1,0,0,0
506224.jpg,0,1,0,0
506225.jpg,1,0,0,0
506226.jpg,0,0,1,0
506227.jpg,1,0,0,0
506228.jpg,0,0,0,1
506229.jpg,1,0,0,0
506230.jpg,1,0,0,0
506231.jpg,0,1,0,0
506232.jpg,0,0,0,1
506233.jpg,0,0,0,1
506234.jpg,0,1,0,0
506235.jpg,0,0,0,1
506236.jpg,0,0,0,1
506237.jpg,0,1,0,0
506238.jpg,0,1,0,0
506239.jpg,1,0,0,0
506240.jpg,1,0,0,0
506241.jpg,1,0,0,0
506242.jpg,0,1,0,0
506243.jpg,0,1,0,0
506244.jpg,1,0,0,0
506245.jpg,0,1,0,0
506246.jpg,0,1,0,0
506247.jpg,1,0,0,0
506248.jpg,1,0,0,0
506249.jpg,0,1,0,0
506250.jpg,0,1,0,0
506251.jpg,1,0,0,0
506252.jpg,0,1,0,0
506253.jpg,1,0,0,0
506254.jpg,1,0,0,0
506255.jpg,1,0,0,0
506256.jpg,1,0,0,0
506257.jpg,0,0,1,0
506258.jpg,1,0,0,0
506259.jpg,0,1,0,0
506260.jpg,1,0,0,0
506261.jpg,0,1,0,0
506262.jpg,1,0,0,0
506263.jpg,1,0,0,0
506264.jpg,1,0,0,0
506265.jpg,0,1,0,0
506266.jpg,1,0,0,0
506267.jpg,0,1,0,0
506268.jpg,0,1,0,0
506269.jpg,0,0,1,0
506270.jpg,0,0,0,1
506271.jpg,1,0,0,0
506272.jpg,0,0,1,0
506273.jpg,0,1,0,0
506274.jpg,0,1,0,0
506275.jpg,0,1,0,0
506276.jpg,1,0,0,0
506277.jpg,1,0,0,0
506278.jpg,1,0,0,0
506279.jpg,0,1,0,0
506280.jpg,1,0,0,0
506281.jpg,0,1,0,0
506282.jpg,1,0,0,0
506283.jpg,0,1,0,0
506284.jpg,1,0,0,0
506285.jpg,1,0,0,0
506286.jpg,1,0,0,0
506287.jpg,1,0,0,0
506288.jpg,1,0,0,0
506289.jpg,0,1,0,0
506290.jpg,1,0,0,0
506291.jpg,1,0,0,0
506292.jpg,1,0,0,0
506293.jpg,0,1,0,0
506294.jpg,0,1,0,0
506295.jpg,1,0,0,0
506296.jpg,1,0,0,0
506297.jpg,1,0,0,0
506298.jpg,0,1,0,0
506299.jpg,1,0,0,0
506300.jpg,0,1,0,0
506301.jpg,1,0,0,0
506302.jpg,1,0,0,0
506303.jpg,1,0,0,0
506304.jpg,1,0,0,0
506305.jpg,0,0,0,1
506306.jpg,1,0,0,0
506307.jpg,0,0,0,1
506308.jpg,0,1,0,0
506309.jpg,1,0,0,0
506310.jpg,0,1,0,0
506311.jpg,0,1,0,0
506312.jpg,0,1,0,0
506313.jpg,1,0,0,0
506314.jpg,1,0,0,0
506315.jpg,1,0,0,0
506316.jpg,0,0,1,0
506317.jpg,0,0,1,0
506318.jpg,1,0,0,0
506319.jpg,0,1,0,0
506320.jpg,1,0,0,0
506321.jpg,1,0,0,0
506322.jpg,1,0,0,0
506323.jpg,1,0,0,0
506324.jpg,1,0,0,0
506325.jpg,0,0,1,0
506326.jpg,0,0,1,0
506327.jpg,0,1,0,0
506328.jpg,1,0,0,0
506329.jpg,1,0,0,0
506330.jpg,1,0,0,0
506331.jpg,0,1,0,0
506332.jpg,0,1,0,0
506333.jpg,0,0,1,0
506334.jpg,1,0,0,0
506335.jpg,0,1,0,0
506336.jpg,1,0,0,0
506337.jpg,1,0,0,0
506338.jpg,1,0,0,0
506339.jpg,1,0,0,0
506340.jpg,0,1,0,0
506341.jpg,0,0,1,0
506342.jpg,1,0,0,0
506343.jpg,0,1,0,0
506344.jpg,1,0,0,0
506345.jpg,1,0,0,0
506346.jpg,0,1,0,0
506347.jpg,1,0,0,0
506348.jpg,1,0,0,0
506349.jpg,0,0,0,1
506350.jpg,1,0,0,0
506351.jpg,0,1,0,0
506352.jpg,0,1,0,0
506353.jpg,1,0,0,0
506354.jpg,0,1,0,0
506355.jpg,0,1,0,0
506356.jpg,0,0,0,1
506357.jpg,1,0,0,0
506358.jpg,1,0,0,0
506359.jpg,1,0,0,0
506360.jpg,1,0,0,0
506361.jpg,0,1,0,0
506362.jpg,1,0,0,0
506363.jpg,0,1,0,0
506364.jpg,1,0,0,0
506365.jpg,1,0,0,0
506366.jpg,0,0,1,0
506367.jpg,1,0,0,0
506368.jpg,0,1,0,0
506369.jpg,0,1,0,0
506370.jpg,1,0,0,0
506371.jpg,0,0,0,1
506372.jpg,0,1,0,0
506373.jpg,0,0,0,1
506374.jpg,1,0,0,0
506375.jpg,1,0,0,0
506376.jpg,1,0,0,0
506377.jpg,0,1,0,0
506378.jpg,0,1,0,0
506379.jpg,0,0,0,1
506380.jpg,1,0,0,0
506381.jpg,0,1,0,0
506382.jpg,1,0,0,0
506383.jpg,1,0,0,0
506384.jpg,0,0,1,0
506385.jpg,0,1,0,0
506386.jpg,0,1,0,0
506387.jpg,1,0,0,0
506388.jpg,1,0,0,0
506389.jpg,0,1,0,0
506390.jpg,1,0,0,0
506391.jpg,0,0,1,0
506392.jpg,0,0,0,1
506393.jpg,1,0,0,0
506394.jpg,1,0,0,0
506395.jpg,0,1,0,0
506396.jpg,0,0,0,1
506397.jpg,0,1,0,0
506398.jpg,0,1,0,0
506399.jpg,1,0,0,0
506400.jpg,0,1,0,0
506401.jpg,0,1,0,0
506402.jpg,0,1,0,0
506403.jpg,0,1,0,0
506404.jpg,1,0,0,0
506405.jpg,0,1,0,0
506406.jpg,1,0,0,0
506407.jpg,1,0,0,0
506408.jpg,0,1,0,0
506409.jpg,0,1,0,0
506410.jpg,0,1,0,0
506411.jpg,1,0,0,0
506412.jpg,1,0,0,0
506413.jpg,0,1,0,0
506414.jpg,1,0,0,0
506415.jpg,0,1,0,0
506416.jpg,1,0,0,0
506417.jpg,1,0,0,0
506418.jpg,1,0,0,0
506419.jpg,1,0,0,0
506420.jpg,1,0,0,0
506421.jpg,1,0,0,0
506422.jpg,0,1,0,0
506423.jpg,0,1,0,0
506424.jpg,0,0,1,0
506425.jpg,1,0,0,0
506426.jpg,1,0,0,0
506427.jpg,0,1,0,0
506428.jpg,0,0,1,0
506429.jpg,0,0,0,1
506430.jpg,1,0,0,0
506431.jpg,1,0,0,0
506432.jpg,1,0,0,0
506433.jpg,1,0,0,0
506434.jpg,1,0,0,0
506435.jpg,0,1,0,0
506436.jpg,0,1,0,0
506437.jpg,1,0,0,0
506438.jpg,1,0,0,0
506439.jpg,1,0,0,0
506440.jpg,0,1,0,0
506441.jpg,0,1,0,0
506442.jpg,1,0,0,0
506443.jpg,1,0,0,0
506444.jpg,0,1,0,0
506445.jpg,0,0,1,0
506446.jpg,0,1,0,0
506447.jpg,0,1,0,0
506448.jpg,1,0,0,0
506449.jpg,1,0,0,0
506450.jpg,0,1,0,0
506451.jpg,1,0,0,0
506452.jpg,1,0,0,0
506453.jpg,1,0,0,0
506454.jpg,1,0,0,0
506455.jpg,0,1,0,0
506456.jpg,1,0,0,0
506457.jpg,1,0,0,0
506458.jpg,0,1,0,0
506459.jpg,0,1,0,0
506460.jpg,1,0,0,0
506461.jpg,1,0,0,0
506462.jpg,1,0,0,0
506463.jpg,0,1,0,0
506464.jpg,1,0,0,0
506465.jpg,0,1,0,0
506466.jpg,0,1,0,0
506467.jpg,0,1,0,0
506468.jpg,0,0,0,1
506469.jpg,0,0,1,0
506470.jpg,0,0,0,1
506471.jpg,0,1,0,0
506472.jpg,1,0,0,0
506473.jpg,1,0,0,0
506474.jpg,1,0,0,0
506475.jpg,1,0,0,0
506476.jpg,0,0,1,0
506477.jpg,1,0,0,0
506478.jpg,0,1,0,0
506479.jpg,1,0,0,0
506480.jpg,1,0,0,0
506481.jpg,1,0,0,0
506482.jpg,1,0,0,0
506483.jpg,0,1,0,0
506484.jpg,0,0,1,0
506485.jpg,0,0,1,0
506486.jpg,1,0,0,0
506487.jpg,0,1,0,0
506488.jpg,0,0,0,1
506489.jpg,0,1,0,0
506490.jpg,0,1,0,0
506491.jpg,1,0,0,0
506492.jpg,1,0,0,0
506493.jpg,1,0,0,0
506494.jpg,0,1,0,0
506495.jpg,1,0,0,0
506496.jpg,0,0,0,1
506497.jpg,0,1,0,0
506498.jpg,0,0,0,1
506499.jpg,0,1,0,0
506500.jpg,0,0,1,0
506501.jpg,0,0,1,0
506502.jpg,1,0,0,0
506503.jpg,1,0,0,0
506504.jpg,0,1,0,0
506505.jpg,1,0,0,0
506506.jpg,0,0,0,1
506507.jpg,1,0,0,0
506508.jpg,0,1,0,0
506509.jpg,0,1,0,0
506510.jpg,0,1,0,0
506511.jpg,1,0,0,0
506512.jpg,0,1,0,0
506513.jpg,0,1,0,0
506514.jpg,1,0,0,0
506515.jpg,0,1,0,0
506516.jpg,1,0,0,0
506517.jpg,1,0,0,0
506518.jpg,1,0,0,0
506519.jpg,1,0,0,0
506520.jpg,1,0,0,0
506521.jpg,1,0,0,0
506522.jpg,1,0,0,0
506523.jpg,1,0,0,0
506524.jpg,1,0,0,0
506525.jpg,0,1,0,0
506526.jpg,0,0,1,0
506527.jpg,1,0,0,0
506528.jpg,0,1,0,0
506529.jpg,0,1,0,0
506530.jpg,1,0,0,0
506531.jpg,0,1,0,0
506532.jpg,1,0,0,0
506533.jpg,0,0,1,0
506534.jpg,0,0,1,0
506535.jpg,1,0,0,0
506536.jpg,0,1,0,0
506537.jpg,0,1,0,0
506538.jpg,1,0,0,0
506539.jpg,1,0,0,0
506540.jpg,1,0,0,0
506541.jpg,1,0,0,0
506542.jpg,0,0,0,1
506543.jpg,0,1,0,0
506544.jpg,0,1,0,0
506545.jpg,1,0,0,0
506546.jpg,1,0,0,0
506547.jpg,1,0,0,0
506548.jpg,0,0,0,1
506549.jpg,0,1,0,0
506550.jpg,0,0,0,1
506551.jpg,1,0,0,0
506552.jpg,0,1,0,0
506553.jpg,0,1,0,0
506554.jpg,1,0,0,0
506555.jpg,0,0,1,0
506556.jpg,1,0,0,0
506557.jpg,0,0,0,1
506558.jpg,0,0,0,1
506559.jpg,1,0,0,0
506560.jpg,1,0,0,0
506561.jpg,0,1,0,0
506562.jpg,1,0,0,0
506563.jpg,0,1,0,0
506564.jpg,0,0,0,1
506565.jpg,1,0,0,0
506566.jpg,1,0,0,0
506567.jpg,0,1,0,0
506568.jpg,0,1,0,0
506569.jpg,1,0,0,0
506570.jpg,0,1,0,0
506571.jpg,0,0,0,1
506572.jpg,1,0,0,0
506573.jpg,0,1,0,0
506574.jpg,1,0,0,0
506575.jpg,0,1,0,0
506576.jpg,0,1,0,0
506577.jpg,0,0,1,0
506578.jpg,0,1,0,0
506579.jpg,0,0,1,0
506580.jpg,0,0,0,1
506581.jpg,1,0,0,0
506582.jpg,0,1,0,0
506583.jpg,0,0,1,0
506584.jpg,1,0,0,0
506585.jpg,0,0,1,0
506586.jpg,0,0,0,1
506587.jpg,1,0,0,0
506588.jpg,0,1,0,0
506589.jpg,1,0,0,0
506590.jpg,0,0,0,1
506591.jpg,1,0,0,0
506592.jpg,0,1,0,0
506593.jpg,0,0,0,1
506594.jpg,0,0,0,1
506595.jpg,0,1,0,0
506596.jpg,0,1,0,0
506597.jpg,1,0,0,0
506598.jpg,0,1,0,0
506599.jpg,1,0,0,0
506600.jpg,1,0,0,0
506601.jpg,0,0,1,0
506602.jpg,1,0,0,0
506603.jpg,0,0,0,1
506604.jpg,0,1,0,0
506605.jpg,0,0,0,1
506606.jpg,0,0,1,0
506607.jpg,1,0,0,0
506608.jpg,0,1,0,0
506609.jpg,0,1,0,0
506610.jpg,1,0,0,0
506611.jpg,1,0,0,0
506612.jpg,0,0,1,0
506613.jpg,1,0,0,0
506614.jpg,1,0,0,0
506615.jpg,0,0,0,1
506616.jpg,0,0,0,1
506617.jpg,1,0,0,0
506618.jpg,0,0,1,0
506619.jpg,0,1,0,0
506620.jpg,1,0,0,0
506621.jpg,1,0,0,0
506622.jpg,0,1,0,0
506623.jpg,1,0,0,0
506624.jpg,1,0,0,0
506625.jpg,1,0,0,0
506626.jpg,0,1,0,0
506627.jpg,0,1,0,0
506628.jpg,1,0,0,0
506629.jpg,1,0,0,0
506630.jpg,0,1,0,0
506631.jpg,1,0,0,0
506632.jpg,0,1,0,0
506633.jpg,0,1,0,0
506634.jpg,0,1,0,0
506635.jpg,1,0,0,0
506637.jpg,1,0,0,0
506638.jpg,1,0,0,0
506639.jpg,0,1,0,0
506640.jpg,0,1,0,0
506641.jpg,1,0,0,0
506642.jpg,0,0,0,1
506643.jpg,1,0,0,0
506644.jpg,0,1,0,0
506645.jpg,1,0,0,0
506646.jpg,0,0,1,0
506647.jpg,0,1,0,0
506648.jpg,1,0,0,0
506649.jpg,1,0,0,0
506650.jpg,0,1,0,0
506651.jpg,1,0,0,0
506652.jpg,0,1,0,0
506653.jpg,1,0,0,0
506654.jpg,0,1,0,0
506655.jpg,0,0,0,1
506656.jpg,1,0,0,0
506657.jpg,0,1,0,0
506658.jpg,0,0,1,0
506659.jpg,0,1,0,0
506660.jpg,0,0,0,1
506661.jpg,1,0,0,0
506662.jpg,1,0,0,0
506663.jpg,1,0,0,0
506664.jpg,0,1,0,0
506665.jpg,0,1,0,0
506666.jpg,1,0,0,0
506667.jpg,1,0,0,0
506668.jpg,1,0,0,0
506669.jpg,0,1,0,0
506670.jpg,1,0,0,0
506671.jpg,1,0,0,0
506672.jpg,1,0,0,0
506673.jpg,0,1,0,0
506674.jpg,0,1,0,0
506675.jpg,1,0,0,0
506676.jpg,1,0,0,0
506677.jpg,0,1,0,0
506678.jpg,0,1,0,0
506679.jpg,1,0,0,0
506680.jpg,0,1,0,0
506681.jpg,0,1,0,0
506682.jpg,1,0,0,0
506683.jpg,0,1,0,0
506684.jpg,0,1,0,0
506685.jpg,0,1,0,0
506686.jpg,0,1,0,0
506687.jpg,0,1,0,0
506688.jpg,1,0,0,0
506689.jpg,0,1,0,0
506690.jpg,1,0,0,0
506691.jpg,0,1,0,0
506692.jpg,1,0,0,0
506693.jpg,0,1,0,0
506694.jpg,0,1,0,0
506695.jpg,0,1,0,0
506696.jpg,0,1,0,0
506697.jpg,1,0,0,0
506698.jpg,1,0,0,0
506699.jpg,1,0,0,0
506700.jpg,1,0,0,0
506701.jpg,0,1,0,0
506702.jpg,0,1,0,0
506703.jpg,0,0,1,0
506704.jpg,0,1,0,0
506705.jpg,0,1,0,0
506706.jpg,0,1,0,0
506707.jpg,0,1,0,0
506708.jpg,0,1,0,0
506709.jpg,1,0,0,0
506710.jpg,0,1,0,0
506711.jpg,1,0,0,0
506712.jpg,0,0,1,0
506713.jpg,0,1,0,0
506714.jpg,0,0,0,1
506716.jpg,1,0,0,0
506717.jpg,0,0,0,1
506718.jpg,0,0,1,0
506719.jpg,1,0,0,0
506720.jpg,0,0,0,1
506721.jpg,1,0,0,0
506722.jpg,0,0,1,0
506723.jpg,1,0,0,0
506724.jpg,1,0,0,0
506725.jpg,0,1,0,0
506726.jpg,1,0,0,0
506727.jpg,0,1,0,0
506728.jpg,1,0,0,0
506729.jpg,0,1,0,0
506730.jpg,0,1,0,0
506731.jpg,1,0,0,0
506732.jpg,1,0,0,0
506733.jpg,0,0,0,1
506734.jpg,1,0,0,0
506735.jpg,1,0,0,0
506736.jpg,0,1,0,0
506737.jpg,1,0,0,0
506738.jpg,0,1,0,0
506739.jpg,0,0,0,1
506740.jpg,1,0,0,0
506741.jpg,0,1,0,0
506742.jpg,0,1,0,0
506743.jpg,1,0,0,0
506744.jpg,1,0,0,0
506745.jpg,1,0,0,0
506746.jpg,1,0,0,0
506747.jpg,1,0,0,0
506748.jpg,1,0,0,0
506749.jpg,0,1,0,0
506750.jpg,0,1,0,0
506751.jpg,0,1,0,0
506752.jpg,1,0,0,0
506753.jpg,0,1,0,0
506754.jpg,0,1,0,0
506755.jpg,1,0,0,0
506756.jpg,1,0,0,0
